filename,path,size_mb,vendor,model,objective_power,mpp_x,mpp_y,width,height,n_levels,software,scan_date,status,error
a194f783-357f-11eb-9ee2-001a7dda7111.ndpi,data/raw/ebrains/wsi/a194f783-357f-11eb-9ee2-001a7dda7111.ndpi,1582.058767,hamamatsu,,40,0.227811190085657,0.22780081097088706,90112,82688,9,NDP.scan 2.5.85,2008/05/16,ok,
a194f784-357f-11eb-9bda-001a7dda7111.ndpi,data/raw/ebrains/wsi/a194f784-357f-11eb-9bda-001a7dda7111.ndpi,1002.594585,hamamatsu,,40,0.227811190085657,0.2278060004100508,73728,82688,9,NDP.scan 3.2.15,2008/05/16,ok,
a194f78d-357f-11eb-a5e4-001a7dda7111.ndpi,data/raw/ebrains/wsi/a194f78d-357f-11eb-a5e4-001a7dda7111.ndpi,1475.145878,hamamatsu,,40,0.227811190085657,0.2278060004100508,77824,85248,9,NDP.scan 3.2.15,2008/05/16,ok,
a194f795-357f-11eb-b390-001a7dda7111.ndpi,data/raw/ebrains/wsi/a194f795-357f-11eb-b390-001a7dda7111.ndpi,93.675828,hamamatsu,,40,0.227811190085657,0.2278060004100508,32768,29696,9,NDP.scan 3.2.15,2008/05/16,ok,
a194f796-357f-11eb-b46b-001a7dda7111.ndpi,data/raw/ebrains/wsi/a194f796-357f-11eb-b46b-001a7dda7111.ndpi,1571.646959,hamamatsu,,40,0.227811190085657,0.22780081097088706,106496,78336,10,NDP.scan 2.5.85,2008/05/16,ok,
a194f797-357f-11eb-ab01-001a7dda7111.ndpi,data/raw/ebrains/wsi/a194f797-357f-11eb-ab01-001a7dda7111.ndpi,143.258129,hamamatsu,,40,0.227811190085657,0.2278060004100508,49152,29184,10,NDP.scan 3.2.15,2008/05/16,ok,
a1951e90-357f-11eb-95e4-001a7dda7111.ndpi,data/raw/ebrains/wsi/a1951e90-357f-11eb-95e4-001a7dda7111.ndpi,183.408852,hamamatsu,,40,0.227811190085657,0.2278060004100508,40960,35584,9,NDP.scan 3.2.15,2008/05/16,ok,
a1951e91-357f-11eb-b9dd-001a7dda7111.ndpi,data/raw/ebrains/wsi/a1951e91-357f-11eb-b9dd-001a7dda7111.ndpi,54.279823,hamamatsu,,40,0.227811190085657,0.2278060004100508,24576,20480,9,NDP.scan 3.2.15,2008/05/16,ok,
a1951e94-357f-11eb-ba5a-001a7dda7111.ndpi,data/raw/ebrains/wsi/a1951e94-357f-11eb-ba5a-001a7dda7111.ndpi,2835.735287,hamamatsu,,40,0.227811190085657,0.2278060004100508,118784,107264,9,NDP.scan 3.2.15,2008/05/16,ok,
a1951e95-357f-11eb-bfa9-001a7dda7111.ndpi,data/raw/ebrains/wsi/a1951e95-357f-11eb-bfa9-001a7dda7111.ndpi,2024.840292,hamamatsu,,40,0.227811190085657,0.2278060004100508,106496,85504,10,NDP.scan 3.2.15,2008/05/16,ok,
a1951e9d-357f-11eb-a743-001a7dda7111.ndpi,data/raw/ebrains/wsi/a1951e9d-357f-11eb-a743-001a7dda7111.ndpi,1493.770838,hamamatsu,,40,0.227811190085657,0.2278060004100508,77824,99328,11,NDP.scan 3.2.15,2008/05/16,ok,
a1951ea2-357f-11eb-ba28-001a7dda7111.ndpi,data/raw/ebrains/wsi/a1951ea2-357f-11eb-ba28-001a7dda7111.ndpi,1312.475639,hamamatsu,,40,0.227811190085657,0.22780081097088706,86016,82944,11,NDP.scan 2.5.85,2008/05/16,ok,
a1951ea4-357f-11eb-a591-001a7dda7111.ndpi,data/raw/ebrains/wsi/a1951ea4-357f-11eb-a591-001a7dda7111.ndpi,715.234525,hamamatsu,,40,0.227811190085657,0.22780081097088706,77824,71680,12,NDP.scan 2.5.85,2008/05/16,ok,
a1951ea5-357f-11eb-a411-001a7dda7111.ndpi,data/raw/ebrains/wsi/a1951ea5-357f-11eb-a411-001a7dda7111.ndpi,2037.080395,hamamatsu,,40,0.227811190085657,0.2278060004100508,114688,104704,9,NDP.scan 3.2.15,2008/05/16,ok,
a1951eaa-357f-11eb-8086-001a7dda7111.ndpi,data/raw/ebrains/wsi/a1951eaa-357f-11eb-8086-001a7dda7111.ndpi,524.357123,hamamatsu,,40,0.227811190085657,0.2278060004100508,61440,63232,9,NDP.scan 3.2.15,2008/05/16,ok,
a1951eb1-357f-11eb-815d-001a7dda7111.ndpi,data/raw/ebrains/wsi/a1951eb1-357f-11eb-815d-001a7dda7111.ndpi,652.967366,hamamatsu,,40,0.227811190085657,0.2278060004100508,65536,83968,11,NDP.scan 3.2.15,2008/05/16,ok,
a1951eb2-357f-11eb-88a6-001a7dda7111.ndpi,data/raw/ebrains/wsi/a1951eb2-357f-11eb-88a6-001a7dda7111.ndpi,2371.748133,hamamatsu,,40,0.227811190085657,0.2278060004100508,98304,82432,10,NDP.scan 3.2.15,2008/05/16,ok,
a1951eb5-357f-11eb-98dd-001a7dda7111.ndpi,data/raw/ebrains/wsi/a1951eb5-357f-11eb-98dd-001a7dda7111.ndpi,89.401228,hamamatsu,,40,0.227811190085657,0.2278060004100508,28672,26624,9,NDP.scan 3.2.15,2008/05/16,ok,
a1951eba-357f-11eb-9519-001a7dda7111.ndpi,data/raw/ebrains/wsi/a1951eba-357f-11eb-9519-001a7dda7111.ndpi,868.719535,hamamatsu,,40,0.227811190085657,0.2278060004100508,77824,77824,11,NDP.scan 3.2.15,2008/05/16,ok,
a1951ec6-357f-11eb-8633-001a7dda7111.ndpi,data/raw/ebrains/wsi/a1951ec6-357f-11eb-8633-001a7dda7111.ndpi,2448.903027,hamamatsu,,40,0.227811190085657,0.2278060004100508,126976,93184,11,NDP.scan 3.2.15,2008/05/16,ok,
a1951ecb-357f-11eb-bea5-001a7dda7111.ndpi,data/raw/ebrains/wsi/a1951ecb-357f-11eb-bea5-001a7dda7111.ndpi,168.279937,hamamatsu,,40,0.227811190085657,0.22780081097088706,45056,42240,9,NDP.scan 2.5.85,2008/05/16,ok,
a1951ecc-357f-11eb-bef2-001a7dda7111.ndpi,data/raw/ebrains/wsi/a1951ecc-357f-11eb-bef2-001a7dda7111.ndpi,132.198901,hamamatsu,,40,0.227811190085657,0.22780081097088706,45056,25856,9,NDP.scan 2.5.85,2008/05/16,ok,
a1951ecd-357f-11eb-af94-001a7dda7111.ndpi,data/raw/ebrains/wsi/a1951ecd-357f-11eb-af94-001a7dda7111.ndpi,164.908747,hamamatsu,,40,0.227811190085657,0.2278060004100508,32768,39168,9,NDP.scan 3.2.15,2008/05/16,ok,
a1951ed2-357f-11eb-be71-001a7dda7111.ndpi,data/raw/ebrains/wsi/a1951ed2-357f-11eb-be71-001a7dda7111.ndpi,150.701418,hamamatsu,,40,0.227811190085657,0.2278060004100508,36864,23552,10,NDP.scan 3.2.15,2008/05/16,ok,
a1951ed4-357f-11eb-b88a-001a7dda7111.ndpi,data/raw/ebrains/wsi/a1951ed4-357f-11eb-b88a-001a7dda7111.ndpi,1855.153239,hamamatsu,,40,0.227811190085657,0.2278060004100508,102400,94208,11,NDP.scan 3.2.15,2008/05/16,ok,
a1951ede-357f-11eb-9766-001a7dda7111.ndpi,data/raw/ebrains/wsi/a1951ede-357f-11eb-9766-001a7dda7111.ndpi,1200.437269,hamamatsu,,40,0.227811190085657,0.22780081097088706,90112,104192,9,NDP.scan 2.5.85,2008/05/16,ok,
a1951efa-357f-11eb-bfc3-001a7dda7111.ndpi,data/raw/ebrains/wsi/a1951efa-357f-11eb-bfc3-001a7dda7111.ndpi,848.777655,hamamatsu,,40,0.227811190085657,0.2278060004100508,73728,89344,9,NDP.scan 3.2.15,2008/05/16,ok,
a1951efd-357f-11eb-ac28-001a7dda7111.ndpi,data/raw/ebrains/wsi/a1951efd-357f-11eb-ac28-001a7dda7111.ndpi,62.828511,hamamatsu,,40,0.227811190085657,0.2278060004100508,24576,16128,9,NDP.scan 3.2.15,2008/05/16,ok,
a1951f01-357f-11eb-a6d9-001a7dda7111.ndpi,data/raw/ebrains/wsi/a1951f01-357f-11eb-a6d9-001a7dda7111.ndpi,258.500338,hamamatsu,,40,0.227811190085657,0.2278060004100508,45056,53760,10,NDP.scan 3.2.15,2008/05/16,ok,
a1951f10-357f-11eb-87e9-001a7dda7111.ndpi,data/raw/ebrains/wsi/a1951f10-357f-11eb-87e9-001a7dda7111.ndpi,1047.237311,hamamatsu,,40,0.227811190085657,0.2278060004100508,94208,52480,9,NDP.scan 3.2.15,2008/05/16,ok,
a1951f12-357f-11eb-86fa-001a7dda7111.ndpi,data/raw/ebrains/wsi/a1951f12-357f-11eb-86fa-001a7dda7111.ndpi,1712.082848,hamamatsu,,40,0.227811190085657,0.22780081097088706,81920,89088,11,NDP.scan 2.5.85,2008/05/16,ok,
a1951f22-357f-11eb-a9d7-001a7dda7111.ndpi,data/raw/ebrains/wsi/a1951f22-357f-11eb-a9d7-001a7dda7111.ndpi,167.906124,hamamatsu,,40,0.227811190085657,0.2278060004100508,36864,20224,9,NDP.scan 3.2.15,2008/05/16,ok,
a1951f23-357f-11eb-bcf1-001a7dda7111.ndpi,data/raw/ebrains/wsi/a1951f23-357f-11eb-bcf1-001a7dda7111.ndpi,587.743611,hamamatsu,,40,0.227811190085657,0.22780081097088706,53248,71424,9,NDP.scan 2.5.85,2008/05/16,ok,
a1951f26-357f-11eb-869e-001a7dda7111.ndpi,data/raw/ebrains/wsi/a1951f26-357f-11eb-869e-001a7dda7111.ndpi,847.269553,hamamatsu,,40,0.227811190085657,0.2278060004100508,77824,63488,11,NDP.scan 3.2.15,2008/05/16,ok,
a1951f27-357f-11eb-9a65-001a7dda7111.ndpi,data/raw/ebrains/wsi/a1951f27-357f-11eb-9a65-001a7dda7111.ndpi,215.312306,hamamatsu,,40,0.227811190085657,0.22780081097088706,36864,36864,10,NDP.scan 2.5.85,2008/05/16,ok,
a1954598-357f-11eb-998e-001a7dda7111.ndpi,data/raw/ebrains/wsi/a1954598-357f-11eb-998e-001a7dda7111.ndpi,2172.907935,hamamatsu,,40,0.227811190085657,0.2278060004100508,86016,87296,9,NDP.scan 3.2.15,2008/05/16,ok,
a195459f-357f-11eb-8313-001a7dda7111.ndpi,data/raw/ebrains/wsi/a195459f-357f-11eb-8313-001a7dda7111.ndpi,569.635649,hamamatsu,,40,0.227811190085657,0.22780081097088706,73728,62208,9,NDP.scan 2.5.85,2008/05/16,ok,
a19545a0-357f-11eb-840d-001a7dda7111.ndpi,data/raw/ebrains/wsi/a19545a0-357f-11eb-840d-001a7dda7111.ndpi,488.910532,hamamatsu,,40,0.227811190085657,0.2278060004100508,53248,47104,10,NDP.scan 3.2.15,2008/05/16,ok,
a19545ae-357f-11eb-8960-001a7dda7111.ndpi,data/raw/ebrains/wsi/a19545ae-357f-11eb-8960-001a7dda7111.ndpi,1943.609655,hamamatsu,,40,0.227811190085657,0.2278060004100508,90112,95232,11,NDP.scan 3.2.15,2008/05/16,ok,
a19545b0-357f-11eb-a234-001a7dda7111.ndpi,data/raw/ebrains/wsi/a19545b0-357f-11eb-a234-001a7dda7111.ndpi,2550.685368,hamamatsu,,40,0.227811190085657,0.22780081097088706,126976,82176,9,NDP.scan 2.5.85,2008/05/16,ok,
a19545b1-357f-11eb-a00c-001a7dda7111.ndpi,data/raw/ebrains/wsi/a19545b1-357f-11eb-a00c-001a7dda7111.ndpi,1333.651773,hamamatsu,,40,0.227811190085657,0.2278060004100508,86016,75776,11,NDP.scan 3.2.15,2008/05/16,ok,
a19545bf-357f-11eb-afb1-001a7dda7111.ndpi,data/raw/ebrains/wsi/a19545bf-357f-11eb-afb1-001a7dda7111.ndpi,163.093061,hamamatsu,,40,0.227811190085657,0.22780081097088706,36864,38656,9,NDP.scan 2.5.85,2008/05/16,ok,
a19545c3-357f-11eb-add5-001a7dda7111.ndpi,data/raw/ebrains/wsi/a19545c3-357f-11eb-add5-001a7dda7111.ndpi,971.624628,hamamatsu,,40,0.227811190085657,0.2278060004100508,73728,94464,9,NDP.scan 3.2.15,2008/05/16,ok,
a19545c4-357f-11eb-8261-001a7dda7111.ndpi,data/raw/ebrains/wsi/a19545c4-357f-11eb-8261-001a7dda7111.ndpi,1175.042746,hamamatsu,,40,0.227811190085657,0.2278060004100508,90112,61952,10,NDP.scan 3.2.15,2008/05/16,ok,
a19545c5-357f-11eb-9865-001a7dda7111.ndpi,data/raw/ebrains/wsi/a19545c5-357f-11eb-9865-001a7dda7111.ndpi,1033.192073,hamamatsu,,40,0.227811190085657,0.22780081097088706,73728,81152,9,NDP.scan 2.5.85,2008/05/16,ok,
a19545c6-357f-11eb-8fa3-001a7dda7111.ndpi,data/raw/ebrains/wsi/a19545c6-357f-11eb-8fa3-001a7dda7111.ndpi,646.409225,hamamatsu,,40,0.227811190085657,0.2278060004100508,69632,72704,11,NDP.scan 3.2.15,2008/05/16,ok,
a19545c7-357f-11eb-b08b-001a7dda7111.ndpi,data/raw/ebrains/wsi/a19545c7-357f-11eb-b08b-001a7dda7111.ndpi,1539.029433,hamamatsu,,40,0.227811190085657,0.2278060004100508,77824,88832,9,NDP.scan 3.2.15,2008/05/16,ok,
a19545e7-357f-11eb-9cdb-001a7dda7111.ndpi,data/raw/ebrains/wsi/a19545e7-357f-11eb-9cdb-001a7dda7111.ndpi,1359.346348,hamamatsu,,40,0.227811190085657,0.2278060004100508,81920,76032,9,NDP.scan 3.2.15,2008/05/16,ok,
a19545ea-357f-11eb-9dc0-001a7dda7111.ndpi,data/raw/ebrains/wsi/a19545ea-357f-11eb-9dc0-001a7dda7111.ndpi,2052.287415,hamamatsu,,40,0.227811190085657,0.22780081097088706,122880,98304,12,NDP.scan 2.5.85,2008/05/16,ok,
a19545eb-357f-11eb-8eb7-001a7dda7111.ndpi,data/raw/ebrains/wsi/a19545eb-357f-11eb-8eb7-001a7dda7111.ndpi,1857.251453,hamamatsu,,40,0.227811190085657,0.2278060004100508,94208,85504,10,NDP.scan 3.2.15,2008/05/16,ok,
a19545ec-357f-11eb-8af8-001a7dda7111.ndpi,data/raw/ebrains/wsi/a19545ec-357f-11eb-8af8-001a7dda7111.ndpi,1887.382864,hamamatsu,,40,0.227811190085657,0.22780081097088706,94208,89600,10,NDP.scan 2.5.85,2008/05/16,ok,
a19545f8-357f-11eb-be6f-001a7dda7111.ndpi,data/raw/ebrains/wsi/a19545f8-357f-11eb-be6f-001a7dda7111.ndpi,2337.718603,hamamatsu,,40,0.227811190085657,0.2278060004100508,102400,103936,10,NDP.scan 3.2.15,2008/05/16,ok,
a19545fc-357f-11eb-babc-001a7dda7111.ndpi,data/raw/ebrains/wsi/a19545fc-357f-11eb-babc-001a7dda7111.ndpi,1955.664645,hamamatsu,,40,0.227811190085657,0.2278060004100508,106496,100864,10,NDP.scan 3.2.15,2008/05/16,ok,
a19545fe-357f-11eb-9a36-001a7dda7111.ndpi,data/raw/ebrains/wsi/a19545fe-357f-11eb-9a36-001a7dda7111.ndpi,1684.213052,hamamatsu,,40,0.227811190085657,0.2278060004100508,77824,80128,9,NDP.scan 3.2.15,2008/05/16,ok,
a1956cac-357f-11eb-aee6-001a7dda7111.ndpi,data/raw/ebrains/wsi/a1956cac-357f-11eb-aee6-001a7dda7111.ndpi,166.257162,hamamatsu,,40,0.227811190085657,0.22780081097088706,32768,38656,9,NDP.scan 2.5.85,2008/05/16,ok,
a1956cad-357f-11eb-b824-001a7dda7111.ndpi,data/raw/ebrains/wsi/a1956cad-357f-11eb-b824-001a7dda7111.ndpi,2403.758143,hamamatsu,,40,0.227811190085657,0.22780081097088706,122880,109568,11,NDP.scan 2.5.85,2008/05/16,ok,
a1956cb8-357f-11eb-932d-001a7dda7111.ndpi,data/raw/ebrains/wsi/a1956cb8-357f-11eb-932d-001a7dda7111.ndpi,2225.674035,hamamatsu,,40,0.227811190085657,0.22780081097088706,94208,97792,10,NDP.scan 2.5.85,2008/05/16,ok,
a1956cb9-357f-11eb-9c2a-001a7dda7111.ndpi,data/raw/ebrains/wsi/a1956cb9-357f-11eb-9c2a-001a7dda7111.ndpi,1144.467268,hamamatsu,,40,0.227811190085657,0.2278060004100508,73728,87808,9,NDP.scan 3.2.15,2008/05/16,ok,
a1956cbb-357f-11eb-a8a0-001a7dda7111.ndpi,data/raw/ebrains/wsi/a1956cbb-357f-11eb-a8a0-001a7dda7111.ndpi,1213.133807,hamamatsu,,40,0.227811190085657,0.2278060004100508,81920,65280,9,NDP.scan 3.2.15,2008/05/16,ok,
a1956cbc-357f-11eb-bfe1-001a7dda7111.ndpi,data/raw/ebrains/wsi/a1956cbc-357f-11eb-bfe1-001a7dda7111.ndpi,1817.467001,hamamatsu,,40,0.227811190085657,0.22780081097088706,106496,93184,11,NDP.scan 2.5.85,2008/05/16,ok,
a1956cc4-357f-11eb-ac83-001a7dda7111.ndpi,data/raw/ebrains/wsi/a1956cc4-357f-11eb-ac83-001a7dda7111.ndpi,4098.239452,hamamatsu,,40,0.227811190085657,0.2278060004100508,114688,100352,11,NDP.scan 3.2.15,2008/05/16,ok,
a1956ccd-357f-11eb-998b-001a7dda7111.ndpi,data/raw/ebrains/wsi/a1956ccd-357f-11eb-998b-001a7dda7111.ndpi,395.9733,hamamatsu,,40,0.227811190085657,0.2278060004100508,53248,48896,9,NDP.scan 3.2.15,2008/05/16,ok,
a1956cda-357f-11eb-ba62-001a7dda7111.ndpi,data/raw/ebrains/wsi/a1956cda-357f-11eb-ba62-001a7dda7111.ndpi,1397.410385,hamamatsu,,40,0.227811190085657,0.2278060004100508,94208,90624,10,NDP.scan 3.2.15,2008/05/16,ok,
a1956cdb-357f-11eb-a2b4-001a7dda7111.ndpi,data/raw/ebrains/wsi/a1956cdb-357f-11eb-a2b4-001a7dda7111.ndpi,766.90401,hamamatsu,,40,0.227811190085657,0.22780081097088706,57344,72960,9,NDP.scan 2.5.85,2008/05/16,ok,
a1956ce4-357f-11eb-9ca6-001a7dda7111.ndpi,data/raw/ebrains/wsi/a1956ce4-357f-11eb-9ca6-001a7dda7111.ndpi,960.207878,hamamatsu,,40,0.227811190085657,0.22780081097088706,98304,85248,9,NDP.scan 2.5.85,2008/05/16,ok,
a1956cf0-357f-11eb-ad40-001a7dda7111.ndpi,data/raw/ebrains/wsi/a1956cf0-357f-11eb-ad40-001a7dda7111.ndpi,1521.108723,hamamatsu,,40,0.227811190085657,0.22780081097088706,73728,88832,9,NDP.scan 2.5.85,2008/05/16,ok,
a1956cf3-357f-11eb-b68f-001a7dda7111.ndpi,data/raw/ebrains/wsi/a1956cf3-357f-11eb-b68f-001a7dda7111.ndpi,1227.43937,hamamatsu,,40,0.227811190085657,0.22780081097088706,86016,93184,11,NDP.scan 2.5.85,2008/05/16,ok,
a1956cf6-357f-11eb-a19e-001a7dda7111.ndpi,data/raw/ebrains/wsi/a1956cf6-357f-11eb-a19e-001a7dda7111.ndpi,517.434257,hamamatsu,,40,0.227811190085657,0.22780081097088706,65536,65536,10,NDP.scan 2.5.85,2008/05/16,ok,
a1956cfa-357f-11eb-9673-001a7dda7111.ndpi,data/raw/ebrains/wsi/a1956cfa-357f-11eb-9673-001a7dda7111.ndpi,2432.690693,hamamatsu,,40,0.227811190085657,0.22780081097088706,98304,101632,9,NDP.scan 2.5.85,2008/05/16,ok,
a1956d02-357f-11eb-a8b9-001a7dda7111.ndpi,data/raw/ebrains/wsi/a1956d02-357f-11eb-a8b9-001a7dda7111.ndpi,2153.575035,hamamatsu,,40,0.227811190085657,0.2278060004100508,94208,94720,10,NDP.scan 3.2.15,2008/05/16,ok,
a1956d06-357f-11eb-856b-001a7dda7111.ndpi,data/raw/ebrains/wsi/a1956d06-357f-11eb-856b-001a7dda7111.ndpi,979.005633,hamamatsu,,40,0.227811190085657,0.22780081097088706,77824,68096,10,NDP.scan 2.5.85,2008/05/16,ok,
a1956d10-357f-11eb-aa4e-001a7dda7111.ndpi,data/raw/ebrains/wsi/a1956d10-357f-11eb-aa4e-001a7dda7111.ndpi,90.908816,hamamatsu,,40,0.227811190085657,0.2278060004100508,28672,34304,10,NDP.scan 3.2.15,2008/05/16,ok,
a1956d11-357f-11eb-bf6c-001a7dda7111.ndpi,data/raw/ebrains/wsi/a1956d11-357f-11eb-bf6c-001a7dda7111.ndpi,293.967376,hamamatsu,,40,0.227811190085657,0.2278060004100508,36864,40448,10,NDP.scan 3.2.15,2008/05/16,ok,
a1956d15-357f-11eb-af96-001a7dda7111.ndpi,data/raw/ebrains/wsi/a1956d15-357f-11eb-af96-001a7dda7111.ndpi,1760.096021,hamamatsu,,40,0.227811190085657,0.22780081097088706,86016,92416,9,NDP.scan 2.5.85,2008/05/16,ok,
a19593bf-357f-11eb-96fe-001a7dda7111.ndpi,data/raw/ebrains/wsi/a19593bf-357f-11eb-96fe-001a7dda7111.ndpi,1962.691075,hamamatsu,,40,0.227811190085657,0.2278060004100508,106496,94976,9,NDP.scan 3.2.15,2008/05/16,ok,
a19593c1-357f-11eb-bb24-001a7dda7111.ndpi,data/raw/ebrains/wsi/a19593c1-357f-11eb-bb24-001a7dda7111.ndpi,372.682163,hamamatsu,,40,0.227811190085657,0.2278060004100508,57344,54016,9,NDP.scan 3.2.15,2008/05/16,ok,
a19593c2-357f-11eb-b9c0-001a7dda7111.ndpi,data/raw/ebrains/wsi/a19593c2-357f-11eb-b9c0-001a7dda7111.ndpi,3031.97078,hamamatsu,,40,0.227811190085657,0.2278060004100508,135168,99072,9,NDP.scan 3.2.15,2008/05/16,ok,
a19593c6-357f-11eb-b657-001a7dda7111.ndpi,data/raw/ebrains/wsi/a19593c6-357f-11eb-b657-001a7dda7111.ndpi,2229.684143,hamamatsu,,40,0.227811190085657,0.22780081097088706,90112,94464,9,NDP.scan 2.5.85,2008/05/16,ok,
a19593ce-357f-11eb-b8ef-001a7dda7111.ndpi,data/raw/ebrains/wsi/a19593ce-357f-11eb-b8ef-001a7dda7111.ndpi,245.411949,hamamatsu,,40,0.227811190085657,0.2278060004100508,40960,45312,9,NDP.scan 3.2.15,2008/05/16,ok,
a19593d0-357f-11eb-9fea-001a7dda7111.ndpi,data/raw/ebrains/wsi/a19593d0-357f-11eb-9fea-001a7dda7111.ndpi,3821.89624,hamamatsu,,40,0.227811190085657,0.22780081097088706,151552,105728,9,NDP.scan 2.5.85,2008/05/16,ok,
a19593d8-357f-11eb-b8b7-001a7dda7111.ndpi,data/raw/ebrains/wsi/a19593d8-357f-11eb-b8b7-001a7dda7111.ndpi,467.429187,hamamatsu,,40,0.227811190085657,0.2278060004100508,49152,57856,10,NDP.scan 3.2.15,2008/05/16,ok,
a19593d9-357f-11eb-991f-001a7dda7111.ndpi,data/raw/ebrains/wsi/a19593d9-357f-11eb-991f-001a7dda7111.ndpi,393.74051,hamamatsu,,40,0.227811190085657,0.2278060004100508,61440,66560,11,NDP.scan 3.2.15,2008/05/16,ok,
a19593df-357f-11eb-86a4-001a7dda7111.ndpi,data/raw/ebrains/wsi/a19593df-357f-11eb-86a4-001a7dda7111.ndpi,2154.548299,hamamatsu,,40,0.227811190085657,0.2278060004100508,86016,100096,9,NDP.scan 3.2.15,2008/05/16,ok,
a19593e1-357f-11eb-ad0e-001a7dda7111.ndpi,data/raw/ebrains/wsi/a19593e1-357f-11eb-ad0e-001a7dda7111.ndpi,2511.401671,hamamatsu,,40,0.227811190085657,0.22780081097088706,143360,104448,12,NDP.scan 2.5.85,2008/05/16,ok,
a19593e2-357f-11eb-a6ac-001a7dda7111.ndpi,data/raw/ebrains/wsi/a19593e2-357f-11eb-a6ac-001a7dda7111.ndpi,205.050636,hamamatsu,,40,0.227811190085657,0.2278060004100508,49152,40192,9,NDP.scan 3.2.15,2008/05/16,ok,
a19593e9-357f-11eb-8689-001a7dda7111.ndpi,data/raw/ebrains/wsi/a19593e9-357f-11eb-8689-001a7dda7111.ndpi,238.477089,hamamatsu,,40,0.227811190085657,0.2278060004100508,40960,39936,10,NDP.scan 3.2.15,2008/05/16,ok,
a19593ec-357f-11eb-8adf-001a7dda7111.ndpi,data/raw/ebrains/wsi/a19593ec-357f-11eb-8adf-001a7dda7111.ndpi,2946.424897,hamamatsu,,40,0.227811190085657,0.22780081097088706,122880,96768,10,NDP.scan 2.5.85,2008/05/16,ok,
a19593ee-357f-11eb-a1ac-001a7dda7111.ndpi,data/raw/ebrains/wsi/a19593ee-357f-11eb-a1ac-001a7dda7111.ndpi,2624.052844,hamamatsu,,40,0.227811190085657,0.22780081097088706,114688,94208,12,NDP.scan 2.5.85,2008/05/16,ok,
a19593fa-357f-11eb-bd30-001a7dda7111.ndpi,data/raw/ebrains/wsi/a19593fa-357f-11eb-bd30-001a7dda7111.ndpi,1888.645581,hamamatsu,,40,0.227811190085657,0.2278060004100508,90112,80384,10,NDP.scan 3.2.15,2008/05/16,ok,
a19593fd-357f-11eb-98f7-001a7dda7111.ndpi,data/raw/ebrains/wsi/a19593fd-357f-11eb-98f7-001a7dda7111.ndpi,1182.548387,hamamatsu,,40,0.227811190085657,0.2278060004100508,81920,74496,9,NDP.scan 3.2.15,2008/05/16,ok,
a195940e-357f-11eb-86d1-001a7dda7111.ndpi,data/raw/ebrains/wsi/a195940e-357f-11eb-86d1-001a7dda7111.ndpi,113.932805,hamamatsu,,40,0.227811190085657,0.2278060004100508,36864,25600,10,NDP.scan 3.2.15,2008/05/16,ok,
a1959414-357f-11eb-a366-001a7dda7111.ndpi,data/raw/ebrains/wsi/a1959414-357f-11eb-a366-001a7dda7111.ndpi,156.487625,hamamatsu,,40,0.227811190085657,0.22780081097088706,32768,34560,9,NDP.scan 2.5.85,2008/05/16,ok,
a1959419-357f-11eb-b848-001a7dda7111.ndpi,data/raw/ebrains/wsi/a1959419-357f-11eb-b848-001a7dda7111.ndpi,1961.242719,hamamatsu,,40,0.227811190085657,0.2278060004100508,77824,86528,10,NDP.scan 3.2.15,2008/05/16,ok,
a1959422-357f-11eb-b8d5-001a7dda7111.ndpi,data/raw/ebrains/wsi/a1959422-357f-11eb-b8d5-001a7dda7111.ndpi,187.663754,hamamatsu,,40,0.227811190085657,0.22780081097088706,28672,38656,9,NDP.scan 2.5.85,2008/05/16,ok,
a195942f-357f-11eb-93a5-001a7dda7111.ndpi,data/raw/ebrains/wsi/a195942f-357f-11eb-93a5-001a7dda7111.ndpi,1844.594378,hamamatsu,,40,0.227811190085657,0.2278060004100508,102400,87296,9,NDP.scan 3.2.15,2008/05/16,ok,
a1959438-357f-11eb-af8c-001a7dda7111.ndpi,data/raw/ebrains/wsi/a1959438-357f-11eb-af8c-001a7dda7111.ndpi,2134.313399,hamamatsu,,40,0.227811190085657,0.2278060004100508,73728,93184,11,NDP.scan 3.2.15,2008/05/16,ok,
a195943f-357f-11eb-bfb8-001a7dda7111.ndpi,data/raw/ebrains/wsi/a195943f-357f-11eb-bfb8-001a7dda7111.ndpi,1658.552522,hamamatsu,,40,0.227811190085657,0.22780081097088706,86016,104704,9,NDP.scan 2.5.85,2008/05/16,ok,
a1959440-357f-11eb-99c0-001a7dda7111.ndpi,data/raw/ebrains/wsi/a1959440-357f-11eb-99c0-001a7dda7111.ndpi,1387.600357,hamamatsu,,40,0.227811190085657,0.22780081097088706,90112,61952,10,NDP.scan 2.5.85,2008/05/16,ok,
a195bac7-357f-11eb-bfc8-001a7dda7111.ndpi,data/raw/ebrains/wsi/a195bac7-357f-11eb-bfc8-001a7dda7111.ndpi,2265.047715,hamamatsu,,40,0.227811190085657,0.2278060004100508,106496,78848,11,NDP.scan 3.2.15,2008/05/16,ok,
a195bacc-357f-11eb-803c-001a7dda7111.ndpi,data/raw/ebrains/wsi/a195bacc-357f-11eb-803c-001a7dda7111.ndpi,997.410881,hamamatsu,,40,0.227811190085657,0.22780081097088706,77824,79360,10,NDP.scan 2.5.85,2008/05/16,ok,
a195bad0-357f-11eb-ae3c-001a7dda7111.ndpi,data/raw/ebrains/wsi/a195bad0-357f-11eb-ae3c-001a7dda7111.ndpi,1817.45333,hamamatsu,,40,0.227811190085657,0.22780081097088706,94208,82688,9,NDP.scan 2.5.85,2008/05/16,ok,
a195bad3-357f-11eb-9b59-001a7dda7111.ndpi,data/raw/ebrains/wsi/a195bad3-357f-11eb-9b59-001a7dda7111.ndpi,3321.350055,hamamatsu,,40,0.227811190085657,0.22780081097088706,110592,100608,9,NDP.scan 2.5.85,2008/05/16,ok,
a195bad6-357f-11eb-8742-001a7dda7111.ndpi,data/raw/ebrains/wsi/a195bad6-357f-11eb-8742-001a7dda7111.ndpi,1567.979401,hamamatsu,,40,0.227811190085657,0.22780081097088706,110592,90368,9,NDP.scan 2.5.85,2008/05/16,ok,
a195badc-357f-11eb-a490-001a7dda7111.ndpi,data/raw/ebrains/wsi/a195badc-357f-11eb-a490-001a7dda7111.ndpi,748.44885,hamamatsu,,40,0.227811190085657,0.2278060004100508,122880,81152,9,NDP.scan 3.2.15,2008/05/16,ok,
a195bade-357f-11eb-96cc-001a7dda7111.ndpi,data/raw/ebrains/wsi/a195bade-357f-11eb-96cc-001a7dda7111.ndpi,335.129649,hamamatsu,,40,0.227811190085657,0.2278060004100508,49152,45824,9,NDP.scan 3.2.15,2008/05/16,ok,
a195bae0-357f-11eb-b35c-001a7dda7111.ndpi,data/raw/ebrains/wsi/a195bae0-357f-11eb-b35c-001a7dda7111.ndpi,508.760096,hamamatsu,,40,0.227811190085657,0.22780081097088706,65536,56064,9,NDP.scan 2.5.85,2008/05/16,ok,
a195bae3-357f-11eb-b1e7-001a7dda7111.ndpi,data/raw/ebrains/wsi/a195bae3-357f-11eb-b1e7-001a7dda7111.ndpi,2069.786998,hamamatsu,,40,0.227811190085657,0.22780081097088706,86016,96512,9,NDP.scan 2.5.85,2008/05/16,ok,
a195bae9-357f-11eb-b01c-001a7dda7111.ndpi,data/raw/ebrains/wsi/a195bae9-357f-11eb-b01c-001a7dda7111.ndpi,1696.035716,hamamatsu,,40,0.227811190085657,0.22780081097088706,81920,82944,11,NDP.scan 2.5.85,2008/05/16,ok,
a195baeb-357f-11eb-aac2-001a7dda7111.ndpi,data/raw/ebrains/wsi/a195baeb-357f-11eb-aac2-001a7dda7111.ndpi,1218.293067,hamamatsu,,40,0.227811190085657,0.2278060004100508,77824,90624,10,NDP.scan 3.2.15,2008/05/16,ok,
a195baf5-357f-11eb-9e7a-001a7dda7111.ndpi,data/raw/ebrains/wsi/a195baf5-357f-11eb-9e7a-001a7dda7111.ndpi,2126.769634,hamamatsu,,40,0.227811190085657,0.22780081097088706,106496,94464,9,NDP.scan 2.5.85,2008/05/16,ok,
a195bb02-357f-11eb-baf6-001a7dda7111.ndpi,data/raw/ebrains/wsi/a195bb02-357f-11eb-baf6-001a7dda7111.ndpi,1576.70536,hamamatsu,,40,0.227811190085657,0.2278060004100508,86016,91136,11,NDP.scan 3.2.15,2008/05/16,ok,
a195bb05-357f-11eb-ab71-001a7dda7111.ndpi,data/raw/ebrains/wsi/a195bb05-357f-11eb-ab71-001a7dda7111.ndpi,507.226686,hamamatsu,,40,0.227811190085657,0.2278060004100508,69632,66048,10,NDP.scan 3.2.15,2008/05/16,ok,
a195bb0a-357f-11eb-b2b4-001a7dda7111.ndpi,data/raw/ebrains/wsi/a195bb0a-357f-11eb-b2b4-001a7dda7111.ndpi,474.647133,hamamatsu,,40,0.227811190085657,0.2278060004100508,53248,70144,10,NDP.scan 3.2.15,2008/05/16,ok,
a195bb11-357f-11eb-b4f1-001a7dda7111.ndpi,data/raw/ebrains/wsi/a195bb11-357f-11eb-b4f1-001a7dda7111.ndpi,2657.432889,hamamatsu,,40,0.227811190085657,0.22780081097088706,98304,97536,9,NDP.scan 2.5.85,2008/05/16,ok,
a195bb18-357f-11eb-8a27-001a7dda7111.ndpi,data/raw/ebrains/wsi/a195bb18-357f-11eb-8a27-001a7dda7111.ndpi,655.648183,hamamatsu,,40,0.227811190085657,0.2278060004100508,65536,75776,11,NDP.scan 3.2.15,2008/05/16,ok,
a195bb19-357f-11eb-a220-001a7dda7111.ndpi,data/raw/ebrains/wsi/a195bb19-357f-11eb-a220-001a7dda7111.ndpi,331.486492,hamamatsu,,40,0.227811190085657,0.2278060004100508,61440,47104,10,NDP.scan 3.2.15,2008/05/16,ok,
a195bb20-357f-11eb-a78e-001a7dda7111.ndpi,data/raw/ebrains/wsi/a195bb20-357f-11eb-a78e-001a7dda7111.ndpi,222.881177,hamamatsu,,40,0.227811190085657,0.2278060004100508,36864,58112,9,NDP.scan 3.2.15,2008/05/16,ok,
a195bb21-357f-11eb-b912-001a7dda7111.ndpi,data/raw/ebrains/wsi/a195bb21-357f-11eb-b912-001a7dda7111.ndpi,54.012156,hamamatsu,,40,0.227811190085657,0.2278060004100508,24576,19712,9,NDP.scan 3.2.15,2008/05/16,ok,
a195bb27-357f-11eb-93cc-001a7dda7111.ndpi,data/raw/ebrains/wsi/a195bb27-357f-11eb-93cc-001a7dda7111.ndpi,2946.134546,hamamatsu,,40,0.227811190085657,0.2278060004100508,94208,103424,11,NDP.scan 3.2.15,2008/05/16,ok,
a195bb2b-357f-11eb-9fcc-001a7dda7111.ndpi,data/raw/ebrains/wsi/a195bb2b-357f-11eb-9fcc-001a7dda7111.ndpi,1746.841255,hamamatsu,,40,0.227811190085657,0.2278060004100508,90112,89600,10,NDP.scan 3.2.15,2008/05/16,ok,
a195bb31-357f-11eb-b01c-001a7dda7111.ndpi,data/raw/ebrains/wsi/a195bb31-357f-11eb-b01c-001a7dda7111.ndpi,1596.230266,hamamatsu,,40,0.227811190085657,0.2278060004100508,65536,89600,10,NDP.scan 3.2.15,2008/05/16,ok,
a195bb32-357f-11eb-b275-001a7dda7111.ndpi,data/raw/ebrains/wsi/a195bb32-357f-11eb-b275-001a7dda7111.ndpi,2466.917417,hamamatsu,,40,0.227811190085657,0.22780081097088706,114688,88832,9,NDP.scan 2.5.85,2008/05/16,ok,
a195bb35-357f-11eb-8ea2-001a7dda7111.ndpi,data/raw/ebrains/wsi/a195bb35-357f-11eb-8ea2-001a7dda7111.ndpi,1866.769871,hamamatsu,,40,0.227811190085657,0.2278060004100508,106496,92160,11,NDP.scan 3.2.15,2008/05/16,ok,
a195bb36-357f-11eb-9bc5-001a7dda7111.ndpi,data/raw/ebrains/wsi/a195bb36-357f-11eb-9bc5-001a7dda7111.ndpi,2674.08383,hamamatsu,,40,0.227811190085657,0.2278060004100508,94208,101632,9,NDP.scan 3.2.15,2008/05/16,ok,
a195bb3e-357f-11eb-820b-001a7dda7111.ndpi,data/raw/ebrains/wsi/a195bb3e-357f-11eb-820b-001a7dda7111.ndpi,523.261804,hamamatsu,,40,0.227811190085657,0.2278060004100508,77824,63744,9,NDP.scan 3.2.15,2008/05/16,ok,
a195bb4a-357f-11eb-adce-001a7dda7111.ndpi,data/raw/ebrains/wsi/a195bb4a-357f-11eb-adce-001a7dda7111.ndpi,1326.27791,hamamatsu,,40,0.227811190085657,0.2278060004100508,94208,86016,11,NDP.scan 3.2.15,2008/05/16,ok,
a195bb4c-357f-11eb-8ade-001a7dda7111.ndpi,data/raw/ebrains/wsi/a195bb4c-357f-11eb-8ade-001a7dda7111.ndpi,1488.800421,hamamatsu,,40,0.227811190085657,0.22780081097088706,86016,88576,10,NDP.scan 2.5.85,2008/05/16,ok,
a195bb4d-357f-11eb-907d-001a7dda7111.ndpi,data/raw/ebrains/wsi/a195bb4d-357f-11eb-907d-001a7dda7111.ndpi,1819.512954,hamamatsu,,40,0.227811190085657,0.22780081097088706,102400,85760,9,NDP.scan 2.5.85,2008/05/16,ok,
a195bb52-357f-11eb-93f8-001a7dda7111.ndpi,data/raw/ebrains/wsi/a195bb52-357f-11eb-93f8-001a7dda7111.ndpi,1599.536482,hamamatsu,,40,0.227811190085657,0.22780081097088706,110592,91136,11,NDP.scan 2.5.85,2008/05/16,ok,
a195e1cf-357f-11eb-a906-001a7dda7111.ndpi,data/raw/ebrains/wsi/a195e1cf-357f-11eb-a906-001a7dda7111.ndpi,1416.786685,hamamatsu,,40,0.227811190085657,0.2278060004100508,94208,58368,11,NDP.scan 3.2.15,2008/05/16,ok,
a195e1d1-357f-11eb-8ab1-001a7dda7111.ndpi,data/raw/ebrains/wsi/a195e1d1-357f-11eb-8ab1-001a7dda7111.ndpi,112.245749,hamamatsu,,40,0.227811190085657,0.2278060004100508,32768,28928,9,NDP.scan 3.2.15,2008/05/16,ok,
a195e1d3-357f-11eb-86d9-001a7dda7111.ndpi,data/raw/ebrains/wsi/a195e1d3-357f-11eb-86d9-001a7dda7111.ndpi,140.353893,hamamatsu,,40,0.227811190085657,0.2278060004100508,36864,37632,9,NDP.scan 3.2.15,2008/05/16,ok,
a195e1d4-357f-11eb-ae49-001a7dda7111.ndpi,data/raw/ebrains/wsi/a195e1d4-357f-11eb-ae49-001a7dda7111.ndpi,72.395078,hamamatsu,,40,0.227811190085657,0.2278060004100508,32768,25344,9,NDP.scan 3.2.15,2008/05/16,ok,
a195e1db-357f-11eb-82c7-001a7dda7111.ndpi,data/raw/ebrains/wsi/a195e1db-357f-11eb-82c7-001a7dda7111.ndpi,156.444304,hamamatsu,,40,0.227811190085657,0.2278060004100508,40960,33792,10,NDP.scan 3.2.15,2008/05/16,ok,
a195e1df-357f-11eb-a578-001a7dda7111.ndpi,data/raw/ebrains/wsi/a195e1df-357f-11eb-a578-001a7dda7111.ndpi,2120.541226,hamamatsu,,40,0.227811190085657,0.2278060004100508,94208,100096,9,NDP.scan 3.2.15,2008/05/16,ok,
a195e1e1-357f-11eb-92d2-001a7dda7111.ndpi,data/raw/ebrains/wsi/a195e1e1-357f-11eb-92d2-001a7dda7111.ndpi,1724.482615,hamamatsu,,40,0.227811190085657,0.2278060004100508,94208,80896,11,NDP.scan 3.2.15,2008/05/16,ok,
a195e1e6-357f-11eb-9824-001a7dda7111.ndpi,data/raw/ebrains/wsi/a195e1e6-357f-11eb-9824-001a7dda7111.ndpi,71.728422,hamamatsu,,40,0.227811190085657,0.2278060004100508,28672,29696,9,NDP.scan 3.2.15,2008/05/16,ok,
a195e1ef-357f-11eb-b7e2-001a7dda7111.ndpi,data/raw/ebrains/wsi/a195e1ef-357f-11eb-b7e2-001a7dda7111.ndpi,1737.755992,hamamatsu,,40,0.227811190085657,0.2278060004100508,98304,69888,9,NDP.scan 3.2.15,2008/05/16,ok,
a195e1f0-357f-11eb-bff5-001a7dda7111.ndpi,data/raw/ebrains/wsi/a195e1f0-357f-11eb-bff5-001a7dda7111.ndpi,1004.632158,hamamatsu,,40,0.227811190085657,0.2278060004100508,81920,91136,11,NDP.scan 3.2.15,2008/05/16,ok,
a195e1f1-357f-11eb-8f80-001a7dda7111.ndpi,data/raw/ebrains/wsi/a195e1f1-357f-11eb-8f80-001a7dda7111.ndpi,931.068743,hamamatsu,,40,0.227811190085657,0.2278060004100508,73728,75520,9,NDP.scan 3.2.15,2008/05/16,ok,
a195e1f5-357f-11eb-815e-001a7dda7111.ndpi,data/raw/ebrains/wsi/a195e1f5-357f-11eb-815e-001a7dda7111.ndpi,224.170616,hamamatsu,,40,0.227811190085657,0.2278060004100508,45056,41472,10,NDP.scan 3.2.15,2008/05/16,ok,
a195e1f8-357f-11eb-b29e-001a7dda7111.ndpi,data/raw/ebrains/wsi/a195e1f8-357f-11eb-b29e-001a7dda7111.ndpi,1430.640119,hamamatsu,,40,0.227811190085657,0.22780081097088706,94208,91648,10,NDP.scan 2.5.85,2008/05/16,ok,
a195e1fd-357f-11eb-9723-001a7dda7111.ndpi,data/raw/ebrains/wsi/a195e1fd-357f-11eb-9723-001a7dda7111.ndpi,2515.80246,hamamatsu,,40,0.227811190085657,0.2278060004100508,90112,90880,9,NDP.scan 3.2.15,2008/05/16,ok,
a195e202-357f-11eb-b1aa-001a7dda7111.ndpi,data/raw/ebrains/wsi/a195e202-357f-11eb-b1aa-001a7dda7111.ndpi,1127.18115,hamamatsu,,40,0.227811190085657,0.2278060004100508,77824,85248,9,NDP.scan 3.2.15,2008/05/16,ok,
a195e207-357f-11eb-8fb6-001a7dda7111.ndpi,data/raw/ebrains/wsi/a195e207-357f-11eb-8fb6-001a7dda7111.ndpi,524.424201,hamamatsu,,40,0.227811190085657,0.22780081097088706,69632,62720,9,NDP.scan 2.5.85,2008/05/16,ok,
a195e209-357f-11eb-a95d-001a7dda7111.ndpi,data/raw/ebrains/wsi/a195e209-357f-11eb-a95d-001a7dda7111.ndpi,1280.487376,hamamatsu,,40,0.227811190085657,0.2278060004100508,86016,78848,11,NDP.scan 3.2.15,2008/05/16,ok,
a195e20c-357f-11eb-a759-001a7dda7111.ndpi,data/raw/ebrains/wsi/a195e20c-357f-11eb-a759-001a7dda7111.ndpi,799.492312,hamamatsu,,40,0.227811190085657,0.2278060004100508,69632,98816,10,NDP.scan 3.2.15,2008/05/16,ok,
a195e20d-357f-11eb-89f6-001a7dda7111.ndpi,data/raw/ebrains/wsi/a195e20d-357f-11eb-89f6-001a7dda7111.ndpi,1357.344189,hamamatsu,,40,0.227811190085657,0.22780081097088706,90112,77312,10,NDP.scan 2.5.85,2008/05/16,ok,
a195e210-357f-11eb-92a3-001a7dda7111.ndpi,data/raw/ebrains/wsi/a195e210-357f-11eb-92a3-001a7dda7111.ndpi,429.083753,hamamatsu,,40,0.227811190085657,0.2278060004100508,57344,70400,9,NDP.scan 3.2.15,2008/05/16,ok,
a195e214-357f-11eb-b09c-001a7dda7111.ndpi,data/raw/ebrains/wsi/a195e214-357f-11eb-b09c-001a7dda7111.ndpi,2501.13795,hamamatsu,,40,0.227811190085657,0.22780081097088706,102400,104192,9,NDP.scan 2.5.85,2008/05/16,ok,
a195e218-357f-11eb-907e-001a7dda7111.ndpi,data/raw/ebrains/wsi/a195e218-357f-11eb-907e-001a7dda7111.ndpi,210.714897,hamamatsu,,40,0.227811190085657,0.2278060004100508,32768,41728,9,NDP.scan 3.2.15,2008/05/16,ok,
a195e21c-357f-11eb-b93b-001a7dda7111.ndpi,data/raw/ebrains/wsi/a195e21c-357f-11eb-b93b-001a7dda7111.ndpi,1371.955436,hamamatsu,,40,0.227811190085657,0.22780081097088706,94208,84736,9,NDP.scan 2.5.85,2008/05/16,ok,
a195e220-357f-11eb-88fe-001a7dda7111.ndpi,data/raw/ebrains/wsi/a195e220-357f-11eb-88fe-001a7dda7111.ndpi,1335.913566,hamamatsu,,40,0.227811190085657,0.22780081097088706,81920,94720,10,NDP.scan 2.5.85,2008/05/16,ok,
a195e223-357f-11eb-a41f-001a7dda7111.ndpi,data/raw/ebrains/wsi/a195e223-357f-11eb-a41f-001a7dda7111.ndpi,327.709117,hamamatsu,,40,0.227811190085657,0.2278060004100508,65536,52736,10,NDP.scan 3.2.15,2008/05/16,ok,
a195e226-357f-11eb-815b-001a7dda7111.ndpi,data/raw/ebrains/wsi/a195e226-357f-11eb-815b-001a7dda7111.ndpi,2322.184347,hamamatsu,,40,0.227811190085657,0.22780081097088706,110592,80128,9,NDP.scan 2.5.85,2008/05/16,ok,
a195e233-357f-11eb-9083-001a7dda7111.ndpi,data/raw/ebrains/wsi/a195e233-357f-11eb-9083-001a7dda7111.ndpi,399.895312,hamamatsu,,40,0.227811190085657,0.22780081097088706,53248,47872,9,NDP.scan 2.5.85,2008/05/16,ok,
a195e235-357f-11eb-8350-001a7dda7111.ndpi,data/raw/ebrains/wsi/a195e235-357f-11eb-8350-001a7dda7111.ndpi,1413.843314,hamamatsu,,40,0.227811190085657,0.2278060004100508,98304,82944,11,NDP.scan 3.2.15,2008/05/16,ok,
a195e242-357f-11eb-a382-001a7dda7111.ndpi,data/raw/ebrains/wsi/a195e242-357f-11eb-a382-001a7dda7111.ndpi,907.542472,hamamatsu,,40,0.227811190085657,0.2278060004100508,73728,81920,11,NDP.scan 3.2.15,2008/05/16,ok,
a195e245-357f-11eb-9fd3-001a7dda7111.ndpi,data/raw/ebrains/wsi/a195e245-357f-11eb-9fd3-001a7dda7111.ndpi,2193.290413,hamamatsu,,40,0.227811190085657,0.2278060004100508,102400,89344,9,NDP.scan 3.2.15,2008/05/16,ok,
a195e249-357f-11eb-acce-001a7dda7111.ndpi,data/raw/ebrains/wsi/a195e249-357f-11eb-acce-001a7dda7111.ndpi,1116.058547,hamamatsu,,40,0.227811190085657,0.2278060004100508,73728,77824,11,NDP.scan 3.2.15,2008/05/16,ok,
a195e24e-357f-11eb-8cc5-001a7dda7111.ndpi,data/raw/ebrains/wsi/a195e24e-357f-11eb-8cc5-001a7dda7111.ndpi,597.922811,hamamatsu,,40,0.227811190085657,0.2278060004100508,77824,75520,9,NDP.scan 3.2.15,2008/05/16,ok,
a195e250-357f-11eb-94fc-001a7dda7111.ndpi,data/raw/ebrains/wsi/a195e250-357f-11eb-94fc-001a7dda7111.ndpi,1595.463466,hamamatsu,,40,0.227811190085657,0.2278060004100508,81920,93184,11,NDP.scan 3.2.15,2008/05/16,ok,
a195e254-357f-11eb-be23-001a7dda7111.ndpi,data/raw/ebrains/wsi/a195e254-357f-11eb-be23-001a7dda7111.ndpi,141.081621,hamamatsu,,40,0.227811190085657,0.2278060004100508,36864,38656,9,NDP.scan 3.2.15,2008/05/16,ok,
a195e255-357f-11eb-aed1-001a7dda7111.ndpi,data/raw/ebrains/wsi/a195e255-357f-11eb-aed1-001a7dda7111.ndpi,3559.009918,hamamatsu,,40,0.227811190085657,0.2278060004100508,118784,99840,10,NDP.scan 3.2.15,2008/05/16,ok,
a195e256-357f-11eb-87f2-001a7dda7111.ndpi,data/raw/ebrains/wsi/a195e256-357f-11eb-87f2-001a7dda7111.ndpi,151.6389,hamamatsu,,40,0.227811190085657,0.2278060004100508,32768,30720,9,NDP.scan 3.2.15,2008/05/16,ok,
a195e259-357f-11eb-ba43-001a7dda7111.ndpi,data/raw/ebrains/wsi/a195e259-357f-11eb-ba43-001a7dda7111.ndpi,663.622264,hamamatsu,,40,0.227811190085657,0.2278060004100508,69632,72704,11,NDP.scan 3.2.15,2008/05/16,ok,
a195e263-357f-11eb-aa84-001a7dda7111.ndpi,data/raw/ebrains/wsi/a195e263-357f-11eb-aa84-001a7dda7111.ndpi,2886.802969,hamamatsu,,40,0.227811190085657,0.22780081097088706,118784,91648,10,NDP.scan 2.5.85,2008/05/16,ok,
a195e265-357f-11eb-a245-001a7dda7111.ndpi,data/raw/ebrains/wsi/a195e265-357f-11eb-a245-001a7dda7111.ndpi,1433.910218,hamamatsu,,40,0.227811190085657,0.22780081097088706,81920,82944,11,NDP.scan 2.5.85,2008/05/16,ok,
a195e269-357f-11eb-a6ab-001a7dda7111.ndpi,data/raw/ebrains/wsi/a195e269-357f-11eb-a6ab-001a7dda7111.ndpi,1154.464767,hamamatsu,,40,0.227811190085657,0.2278060004100508,77824,89088,11,NDP.scan 3.2.15,2008/05/16,ok,
a195e26c-357f-11eb-95a8-001a7dda7111.ndpi,data/raw/ebrains/wsi/a195e26c-357f-11eb-95a8-001a7dda7111.ndpi,2837.757709,hamamatsu,,40,0.227811190085657,0.22780081097088706,122880,103424,11,NDP.scan 2.5.85,2008/05/16,ok,
a195e26e-357f-11eb-a442-001a7dda7111.ndpi,data/raw/ebrains/wsi/a195e26e-357f-11eb-a442-001a7dda7111.ndpi,1612.902704,hamamatsu,,40,0.227811190085657,0.2278060004100508,73728,89088,11,NDP.scan 3.2.15,2008/05/16,ok,
a195e272-357f-11eb-9885-001a7dda7111.ndpi,data/raw/ebrains/wsi/a195e272-357f-11eb-9885-001a7dda7111.ndpi,507.597324,hamamatsu,,40,0.227811190085657,0.2278060004100508,69632,59648,9,NDP.scan 3.2.15,2008/05/16,ok,
a195e275-357f-11eb-906a-001a7dda7111.ndpi,data/raw/ebrains/wsi/a195e275-357f-11eb-906a-001a7dda7111.ndpi,2867.190505,hamamatsu,,40,0.227811190085657,0.22780081097088706,102400,107264,9,NDP.scan 2.5.85,2008/05/16,ok,
a195e276-357f-11eb-afa4-001a7dda7111.ndpi,data/raw/ebrains/wsi/a195e276-357f-11eb-afa4-001a7dda7111.ndpi,196.869032,hamamatsu,,40,0.227811190085657,0.22780081097088706,61440,52736,10,NDP.scan 2.5.85,2008/05/16,ok,
a19608e8-357f-11eb-ac12-001a7dda7111.ndpi,data/raw/ebrains/wsi/a19608e8-357f-11eb-ac12-001a7dda7111.ndpi,627.298984,hamamatsu,,40,0.227811190085657,0.22780081097088706,77824,62720,9,NDP.scan 2.5.85,2008/05/16,ok,
a19608fd-357f-11eb-8d12-001a7dda7111.ndpi,data/raw/ebrains/wsi/a19608fd-357f-11eb-8d12-001a7dda7111.ndpi,2238.914836,hamamatsu,,40,0.227811190085657,0.2278060004100508,106496,75776,11,NDP.scan 3.2.15,2008/05/16,ok,
a19608fe-357f-11eb-ab16-001a7dda7111.ndpi,data/raw/ebrains/wsi/a19608fe-357f-11eb-ab16-001a7dda7111.ndpi,2717.436683,hamamatsu,,40,0.227811190085657,0.22780081097088706,106496,100096,9,NDP.scan 2.5.85,2008/05/16,ok,
a1960900-357f-11eb-82fc-001a7dda7111.ndpi,data/raw/ebrains/wsi/a1960900-357f-11eb-82fc-001a7dda7111.ndpi,353.131568,hamamatsu,,40,0.227811190085657,0.2278060004100508,73728,55296,11,NDP.scan 3.2.15,2008/05/16,ok,
a1960904-357f-11eb-a35d-001a7dda7111.ndpi,data/raw/ebrains/wsi/a1960904-357f-11eb-a35d-001a7dda7111.ndpi,229.695703,hamamatsu,,40,0.227811190085657,0.2278060004100508,40960,44800,9,NDP.scan 3.2.15,2008/05/16,ok,
a196090c-357f-11eb-8d54-001a7dda7111.ndpi,data/raw/ebrains/wsi/a196090c-357f-11eb-8d54-001a7dda7111.ndpi,1448.618334,hamamatsu,,40,0.227811190085657,0.2278060004100508,86016,95232,11,NDP.scan 3.2.15,2008/05/16,ok,
a1960910-357f-11eb-93ca-001a7dda7111.ndpi,data/raw/ebrains/wsi/a1960910-357f-11eb-93ca-001a7dda7111.ndpi,1889.484965,hamamatsu,,40,0.227811190085657,0.2278060004100508,94208,89856,9,NDP.scan 3.2.15,2008/05/16,ok,
a1960911-357f-11eb-880f-001a7dda7111.ndpi,data/raw/ebrains/wsi/a1960911-357f-11eb-880f-001a7dda7111.ndpi,2960.751014,hamamatsu,,40,0.227811190085657,0.22780081097088706,102400,100096,9,NDP.scan 2.5.85,2008/05/16,ok,
a1960913-357f-11eb-9740-001a7dda7111.ndpi,data/raw/ebrains/wsi/a1960913-357f-11eb-9740-001a7dda7111.ndpi,110.680241,hamamatsu,,40,0.227811190085657,0.2278060004100508,32768,29184,9,NDP.scan 3.2.15,2008/05/16,ok,
a196091a-357f-11eb-ad55-001a7dda7111.ndpi,data/raw/ebrains/wsi/a196091a-357f-11eb-ad55-001a7dda7111.ndpi,1281.869635,hamamatsu,,40,0.227811190085657,0.2278060004100508,90112,81408,10,NDP.scan 3.2.15,2008/05/16,ok,
a196091b-357f-11eb-ad04-001a7dda7111.ndpi,data/raw/ebrains/wsi/a196091b-357f-11eb-ad04-001a7dda7111.ndpi,1507.274318,hamamatsu,,40,0.227811190085657,0.22780081097088706,98304,100096,9,NDP.scan 2.5.85,2008/05/16,ok,
a196091c-357f-11eb-9e7d-001a7dda7111.ndpi,data/raw/ebrains/wsi/a196091c-357f-11eb-9e7d-001a7dda7111.ndpi,1398.258775,hamamatsu,,40,0.227811190085657,0.2278060004100508,73728,83200,9,NDP.scan 3.2.15,2008/05/16,ok,
a1960927-357f-11eb-ba11-001a7dda7111.ndpi,data/raw/ebrains/wsi/a1960927-357f-11eb-ba11-001a7dda7111.ndpi,79.953492,hamamatsu,,40,0.227811190085657,0.2278060004100508,28672,25344,9,NDP.scan 3.2.15,2008/05/16,ok,
a196092c-357f-11eb-b412-001a7dda7111.ndpi,data/raw/ebrains/wsi/a196092c-357f-11eb-b412-001a7dda7111.ndpi,283.332853,hamamatsu,,40,0.227811190085657,0.22780081097088706,49152,42496,10,NDP.scan 2.5.85,2008/05/16,ok,
a196092d-357f-11eb-974f-001a7dda7111.ndpi,data/raw/ebrains/wsi/a196092d-357f-11eb-974f-001a7dda7111.ndpi,1489.740047,hamamatsu,,40,0.227811190085657,0.2278060004100508,94208,88064,11,NDP.scan 3.2.15,2008/05/16,ok,
a1960931-357f-11eb-abad-001a7dda7111.ndpi,data/raw/ebrains/wsi/a1960931-357f-11eb-abad-001a7dda7111.ndpi,2747.923182,hamamatsu,,40,0.227811190085657,0.22780081097088706,106496,92160,12,NDP.scan 2.5.85,2008/05/16,ok,
a1960933-357f-11eb-9059-001a7dda7111.ndpi,data/raw/ebrains/wsi/a1960933-357f-11eb-9059-001a7dda7111.ndpi,866.157196,hamamatsu,,40,0.227811190085657,0.2278060004100508,86016,67072,10,NDP.scan 3.2.15,2008/05/16,ok,
a1960936-357f-11eb-98e1-001a7dda7111.ndpi,data/raw/ebrains/wsi/a1960936-357f-11eb-98e1-001a7dda7111.ndpi,103.415766,hamamatsu,,40,0.227811190085657,0.2278060004100508,28672,33792,10,NDP.scan 3.2.15,2008/05/16,ok,
a1960940-357f-11eb-8fd3-001a7dda7111.ndpi,data/raw/ebrains/wsi/a1960940-357f-11eb-8fd3-001a7dda7111.ndpi,529.572089,hamamatsu,,40,0.227811190085657,0.2278060004100508,65536,82432,10,NDP.scan 3.2.15,2008/05/16,ok,
a1960947-357f-11eb-8838-001a7dda7111.ndpi,data/raw/ebrains/wsi/a1960947-357f-11eb-8838-001a7dda7111.ndpi,1546.300236,hamamatsu,,40,0.227811190085657,0.22780081097088706,86016,80896,11,NDP.scan 2.5.85,2008/05/16,ok,
a1960948-357f-11eb-bf70-001a7dda7111.ndpi,data/raw/ebrains/wsi/a1960948-357f-11eb-bf70-001a7dda7111.ndpi,3638.403192,hamamatsu,,40,0.227811190085657,0.22780081097088706,131072,104192,9,NDP.scan 2.5.85,2008/05/16,ok,
a1960949-357f-11eb-8e9f-001a7dda7111.ndpi,data/raw/ebrains/wsi/a1960949-357f-11eb-8e9f-001a7dda7111.ndpi,1940.312677,hamamatsu,,40,0.227811190085657,0.2278060004100508,98304,94464,9,NDP.scan 3.2.15,2008/05/16,ok,
a196095a-357f-11eb-bf18-001a7dda7111.ndpi,data/raw/ebrains/wsi/a196095a-357f-11eb-bf18-001a7dda7111.ndpi,1291.336564,hamamatsu,,40,0.227811190085657,0.22780081097088706,81920,75520,9,NDP.scan 2.5.85,2008/05/16,ok,
a196095b-357f-11eb-8039-001a7dda7111.ndpi,data/raw/ebrains/wsi/a196095b-357f-11eb-8039-001a7dda7111.ndpi,1833.061447,hamamatsu,,40,0.227811190085657,0.22780081097088706,102400,92416,9,NDP.scan 2.5.85,2008/05/16,ok,
a196095f-357f-11eb-a830-001a7dda7111.ndpi,data/raw/ebrains/wsi/a196095f-357f-11eb-a830-001a7dda7111.ndpi,2771.684077,hamamatsu,,40,0.227811190085657,0.22780081097088706,98304,99840,10,NDP.scan 2.5.85,2008/05/16,ok,
a1960962-357f-11eb-a72f-001a7dda7111.ndpi,data/raw/ebrains/wsi/a1960962-357f-11eb-a72f-001a7dda7111.ndpi,2235.858922,hamamatsu,,40,0.227811190085657,0.2278060004100508,94208,96000,9,NDP.scan 3.2.15,2008/05/16,ok,
a1960967-357f-11eb-836b-001a7dda7111.ndpi,data/raw/ebrains/wsi/a1960967-357f-11eb-836b-001a7dda7111.ndpi,369.577155,hamamatsu,,40,0.227811190085657,0.22780081097088706,53248,43008,10,NDP.scan 2.5.85,2008/05/16,ok,
a196096a-357f-11eb-b997-001a7dda7111.ndpi,data/raw/ebrains/wsi/a196096a-357f-11eb-b997-001a7dda7111.ndpi,2579.273968,hamamatsu,,40,0.227811190085657,0.2278060004100508,98304,102400,11,NDP.scan 3.2.15,2008/05/16,ok,
a1960973-357f-11eb-ab24-001a7dda7111.ndpi,data/raw/ebrains/wsi/a1960973-357f-11eb-ab24-001a7dda7111.ndpi,398.771994,hamamatsu,,40,0.227811190085657,0.22780081097088706,53248,53760,10,NDP.scan 2.5.85,2008/05/16,ok,
a1960981-357f-11eb-a860-001a7dda7111.ndpi,data/raw/ebrains/wsi/a1960981-357f-11eb-a860-001a7dda7111.ndpi,3473.041286,hamamatsu,,40,0.227811190085657,0.22780081097088706,110592,92672,10,NDP.scan 2.5.85,2008/05/16,ok,
a1960987-357f-11eb-abc9-001a7dda7111.ndpi,data/raw/ebrains/wsi/a1960987-357f-11eb-abc9-001a7dda7111.ndpi,81.403545,hamamatsu,,40,0.227811190085657,0.2278060004100508,49152,19456,10,NDP.scan 3.2.15,2008/05/16,ok,
a196098d-357f-11eb-bfb7-001a7dda7111.ndpi,data/raw/ebrains/wsi/a196098d-357f-11eb-bfb7-001a7dda7111.ndpi,2087.162279,hamamatsu,,40,0.227811190085657,0.22780081097088706,106496,66560,11,NDP.scan 2.5.85,2008/05/16,ok,
a196098f-357f-11eb-b049-001a7dda7111.ndpi,data/raw/ebrains/wsi/a196098f-357f-11eb-b049-001a7dda7111.ndpi,2380.478887,hamamatsu,,40,0.227811190085657,0.2278060004100508,110592,93696,10,NDP.scan 3.2.15,2008/05/16,ok,
a1960998-357f-11eb-9566-001a7dda7111.ndpi,data/raw/ebrains/wsi/a1960998-357f-11eb-9566-001a7dda7111.ndpi,1520.932439,hamamatsu,,40,0.227811190085657,0.22780081097088706,73728,92160,12,NDP.scan 2.5.85,2008/05/16,ok,
a196099c-357f-11eb-abe4-001a7dda7111.ndpi,data/raw/ebrains/wsi/a196099c-357f-11eb-abe4-001a7dda7111.ndpi,83.848041,hamamatsu,,40,0.227811190085657,0.2278060004100508,28672,29440,9,NDP.scan 3.2.15,2008/05/16,ok,
a196099f-357f-11eb-b66d-001a7dda7111.ndpi,data/raw/ebrains/wsi/a196099f-357f-11eb-b66d-001a7dda7111.ndpi,2513.929297,hamamatsu,,40,0.227811190085657,0.22780081097088706,118784,105216,9,NDP.scan 2.5.85,2008/05/16,ok,
a19609a9-357f-11eb-9002-001a7dda7111.ndpi,data/raw/ebrains/wsi/a19609a9-357f-11eb-9002-001a7dda7111.ndpi,1523.430245,hamamatsu,,40,0.227811190085657,0.2278060004100508,106496,51456,9,NDP.scan 3.2.15,2008/05/16,ok,
a19609b0-357f-11eb-b110-001a7dda7111.ndpi,data/raw/ebrains/wsi/a19609b0-357f-11eb-b110-001a7dda7111.ndpi,197.488891,hamamatsu,,40,0.227811190085657,0.2278060004100508,49152,43008,10,NDP.scan 3.2.15,2008/05/16,ok,
a19609b4-357f-11eb-b94f-001a7dda7111.ndpi,data/raw/ebrains/wsi/a19609b4-357f-11eb-b94f-001a7dda7111.ndpi,422.857324,hamamatsu,,40,0.227811190085657,0.2278060004100508,65536,50688,10,NDP.scan 3.2.15,2008/05/16,ok,
a19609b5-357f-11eb-8ac5-001a7dda7111.ndpi,data/raw/ebrains/wsi/a19609b5-357f-11eb-8ac5-001a7dda7111.ndpi,1817.043842,hamamatsu,,40,0.227811190085657,0.2278060004100508,122880,83456,10,NDP.scan 3.2.15,2008/05/16,ok,
a19609b7-357f-11eb-b0be-001a7dda7111.ndpi,data/raw/ebrains/wsi/a19609b7-357f-11eb-b0be-001a7dda7111.ndpi,97.744825,hamamatsu,,40,0.227811190085657,0.2278060004100508,32768,30720,9,NDP.scan 3.2.15,2008/05/16,ok,
a19609b9-357f-11eb-ab37-001a7dda7111.ndpi,data/raw/ebrains/wsi/a19609b9-357f-11eb-ab37-001a7dda7111.ndpi,939.709453,hamamatsu,,40,0.227811190085657,0.2278060004100508,77824,54272,11,NDP.scan 3.2.15,2008/05/16,ok,
a19609bb-357f-11eb-a131-001a7dda7111.ndpi,data/raw/ebrains/wsi/a19609bb-357f-11eb-a131-001a7dda7111.ndpi,1304.304499,hamamatsu,,40,0.227811190085657,0.22780081097088706,77824,93952,9,NDP.scan 2.5.85,2008/05/16,ok,
a19609bf-357f-11eb-a7de-001a7dda7111.ndpi,data/raw/ebrains/wsi/a19609bf-357f-11eb-a7de-001a7dda7111.ndpi,2516.811321,hamamatsu,,40,0.227811190085657,0.2278060004100508,98304,96256,11,NDP.scan 3.2.15,2008/05/16,ok,
a19609c7-357f-11eb-be55-001a7dda7111.ndpi,data/raw/ebrains/wsi/a19609c7-357f-11eb-be55-001a7dda7111.ndpi,445.637699,hamamatsu,,40,0.227811190085657,0.2278060004100508,53248,54016,9,NDP.scan 3.2.15,2008/05/16,ok,
a1962fef-357f-11eb-8a18-001a7dda7111.ndpi,data/raw/ebrains/wsi/a1962fef-357f-11eb-8a18-001a7dda7111.ndpi,2777.090349,hamamatsu,,40,0.227811190085657,0.2278060004100508,114688,95232,11,NDP.scan 3.2.15,2008/05/16,ok,
a1962ff0-357f-11eb-8aff-001a7dda7111.ndpi,data/raw/ebrains/wsi/a1962ff0-357f-11eb-8aff-001a7dda7111.ndpi,1357.402527,hamamatsu,,40,0.227811190085657,0.2278060004100508,98304,69376,9,NDP.scan 3.2.15,2008/05/16,ok,
a1962ff2-357f-11eb-8dff-001a7dda7111.ndpi,data/raw/ebrains/wsi/a1962ff2-357f-11eb-8dff-001a7dda7111.ndpi,1209.573017,hamamatsu,,40,0.227811190085657,0.2278060004100508,61440,92672,10,NDP.scan 3.2.15,2008/05/16,ok,
a1963008-357f-11eb-9e5e-001a7dda7111.ndpi,data/raw/ebrains/wsi/a1963008-357f-11eb-9e5e-001a7dda7111.ndpi,2908.953221,hamamatsu,,40,0.227811190085657,0.22780081097088706,102400,100608,9,NDP.scan 2.5.85,2008/05/16,ok,
a196300c-357f-11eb-9960-001a7dda7111.ndpi,data/raw/ebrains/wsi/a196300c-357f-11eb-9960-001a7dda7111.ndpi,88.287218,hamamatsu,,40,0.227811190085657,0.22780081097088706,20480,35072,9,NDP.scan 2.5.85,2008/05/16,ok,
a1963013-357f-11eb-8c98-001a7dda7111.ndpi,data/raw/ebrains/wsi/a1963013-357f-11eb-8c98-001a7dda7111.ndpi,162.174936,hamamatsu,,40,0.227811190085657,0.2278060004100508,32768,25856,9,NDP.scan 3.2.15,2008/05/16,ok,
a1963015-357f-11eb-a1d3-001a7dda7111.ndpi,data/raw/ebrains/wsi/a1963015-357f-11eb-a1d3-001a7dda7111.ndpi,1789.543699,hamamatsu,,40,0.227811190085657,0.22780081097088706,90112,100096,9,NDP.scan 2.5.85,2008/05/16,ok,
a196301b-357f-11eb-a1b2-001a7dda7111.ndpi,data/raw/ebrains/wsi/a196301b-357f-11eb-a1b2-001a7dda7111.ndpi,682.227951,hamamatsu,,40,0.227811190085657,0.22780081097088706,69632,50944,9,NDP.scan 2.5.85,2008/05/16,ok,
a1963020-357f-11eb-b911-001a7dda7111.ndpi,data/raw/ebrains/wsi/a1963020-357f-11eb-b911-001a7dda7111.ndpi,1929.671374,hamamatsu,,40,0.227811190085657,0.22780081097088706,106496,79360,10,NDP.scan 2.5.85,2008/05/16,ok,
a1963026-357f-11eb-8f23-001a7dda7111.ndpi,data/raw/ebrains/wsi/a1963026-357f-11eb-8f23-001a7dda7111.ndpi,1054.563776,hamamatsu,,40,0.227811190085657,0.2278060004100508,73728,70912,9,NDP.scan 3.2.15,2008/05/16,ok,
a196302b-357f-11eb-9166-001a7dda7111.ndpi,data/raw/ebrains/wsi/a196302b-357f-11eb-9166-001a7dda7111.ndpi,2461.746055,hamamatsu,,40,0.227811190085657,0.22780081097088706,106496,93184,11,NDP.scan 2.5.85,2008/05/16,ok,
a196302e-357f-11eb-8d1e-001a7dda7111.ndpi,data/raw/ebrains/wsi/a196302e-357f-11eb-8d1e-001a7dda7111.ndpi,224.616858,hamamatsu,,40,0.227811190085657,0.22780081097088706,40960,40448,10,NDP.scan 2.5.85,2008/05/16,ok,
a1963030-357f-11eb-ad27-001a7dda7111.ndpi,data/raw/ebrains/wsi/a1963030-357f-11eb-ad27-001a7dda7111.ndpi,618.936497,hamamatsu,,40,0.227811190085657,0.2278060004100508,57344,54528,9,NDP.scan 3.2.15,2008/05/16,ok,
a1963032-357f-11eb-bfeb-001a7dda7111.ndpi,data/raw/ebrains/wsi/a1963032-357f-11eb-bfeb-001a7dda7111.ndpi,166.50116,hamamatsu,,40,0.227811190085657,0.2278060004100508,36864,37888,10,NDP.scan 3.2.15,2008/05/16,ok,
a1963036-357f-11eb-baa0-001a7dda7111.ndpi,data/raw/ebrains/wsi/a1963036-357f-11eb-baa0-001a7dda7111.ndpi,782.469717,hamamatsu,,40,0.227811190085657,0.2278060004100508,94208,58624,9,NDP.scan 3.2.15,2008/05/16,ok,
a196303d-357f-11eb-b8ae-001a7dda7111.ndpi,data/raw/ebrains/wsi/a196303d-357f-11eb-b8ae-001a7dda7111.ndpi,2129.183853,hamamatsu,,40,0.227811190085657,0.22780081097088706,110592,106752,9,NDP.scan 2.5.85,2008/05/16,ok,
a1963044-357f-11eb-b15e-001a7dda7111.ndpi,data/raw/ebrains/wsi/a1963044-357f-11eb-b15e-001a7dda7111.ndpi,2130.970225,hamamatsu,,40,0.227811190085657,0.22780081097088706,94208,105728,9,NDP.scan 2.5.85,2008/05/16,ok,
a1963046-357f-11eb-aff6-001a7dda7111.ndpi,data/raw/ebrains/wsi/a1963046-357f-11eb-aff6-001a7dda7111.ndpi,414.605655,hamamatsu,,40,0.227811190085657,0.2278060004100508,73728,66560,11,NDP.scan 3.2.15,2008/05/16,ok,
a1963049-357f-11eb-85a4-001a7dda7111.ndpi,data/raw/ebrains/wsi/a1963049-357f-11eb-85a4-001a7dda7111.ndpi,169.420286,hamamatsu,,40,0.227811190085657,0.2278060004100508,36864,33024,9,NDP.scan 3.2.15,2008/05/16,ok,
a1963054-357f-11eb-a849-001a7dda7111.ndpi,data/raw/ebrains/wsi/a1963054-357f-11eb-a849-001a7dda7111.ndpi,2103.856244,hamamatsu,,40,0.227811190085657,0.2278060004100508,98304,94720,10,NDP.scan 3.2.15,2008/05/16,ok,
a196305e-357f-11eb-9b1d-001a7dda7111.ndpi,data/raw/ebrains/wsi/a196305e-357f-11eb-9b1d-001a7dda7111.ndpi,303.892067,hamamatsu,,40,0.227811190085657,0.2278060004100508,53248,43520,10,NDP.scan 3.2.15,2008/05/16,ok,
a1963063-357f-11eb-9d67-001a7dda7111.ndpi,data/raw/ebrains/wsi/a1963063-357f-11eb-9d67-001a7dda7111.ndpi,1103.748781,hamamatsu,,40,0.227811190085657,0.22780081097088706,86016,73984,9,NDP.scan 2.5.85,2008/05/16,ok,
a1963064-357f-11eb-bc18-001a7dda7111.ndpi,data/raw/ebrains/wsi/a1963064-357f-11eb-bc18-001a7dda7111.ndpi,166.902658,hamamatsu,,40,0.227811190085657,0.2278060004100508,32768,30976,9,NDP.scan 3.2.15,2008/05/16,ok,
a196306a-357f-11eb-91a9-001a7dda7111.ndpi,data/raw/ebrains/wsi/a196306a-357f-11eb-91a9-001a7dda7111.ndpi,1574.22989,hamamatsu,,40,0.227811190085657,0.22780081097088706,90112,86272,9,NDP.scan 2.5.85,2008/05/16,ok,
a196306c-357f-11eb-9ccf-001a7dda7111.ndpi,data/raw/ebrains/wsi/a196306c-357f-11eb-9ccf-001a7dda7111.ndpi,618.015531,hamamatsu,,40,0.227811190085657,0.22780081097088706,61440,44544,10,NDP.scan 2.5.85,2008/05/16,ok,
a1963071-357f-11eb-a209-001a7dda7111.ndpi,data/raw/ebrains/wsi/a1963071-357f-11eb-a209-001a7dda7111.ndpi,606.768678,hamamatsu,,40,0.227811190085657,0.2278060004100508,57344,60672,9,NDP.scan 3.2.15,2008/05/16,ok,
a196307b-357f-11eb-9a77-001a7dda7111.ndpi,data/raw/ebrains/wsi/a196307b-357f-11eb-9a77-001a7dda7111.ndpi,1448.877294,hamamatsu,,40,0.227811190085657,0.2278060004100508,98304,60672,9,NDP.scan 3.2.15,2008/05/16,ok,
a196307c-357f-11eb-9002-001a7dda7111.ndpi,data/raw/ebrains/wsi/a196307c-357f-11eb-9002-001a7dda7111.ndpi,439.0687,hamamatsu,,40,0.227811190085657,0.2278060004100508,73728,61696,9,NDP.scan 3.2.15,2008/05/16,ok,
a196307f-357f-11eb-b607-001a7dda7111.ndpi,data/raw/ebrains/wsi/a196307f-357f-11eb-b607-001a7dda7111.ndpi,273.289498,hamamatsu,,40,0.227811190085657,0.2278060004100508,57344,54272,10,NDP.scan 3.2.15,2008/05/16,ok,
a1963081-357f-11eb-aaf3-001a7dda7111.ndpi,data/raw/ebrains/wsi/a1963081-357f-11eb-aaf3-001a7dda7111.ndpi,389.541475,hamamatsu,,40,0.227811190085657,0.2278060004100508,45056,58112,9,NDP.scan 3.2.15,2008/05/16,ok,
a196308a-357f-11eb-87bc-001a7dda7111.ndpi,data/raw/ebrains/wsi/a196308a-357f-11eb-87bc-001a7dda7111.ndpi,57.675306,hamamatsu,,40,0.227811190085657,0.2278060004100508,24576,23040,9,NDP.scan 3.2.15,2008/05/16,ok,
a19656f6-357f-11eb-968c-001a7dda7111.ndpi,data/raw/ebrains/wsi/a19656f6-357f-11eb-968c-001a7dda7111.ndpi,2322.020136,hamamatsu,,40,0.227811190085657,0.22780081097088706,118784,99840,10,NDP.scan 2.5.85,2008/05/16,ok,
a19656f7-357f-11eb-994c-001a7dda7111.ndpi,data/raw/ebrains/wsi/a19656f7-357f-11eb-994c-001a7dda7111.ndpi,2476.680733,hamamatsu,,40,0.227811190085657,0.22780081097088706,106496,82176,9,NDP.scan 2.5.85,2008/05/16,ok,
a19656f8-357f-11eb-85f7-001a7dda7111.ndpi,data/raw/ebrains/wsi/a19656f8-357f-11eb-85f7-001a7dda7111.ndpi,1553.178167,hamamatsu,,40,0.227811190085657,0.2278060004100508,90112,100864,10,NDP.scan 3.2.15,2008/05/16,ok,
a19656fb-357f-11eb-885d-001a7dda7111.ndpi,data/raw/ebrains/wsi/a19656fb-357f-11eb-885d-001a7dda7111.ndpi,2488.778551,hamamatsu,,40,0.227811190085657,0.22780081097088706,118784,94720,10,NDP.scan 2.5.85,2008/05/16,ok,
a1965704-357f-11eb-a679-001a7dda7111.ndpi,data/raw/ebrains/wsi/a1965704-357f-11eb-a679-001a7dda7111.ndpi,2240.919064,hamamatsu,,40,0.227811190085657,0.22780081097088706,118784,94464,9,NDP.scan 2.5.85,2008/05/16,ok,
a1965716-357f-11eb-be58-001a7dda7111.ndpi,data/raw/ebrains/wsi/a1965716-357f-11eb-be58-001a7dda7111.ndpi,1543.883118,hamamatsu,,40,0.227811190085657,0.2278060004100508,94208,82944,11,NDP.scan 3.2.15,2008/05/16,ok,
a196571a-357f-11eb-899b-001a7dda7111.ndpi,data/raw/ebrains/wsi/a196571a-357f-11eb-899b-001a7dda7111.ndpi,141.90547,hamamatsu,,40,0.227811190085657,0.2278060004100508,36864,45568,10,NDP.scan 3.2.15,2008/05/16,ok,
a1965720-357f-11eb-ab88-001a7dda7111.ndpi,data/raw/ebrains/wsi/a1965720-357f-11eb-ab88-001a7dda7111.ndpi,1383.453387,hamamatsu,,40,0.227811190085657,0.2278060004100508,81920,82944,11,NDP.scan 3.2.15,2008/05/16,ok,
a1965728-357f-11eb-88dd-001a7dda7111.ndpi,data/raw/ebrains/wsi/a1965728-357f-11eb-88dd-001a7dda7111.ndpi,473.511042,hamamatsu,,40,0.227811190085657,0.2278060004100508,53248,64256,9,NDP.scan 3.2.15,2008/05/16,ok,
a196572b-357f-11eb-a30c-001a7dda7111.ndpi,data/raw/ebrains/wsi/a196572b-357f-11eb-a30c-001a7dda7111.ndpi,1050.190719,hamamatsu,,40,0.227811190085657,0.22780081097088706,81920,66560,11,NDP.scan 2.5.85,2008/05/16,ok,
a196572c-357f-11eb-b90a-001a7dda7111.ndpi,data/raw/ebrains/wsi/a196572c-357f-11eb-b90a-001a7dda7111.ndpi,995.193438,hamamatsu,,40,0.227811190085657,0.2278060004100508,65536,75520,9,NDP.scan 3.2.15,2008/05/16,ok,
a1965733-357f-11eb-8d99-001a7dda7111.ndpi,data/raw/ebrains/wsi/a1965733-357f-11eb-8d99-001a7dda7111.ndpi,1067.707232,hamamatsu,,40,0.227811190085657,0.2278060004100508,65536,75008,9,NDP.scan 3.2.15,2008/05/16,ok,
a196573d-357f-11eb-8282-001a7dda7111.ndpi,data/raw/ebrains/wsi/a196573d-357f-11eb-8282-001a7dda7111.ndpi,96.067156,hamamatsu,,40,0.227811190085657,0.2278060004100508,16384,13056,9,NDP.scan 3.2.15,2008/05/16,ok,
a196573e-357f-11eb-adf2-001a7dda7111.ndpi,data/raw/ebrains/wsi/a196573e-357f-11eb-adf2-001a7dda7111.ndpi,172.931527,hamamatsu,,40,0.227811190085657,0.2278060004100508,40960,29952,9,NDP.scan 3.2.15,2008/05/16,ok,
a1965740-357f-11eb-a3e4-001a7dda7111.ndpi,data/raw/ebrains/wsi/a1965740-357f-11eb-a3e4-001a7dda7111.ndpi,140.954518,hamamatsu,,40,0.227811190085657,0.2278060004100508,32768,31488,9,NDP.scan 3.2.15,2008/05/16,ok,
a1965743-357f-11eb-be52-001a7dda7111.ndpi,data/raw/ebrains/wsi/a1965743-357f-11eb-be52-001a7dda7111.ndpi,2101.10166,hamamatsu,,40,0.227811190085657,0.22780081097088706,114688,91136,11,NDP.scan 2.5.85,2008/05/16,ok,
a1965745-357f-11eb-aeae-001a7dda7111.ndpi,data/raw/ebrains/wsi/a1965745-357f-11eb-aeae-001a7dda7111.ndpi,1433.054771,hamamatsu,,40,0.227811190085657,0.2278060004100508,94208,94464,9,NDP.scan 3.2.15,2008/05/16,ok,
a1965749-357f-11eb-801a-001a7dda7111.ndpi,data/raw/ebrains/wsi/a1965749-357f-11eb-801a-001a7dda7111.ndpi,249.650985,hamamatsu,,40,0.227811190085657,0.2278060004100508,40960,33024,9,NDP.scan 3.2.15,2008/05/16,ok,
a196574a-357f-11eb-a0d8-001a7dda7111.ndpi,data/raw/ebrains/wsi/a196574a-357f-11eb-a0d8-001a7dda7111.ndpi,750.898695,hamamatsu,,40,0.227811190085657,0.2278060004100508,77824,64768,9,NDP.scan 3.2.15,2008/05/16,ok,
a1965751-357f-11eb-909f-001a7dda7111.ndpi,data/raw/ebrains/wsi/a1965751-357f-11eb-909f-001a7dda7111.ndpi,3428.334896,hamamatsu,,40,0.227811190085657,0.2278060004100508,143360,103936,10,NDP.scan 3.2.15,2008/05/16,ok,
a1965752-357f-11eb-91da-001a7dda7111.ndpi,data/raw/ebrains/wsi/a1965752-357f-11eb-91da-001a7dda7111.ndpi,1679.785152,hamamatsu,,40,0.227811190085657,0.22780081097088706,86016,88832,9,NDP.scan 2.5.85,2008/05/16,ok,
a1965756-357f-11eb-b1e0-001a7dda7111.ndpi,data/raw/ebrains/wsi/a1965756-357f-11eb-b1e0-001a7dda7111.ndpi,329.628092,hamamatsu,,40,0.227811190085657,0.22780081097088706,45056,46848,9,NDP.scan 2.5.85,2008/05/16,ok,
a1965759-357f-11eb-9c4f-001a7dda7111.ndpi,data/raw/ebrains/wsi/a1965759-357f-11eb-9c4f-001a7dda7111.ndpi,164.509293,hamamatsu,,40,0.227811190085657,0.2278060004100508,32768,35328,10,NDP.scan 3.2.15,2008/05/16,ok,
a196575c-357f-11eb-9dff-001a7dda7111.ndpi,data/raw/ebrains/wsi/a196575c-357f-11eb-9dff-001a7dda7111.ndpi,204.253974,hamamatsu,,40,0.227811190085657,0.2278060004100508,49152,42240,9,NDP.scan 3.2.15,2008/05/16,ok,
a1965760-357f-11eb-932f-001a7dda7111.ndpi,data/raw/ebrains/wsi/a1965760-357f-11eb-932f-001a7dda7111.ndpi,1727.228461,hamamatsu,,40,0.227811190085657,0.2278060004100508,94208,70144,10,NDP.scan 3.2.15,2008/05/16,ok,
a1965763-357f-11eb-8703-001a7dda7111.ndpi,data/raw/ebrains/wsi/a1965763-357f-11eb-8703-001a7dda7111.ndpi,929.02906,hamamatsu,,40,0.227811190085657,0.2278060004100508,86016,85248,9,NDP.scan 3.2.15,2008/05/16,ok,
a1965766-357f-11eb-92da-001a7dda7111.ndpi,data/raw/ebrains/wsi/a1965766-357f-11eb-92da-001a7dda7111.ndpi,1641.074859,hamamatsu,,40,0.227811190085657,0.22780081097088706,94208,87808,9,NDP.scan 2.5.85,2008/05/16,ok,
a1965769-357f-11eb-979d-001a7dda7111.ndpi,data/raw/ebrains/wsi/a1965769-357f-11eb-979d-001a7dda7111.ndpi,2984.859131,hamamatsu,,40,0.227811190085657,0.22780081097088706,106496,102144,9,NDP.scan 2.5.85,2008/05/16,ok,
a196576b-357f-11eb-b10e-001a7dda7111.ndpi,data/raw/ebrains/wsi/a196576b-357f-11eb-b10e-001a7dda7111.ndpi,2671.799693,hamamatsu,,40,0.227811190085657,0.22780081097088706,135168,99584,9,NDP.scan 2.5.85,2008/05/16,ok,
a1965771-357f-11eb-821a-001a7dda7111.ndpi,data/raw/ebrains/wsi/a1965771-357f-11eb-821a-001a7dda7111.ndpi,1225.535389,hamamatsu,,40,0.227811190085657,0.2278060004100508,73728,70144,10,NDP.scan 3.2.15,2008/05/16,ok,
a1965781-357f-11eb-8a50-001a7dda7111.ndpi,data/raw/ebrains/wsi/a1965781-357f-11eb-8a50-001a7dda7111.ndpi,92.587382,hamamatsu,,40,0.227811190085657,0.22780081097088706,20480,19968,10,NDP.scan 2.5.85,2008/05/16,ok,
a1965782-357f-11eb-8f87-001a7dda7111.ndpi,data/raw/ebrains/wsi/a1965782-357f-11eb-8f87-001a7dda7111.ndpi,1985.293958,hamamatsu,,40,0.227811190085657,0.22780081097088706,90112,78336,10,NDP.scan 2.5.85,2008/05/16,ok,
a1965786-357f-11eb-9e26-001a7dda7111.ndpi,data/raw/ebrains/wsi/a1965786-357f-11eb-9e26-001a7dda7111.ndpi,1620.306245,hamamatsu,,40,0.227811190085657,0.2278060004100508,98304,104448,11,NDP.scan 3.2.15,2008/05/16,ok,
a196578a-357f-11eb-bcaa-001a7dda7111.ndpi,data/raw/ebrains/wsi/a196578a-357f-11eb-bcaa-001a7dda7111.ndpi,1187.301657,hamamatsu,,40,0.227811190085657,0.22780081097088706,57344,91136,11,NDP.scan 2.5.85,2008/05/16,ok,
a196578b-357f-11eb-a121-001a7dda7111.ndpi,data/raw/ebrains/wsi/a196578b-357f-11eb-a121-001a7dda7111.ndpi,434.104573,hamamatsu,,40,0.227811190085657,0.22780081097088706,57344,54528,9,NDP.scan 2.5.85,2008/05/16,ok,
a1965797-357f-11eb-bdba-001a7dda7111.ndpi,data/raw/ebrains/wsi/a1965797-357f-11eb-bdba-001a7dda7111.ndpi,2986.022153,hamamatsu,,40,0.227811190085657,0.2278060004100508,118784,95488,9,NDP.scan 3.2.15,2008/05/16,ok,
a1965798-357f-11eb-bfa0-001a7dda7111.ndpi,data/raw/ebrains/wsi/a1965798-357f-11eb-bfa0-001a7dda7111.ndpi,1750.307285,hamamatsu,,40,0.227811190085657,0.2278060004100508,106496,65280,9,NDP.scan 3.2.15,2008/05/16,ok,
a196579a-357f-11eb-8fad-001a7dda7111.ndpi,data/raw/ebrains/wsi/a196579a-357f-11eb-8fad-001a7dda7111.ndpi,439.011224,hamamatsu,,40,0.227811190085657,0.2278060004100508,45056,30976,9,NDP.scan 3.2.15,2008/05/16,ok,
a19657a3-357f-11eb-af30-001a7dda7111.ndpi,data/raw/ebrains/wsi/a19657a3-357f-11eb-af30-001a7dda7111.ndpi,952.713243,hamamatsu,,40,0.227811190085657,0.2278060004100508,90112,77056,9,NDP.scan 3.2.15,2008/05/16,ok,
a19657b6-357f-11eb-8bf0-001a7dda7111.ndpi,data/raw/ebrains/wsi/a19657b6-357f-11eb-8bf0-001a7dda7111.ndpi,165.425668,hamamatsu,,40,0.227811190085657,0.2278060004100508,36864,38144,9,NDP.scan 3.2.15,2008/05/16,ok,
a19657b9-357f-11eb-9fbf-001a7dda7111.ndpi,data/raw/ebrains/wsi/a19657b9-357f-11eb-9fbf-001a7dda7111.ndpi,3186.19891,hamamatsu,,40,0.227811190085657,0.22780081097088706,118784,105472,11,NDP.scan 2.5.85,2008/05/16,ok,
a19657c4-357f-11eb-93f3-001a7dda7111.ndpi,data/raw/ebrains/wsi/a19657c4-357f-11eb-93f3-001a7dda7111.ndpi,152.1098,hamamatsu,,40,0.227811190085657,0.2278060004100508,45056,35328,10,NDP.scan 3.2.15,2008/05/16,ok,
a19657c7-357f-11eb-8073-001a7dda7111.ndpi,data/raw/ebrains/wsi/a19657c7-357f-11eb-8073-001a7dda7111.ndpi,97.660144,hamamatsu,,40,0.227811190085657,0.22780081097088706,28672,33280,10,NDP.scan 2.5.85,2008/05/16,ok,
a19657d4-357f-11eb-a96b-001a7dda7111.ndpi,data/raw/ebrains/wsi/a19657d4-357f-11eb-a96b-001a7dda7111.ndpi,136.592603,hamamatsu,,40,0.227811190085657,0.2278060004100508,36864,28160,10,NDP.scan 3.2.15,2008/05/16,ok,
a1967e41-357f-11eb-b7a5-001a7dda7111.ndpi,data/raw/ebrains/wsi/a1967e41-357f-11eb-b7a5-001a7dda7111.ndpi,1845.278881,hamamatsu,,40,0.227811190085657,0.2278060004100508,90112,87808,9,NDP.scan 3.2.15,2008/05/16,ok,
a1967e45-357f-11eb-9294-001a7dda7111.ndpi,data/raw/ebrains/wsi/a1967e45-357f-11eb-9294-001a7dda7111.ndpi,178.165266,hamamatsu,,40,0.227811190085657,0.2278060004100508,40960,38912,10,NDP.scan 3.2.15,2008/05/16,ok,
a1967e47-357f-11eb-9153-001a7dda7111.ndpi,data/raw/ebrains/wsi/a1967e47-357f-11eb-9153-001a7dda7111.ndpi,904.145224,hamamatsu,,40,0.227811190085657,0.22780081097088706,90112,78592,9,NDP.scan 2.5.85,2008/05/16,ok,
a1967e4a-357f-11eb-a17c-001a7dda7111.ndpi,data/raw/ebrains/wsi/a1967e4a-357f-11eb-a17c-001a7dda7111.ndpi,304.944219,hamamatsu,,40,0.227811190085657,0.2278060004100508,53248,53760,10,NDP.scan 3.2.15,2008/05/16,ok,
a1967e51-357f-11eb-936f-001a7dda7111.ndpi,data/raw/ebrains/wsi/a1967e51-357f-11eb-936f-001a7dda7111.ndpi,279.762635,hamamatsu,,40,0.227811190085657,0.2278060004100508,36864,45824,9,NDP.scan 3.2.15,2008/05/16,ok,
a1967e52-357f-11eb-bca8-001a7dda7111.ndpi,data/raw/ebrains/wsi/a1967e52-357f-11eb-bca8-001a7dda7111.ndpi,198.312283,hamamatsu,,40,0.227811190085657,0.22780081097088706,36864,41984,10,NDP.scan 2.5.85,2008/05/16,ok,
a1967e57-357f-11eb-b087-001a7dda7111.ndpi,data/raw/ebrains/wsi/a1967e57-357f-11eb-b087-001a7dda7111.ndpi,366.161707,hamamatsu,,40,0.227811190085657,0.22780081097088706,45056,54016,9,NDP.scan 2.5.85,2008/05/16,ok,
a1967e5a-357f-11eb-95d9-001a7dda7111.ndpi,data/raw/ebrains/wsi/a1967e5a-357f-11eb-95d9-001a7dda7111.ndpi,1141.840365,hamamatsu,,40,0.227811190085657,0.2278060004100508,98304,86272,9,NDP.scan 3.2.15,2008/05/16,ok,
a1967e68-357f-11eb-96dc-001a7dda7111.ndpi,data/raw/ebrains/wsi/a1967e68-357f-11eb-96dc-001a7dda7111.ndpi,1297.952073,hamamatsu,,40,0.227811190085657,0.2278060004100508,77824,75520,9,NDP.scan 3.2.15,2008/05/16,ok,
a1967e6a-357f-11eb-94da-001a7dda7111.ndpi,data/raw/ebrains/wsi/a1967e6a-357f-11eb-94da-001a7dda7111.ndpi,332.469923,hamamatsu,,40,0.227811190085657,0.2278060004100508,53248,56320,10,NDP.scan 3.2.15,2008/05/16,ok,
a1967e6b-357f-11eb-9864-001a7dda7111.ndpi,data/raw/ebrains/wsi/a1967e6b-357f-11eb-9864-001a7dda7111.ndpi,1866.917675,hamamatsu,,40,0.227811190085657,0.2278060004100508,98304,92672,10,NDP.scan 3.2.15,2008/05/16,ok,
a1967e6e-357f-11eb-bf4e-001a7dda7111.ndpi,data/raw/ebrains/wsi/a1967e6e-357f-11eb-bf4e-001a7dda7111.ndpi,468.55942,hamamatsu,,40,0.227811190085657,0.2278060004100508,65536,58112,9,NDP.scan 3.2.15,2008/05/16,ok,
a1967e70-357f-11eb-a1fe-001a7dda7111.ndpi,data/raw/ebrains/wsi/a1967e70-357f-11eb-a1fe-001a7dda7111.ndpi,1214.518132,hamamatsu,,40,0.227811190085657,0.22780081097088706,77824,88064,12,NDP.scan 2.5.85,2008/05/16,ok,
a1967e72-357f-11eb-bac8-001a7dda7111.ndpi,data/raw/ebrains/wsi/a1967e72-357f-11eb-bac8-001a7dda7111.ndpi,608.404754,hamamatsu,,40,0.227811190085657,0.2278060004100508,69632,52992,9,NDP.scan 3.2.15,2008/05/16,ok,
a1967e7a-357f-11eb-a1b7-001a7dda7111.ndpi,data/raw/ebrains/wsi/a1967e7a-357f-11eb-a1b7-001a7dda7111.ndpi,227.536866,hamamatsu,,40,0.227811190085657,0.2278060004100508,45056,41216,9,NDP.scan 3.2.15,2008/05/16,ok,
a1967e7e-357f-11eb-a3ab-001a7dda7111.ndpi,data/raw/ebrains/wsi/a1967e7e-357f-11eb-a3ab-001a7dda7111.ndpi,1988.333462,hamamatsu,,40,0.227811190085657,0.2278060004100508,81920,91648,10,NDP.scan 3.2.15,2008/05/16,ok,
a1967e83-357f-11eb-81f1-001a7dda7111.ndpi,data/raw/ebrains/wsi/a1967e83-357f-11eb-81f1-001a7dda7111.ndpi,2481.848352,hamamatsu,,40,0.227811190085657,0.2278060004100508,106496,77312,10,NDP.scan 3.2.15,2008/05/16,ok,
a1967e8a-357f-11eb-a4e6-001a7dda7111.ndpi,data/raw/ebrains/wsi/a1967e8a-357f-11eb-a4e6-001a7dda7111.ndpi,224.481169,hamamatsu,,40,0.227811190085657,0.2278060004100508,32768,35328,10,NDP.scan 3.2.15,2008/05/16,ok,
a1967e8d-357f-11eb-8c1b-001a7dda7111.ndpi,data/raw/ebrains/wsi/a1967e8d-357f-11eb-8c1b-001a7dda7111.ndpi,1434.147634,hamamatsu,,40,0.227811190085657,0.2278060004100508,65536,79872,11,NDP.scan 3.2.15,2008/05/16,ok,
a1967e8f-357f-11eb-a881-001a7dda7111.ndpi,data/raw/ebrains/wsi/a1967e8f-357f-11eb-a881-001a7dda7111.ndpi,2779.364948,hamamatsu,,40,0.227811190085657,0.2278060004100508,102400,98560,9,NDP.scan 3.2.15,2008/05/16,ok,
a1967e91-357f-11eb-baaa-001a7dda7111.ndpi,data/raw/ebrains/wsi/a1967e91-357f-11eb-baaa-001a7dda7111.ndpi,355.326921,hamamatsu,,40,0.227811190085657,0.2278060004100508,57344,62208,9,NDP.scan 3.2.15,2008/05/16,ok,
a1967e9a-357f-11eb-bdc1-001a7dda7111.ndpi,data/raw/ebrains/wsi/a1967e9a-357f-11eb-bdc1-001a7dda7111.ndpi,1190.733088,hamamatsu,,40,0.227811190085657,0.2278060004100508,73728,78336,10,NDP.scan 3.2.15,2008/05/16,ok,
a196a537-357f-11eb-8f70-001a7dda7111.ndpi,data/raw/ebrains/wsi/a196a537-357f-11eb-8f70-001a7dda7111.ndpi,585.394461,hamamatsu,,40,0.227811190085657,0.2278060004100508,73728,73984,9,NDP.scan 3.2.15,2008/05/16,ok,
a196a53d-357f-11eb-9ee7-001a7dda7111.ndpi,data/raw/ebrains/wsi/a196a53d-357f-11eb-9ee7-001a7dda7111.ndpi,373.655861,hamamatsu,,40,0.227811190085657,0.2278060004100508,45056,59136,9,NDP.scan 3.2.15,2008/05/16,ok,
a196a540-357f-11eb-aae6-001a7dda7111.ndpi,data/raw/ebrains/wsi/a196a540-357f-11eb-aae6-001a7dda7111.ndpi,2997.142858,hamamatsu,,40,0.227811190085657,0.2278060004100508,114688,100608,9,NDP.scan 3.2.15,2008/05/16,ok,
a196a541-357f-11eb-92ea-001a7dda7111.ndpi,data/raw/ebrains/wsi/a196a541-357f-11eb-92ea-001a7dda7111.ndpi,2638.221972,hamamatsu,,40,0.227811190085657,0.22780081097088706,98304,99328,11,NDP.scan 2.5.85,2008/05/16,ok,
a196a546-357f-11eb-921e-001a7dda7111.ndpi,data/raw/ebrains/wsi/a196a546-357f-11eb-921e-001a7dda7111.ndpi,835.473098,hamamatsu,,40,0.227811190085657,0.22780081097088706,65536,85760,9,NDP.scan 2.5.85,2008/05/16,ok,
a196a548-357f-11eb-ab49-001a7dda7111.ndpi,data/raw/ebrains/wsi/a196a548-357f-11eb-ab49-001a7dda7111.ndpi,2000.226693,hamamatsu,,40,0.227811190085657,0.2278060004100508,135168,96000,9,NDP.scan 3.2.15,2008/05/16,ok,
a196a54c-357f-11eb-b284-001a7dda7111.ndpi,data/raw/ebrains/wsi/a196a54c-357f-11eb-b284-001a7dda7111.ndpi,2740.662607,hamamatsu,,40,0.227811190085657,0.2278060004100508,110592,91648,10,NDP.scan 3.2.15,2008/05/16,ok,
a196a54e-357f-11eb-99e3-001a7dda7111.ndpi,data/raw/ebrains/wsi/a196a54e-357f-11eb-99e3-001a7dda7111.ndpi,178.543432,hamamatsu,,40,0.227811190085657,0.2278060004100508,36864,45824,9,NDP.scan 3.2.15,2008/05/16,ok,
a196a552-357f-11eb-9468-001a7dda7111.ndpi,data/raw/ebrains/wsi/a196a552-357f-11eb-9468-001a7dda7111.ndpi,113.762137,hamamatsu,,40,0.227811190085657,0.2278060004100508,36864,28672,10,NDP.scan 3.2.15,2008/05/16,ok,
a196a553-357f-11eb-8dbf-001a7dda7111.ndpi,data/raw/ebrains/wsi/a196a553-357f-11eb-8dbf-001a7dda7111.ndpi,854.709597,hamamatsu,,40,0.227811190085657,0.2278060004100508,61440,81664,9,NDP.scan 3.2.15,2008/05/16,ok,
a196a557-357f-11eb-b142-001a7dda7111.ndpi,data/raw/ebrains/wsi/a196a557-357f-11eb-b142-001a7dda7111.ndpi,2402.567774,hamamatsu,,40,0.227811190085657,0.2278060004100508,126976,92672,10,NDP.scan 3.2.15,2008/05/16,ok,
a196a559-357f-11eb-8be1-001a7dda7111.ndpi,data/raw/ebrains/wsi/a196a559-357f-11eb-8be1-001a7dda7111.ndpi,310.79547,hamamatsu,,40,0.227811190085657,0.2278060004100508,45056,50176,10,NDP.scan 3.2.15,2008/05/16,ok,
a196a55d-357f-11eb-bb93-001a7dda7111.ndpi,data/raw/ebrains/wsi/a196a55d-357f-11eb-bb93-001a7dda7111.ndpi,1687.248752,hamamatsu,,40,0.227811190085657,0.22780081097088706,86016,93184,11,NDP.scan 2.5.85,2008/05/16,ok,
a196a55e-357f-11eb-8adc-001a7dda7111.ndpi,data/raw/ebrains/wsi/a196a55e-357f-11eb-8adc-001a7dda7111.ndpi,53.35754,hamamatsu,,40,0.227811190085657,0.2278060004100508,20480,23296,9,NDP.scan 3.2.15,2008/05/16,ok,
a196a560-357f-11eb-aa24-001a7dda7111.ndpi,data/raw/ebrains/wsi/a196a560-357f-11eb-aa24-001a7dda7111.ndpi,1079.582687,hamamatsu,,40,0.227811190085657,0.2278060004100508,98304,81920,11,NDP.scan 3.2.15,2008/05/16,ok,
a196a563-357f-11eb-9547-001a7dda7111.ndpi,data/raw/ebrains/wsi/a196a563-357f-11eb-9547-001a7dda7111.ndpi,267.902887,hamamatsu,,40,0.227811190085657,0.22780081097088706,28672,47360,9,NDP.scan 2.5.85,2008/05/16,ok,
a196a566-357f-11eb-ba94-001a7dda7111.ndpi,data/raw/ebrains/wsi/a196a566-357f-11eb-ba94-001a7dda7111.ndpi,240.268952,hamamatsu,,40,0.227811190085657,0.2278060004100508,36864,31744,10,NDP.scan 3.2.15,2008/05/16,ok,
a196a568-357f-11eb-9e79-001a7dda7111.ndpi,data/raw/ebrains/wsi/a196a568-357f-11eb-9e79-001a7dda7111.ndpi,232.210655,hamamatsu,,40,0.227811190085657,0.22780081097088706,36864,45824,9,NDP.scan 2.5.85,2008/05/16,ok,
a196a56b-357f-11eb-9fb1-001a7dda7111.ndpi,data/raw/ebrains/wsi/a196a56b-357f-11eb-9fb1-001a7dda7111.ndpi,260.067676,hamamatsu,,40,0.227811190085657,0.22780081097088706,45056,48128,10,NDP.scan 2.5.85,2008/05/16,ok,
a196a56c-357f-11eb-92db-001a7dda7111.ndpi,data/raw/ebrains/wsi/a196a56c-357f-11eb-92db-001a7dda7111.ndpi,2673.319472,hamamatsu,,40,0.227811190085657,0.2278060004100508,126976,88832,9,NDP.scan 3.2.15,2008/05/16,ok,
a196a575-357f-11eb-a073-001a7dda7111.ndpi,data/raw/ebrains/wsi/a196a575-357f-11eb-a073-001a7dda7111.ndpi,1769.11685,hamamatsu,,40,0.227811190085657,0.22780081097088706,81920,94720,10,NDP.scan 2.5.85,2008/05/16,ok,
a196a576-357f-11eb-bb4a-001a7dda7111.ndpi,data/raw/ebrains/wsi/a196a576-357f-11eb-bb4a-001a7dda7111.ndpi,490.808647,hamamatsu,,40,0.227811190085657,0.22780081097088706,81920,38656,9,NDP.scan 2.5.85,2008/05/16,ok,
a196a588-357f-11eb-b2ff-001a7dda7111.ndpi,data/raw/ebrains/wsi/a196a588-357f-11eb-b2ff-001a7dda7111.ndpi,2608.042567,hamamatsu,,40,0.227811190085657,0.2278060004100508,94208,90880,9,NDP.scan 3.2.15,2008/05/16,ok,
a196a590-357f-11eb-906b-001a7dda7111.ndpi,data/raw/ebrains/wsi/a196a590-357f-11eb-906b-001a7dda7111.ndpi,1752.860951,hamamatsu,,40,0.227811190085657,0.2278060004100508,94208,89088,11,NDP.scan 3.2.15,2008/05/16,ok,
a196a593-357f-11eb-9015-001a7dda7111.ndpi,data/raw/ebrains/wsi/a196a593-357f-11eb-9015-001a7dda7111.ndpi,1598.957812,hamamatsu,,40,0.227811190085657,0.2278060004100508,98304,74240,10,NDP.scan 3.2.15,2008/05/16,ok,
a196a59b-357f-11eb-a53c-001a7dda7111.ndpi,data/raw/ebrains/wsi/a196a59b-357f-11eb-a53c-001a7dda7111.ndpi,322.129765,hamamatsu,,40,0.227811190085657,0.22780081097088706,45056,50944,9,NDP.scan 2.5.85,2008/05/16,ok,
a196a59d-357f-11eb-9582-001a7dda7111.ndpi,data/raw/ebrains/wsi/a196a59d-357f-11eb-9582-001a7dda7111.ndpi,831.3836,hamamatsu,,40,0.227811190085657,0.2278060004100508,81920,63744,9,NDP.scan 3.2.15,2008/05/16,ok,
a196a5a4-357f-11eb-8c79-001a7dda7111.ndpi,data/raw/ebrains/wsi/a196a5a4-357f-11eb-8c79-001a7dda7111.ndpi,574.738996,hamamatsu,,40,0.227811190085657,0.2278060004100508,57344,70400,9,NDP.scan 3.2.15,2008/05/16,ok,
a196a5a5-357f-11eb-ac50-001a7dda7111.ndpi,data/raw/ebrains/wsi/a196a5a5-357f-11eb-ac50-001a7dda7111.ndpi,210.931381,hamamatsu,,40,0.227811190085657,0.2278060004100508,32768,40192,9,NDP.scan 3.2.15,2008/05/16,ok,
a196a5af-357f-11eb-a183-001a7dda7111.ndpi,data/raw/ebrains/wsi/a196a5af-357f-11eb-a183-001a7dda7111.ndpi,201.125647,hamamatsu,,40,0.227811190085657,0.2278060004100508,53248,34048,9,NDP.scan 3.2.15,2008/05/16,ok,
a196a5b5-357f-11eb-967b-001a7dda7111.ndpi,data/raw/ebrains/wsi/a196a5b5-357f-11eb-967b-001a7dda7111.ndpi,2174.974844,hamamatsu,,40,0.227811190085657,0.2278060004100508,81920,93696,10,NDP.scan 3.2.15,2008/05/16,ok,
a196a5c2-357f-11eb-b534-001a7dda7111.ndpi,data/raw/ebrains/wsi/a196a5c2-357f-11eb-b534-001a7dda7111.ndpi,871.901894,hamamatsu,,40,0.227811190085657,0.22780081097088706,69632,86272,9,NDP.scan 2.5.85,2008/05/16,ok,
a196a5c5-357f-11eb-8f00-001a7dda7111.ndpi,data/raw/ebrains/wsi/a196a5c5-357f-11eb-8f00-001a7dda7111.ndpi,624.861314,hamamatsu,,40,0.227811190085657,0.22780081097088706,61440,54528,9,NDP.scan 2.5.85,2008/05/16,ok,
a196a5c6-357f-11eb-a1d8-001a7dda7111.ndpi,data/raw/ebrains/wsi/a196a5c6-357f-11eb-a1d8-001a7dda7111.ndpi,612.767982,hamamatsu,,40,0.227811190085657,0.22780081097088706,57344,60928,10,NDP.scan 2.5.85,2008/05/16,ok,
a196cc43-357f-11eb-a1ab-001a7dda7111.ndpi,data/raw/ebrains/wsi/a196cc43-357f-11eb-a1ab-001a7dda7111.ndpi,692.64757,hamamatsu,,40,0.227811190085657,0.2278060004100508,81920,76032,9,NDP.scan 3.2.15,2008/05/16,ok,
a196cc46-357f-11eb-89bd-001a7dda7111.ndpi,data/raw/ebrains/wsi/a196cc46-357f-11eb-89bd-001a7dda7111.ndpi,1829.598942,hamamatsu,,40,0.227811190085657,0.22780081097088706,90112,93440,9,NDP.scan 2.5.85,2008/05/16,ok,
a196cc4e-357f-11eb-b56b-001a7dda7111.ndpi,data/raw/ebrains/wsi/a196cc4e-357f-11eb-b56b-001a7dda7111.ndpi,1966.384063,hamamatsu,,40,0.227811190085657,0.22780081097088706,94208,92416,9,NDP.scan 2.5.85,2008/05/16,ok,
a196cc52-357f-11eb-937c-001a7dda7111.ndpi,data/raw/ebrains/wsi/a196cc52-357f-11eb-937c-001a7dda7111.ndpi,414.100969,hamamatsu,,40,0.227811190085657,0.2278060004100508,49152,62464,10,NDP.scan 3.2.15,2008/05/16,ok,
a196cc54-357f-11eb-9ffb-001a7dda7111.ndpi,data/raw/ebrains/wsi/a196cc54-357f-11eb-9ffb-001a7dda7111.ndpi,1420.040165,hamamatsu,,40,0.227811190085657,0.22780081097088706,94208,61184,9,NDP.scan 2.5.85,2008/05/16,ok,
a196cc57-357f-11eb-bf07-001a7dda7111.ndpi,data/raw/ebrains/wsi/a196cc57-357f-11eb-bf07-001a7dda7111.ndpi,136.420136,hamamatsu,,40,0.227811190085657,0.2278060004100508,45056,44288,9,NDP.scan 3.2.15,2008/05/16,ok,
a196cc58-357f-11eb-b24a-001a7dda7111.ndpi,data/raw/ebrains/wsi/a196cc58-357f-11eb-b24a-001a7dda7111.ndpi,2440.549839,hamamatsu,,40,0.227811190085657,0.22780081097088706,114688,104704,9,NDP.scan 2.5.85,2008/05/16,ok,
a196cc5d-357f-11eb-bc9a-001a7dda7111.ndpi,data/raw/ebrains/wsi/a196cc5d-357f-11eb-bc9a-001a7dda7111.ndpi,608.79329,hamamatsu,,40,0.227811190085657,0.2278060004100508,57344,77312,10,NDP.scan 3.2.15,2008/05/16,ok,
a196cc6a-357f-11eb-b95b-001a7dda7111.ndpi,data/raw/ebrains/wsi/a196cc6a-357f-11eb-b95b-001a7dda7111.ndpi,156.020172,hamamatsu,,40,0.227811190085657,0.22780081097088706,32768,34304,10,NDP.scan 2.5.85,2008/05/16,ok,
a196cc70-357f-11eb-aba9-001a7dda7111.ndpi,data/raw/ebrains/wsi/a196cc70-357f-11eb-aba9-001a7dda7111.ndpi,2434.227225,hamamatsu,,40,0.227811190085657,0.2278060004100508,126976,81664,9,NDP.scan 3.2.15,2008/05/16,ok,
a196cc7d-357f-11eb-8a60-001a7dda7111.ndpi,data/raw/ebrains/wsi/a196cc7d-357f-11eb-8a60-001a7dda7111.ndpi,2622.741303,hamamatsu,,40,0.227811190085657,0.2278060004100508,102400,109056,10,NDP.scan 3.2.15,2008/05/16,ok,
a196cc81-357f-11eb-878a-001a7dda7111.ndpi,data/raw/ebrains/wsi/a196cc81-357f-11eb-878a-001a7dda7111.ndpi,1638.455472,hamamatsu,,40,0.227811190085657,0.2278060004100508,81920,83456,10,NDP.scan 3.2.15,2008/05/16,ok,
a196cc82-357f-11eb-83a4-001a7dda7111.ndpi,data/raw/ebrains/wsi/a196cc82-357f-11eb-83a4-001a7dda7111.ndpi,187.131153,hamamatsu,,40,0.227811190085657,0.2278060004100508,36864,41472,10,NDP.scan 3.2.15,2008/05/16,ok,
a196cc90-357f-11eb-9132-001a7dda7111.ndpi,data/raw/ebrains/wsi/a196cc90-357f-11eb-9132-001a7dda7111.ndpi,1710.180756,hamamatsu,,40,0.227811190085657,0.2278060004100508,90112,82944,11,NDP.scan 3.2.15,2008/05/16,ok,
a196cc99-357f-11eb-9b37-001a7dda7111.ndpi,data/raw/ebrains/wsi/a196cc99-357f-11eb-9b37-001a7dda7111.ndpi,794.316751,hamamatsu,,40,0.227811190085657,0.2278060004100508,86016,71168,10,NDP.scan 3.2.15,2008/05/16,ok,
a196cc9a-357f-11eb-ad98-001a7dda7111.ndpi,data/raw/ebrains/wsi/a196cc9a-357f-11eb-ad98-001a7dda7111.ndpi,85.279991,hamamatsu,,40,0.227811190085657,0.2278060004100508,28672,26624,9,NDP.scan 3.2.15,2008/05/16,ok,
a196f366-357f-11eb-a4eb-001a7dda7111.ndpi,data/raw/ebrains/wsi/a196f366-357f-11eb-a4eb-001a7dda7111.ndpi,1134.839337,hamamatsu,,40,0.227811190085657,0.22780081097088706,65536,76288,10,NDP.scan 2.5.85,2008/05/16,ok,
a196f36b-357f-11eb-818a-001a7dda7111.ndpi,data/raw/ebrains/wsi/a196f36b-357f-11eb-818a-001a7dda7111.ndpi,463.967143,hamamatsu,,40,0.227811190085657,0.2278060004100508,57344,28928,9,NDP.scan 3.2.15,2008/05/16,ok,
a196f36f-357f-11eb-a625-001a7dda7111.ndpi,data/raw/ebrains/wsi/a196f36f-357f-11eb-a625-001a7dda7111.ndpi,1946.126963,hamamatsu,,40,0.227811190085657,0.2278060004100508,86016,75776,11,NDP.scan 3.2.15,2008/05/16,ok,
a196f370-357f-11eb-8f4c-001a7dda7111.ndpi,data/raw/ebrains/wsi/a196f370-357f-11eb-8f4c-001a7dda7111.ndpi,769.340094,hamamatsu,,40,0.227811190085657,0.22780081097088706,77824,39936,11,NDP.scan 2.5.85,2008/05/16,ok,
a196f377-357f-11eb-a69b-001a7dda7111.ndpi,data/raw/ebrains/wsi/a196f377-357f-11eb-a69b-001a7dda7111.ndpi,136.805213,hamamatsu,,40,0.227811190085657,0.2278060004100508,32768,32000,9,NDP.scan 3.2.15,2008/05/16,ok,
a196f37e-357f-11eb-90f8-001a7dda7111.ndpi,data/raw/ebrains/wsi/a196f37e-357f-11eb-90f8-001a7dda7111.ndpi,1300.961328,hamamatsu,,40,0.227811190085657,0.22780081097088706,86016,89344,9,NDP.scan 2.5.85,2008/05/16,ok,
a196f384-357f-11eb-9308-001a7dda7111.ndpi,data/raw/ebrains/wsi/a196f384-357f-11eb-9308-001a7dda7111.ndpi,1135.708377,hamamatsu,,40,0.227811190085657,0.2278060004100508,98304,79616,9,NDP.scan 3.2.15,2008/05/16,ok,
a196f388-357f-11eb-a3fa-001a7dda7111.ndpi,data/raw/ebrains/wsi/a196f388-357f-11eb-a3fa-001a7dda7111.ndpi,1345.298593,hamamatsu,,40,0.227811190085657,0.22780081097088706,81920,90880,9,NDP.scan 2.5.85,2008/05/16,ok,
a196f38b-357f-11eb-8cb2-001a7dda7111.ndpi,data/raw/ebrains/wsi/a196f38b-357f-11eb-8cb2-001a7dda7111.ndpi,2939.804927,hamamatsu,,40,0.227811190085657,0.22780081097088706,114688,100608,9,NDP.scan 2.5.85,2008/05/16,ok,
a196f391-357f-11eb-b7f0-001a7dda7111.ndpi,data/raw/ebrains/wsi/a196f391-357f-11eb-b7f0-001a7dda7111.ndpi,2454.62563,hamamatsu,,40,0.227811190085657,0.2278060004100508,94208,93184,11,NDP.scan 3.2.15,2008/05/16,ok,
a196f396-357f-11eb-92a6-001a7dda7111.ndpi,data/raw/ebrains/wsi/a196f396-357f-11eb-92a6-001a7dda7111.ndpi,268.525449,hamamatsu,,40,0.227811190085657,0.2278060004100508,49152,41216,9,NDP.scan 3.2.15,2008/05/16,ok,
a196f39a-357f-11eb-adb3-001a7dda7111.ndpi,data/raw/ebrains/wsi/a196f39a-357f-11eb-adb3-001a7dda7111.ndpi,2777.571897,hamamatsu,,40,0.227811190085657,0.2278060004100508,98304,94208,11,NDP.scan 3.2.15,2008/05/16,ok,
a196f3a9-357f-11eb-9fa0-001a7dda7111.ndpi,data/raw/ebrains/wsi/a196f3a9-357f-11eb-9fa0-001a7dda7111.ndpi,1666.797461,hamamatsu,,40,0.227811190085657,0.2278060004100508,81920,80896,11,NDP.scan 3.2.15,2008/05/16,ok,
a196f3b3-357f-11eb-8493-001a7dda7111.ndpi,data/raw/ebrains/wsi/a196f3b3-357f-11eb-8493-001a7dda7111.ndpi,2090.324956,hamamatsu,,40,0.227811190085657,0.2278060004100508,94208,82944,11,NDP.scan 3.2.15,2008/05/16,ok,
a196f3c0-357f-11eb-8057-001a7dda7111.ndpi,data/raw/ebrains/wsi/a196f3c0-357f-11eb-8057-001a7dda7111.ndpi,988.657319,hamamatsu,,40,0.227811190085657,0.2278060004100508,81920,74496,9,NDP.scan 3.2.15,2008/05/16,ok,
a196f3c1-357f-11eb-b477-001a7dda7111.ndpi,data/raw/ebrains/wsi/a196f3c1-357f-11eb-b477-001a7dda7111.ndpi,1538.840818,hamamatsu,,40,0.227811190085657,0.2278060004100508,98304,96256,11,NDP.scan 3.2.15,2008/05/16,ok,
a196f3c5-357f-11eb-a3f1-001a7dda7111.ndpi,data/raw/ebrains/wsi/a196f3c5-357f-11eb-a3f1-001a7dda7111.ndpi,1330.589575,hamamatsu,,40,0.227811190085657,0.2278060004100508,86016,97024,9,NDP.scan 3.2.15,2008/05/16,ok,
a196f3ca-357f-11eb-bcc1-001a7dda7111.ndpi,data/raw/ebrains/wsi/a196f3ca-357f-11eb-bcc1-001a7dda7111.ndpi,1983.71519,hamamatsu,,40,0.227811190085657,0.22780081097088706,94208,97536,9,NDP.scan 2.5.85,2008/05/16,ok,
a196f3d1-357f-11eb-bc78-001a7dda7111.ndpi,data/raw/ebrains/wsi/a196f3d1-357f-11eb-bc78-001a7dda7111.ndpi,2941.180374,hamamatsu,,40,0.227811190085657,0.2278060004100508,106496,94720,10,NDP.scan 3.2.15,2008/05/16,ok,
a196f3d6-357f-11eb-93f6-001a7dda7111.ndpi,data/raw/ebrains/wsi/a196f3d6-357f-11eb-93f6-001a7dda7111.ndpi,2556.270358,hamamatsu,,40,0.227811190085657,0.2278060004100508,122880,83712,9,NDP.scan 3.2.15,2008/05/16,ok,
a1971a7c-357f-11eb-b5e5-001a7dda7111.ndpi,data/raw/ebrains/wsi/a1971a7c-357f-11eb-b5e5-001a7dda7111.ndpi,1050.362657,hamamatsu,,40,0.227811190085657,0.22780081097088706,65536,75520,9,NDP.scan 2.5.85,2008/05/16,ok,
a1971a80-357f-11eb-8e5c-001a7dda7111.ndpi,data/raw/ebrains/wsi/a1971a80-357f-11eb-8e5c-001a7dda7111.ndpi,2859.403096,hamamatsu,,40,0.227811190085657,0.22780081097088706,126976,104704,9,NDP.scan 2.5.85,2008/05/16,ok,
a1971a82-357f-11eb-90bd-001a7dda7111.ndpi,data/raw/ebrains/wsi/a1971a82-357f-11eb-90bd-001a7dda7111.ndpi,384.001057,hamamatsu,,40,0.227811190085657,0.2278060004100508,65536,46336,9,NDP.scan 3.2.15,2008/05/16,ok,
a1971aa1-357f-11eb-bf49-001a7dda7111.ndpi,data/raw/ebrains/wsi/a1971aa1-357f-11eb-bf49-001a7dda7111.ndpi,2625.446676,hamamatsu,,40,0.227811190085657,0.2278060004100508,102400,95488,9,NDP.scan 3.2.15,2008/05/16,ok,
a1971aa3-357f-11eb-8416-001a7dda7111.ndpi,data/raw/ebrains/wsi/a1971aa3-357f-11eb-8416-001a7dda7111.ndpi,1808.621406,hamamatsu,,40,0.227811190085657,0.22780081097088706,94208,104192,9,NDP.scan 2.5.85,2008/05/16,ok,
a1971aa4-357f-11eb-ac81-001a7dda7111.ndpi,data/raw/ebrains/wsi/a1971aa4-357f-11eb-ac81-001a7dda7111.ndpi,1125.875841,hamamatsu,,40,0.227811190085657,0.22780081097088706,86016,68608,11,NDP.scan 2.5.85,2008/05/16,ok,
a1971aa6-357f-11eb-bf43-001a7dda7111.ndpi,data/raw/ebrains/wsi/a1971aa6-357f-11eb-bf43-001a7dda7111.ndpi,2642.033578,hamamatsu,,40,0.227811190085657,0.2278060004100508,102400,96256,11,NDP.scan 3.2.15,2008/05/16,ok,
a1971aab-357f-11eb-9a6e-001a7dda7111.ndpi,data/raw/ebrains/wsi/a1971aab-357f-11eb-9a6e-001a7dda7111.ndpi,1581.029513,hamamatsu,,40,0.227811190085657,0.2278060004100508,81920,91648,10,NDP.scan 3.2.15,2008/05/16,ok,
a1971ab4-357f-11eb-804b-001a7dda7111.ndpi,data/raw/ebrains/wsi/a1971ab4-357f-11eb-804b-001a7dda7111.ndpi,244.805093,hamamatsu,,40,0.227811190085657,0.2278060004100508,53248,44032,10,NDP.scan 3.2.15,2008/05/16,ok,
a1971ac7-357f-11eb-801b-001a7dda7111.ndpi,data/raw/ebrains/wsi/a1971ac7-357f-11eb-801b-001a7dda7111.ndpi,1299.29538,hamamatsu,,40,0.227811190085657,0.2278060004100508,77824,89856,9,NDP.scan 3.2.15,2008/05/16,ok,
a1971acf-357f-11eb-9081-001a7dda7111.ndpi,data/raw/ebrains/wsi/a1971acf-357f-11eb-9081-001a7dda7111.ndpi,208.056466,hamamatsu,,40,0.227811190085657,0.2278060004100508,45056,31744,10,NDP.scan 3.2.15,2008/05/16,ok,
a1971ad0-357f-11eb-93cb-001a7dda7111.ndpi,data/raw/ebrains/wsi/a1971ad0-357f-11eb-93cb-001a7dda7111.ndpi,1596.707346,hamamatsu,,40,0.227811190085657,0.2278060004100508,98304,91136,11,NDP.scan 3.2.15,2008/05/16,ok,
a1971ad6-357f-11eb-af4a-001a7dda7111.ndpi,data/raw/ebrains/wsi/a1971ad6-357f-11eb-af4a-001a7dda7111.ndpi,2715.034731,hamamatsu,,40,0.227811190085657,0.22780081097088706,102400,90880,9,NDP.scan 2.5.85,2008/05/16,ok,
a1971ad8-357f-11eb-aa02-001a7dda7111.ndpi,data/raw/ebrains/wsi/a1971ad8-357f-11eb-aa02-001a7dda7111.ndpi,1449.576069,hamamatsu,,40,0.227811190085657,0.22780081097088706,102400,62208,9,NDP.scan 2.5.85,2008/05/16,ok,
a1971ae9-357f-11eb-8add-001a7dda7111.ndpi,data/raw/ebrains/wsi/a1971ae9-357f-11eb-8add-001a7dda7111.ndpi,710.038911,hamamatsu,,40,0.227811190085657,0.2278060004100508,61440,61184,9,NDP.scan 3.2.15,2008/05/16,ok,
a197419e-357f-11eb-9993-001a7dda7111.ndpi,data/raw/ebrains/wsi/a197419e-357f-11eb-9993-001a7dda7111.ndpi,1349.324584,hamamatsu,,40,0.227811190085657,0.22780081097088706,73728,86784,9,NDP.scan 2.5.85,2008/05/16,ok,
a19741aa-357f-11eb-8e5c-001a7dda7111.ndpi,data/raw/ebrains/wsi/a19741aa-357f-11eb-8e5c-001a7dda7111.ndpi,655.676329,hamamatsu,,40,0.227811190085657,0.2278060004100508,65536,61184,9,NDP.scan 3.2.15,2008/05/16,ok,
a19741af-357f-11eb-b7ce-001a7dda7111.ndpi,data/raw/ebrains/wsi/a19741af-357f-11eb-b7ce-001a7dda7111.ndpi,3025.526915,hamamatsu,,40,0.227811190085657,0.2278060004100508,106496,96768,10,NDP.scan 3.2.15,2008/05/16,ok,
a19741b2-357f-11eb-a945-001a7dda7111.ndpi,data/raw/ebrains/wsi/a19741b2-357f-11eb-a945-001a7dda7111.ndpi,1431.160106,hamamatsu,,40,0.227811190085657,0.2278060004100508,106496,75520,9,NDP.scan 3.2.15,2008/05/16,ok,
a19741b5-357f-11eb-af91-001a7dda7111.ndpi,data/raw/ebrains/wsi/a19741b5-357f-11eb-af91-001a7dda7111.ndpi,1811.061035,hamamatsu,,40,0.227811190085657,0.2278060004100508,98304,70144,10,NDP.scan 3.2.15,2008/05/16,ok,
a19741b6-357f-11eb-9e32-001a7dda7111.ndpi,data/raw/ebrains/wsi/a19741b6-357f-11eb-9e32-001a7dda7111.ndpi,3173.64947,hamamatsu,,40,0.227811190085657,0.2278060004100508,110592,97024,9,NDP.scan 3.2.15,2008/05/16,ok,
a19741b8-357f-11eb-8459-001a7dda7111.ndpi,data/raw/ebrains/wsi/a19741b8-357f-11eb-8459-001a7dda7111.ndpi,116.624518,hamamatsu,,40,0.227811190085657,0.2278060004100508,32768,41728,9,NDP.scan 3.2.15,2008/05/16,ok,
a19741b9-357f-11eb-a4d9-001a7dda7111.ndpi,data/raw/ebrains/wsi/a19741b9-357f-11eb-a4d9-001a7dda7111.ndpi,253.743385,hamamatsu,,40,0.227811190085657,0.2278060004100508,45056,48640,10,NDP.scan 3.2.15,2008/05/16,ok,
a19741bb-357f-11eb-89f8-001a7dda7111.ndpi,data/raw/ebrains/wsi/a19741bb-357f-11eb-89f8-001a7dda7111.ndpi,930.488854,hamamatsu,,40,0.227811190085657,0.22780081097088706,77824,67840,9,NDP.scan 2.5.85,2008/05/16,ok,
a19741bf-357f-11eb-a086-001a7dda7111.ndpi,data/raw/ebrains/wsi/a19741bf-357f-11eb-a086-001a7dda7111.ndpi,173.825257,hamamatsu,,40,0.227811190085657,0.2278060004100508,40960,28672,10,NDP.scan 3.2.15,2008/05/16,ok,
a19741c2-357f-11eb-898c-001a7dda7111.ndpi,data/raw/ebrains/wsi/a19741c2-357f-11eb-898c-001a7dda7111.ndpi,1189.167308,hamamatsu,,40,0.227811190085657,0.22780081097088706,77824,71936,9,NDP.scan 2.5.85,2008/05/16,ok,
a19741c3-357f-11eb-a705-001a7dda7111.ndpi,data/raw/ebrains/wsi/a19741c3-357f-11eb-a705-001a7dda7111.ndpi,1918.507923,hamamatsu,,40,0.227811190085657,0.22780081097088706,106496,108032,10,NDP.scan 2.5.85,2008/05/16,ok,
a19741c8-357f-11eb-9ba8-001a7dda7111.ndpi,data/raw/ebrains/wsi/a19741c8-357f-11eb-9ba8-001a7dda7111.ndpi,2404.946609,hamamatsu,,40,0.227811190085657,0.2278060004100508,98304,95488,9,NDP.scan 3.2.15,2008/05/16,ok,
a19741c9-357f-11eb-ada3-001a7dda7111.ndpi,data/raw/ebrains/wsi/a19741c9-357f-11eb-ada3-001a7dda7111.ndpi,737.299096,hamamatsu,,40,0.227811190085657,0.22780081097088706,53248,68096,10,NDP.scan 2.5.85,2008/05/16,ok,
a19741d2-357f-11eb-9cf2-001a7dda7111.ndpi,data/raw/ebrains/wsi/a19741d2-357f-11eb-9cf2-001a7dda7111.ndpi,291.459593,hamamatsu,,40,0.227811190085657,0.2278060004100508,49152,44544,10,NDP.scan 3.2.15,2008/05/16,ok,
a19741d4-357f-11eb-90e0-001a7dda7111.ndpi,data/raw/ebrains/wsi/a19741d4-357f-11eb-90e0-001a7dda7111.ndpi,2859.660314,hamamatsu,,40,0.227811190085657,0.2278060004100508,102400,96000,9,NDP.scan 3.2.15,2008/05/16,ok,
a19741d6-357f-11eb-9911-001a7dda7111.ndpi,data/raw/ebrains/wsi/a19741d6-357f-11eb-9911-001a7dda7111.ndpi,311.821175,hamamatsu,,40,0.227811190085657,0.22780081097088706,45056,48128,10,NDP.scan 2.5.85,2008/05/16,ok,
a19741d9-357f-11eb-a319-001a7dda7111.ndpi,data/raw/ebrains/wsi/a19741d9-357f-11eb-a319-001a7dda7111.ndpi,1187.002903,hamamatsu,,40,0.227811190085657,0.2278060004100508,90112,84224,9,NDP.scan 3.2.15,2008/05/16,ok,
a19741da-357f-11eb-8a51-001a7dda7111.ndpi,data/raw/ebrains/wsi/a19741da-357f-11eb-8a51-001a7dda7111.ndpi,2239.095347,hamamatsu,,40,0.227811190085657,0.2278060004100508,118784,96512,9,NDP.scan 3.2.15,2008/05/16,ok,
a19741e1-357f-11eb-91e6-001a7dda7111.ndpi,data/raw/ebrains/wsi/a19741e1-357f-11eb-91e6-001a7dda7111.ndpi,2222.165089,hamamatsu,,40,0.227811190085657,0.22780081097088706,98304,86784,9,NDP.scan 2.5.85,2008/05/16,ok,
a19741e2-357f-11eb-b5f8-001a7dda7111.ndpi,data/raw/ebrains/wsi/a19741e2-357f-11eb-b5f8-001a7dda7111.ndpi,429.91128,hamamatsu,,40,0.227811190085657,0.2278060004100508,73728,61952,10,NDP.scan 3.2.15,2008/05/16,ok,
a19741e8-357f-11eb-9926-001a7dda7111.ndpi,data/raw/ebrains/wsi/a19741e8-357f-11eb-9926-001a7dda7111.ndpi,2069.711514,hamamatsu,,40,0.227811190085657,0.2278060004100508,122880,96256,11,NDP.scan 3.2.15,2008/05/16,ok,
a19741eb-357f-11eb-b03f-001a7dda7111.ndpi,data/raw/ebrains/wsi/a19741eb-357f-11eb-b03f-001a7dda7111.ndpi,265.041182,hamamatsu,,40,0.227811190085657,0.2278060004100508,45056,63232,9,NDP.scan 3.2.15,2008/05/16,ok,
a19741ec-357f-11eb-892d-001a7dda7111.ndpi,data/raw/ebrains/wsi/a19741ec-357f-11eb-892d-001a7dda7111.ndpi,964.573477,hamamatsu,,40,0.227811190085657,0.22780081097088706,69632,63488,12,NDP.scan 2.5.85,2008/05/16,ok,
a19741ef-357f-11eb-8c85-001a7dda7111.ndpi,data/raw/ebrains/wsi/a19741ef-357f-11eb-8c85-001a7dda7111.ndpi,261.304226,hamamatsu,,40,0.227811190085657,0.2278060004100508,45056,29696,10,NDP.scan 3.2.15,2008/05/16,ok,
a1976885-357f-11eb-8be2-001a7dda7111.ndpi,data/raw/ebrains/wsi/a1976885-357f-11eb-8be2-001a7dda7111.ndpi,165.232947,hamamatsu,,40,0.227811190085657,0.2278060004100508,45056,36096,9,NDP.scan 3.2.15,2008/05/16,ok,
a1976890-357f-11eb-a42d-001a7dda7111.ndpi,data/raw/ebrains/wsi/a1976890-357f-11eb-a42d-001a7dda7111.ndpi,1872.474012,hamamatsu,,40,0.227811190085657,0.2278060004100508,86016,90368,9,NDP.scan 3.2.15,2008/05/16,ok,
a1976896-357f-11eb-b03c-001a7dda7111.ndpi,data/raw/ebrains/wsi/a1976896-357f-11eb-b03c-001a7dda7111.ndpi,1568.705835,hamamatsu,,40,0.227811190085657,0.22780081097088706,86016,89088,11,NDP.scan 2.5.85,2008/05/16,ok,
a1976898-357f-11eb-9f53-001a7dda7111.ndpi,data/raw/ebrains/wsi/a1976898-357f-11eb-9f53-001a7dda7111.ndpi,1936.672968,hamamatsu,,40,0.227811190085657,0.2278060004100508,94208,89600,10,NDP.scan 3.2.15,2008/05/16,ok,
a197689a-357f-11eb-a0a6-001a7dda7111.ndpi,data/raw/ebrains/wsi/a197689a-357f-11eb-a0a6-001a7dda7111.ndpi,479.580684,hamamatsu,,40,0.227811190085657,0.2278060004100508,61440,61952,10,NDP.scan 3.2.15,2008/05/16,ok,
a197689e-357f-11eb-99eb-001a7dda7111.ndpi,data/raw/ebrains/wsi/a197689e-357f-11eb-99eb-001a7dda7111.ndpi,237.929965,hamamatsu,,40,0.227811190085657,0.2278060004100508,36864,55808,10,NDP.scan 3.2.15,2008/05/16,ok,
a197689f-357f-11eb-8e48-001a7dda7111.ndpi,data/raw/ebrains/wsi/a197689f-357f-11eb-8e48-001a7dda7111.ndpi,1107.108668,hamamatsu,,40,0.227811190085657,0.22780081097088706,61440,81408,10,NDP.scan 2.5.85,2008/05/16,ok,
a19768a0-357f-11eb-b12f-001a7dda7111.ndpi,data/raw/ebrains/wsi/a19768a0-357f-11eb-b12f-001a7dda7111.ndpi,224.251552,hamamatsu,,40,0.227811190085657,0.22780081097088706,40960,45312,9,NDP.scan 2.5.85,2008/05/16,ok,
a19768a8-357f-11eb-8d68-001a7dda7111.ndpi,data/raw/ebrains/wsi/a19768a8-357f-11eb-8d68-001a7dda7111.ndpi,2323.053804,hamamatsu,,40,0.227811190085657,0.22780081097088706,94208,92672,10,NDP.scan 2.5.85,2008/05/16,ok,
a19768a9-357f-11eb-bcda-001a7dda7111.ndpi,data/raw/ebrains/wsi/a19768a9-357f-11eb-bcda-001a7dda7111.ndpi,48.781212,hamamatsu,,40,0.227811190085657,0.2278060004100508,20480,21760,9,NDP.scan 3.2.15,2008/05/16,ok,
a19768b0-357f-11eb-923c-001a7dda7111.ndpi,data/raw/ebrains/wsi/a19768b0-357f-11eb-923c-001a7dda7111.ndpi,2534.238509,hamamatsu,,40,0.227811190085657,0.22780081097088706,90112,99328,11,NDP.scan 2.5.85,2008/05/16,ok,
a19768b1-357f-11eb-ac81-001a7dda7111.ndpi,data/raw/ebrains/wsi/a19768b1-357f-11eb-ac81-001a7dda7111.ndpi,246.312153,hamamatsu,,40,0.227811190085657,0.2278060004100508,40960,33792,10,NDP.scan 3.2.15,2008/05/16,ok,
a19768b7-357f-11eb-9fbf-001a7dda7111.ndpi,data/raw/ebrains/wsi/a19768b7-357f-11eb-9fbf-001a7dda7111.ndpi,1769.559695,hamamatsu,,40,0.227811190085657,0.22780081097088706,77824,93952,9,NDP.scan 2.5.85,2008/05/16,ok,
a19768b8-357f-11eb-8018-001a7dda7111.ndpi,data/raw/ebrains/wsi/a19768b8-357f-11eb-8018-001a7dda7111.ndpi,1708.922971,hamamatsu,,40,0.227811190085657,0.2278060004100508,110592,71936,9,NDP.scan 3.2.15,2008/05/16,ok,
a19768bb-357f-11eb-b0d2-001a7dda7111.ndpi,data/raw/ebrains/wsi/a19768bb-357f-11eb-b0d2-001a7dda7111.ndpi,675.065565,hamamatsu,,40,0.227811190085657,0.22780081097088706,65536,58624,9,NDP.scan 2.5.85,2008/05/16,ok,
a19768bd-357f-11eb-b613-001a7dda7111.ndpi,data/raw/ebrains/wsi/a19768bd-357f-11eb-b613-001a7dda7111.ndpi,1152.697126,hamamatsu,,40,0.227811190085657,0.2278060004100508,81920,72704,11,NDP.scan 3.2.15,2008/05/16,ok,
a19768be-357f-11eb-9ddd-001a7dda7111.ndpi,data/raw/ebrains/wsi/a19768be-357f-11eb-9ddd-001a7dda7111.ndpi,1202.380767,hamamatsu,,40,0.227811190085657,0.22780081097088706,65536,70912,9,NDP.scan 2.5.85,2008/05/16,ok,
a19768bf-357f-11eb-bd14-001a7dda7111.ndpi,data/raw/ebrains/wsi/a19768bf-357f-11eb-bd14-001a7dda7111.ndpi,367.825068,hamamatsu,,40,0.227811190085657,0.22780081097088706,49152,57600,9,NDP.scan 2.5.85,2008/05/16,ok,
a19768c2-357f-11eb-a1c1-001a7dda7111.ndpi,data/raw/ebrains/wsi/a19768c2-357f-11eb-a1c1-001a7dda7111.ndpi,226.343953,hamamatsu,,40,0.227811190085657,0.22780081097088706,49152,43776,9,NDP.scan 2.5.85,2008/05/16,ok,
a19768c6-357f-11eb-b584-001a7dda7111.ndpi,data/raw/ebrains/wsi/a19768c6-357f-11eb-b584-001a7dda7111.ndpi,2228.147508,hamamatsu,,40,0.227811190085657,0.2278060004100508,94208,93696,10,NDP.scan 3.2.15,2008/05/16,ok,
a19768c7-357f-11eb-a936-001a7dda7111.ndpi,data/raw/ebrains/wsi/a19768c7-357f-11eb-a936-001a7dda7111.ndpi,2562.458467,hamamatsu,,40,0.227811190085657,0.22780081097088706,126976,99840,10,NDP.scan 2.5.85,2008/05/16,ok,
a19768cd-357f-11eb-9458-001a7dda7111.ndpi,data/raw/ebrains/wsi/a19768cd-357f-11eb-9458-001a7dda7111.ndpi,1756.394292,hamamatsu,,40,0.227811190085657,0.2278060004100508,94208,76032,9,NDP.scan 3.2.15,2008/05/16,ok,
a19768d7-357f-11eb-a991-001a7dda7111.ndpi,data/raw/ebrains/wsi/a19768d7-357f-11eb-a991-001a7dda7111.ndpi,883.093052,hamamatsu,,40,0.227811190085657,0.2278060004100508,81920,67584,11,NDP.scan 3.2.15,2008/05/16,ok,
a1978f83-357f-11eb-bb43-001a7dda7111.ndpi,data/raw/ebrains/wsi/a1978f83-357f-11eb-bb43-001a7dda7111.ndpi,2610.31587,hamamatsu,,40,0.227811190085657,0.2278060004100508,106496,101632,9,NDP.scan 3.2.15,2008/05/16,ok,
a1978f87-357f-11eb-a068-001a7dda7111.ndpi,data/raw/ebrains/wsi/a1978f87-357f-11eb-a068-001a7dda7111.ndpi,769.602533,hamamatsu,,40,0.227811190085657,0.2278060004100508,73728,82944,11,NDP.scan 3.2.15,2008/05/16,ok,
a1978f92-357f-11eb-b6e9-001a7dda7111.ndpi,data/raw/ebrains/wsi/a1978f92-357f-11eb-b6e9-001a7dda7111.ndpi,1213.160888,hamamatsu,,40,0.227811190085657,0.2278060004100508,106496,93184,11,NDP.scan 3.2.15,2008/05/16,ok,
a1978f93-357f-11eb-a0fe-001a7dda7111.ndpi,data/raw/ebrains/wsi/a1978f93-357f-11eb-a0fe-001a7dda7111.ndpi,1196.798072,hamamatsu,,40,0.227811190085657,0.22780081097088706,94208,102656,9,NDP.scan 2.5.85,2008/05/16,ok,
a1978f95-357f-11eb-a282-001a7dda7111.ndpi,data/raw/ebrains/wsi/a1978f95-357f-11eb-a282-001a7dda7111.ndpi,902.413363,hamamatsu,,40,0.227811190085657,0.2278060004100508,65536,67328,9,NDP.scan 3.2.15,2008/05/16,ok,
a1978f99-357f-11eb-8a04-001a7dda7111.ndpi,data/raw/ebrains/wsi/a1978f99-357f-11eb-8a04-001a7dda7111.ndpi,2967.640391,hamamatsu,,40,0.227811190085657,0.2278060004100508,106496,88320,9,NDP.scan 3.2.15,2008/05/16,ok,
a1978fa4-357f-11eb-8a1d-001a7dda7111.ndpi,data/raw/ebrains/wsi/a1978fa4-357f-11eb-8a1d-001a7dda7111.ndpi,77.542245,hamamatsu,,40,0.227811190085657,0.2278060004100508,32768,20992,9,NDP.scan 3.2.15,2008/05/16,ok,
a1978fa7-357f-11eb-8df5-001a7dda7111.ndpi,data/raw/ebrains/wsi/a1978fa7-357f-11eb-8df5-001a7dda7111.ndpi,1762.000285,hamamatsu,,40,0.227811190085657,0.2278060004100508,90112,74240,10,NDP.scan 3.2.15,2008/05/16,ok,
a1978fa8-357f-11eb-8966-001a7dda7111.ndpi,data/raw/ebrains/wsi/a1978fa8-357f-11eb-8966-001a7dda7111.ndpi,140.730629,hamamatsu,,40,0.227811190085657,0.2278060004100508,36864,34816,10,NDP.scan 3.2.15,2008/05/16,ok,
a1978fa9-357f-11eb-8008-001a7dda7111.ndpi,data/raw/ebrains/wsi/a1978fa9-357f-11eb-8008-001a7dda7111.ndpi,2932.501448,hamamatsu,,40,0.227811190085657,0.2278060004100508,114688,90880,9,NDP.scan 3.2.15,2008/05/16,ok,
a1978fab-357f-11eb-aaa9-001a7dda7111.ndpi,data/raw/ebrains/wsi/a1978fab-357f-11eb-aaa9-001a7dda7111.ndpi,1280.150141,hamamatsu,,40,0.227811190085657,0.22780081097088706,102400,69632,12,NDP.scan 2.5.85,2008/05/16,ok,
a1978fac-357f-11eb-a084-001a7dda7111.ndpi,data/raw/ebrains/wsi/a1978fac-357f-11eb-a084-001a7dda7111.ndpi,86.280721,hamamatsu,,40,0.227811190085657,0.2278060004100508,32768,26368,9,NDP.scan 3.2.15,2008/05/16,ok,
a1978fb1-357f-11eb-88f5-001a7dda7111.ndpi,data/raw/ebrains/wsi/a1978fb1-357f-11eb-88f5-001a7dda7111.ndpi,535.740518,hamamatsu,,40,0.227811190085657,0.2278060004100508,65536,60416,10,NDP.scan 3.2.15,2008/05/16,ok,
a1978fb3-357f-11eb-928a-001a7dda7111.ndpi,data/raw/ebrains/wsi/a1978fb3-357f-11eb-928a-001a7dda7111.ndpi,2808.001015,hamamatsu,,40,0.227811190085657,0.2278060004100508,106496,96256,11,NDP.scan 3.2.15,2008/05/16,ok,
a1978fb7-357f-11eb-85f2-001a7dda7111.ndpi,data/raw/ebrains/wsi/a1978fb7-357f-11eb-85f2-001a7dda7111.ndpi,539.790481,hamamatsu,,40,0.227811190085657,0.2278060004100508,61440,61184,9,NDP.scan 3.2.15,2008/05/16,ok,
a1978fc3-357f-11eb-877d-001a7dda7111.ndpi,data/raw/ebrains/wsi/a1978fc3-357f-11eb-877d-001a7dda7111.ndpi,2103.413512,hamamatsu,,40,0.227811190085657,0.2278060004100508,90112,81664,9,NDP.scan 3.2.15,2008/05/16,ok,
a1978fc5-357f-11eb-9546-001a7dda7111.ndpi,data/raw/ebrains/wsi/a1978fc5-357f-11eb-9546-001a7dda7111.ndpi,229.65991,hamamatsu,,40,0.227811190085657,0.2278060004100508,49152,51456,9,NDP.scan 3.2.15,2008/05/16,ok,
a1978fcf-357f-11eb-95f8-001a7dda7111.ndpi,data/raw/ebrains/wsi/a1978fcf-357f-11eb-95f8-001a7dda7111.ndpi,2056.989247,hamamatsu,,40,0.227811190085657,0.2278060004100508,94208,78592,9,NDP.scan 3.2.15,2008/05/16,ok,
a1978fd3-357f-11eb-9f2d-001a7dda7111.ndpi,data/raw/ebrains/wsi/a1978fd3-357f-11eb-9f2d-001a7dda7111.ndpi,425.378038,hamamatsu,,40,0.227811190085657,0.2278060004100508,73728,57600,9,NDP.scan 3.2.15,2008/05/16,ok,
a1978fd9-357f-11eb-a380-001a7dda7111.ndpi,data/raw/ebrains/wsi/a1978fd9-357f-11eb-a380-001a7dda7111.ndpi,426.25479,hamamatsu,,40,0.227811190085657,0.2278060004100508,65536,56832,10,NDP.scan 3.2.15,2008/05/16,ok,
a1978fde-357f-11eb-960c-001a7dda7111.ndpi,data/raw/ebrains/wsi/a1978fde-357f-11eb-960c-001a7dda7111.ndpi,1696.201254,hamamatsu,,40,0.227811190085657,0.2278060004100508,110592,81408,10,NDP.scan 3.2.15,2008/05/16,ok,
a1978fdf-357f-11eb-bfb6-001a7dda7111.ndpi,data/raw/ebrains/wsi/a1978fdf-357f-11eb-bfb6-001a7dda7111.ndpi,552.336469,hamamatsu,,40,0.227811190085657,0.2278060004100508,69632,71680,11,NDP.scan 3.2.15,2008/05/16,ok,
a1978fe4-357f-11eb-8382-001a7dda7111.ndpi,data/raw/ebrains/wsi/a1978fe4-357f-11eb-8382-001a7dda7111.ndpi,130.212555,hamamatsu,,40,0.227811190085657,0.2278060004100508,28672,32512,9,NDP.scan 3.2.15,2008/05/16,ok,
a1978fe9-357f-11eb-99fd-001a7dda7111.ndpi,data/raw/ebrains/wsi/a1978fe9-357f-11eb-99fd-001a7dda7111.ndpi,2639.060486,hamamatsu,,40,0.227811190085657,0.2278060004100508,122880,100608,9,NDP.scan 3.2.15,2008/05/16,ok,
a1978ff4-357f-11eb-89b7-001a7dda7111.ndpi,data/raw/ebrains/wsi/a1978ff4-357f-11eb-89b7-001a7dda7111.ndpi,108.35679,hamamatsu,,40,0.227811190085657,0.2278060004100508,32768,36352,10,NDP.scan 3.2.15,2008/05/16,ok,
a1978ff9-357f-11eb-b368-001a7dda7111.ndpi,data/raw/ebrains/wsi/a1978ff9-357f-11eb-b368-001a7dda7111.ndpi,1446.639748,hamamatsu,,40,0.227811190085657,0.2278060004100508,90112,80896,11,NDP.scan 3.2.15,2008/05/16,ok,
a197b6a4-357f-11eb-be5f-001a7dda7111.ndpi,data/raw/ebrains/wsi/a197b6a4-357f-11eb-be5f-001a7dda7111.ndpi,424.521741,hamamatsu,,40,0.227811190085657,0.2278060004100508,61440,56064,9,NDP.scan 3.2.15,2008/05/16,ok,
a197b6a7-357f-11eb-bd07-001a7dda7111.ndpi,data/raw/ebrains/wsi/a197b6a7-357f-11eb-bd07-001a7dda7111.ndpi,2856.262325,hamamatsu,,40,0.227811190085657,0.22780081097088706,114688,66048,10,NDP.scan 2.5.85,2008/05/16,ok,
a197b6a8-357f-11eb-84df-001a7dda7111.ndpi,data/raw/ebrains/wsi/a197b6a8-357f-11eb-84df-001a7dda7111.ndpi,3148.723044,hamamatsu,,40,0.227811190085657,0.2278060004100508,114688,94976,9,NDP.scan 3.2.15,2008/05/16,ok,
a197b6b0-357f-11eb-acf5-001a7dda7111.ndpi,data/raw/ebrains/wsi/a197b6b0-357f-11eb-acf5-001a7dda7111.ndpi,1964.996301,hamamatsu,,40,0.227811190085657,0.2278060004100508,90112,68864,9,NDP.scan 3.2.15,2008/05/16,ok,
a197b6ba-357f-11eb-b4f2-001a7dda7111.ndpi,data/raw/ebrains/wsi/a197b6ba-357f-11eb-b4f2-001a7dda7111.ndpi,135.03028,hamamatsu,,40,0.227811190085657,0.2278060004100508,32768,38400,10,NDP.scan 3.2.15,2008/05/16,ok,
a197b6c1-357f-11eb-921c-001a7dda7111.ndpi,data/raw/ebrains/wsi/a197b6c1-357f-11eb-921c-001a7dda7111.ndpi,116.924615,hamamatsu,,40,0.227811190085657,0.2278060004100508,32768,36096,9,NDP.scan 3.2.15,2008/05/16,ok,
a197b6c8-357f-11eb-8dd8-001a7dda7111.ndpi,data/raw/ebrains/wsi/a197b6c8-357f-11eb-8dd8-001a7dda7111.ndpi,1399.562148,hamamatsu,,40,0.227811190085657,0.2278060004100508,98304,83712,9,NDP.scan 3.2.15,2008/05/16,ok,
a197b6d4-357f-11eb-8e4d-001a7dda7111.ndpi,data/raw/ebrains/wsi/a197b6d4-357f-11eb-8e4d-001a7dda7111.ndpi,899.568393,hamamatsu,,40,0.227811190085657,0.2278060004100508,69632,68352,9,NDP.scan 3.2.15,2008/05/16,ok,
a197b6d5-357f-11eb-b3e0-001a7dda7111.ndpi,data/raw/ebrains/wsi/a197b6d5-357f-11eb-b3e0-001a7dda7111.ndpi,2907.599937,hamamatsu,,40,0.227811190085657,0.2278060004100508,94208,95488,9,NDP.scan 3.2.15,2008/05/16,ok,
a197b6d6-357f-11eb-96e4-001a7dda7111.ndpi,data/raw/ebrains/wsi/a197b6d6-357f-11eb-96e4-001a7dda7111.ndpi,104.036973,hamamatsu,,40,0.227811190085657,0.2278060004100508,28672,29696,9,NDP.scan 3.2.15,2008/05/16,ok,
a197b6da-357f-11eb-b48b-001a7dda7111.ndpi,data/raw/ebrains/wsi/a197b6da-357f-11eb-b48b-001a7dda7111.ndpi,2325.349603,hamamatsu,,40,0.227811190085657,0.2278060004100508,81920,104704,9,NDP.scan 3.2.15,2008/05/16,ok,
a197b6dd-357f-11eb-b491-001a7dda7111.ndpi,data/raw/ebrains/wsi/a197b6dd-357f-11eb-b491-001a7dda7111.ndpi,1306.746656,hamamatsu,,40,0.227811190085657,0.2278060004100508,94208,59392,11,NDP.scan 3.2.15,2008/05/16,ok,
a197b6de-357f-11eb-b52b-001a7dda7111.ndpi,data/raw/ebrains/wsi/a197b6de-357f-11eb-b52b-001a7dda7111.ndpi,456.381339,hamamatsu,,40,0.227811190085657,0.22780081097088706,36864,48384,9,NDP.scan 2.5.85,2008/05/16,ok,
a197b6e0-357f-11eb-b422-001a7dda7111.ndpi,data/raw/ebrains/wsi/a197b6e0-357f-11eb-b422-001a7dda7111.ndpi,3044.678162,hamamatsu,,40,0.227811190085657,0.2278060004100508,102400,99584,9,NDP.scan 3.2.15,2008/05/16,ok,
a197b6e3-357f-11eb-90e8-001a7dda7111.ndpi,data/raw/ebrains/wsi/a197b6e3-357f-11eb-90e8-001a7dda7111.ndpi,3988.399295,hamamatsu,,40,0.227811190085657,0.2278060004100508,114688,99840,10,NDP.scan 3.2.15,2008/05/16,ok,
a197b6e5-357f-11eb-af61-001a7dda7111.ndpi,data/raw/ebrains/wsi/a197b6e5-357f-11eb-af61-001a7dda7111.ndpi,1109.551934,hamamatsu,,40,0.227811190085657,0.22780081097088706,77824,88064,12,NDP.scan 2.5.85,2008/05/16,ok,
a197b6ec-357f-11eb-ac1f-001a7dda7111.ndpi,data/raw/ebrains/wsi/a197b6ec-357f-11eb-ac1f-001a7dda7111.ndpi,717.328293,hamamatsu,,40,0.227811190085657,0.22780081097088706,61440,59904,10,NDP.scan 2.5.85,2008/05/16,ok,
a197b6ee-357f-11eb-9b38-001a7dda7111.ndpi,data/raw/ebrains/wsi/a197b6ee-357f-11eb-9b38-001a7dda7111.ndpi,425.710665,hamamatsu,,40,0.227811190085657,0.22780081097088706,45056,69120,10,NDP.scan 2.5.85,2008/05/16,ok,
a197b6f5-357f-11eb-85e9-001a7dda7111.ndpi,data/raw/ebrains/wsi/a197b6f5-357f-11eb-85e9-001a7dda7111.ndpi,1243.087469,hamamatsu,,40,0.227811190085657,0.2278060004100508,81920,78848,11,NDP.scan 3.2.15,2008/05/16,ok,
a197b700-357f-11eb-9b54-001a7dda7111.ndpi,data/raw/ebrains/wsi/a197b700-357f-11eb-9b54-001a7dda7111.ndpi,250.01299,hamamatsu,,40,0.227811190085657,0.22780081097088706,45056,47360,9,NDP.scan 2.5.85,2008/05/16,ok,
a197b702-357f-11eb-9003-001a7dda7111.ndpi,data/raw/ebrains/wsi/a197b702-357f-11eb-9003-001a7dda7111.ndpi,1494.403836,hamamatsu,,40,0.227811190085657,0.2278060004100508,77824,77824,11,NDP.scan 3.2.15,2008/05/16,ok,
a197b70a-357f-11eb-81c9-001a7dda7111.ndpi,data/raw/ebrains/wsi/a197b70a-357f-11eb-81c9-001a7dda7111.ndpi,378.871121,hamamatsu,,40,0.227811190085657,0.22780081097088706,49152,50176,10,NDP.scan 2.5.85,2008/05/16,ok,
a197b70b-357f-11eb-8738-001a7dda7111.ndpi,data/raw/ebrains/wsi/a197b70b-357f-11eb-8738-001a7dda7111.ndpi,1521.760596,hamamatsu,,40,0.227811190085657,0.22780081097088706,94208,100352,12,NDP.scan 2.5.85,2008/05/16,ok,
a197b70c-357f-11eb-bd0b-001a7dda7111.ndpi,data/raw/ebrains/wsi/a197b70c-357f-11eb-bd0b-001a7dda7111.ndpi,221.352791,hamamatsu,,40,0.227811190085657,0.22780081097088706,36864,39168,9,NDP.scan 2.5.85,2008/05/16,ok,
a197b710-357f-11eb-92df-001a7dda7111.ndpi,data/raw/ebrains/wsi/a197b710-357f-11eb-92df-001a7dda7111.ndpi,2199.300264,hamamatsu,,40,0.227811190085657,0.22780081097088706,86016,95232,11,NDP.scan 2.5.85,2008/05/16,ok,
a197ddab-357f-11eb-9b1b-001a7dda7111.ndpi,data/raw/ebrains/wsi/a197ddab-357f-11eb-9b1b-001a7dda7111.ndpi,1412.238478,hamamatsu,,40,0.227811190085657,0.2278060004100508,98304,92416,9,NDP.scan 3.2.15,2008/05/16,ok,
a197ddac-357f-11eb-9237-001a7dda7111.ndpi,data/raw/ebrains/wsi/a197ddac-357f-11eb-9237-001a7dda7111.ndpi,3783.908319,hamamatsu,,40,0.227811190085657,0.2278060004100508,114688,96000,9,NDP.scan 3.2.15,2008/05/16,ok,
a197ddb3-357f-11eb-b37a-001a7dda7111.ndpi,data/raw/ebrains/wsi/a197ddb3-357f-11eb-b37a-001a7dda7111.ndpi,2366.56246,hamamatsu,,40,0.227811190085657,0.2278060004100508,102400,102400,11,NDP.scan 3.2.15,2008/05/16,ok,
a197ddb5-357f-11eb-82b4-001a7dda7111.ndpi,data/raw/ebrains/wsi/a197ddb5-357f-11eb-82b4-001a7dda7111.ndpi,2008.363342,hamamatsu,,40,0.227811190085657,0.2278060004100508,98304,99840,10,NDP.scan 3.2.15,2008/05/16,ok,
a197ddb9-357f-11eb-a415-001a7dda7111.ndpi,data/raw/ebrains/wsi/a197ddb9-357f-11eb-a415-001a7dda7111.ndpi,2191.164563,hamamatsu,,40,0.227811190085657,0.2278060004100508,118784,71424,9,NDP.scan 3.2.15,2008/05/16,ok,
a197ddbb-357f-11eb-963b-001a7dda7111.ndpi,data/raw/ebrains/wsi/a197ddbb-357f-11eb-963b-001a7dda7111.ndpi,371.469592,hamamatsu,,40,0.227811190085657,0.2278060004100508,57344,54016,9,NDP.scan 3.2.15,2008/05/16,ok,
a197ddc4-357f-11eb-a882-001a7dda7111.ndpi,data/raw/ebrains/wsi/a197ddc4-357f-11eb-a882-001a7dda7111.ndpi,2170.314979,hamamatsu,,40,0.227811190085657,0.2278060004100508,106496,101376,11,NDP.scan 3.2.15,2008/05/16,ok,
a197ddd3-357f-11eb-a02c-001a7dda7111.ndpi,data/raw/ebrains/wsi/a197ddd3-357f-11eb-a02c-001a7dda7111.ndpi,431.561373,hamamatsu,,40,0.227811190085657,0.2278060004100508,53248,70400,9,NDP.scan 3.2.15,2008/05/16,ok,
a197ddd5-357f-11eb-afb0-001a7dda7111.ndpi,data/raw/ebrains/wsi/a197ddd5-357f-11eb-afb0-001a7dda7111.ndpi,2771.339151,hamamatsu,,40,0.227811190085657,0.2278060004100508,102400,93952,9,NDP.scan 3.2.15,2008/05/16,ok,
a197ddd7-357f-11eb-8614-001a7dda7111.ndpi,data/raw/ebrains/wsi/a197ddd7-357f-11eb-8614-001a7dda7111.ndpi,529.410466,hamamatsu,,40,0.227811190085657,0.22780081097088706,57344,47616,10,NDP.scan 2.5.85,2008/05/16,ok,
a197ddd8-357f-11eb-b969-001a7dda7111.ndpi,data/raw/ebrains/wsi/a197ddd8-357f-11eb-b969-001a7dda7111.ndpi,2777.218561,hamamatsu,,40,0.227811190085657,0.2278060004100508,106496,99840,10,NDP.scan 3.2.15,2008/05/16,ok,
a197ddd9-357f-11eb-8555-001a7dda7111.ndpi,data/raw/ebrains/wsi/a197ddd9-357f-11eb-8555-001a7dda7111.ndpi,226.93509,hamamatsu,,40,0.227811190085657,0.2278060004100508,45056,40448,10,NDP.scan 3.2.15,2008/05/16,ok,
a197ddda-357f-11eb-be61-001a7dda7111.ndpi,data/raw/ebrains/wsi/a197ddda-357f-11eb-be61-001a7dda7111.ndpi,2757.106337,hamamatsu,,40,0.227811190085657,0.2278060004100508,102400,103424,11,NDP.scan 3.2.15,2008/05/16,ok,
a197dddb-357f-11eb-b654-001a7dda7111.ndpi,data/raw/ebrains/wsi/a197dddb-357f-11eb-b654-001a7dda7111.ndpi,1594.111029,hamamatsu,,40,0.227811190085657,0.2278060004100508,98304,77568,9,NDP.scan 3.2.15,2008/05/16,ok,
a197dde5-357f-11eb-8aea-001a7dda7111.ndpi,data/raw/ebrains/wsi/a197dde5-357f-11eb-8aea-001a7dda7111.ndpi,33.882566,hamamatsu,,40,0.227811190085657,0.2278060004100508,20480,12800,9,NDP.scan 3.2.15,2008/05/16,ok,
a197dded-357f-11eb-83f2-001a7dda7111.ndpi,data/raw/ebrains/wsi/a197dded-357f-11eb-83f2-001a7dda7111.ndpi,1906.318421,hamamatsu,,40,0.227811190085657,0.22780081097088706,102400,105728,9,NDP.scan 2.5.85,2008/05/16,ok,
a197ddee-357f-11eb-b60a-001a7dda7111.ndpi,data/raw/ebrains/wsi/a197ddee-357f-11eb-b60a-001a7dda7111.ndpi,2277.638667,hamamatsu,,40,0.227811190085657,0.22780081097088706,102400,104448,12,NDP.scan 2.5.85,2008/05/16,ok,
a197ddfb-357f-11eb-aeeb-001a7dda7111.ndpi,data/raw/ebrains/wsi/a197ddfb-357f-11eb-aeeb-001a7dda7111.ndpi,1778.011316,hamamatsu,,40,0.227811190085657,0.2278060004100508,94208,76800,11,NDP.scan 3.2.15,2008/05/16,ok,
a197ddfd-357f-11eb-836d-001a7dda7111.ndpi,data/raw/ebrains/wsi/a197ddfd-357f-11eb-836d-001a7dda7111.ndpi,2712.727868,hamamatsu,,40,0.227811190085657,0.2278060004100508,98304,97024,9,NDP.scan 3.2.15,2008/05/16,ok,
a197de01-357f-11eb-bec4-001a7dda7111.ndpi,data/raw/ebrains/wsi/a197de01-357f-11eb-bec4-001a7dda7111.ndpi,2378.146375,hamamatsu,,40,0.227811190085657,0.2278060004100508,94208,88576,10,NDP.scan 3.2.15,2008/05/16,ok,
a197de0c-357f-11eb-a2b8-001a7dda7111.ndpi,data/raw/ebrains/wsi/a197de0c-357f-11eb-a2b8-001a7dda7111.ndpi,1347.166664,hamamatsu,,40,0.227811190085657,0.2278060004100508,77824,90368,9,NDP.scan 3.2.15,2008/05/16,ok,
a197de12-357f-11eb-80d2-001a7dda7111.ndpi,data/raw/ebrains/wsi/a197de12-357f-11eb-80d2-001a7dda7111.ndpi,2150.359443,hamamatsu,,40,0.227811190085657,0.22780081097088706,98304,99328,11,NDP.scan 2.5.85,2008/05/16,ok,
a197de13-357f-11eb-b6e4-001a7dda7111.ndpi,data/raw/ebrains/wsi/a197de13-357f-11eb-b6e4-001a7dda7111.ndpi,263.48286,hamamatsu,,40,0.227811190085657,0.2278060004100508,32768,47616,10,NDP.scan 3.2.15,2008/05/16,ok,
a197de14-357f-11eb-ba4d-001a7dda7111.ndpi,data/raw/ebrains/wsi/a197de14-357f-11eb-ba4d-001a7dda7111.ndpi,1032.354872,hamamatsu,,40,0.227811190085657,0.2278060004100508,61440,92416,9,NDP.scan 3.2.15,2008/05/16,ok,
a197de17-357f-11eb-9d58-001a7dda7111.ndpi,data/raw/ebrains/wsi/a197de17-357f-11eb-9d58-001a7dda7111.ndpi,2391.213538,hamamatsu,,40,0.227811190085657,0.22780081097088706,106496,90880,9,NDP.scan 2.5.85,2008/05/16,ok,
a197de29-357f-11eb-bdae-001a7dda7111.ndpi,data/raw/ebrains/wsi/a197de29-357f-11eb-bdae-001a7dda7111.ndpi,892.251242,hamamatsu,,40,0.227811190085657,0.2278060004100508,57344,97024,9,NDP.scan 3.2.15,2008/05/16,ok,
a197de30-357f-11eb-82e7-001a7dda7111.ndpi,data/raw/ebrains/wsi/a197de30-357f-11eb-82e7-001a7dda7111.ndpi,1401.192761,hamamatsu,,40,0.227811190085657,0.22780081097088706,102400,75776,12,NDP.scan 2.5.85,2008/05/16,ok,
a19804b4-357f-11eb-90dd-001a7dda7111.ndpi,data/raw/ebrains/wsi/a19804b4-357f-11eb-90dd-001a7dda7111.ndpi,1596.529309,hamamatsu,,40,0.227811190085657,0.2278060004100508,90112,86528,10,NDP.scan 3.2.15,2008/05/16,ok,
a19804bb-357f-11eb-9859-001a7dda7111.ndpi,data/raw/ebrains/wsi/a19804bb-357f-11eb-9859-001a7dda7111.ndpi,1988.076102,hamamatsu,,40,0.227811190085657,0.2278060004100508,102400,96512,9,NDP.scan 3.2.15,2008/05/16,ok,
a19804c0-357f-11eb-8fa1-001a7dda7111.ndpi,data/raw/ebrains/wsi/a19804c0-357f-11eb-8fa1-001a7dda7111.ndpi,902.622761,hamamatsu,,40,0.227811190085657,0.2278060004100508,73728,76032,9,NDP.scan 3.2.15,2008/05/16,ok,
a19804c1-357f-11eb-b311-001a7dda7111.ndpi,data/raw/ebrains/wsi/a19804c1-357f-11eb-b311-001a7dda7111.ndpi,1665.721744,hamamatsu,,40,0.227811190085657,0.2278060004100508,110592,81408,10,NDP.scan 3.2.15,2008/05/16,ok,
a19804c3-357f-11eb-a40f-001a7dda7111.ndpi,data/raw/ebrains/wsi/a19804c3-357f-11eb-a40f-001a7dda7111.ndpi,3161.738767,hamamatsu,,40,0.227811190085657,0.2278060004100508,98304,101632,9,NDP.scan 3.2.15,2008/05/16,ok,
a19804c5-357f-11eb-bd31-001a7dda7111.ndpi,data/raw/ebrains/wsi/a19804c5-357f-11eb-bd31-001a7dda7111.ndpi,2430.468104,hamamatsu,,40,0.227811190085657,0.22780081097088706,110592,94720,10,NDP.scan 2.5.85,2008/05/16,ok,
a19804ca-357f-11eb-9a8b-001a7dda7111.ndpi,data/raw/ebrains/wsi/a19804ca-357f-11eb-9a8b-001a7dda7111.ndpi,2449.243737,hamamatsu,,40,0.227811190085657,0.2278060004100508,98304,94976,9,NDP.scan 3.2.15,2008/05/16,ok,
a19804d0-357f-11eb-8780-001a7dda7111.ndpi,data/raw/ebrains/wsi/a19804d0-357f-11eb-8780-001a7dda7111.ndpi,1758.399109,hamamatsu,,40,0.227811190085657,0.2278060004100508,98304,90368,9,NDP.scan 3.2.15,2008/05/16,ok,
a19804d4-357f-11eb-80ac-001a7dda7111.ndpi,data/raw/ebrains/wsi/a19804d4-357f-11eb-80ac-001a7dda7111.ndpi,55.836813,hamamatsu,,40,0.227811190085657,0.2278060004100508,20480,18176,9,NDP.scan 3.2.15,2008/05/16,ok,
a19804d7-357f-11eb-9743-001a7dda7111.ndpi,data/raw/ebrains/wsi/a19804d7-357f-11eb-9743-001a7dda7111.ndpi,1294.990029,hamamatsu,,40,0.227811190085657,0.2278060004100508,98304,86784,9,NDP.scan 3.2.15,2008/05/16,ok,
a19804d9-357f-11eb-a0a1-001a7dda7111.ndpi,data/raw/ebrains/wsi/a19804d9-357f-11eb-a0a1-001a7dda7111.ndpi,2107.735631,hamamatsu,,40,0.227811190085657,0.2278060004100508,102400,90880,9,NDP.scan 3.2.15,2008/05/16,ok,
a19804ee-357f-11eb-8016-001a7dda7111.ndpi,data/raw/ebrains/wsi/a19804ee-357f-11eb-8016-001a7dda7111.ndpi,1138.587215,hamamatsu,,40,0.227811190085657,0.2278060004100508,86016,78848,11,NDP.scan 3.2.15,2008/05/16,ok,
a19804f2-357f-11eb-a9c3-001a7dda7111.ndpi,data/raw/ebrains/wsi/a19804f2-357f-11eb-a9c3-001a7dda7111.ndpi,665.938779,hamamatsu,,40,0.227811190085657,0.2278060004100508,61440,70400,9,NDP.scan 3.2.15,2008/05/16,ok,
a19804f3-357f-11eb-a639-001a7dda7111.ndpi,data/raw/ebrains/wsi/a19804f3-357f-11eb-a639-001a7dda7111.ndpi,2209.729618,hamamatsu,,40,0.227811190085657,0.2278060004100508,98304,90368,9,NDP.scan 3.2.15,2008/05/16,ok,
a19804f5-357f-11eb-a001-001a7dda7111.ndpi,data/raw/ebrains/wsi/a19804f5-357f-11eb-a001-001a7dda7111.ndpi,1383.86857,hamamatsu,,40,0.227811190085657,0.22780081097088706,98304,59136,9,NDP.scan 2.5.85,2008/05/16,ok,
a19804f7-357f-11eb-80fd-001a7dda7111.ndpi,data/raw/ebrains/wsi/a19804f7-357f-11eb-80fd-001a7dda7111.ndpi,1990.146129,hamamatsu,,40,0.227811190085657,0.22780081097088706,98304,82432,10,NDP.scan 2.5.85,2008/05/16,ok,
a19804f8-357f-11eb-8d08-001a7dda7111.ndpi,data/raw/ebrains/wsi/a19804f8-357f-11eb-8d08-001a7dda7111.ndpi,394.365703,hamamatsu,,40,0.227811190085657,0.2278060004100508,69632,60928,10,NDP.scan 3.2.15,2008/05/16,ok,
a19804f9-357f-11eb-ad7e-001a7dda7111.ndpi,data/raw/ebrains/wsi/a19804f9-357f-11eb-ad7e-001a7dda7111.ndpi,88.842187,hamamatsu,,40,0.227811190085657,0.2278060004100508,32768,27648,9,NDP.scan 3.2.15,2008/05/16,ok,
a198050e-357f-11eb-af44-001a7dda7111.ndpi,data/raw/ebrains/wsi/a198050e-357f-11eb-af44-001a7dda7111.ndpi,1446.67961,hamamatsu,,40,0.227811190085657,0.2278060004100508,69632,101120,9,NDP.scan 3.2.15,2008/05/16,ok,
a1980515-357f-11eb-937d-001a7dda7111.ndpi,data/raw/ebrains/wsi/a1980515-357f-11eb-937d-001a7dda7111.ndpi,554.148212,hamamatsu,,40,0.227811190085657,0.2278060004100508,57344,57600,9,NDP.scan 3.2.15,2008/05/16,ok,
a198051c-357f-11eb-a7cb-001a7dda7111.ndpi,data/raw/ebrains/wsi/a198051c-357f-11eb-a7cb-001a7dda7111.ndpi,1818.892962,hamamatsu,,40,0.227811190085657,0.2278060004100508,102400,100096,9,NDP.scan 3.2.15,2008/05/16,ok,
a198051d-357f-11eb-966f-001a7dda7111.ndpi,data/raw/ebrains/wsi/a198051d-357f-11eb-966f-001a7dda7111.ndpi,1431.801168,hamamatsu,,40,0.227811190085657,0.2278060004100508,98304,102656,9,NDP.scan 3.2.15,2008/05/16,ok,
a1980523-357f-11eb-93c2-001a7dda7111.ndpi,data/raw/ebrains/wsi/a1980523-357f-11eb-93c2-001a7dda7111.ndpi,1818.768464,hamamatsu,,40,0.227811190085657,0.22780081097088706,86016,95232,11,NDP.scan 2.5.85,2008/05/16,ok,
a1980527-357f-11eb-b8ea-001a7dda7111.ndpi,data/raw/ebrains/wsi/a1980527-357f-11eb-b8ea-001a7dda7111.ndpi,2963.632048,hamamatsu,,40,0.227811190085657,0.2278060004100508,122880,91648,10,NDP.scan 3.2.15,2008/05/16,ok,
a1980529-357f-11eb-b074-001a7dda7111.ndpi,data/raw/ebrains/wsi/a1980529-357f-11eb-b074-001a7dda7111.ndpi,226.733695,hamamatsu,,40,0.227811190085657,0.2278060004100508,45056,47360,9,NDP.scan 3.2.15,2008/05/16,ok,
a198052c-357f-11eb-b975-001a7dda7111.ndpi,data/raw/ebrains/wsi/a198052c-357f-11eb-b975-001a7dda7111.ndpi,1709.626988,hamamatsu,,40,0.227811190085657,0.2278060004100508,94208,82688,9,NDP.scan 3.2.15,2008/05/16,ok,
a198053e-357f-11eb-8c13-001a7dda7111.ndpi,data/raw/ebrains/wsi/a198053e-357f-11eb-8c13-001a7dda7111.ndpi,305.918057,hamamatsu,,40,0.227811190085657,0.2278060004100508,49152,44032,10,NDP.scan 3.2.15,2008/05/16,ok,
a1980542-357f-11eb-8067-001a7dda7111.ndpi,data/raw/ebrains/wsi/a1980542-357f-11eb-8067-001a7dda7111.ndpi,1102.404962,hamamatsu,,40,0.227811190085657,0.2278060004100508,98304,78080,9,NDP.scan 3.2.15,2008/05/16,ok,
a1980548-357f-11eb-9500-001a7dda7111.ndpi,data/raw/ebrains/wsi/a1980548-357f-11eb-9500-001a7dda7111.ndpi,804.586915,hamamatsu,,40,0.227811190085657,0.2278060004100508,73728,93696,10,NDP.scan 3.2.15,2008/05/16,ok,
a198054a-357f-11eb-bac3-001a7dda7111.ndpi,data/raw/ebrains/wsi/a198054a-357f-11eb-bac3-001a7dda7111.ndpi,2384.46459,hamamatsu,,40,0.227811190085657,0.22780081097088706,102400,90624,10,NDP.scan 2.5.85,2008/05/16,ok,
a1980550-357f-11eb-ad65-001a7dda7111.ndpi,data/raw/ebrains/wsi/a1980550-357f-11eb-ad65-001a7dda7111.ndpi,2510.770698,hamamatsu,,40,0.227811190085657,0.2278060004100508,102400,76032,9,NDP.scan 3.2.15,2008/05/16,ok,
a1980554-357f-11eb-9310-001a7dda7111.ndpi,data/raw/ebrains/wsi/a1980554-357f-11eb-9310-001a7dda7111.ndpi,200.975053,hamamatsu,,40,0.227811190085657,0.2278060004100508,24576,51456,9,NDP.scan 3.2.15,2008/05/16,ok,
a1980557-357f-11eb-9c85-001a7dda7111.ndpi,data/raw/ebrains/wsi/a1980557-357f-11eb-9c85-001a7dda7111.ndpi,1932.380043,hamamatsu,,40,0.227811190085657,0.2278060004100508,81920,88832,9,NDP.scan 3.2.15,2008/05/16,ok,
a1980559-357f-11eb-befd-001a7dda7111.ndpi,data/raw/ebrains/wsi/a1980559-357f-11eb-befd-001a7dda7111.ndpi,3163.838489,hamamatsu,,40,0.227811190085657,0.2278060004100508,118784,89600,10,NDP.scan 3.2.15,2008/05/16,ok,
a1980563-357f-11eb-b8ef-001a7dda7111.ndpi,data/raw/ebrains/wsi/a1980563-357f-11eb-b8ef-001a7dda7111.ndpi,1044.884759,hamamatsu,,40,0.227811190085657,0.22780081097088706,65536,85760,9,NDP.scan 2.5.85,2008/05/16,ok,
a1980570-357f-11eb-b945-001a7dda7111.ndpi,data/raw/ebrains/wsi/a1980570-357f-11eb-b945-001a7dda7111.ndpi,2286.326511,hamamatsu,,40,0.227811190085657,0.2278060004100508,102400,90880,9,NDP.scan 3.2.15,2008/05/16,ok,
a198057e-357f-11eb-9864-001a7dda7111.ndpi,data/raw/ebrains/wsi/a198057e-357f-11eb-9864-001a7dda7111.ndpi,2207.74306,hamamatsu,,40,0.227811190085657,0.2278060004100508,114688,75008,9,NDP.scan 3.2.15,2008/05/16,ok,
a1980586-357f-11eb-b1a4-001a7dda7111.ndpi,data/raw/ebrains/wsi/a1980586-357f-11eb-b1a4-001a7dda7111.ndpi,1625.007556,hamamatsu,,40,0.227811190085657,0.2278060004100508,81920,92672,10,NDP.scan 3.2.15,2008/05/16,ok,
a1980588-357f-11eb-a26d-001a7dda7111.ndpi,data/raw/ebrains/wsi/a1980588-357f-11eb-a26d-001a7dda7111.ndpi,762.643248,hamamatsu,,40,0.227811190085657,0.2278060004100508,53248,66304,9,NDP.scan 3.2.15,2008/05/16,ok,
a1980590-357f-11eb-b744-001a7dda7111.ndpi,data/raw/ebrains/wsi/a1980590-357f-11eb-b744-001a7dda7111.ndpi,2155.844882,hamamatsu,,40,0.227811190085657,0.2278060004100508,114688,90880,9,NDP.scan 3.2.15,2008/05/16,ok,
a1980594-357f-11eb-aa58-001a7dda7111.ndpi,data/raw/ebrains/wsi/a1980594-357f-11eb-aa58-001a7dda7111.ndpi,612.354051,hamamatsu,,40,0.227811190085657,0.2278060004100508,61440,77312,10,NDP.scan 3.2.15,2008/05/16,ok,
a1980595-357f-11eb-94c6-001a7dda7111.ndpi,data/raw/ebrains/wsi/a1980595-357f-11eb-94c6-001a7dda7111.ndpi,209.698965,hamamatsu,,40,0.227811190085657,0.22780081097088706,40960,39680,9,NDP.scan 2.5.85,2008/05/16,ok,
a198059d-357f-11eb-9f22-001a7dda7111.ndpi,data/raw/ebrains/wsi/a198059d-357f-11eb-9f22-001a7dda7111.ndpi,692.274042,hamamatsu,,40,0.227811190085657,0.2278060004100508,65536,73984,9,NDP.scan 3.2.15,2008/05/16,ok,
a19805a2-357f-11eb-aa74-001a7dda7111.ndpi,data/raw/ebrains/wsi/a19805a2-357f-11eb-aa74-001a7dda7111.ndpi,2746.28548,hamamatsu,,40,0.227811190085657,0.2278060004100508,98304,94976,9,NDP.scan 3.2.15,2008/05/16,ok,
a19805a5-357f-11eb-96b2-001a7dda7111.ndpi,data/raw/ebrains/wsi/a19805a5-357f-11eb-96b2-001a7dda7111.ndpi,603.510409,hamamatsu,,40,0.227811190085657,0.2278060004100508,69632,62208,9,NDP.scan 3.2.15,2008/05/16,ok,
a19805a8-357f-11eb-a95f-001a7dda7111.ndpi,data/raw/ebrains/wsi/a19805a8-357f-11eb-a95f-001a7dda7111.ndpi,132.790717,hamamatsu,,40,0.227811190085657,0.2278060004100508,32768,36096,9,NDP.scan 3.2.15,2008/05/16,ok,
a19805ac-357f-11eb-a8ce-001a7dda7111.ndpi,data/raw/ebrains/wsi/a19805ac-357f-11eb-a8ce-001a7dda7111.ndpi,207.300014,hamamatsu,,40,0.227811190085657,0.2278060004100508,36864,26880,9,NDP.scan 3.2.15,2008/05/16,ok,
a19805b4-357f-11eb-8a94-001a7dda7111.ndpi,data/raw/ebrains/wsi/a19805b4-357f-11eb-8a94-001a7dda7111.ndpi,454.326196,hamamatsu,,40,0.227811190085657,0.2278060004100508,69632,63744,9,NDP.scan 3.2.15,2008/05/16,ok,
a19805b6-357f-11eb-a8c2-001a7dda7111.ndpi,data/raw/ebrains/wsi/a19805b6-357f-11eb-a8c2-001a7dda7111.ndpi,115.818135,hamamatsu,,40,0.227811190085657,0.2278060004100508,53248,25344,9,NDP.scan 3.2.15,2008/05/16,ok,
a19805b7-357f-11eb-b752-001a7dda7111.ndpi,data/raw/ebrains/wsi/a19805b7-357f-11eb-b752-001a7dda7111.ndpi,1391.015758,hamamatsu,,40,0.227811190085657,0.2278060004100508,81920,84480,10,NDP.scan 3.2.15,2008/05/16,ok,
a19805b8-357f-11eb-965e-001a7dda7111.ndpi,data/raw/ebrains/wsi/a19805b8-357f-11eb-965e-001a7dda7111.ndpi,2815.678077,hamamatsu,,40,0.227811190085657,0.2278060004100508,106496,94976,9,NDP.scan 3.2.15,2008/05/16,ok,
a19805b9-357f-11eb-acf2-001a7dda7111.ndpi,data/raw/ebrains/wsi/a19805b9-357f-11eb-acf2-001a7dda7111.ndpi,128.351022,hamamatsu,,40,0.227811190085657,0.2278060004100508,32768,38912,10,NDP.scan 3.2.15,2008/05/16,ok,
a19805ba-357f-11eb-aa37-001a7dda7111.ndpi,data/raw/ebrains/wsi/a19805ba-357f-11eb-aa37-001a7dda7111.ndpi,266.174816,hamamatsu,,40,0.227811190085657,0.22780081097088706,40960,33280,10,NDP.scan 2.5.85,2008/05/16,ok,
a19805bb-357f-11eb-b3b5-001a7dda7111.ndpi,data/raw/ebrains/wsi/a19805bb-357f-11eb-b3b5-001a7dda7111.ndpi,1379.094574,hamamatsu,,40,0.227811190085657,0.2278060004100508,81920,91136,11,NDP.scan 3.2.15,2008/05/16,ok,
a19805bc-357f-11eb-8e95-001a7dda7111.ndpi,data/raw/ebrains/wsi/a19805bc-357f-11eb-8e95-001a7dda7111.ndpi,872.474029,hamamatsu,,40,0.227811190085657,0.22780081097088706,86016,65792,9,NDP.scan 2.5.85,2008/05/16,ok,
a19805bd-357f-11eb-b68a-001a7dda7111.ndpi,data/raw/ebrains/wsi/a19805bd-357f-11eb-b68a-001a7dda7111.ndpi,1598.259319,hamamatsu,,40,0.227811190085657,0.2278060004100508,90112,100352,11,NDP.scan 3.2.15,2008/05/16,ok,
a19805c7-357f-11eb-8525-001a7dda7111.ndpi,data/raw/ebrains/wsi/a19805c7-357f-11eb-8525-001a7dda7111.ndpi,379.796932,hamamatsu,,40,0.227811190085657,0.2278060004100508,40960,62464,10,NDP.scan 3.2.15,2008/05/16,ok,
a1982bcb-357f-11eb-af52-001a7dda7111.ndpi,data/raw/ebrains/wsi/a1982bcb-357f-11eb-af52-001a7dda7111.ndpi,888.178245,hamamatsu,,40,0.227811190085657,0.2278060004100508,90112,80640,9,NDP.scan 3.2.15,2008/05/16,ok,
a1982bde-357f-11eb-bc62-001a7dda7111.ndpi,data/raw/ebrains/wsi/a1982bde-357f-11eb-bc62-001a7dda7111.ndpi,1990.340953,hamamatsu,,40,0.227811190085657,0.2278060004100508,98304,84480,10,NDP.scan 3.2.15,2008/05/16,ok,
a1982be0-357f-11eb-829a-001a7dda7111.ndpi,data/raw/ebrains/wsi/a1982be0-357f-11eb-829a-001a7dda7111.ndpi,368.676894,hamamatsu,,40,0.227811190085657,0.2278060004100508,57344,49408,9,NDP.scan 3.2.15,2008/05/16,ok,
a1982be3-357f-11eb-ac7f-001a7dda7111.ndpi,data/raw/ebrains/wsi/a1982be3-357f-11eb-ac7f-001a7dda7111.ndpi,327.063209,hamamatsu,,40,0.227811190085657,0.2278060004100508,57344,42752,9,NDP.scan 3.2.15,2008/05/16,ok,
a1982be9-357f-11eb-9749-001a7dda7111.ndpi,data/raw/ebrains/wsi/a1982be9-357f-11eb-9749-001a7dda7111.ndpi,209.876523,hamamatsu,,40,0.227811190085657,0.2278060004100508,45056,28160,10,NDP.scan 3.2.15,2008/05/16,ok,
a1982beb-357f-11eb-8b71-001a7dda7111.ndpi,data/raw/ebrains/wsi/a1982beb-357f-11eb-8b71-001a7dda7111.ndpi,1561.216654,hamamatsu,,40,0.227811190085657,0.2278060004100508,94208,89856,9,NDP.scan 3.2.15,2008/05/16,ok,
a1982bf7-357f-11eb-ad6c-001a7dda7111.ndpi,data/raw/ebrains/wsi/a1982bf7-357f-11eb-ad6c-001a7dda7111.ndpi,175.902456,hamamatsu,,40,0.227811190085657,0.2278060004100508,40960,39936,10,NDP.scan 3.2.15,2008/05/16,ok,
a1982c06-357f-11eb-a2ba-001a7dda7111.ndpi,data/raw/ebrains/wsi/a1982c06-357f-11eb-a2ba-001a7dda7111.ndpi,1219.604801,hamamatsu,,40,0.227811190085657,0.22780081097088706,69632,81152,9,NDP.scan 2.5.85,2008/05/16,ok,
a1982c08-357f-11eb-8fc3-001a7dda7111.ndpi,data/raw/ebrains/wsi/a1982c08-357f-11eb-8fc3-001a7dda7111.ndpi,1116.026097,hamamatsu,,40,0.227811190085657,0.22780081097088706,102400,93696,10,NDP.scan 2.5.85,2008/05/16,ok,
a1982c0a-357f-11eb-bff8-001a7dda7111.ndpi,data/raw/ebrains/wsi/a1982c0a-357f-11eb-bff8-001a7dda7111.ndpi,740.143151,hamamatsu,,40,0.227811190085657,0.2278060004100508,69632,73216,10,NDP.scan 3.2.15,2008/05/16,ok,
a1982c18-357f-11eb-8053-001a7dda7111.ndpi,data/raw/ebrains/wsi/a1982c18-357f-11eb-8053-001a7dda7111.ndpi,2217.092317,hamamatsu,,40,0.227811190085657,0.2278060004100508,102400,94976,9,NDP.scan 3.2.15,2008/05/16,ok,
a1982c19-357f-11eb-b102-001a7dda7111.ndpi,data/raw/ebrains/wsi/a1982c19-357f-11eb-b102-001a7dda7111.ndpi,181.880059,hamamatsu,,40,0.227811190085657,0.2278060004100508,49152,46848,9,NDP.scan 3.2.15,2008/05/16,ok,
a1982c1e-357f-11eb-b208-001a7dda7111.ndpi,data/raw/ebrains/wsi/a1982c1e-357f-11eb-b208-001a7dda7111.ndpi,105.70669,hamamatsu,,40,0.227811190085657,0.2278060004100508,24576,25344,9,NDP.scan 3.2.15,2008/05/16,ok,
a1982c1f-357f-11eb-a75f-001a7dda7111.ndpi,data/raw/ebrains/wsi/a1982c1f-357f-11eb-a75f-001a7dda7111.ndpi,2095.350401,hamamatsu,,40,0.227811190085657,0.2278060004100508,90112,81408,10,NDP.scan 3.2.15,2008/05/16,ok,
a1982c25-357f-11eb-85c9-001a7dda7111.ndpi,data/raw/ebrains/wsi/a1982c25-357f-11eb-85c9-001a7dda7111.ndpi,1320.467091,hamamatsu,,40,0.227811190085657,0.2278060004100508,90112,80896,11,NDP.scan 3.2.15,2008/05/16,ok,
a1982c2a-357f-11eb-970d-001a7dda7111.ndpi,data/raw/ebrains/wsi/a1982c2a-357f-11eb-970d-001a7dda7111.ndpi,2420.099224,hamamatsu,,40,0.227811190085657,0.22780081097088706,98304,93696,10,NDP.scan 2.5.85,2008/05/16,ok,
a1982c2c-357f-11eb-9c80-001a7dda7111.ndpi,data/raw/ebrains/wsi/a1982c2c-357f-11eb-9c80-001a7dda7111.ndpi,1461.741611,hamamatsu,,40,0.227811190085657,0.2278060004100508,61440,88576,10,NDP.scan 3.2.15,2008/05/16,ok,
a1982c33-357f-11eb-b746-001a7dda7111.ndpi,data/raw/ebrains/wsi/a1982c33-357f-11eb-b746-001a7dda7111.ndpi,1310.33999,hamamatsu,,40,0.227811190085657,0.2278060004100508,77824,84736,9,NDP.scan 3.2.15,2008/05/16,ok,
a1982c3d-357f-11eb-a1a2-001a7dda7111.ndpi,data/raw/ebrains/wsi/a1982c3d-357f-11eb-a1a2-001a7dda7111.ndpi,3545.199563,hamamatsu,,40,0.227811190085657,0.2278060004100508,106496,94720,10,NDP.scan 3.2.15,2008/05/16,ok,
a1982c4d-357f-11eb-86e1-001a7dda7111.ndpi,data/raw/ebrains/wsi/a1982c4d-357f-11eb-86e1-001a7dda7111.ndpi,41.614513,hamamatsu,,40,0.227811190085657,0.2278060004100508,16384,16128,9,NDP.scan 3.2.15,2008/05/16,ok,
a1982c51-357f-11eb-a788-001a7dda7111.ndpi,data/raw/ebrains/wsi/a1982c51-357f-11eb-a788-001a7dda7111.ndpi,1830.981729,hamamatsu,,40,0.227811190085657,0.2278060004100508,90112,87040,11,NDP.scan 3.2.15,2008/05/16,ok,
a1982c55-357f-11eb-81f5-001a7dda7111.ndpi,data/raw/ebrains/wsi/a1982c55-357f-11eb-81f5-001a7dda7111.ndpi,1271.396488,hamamatsu,,40,0.227811190085657,0.22780081097088706,98304,78080,9,NDP.scan 2.5.85,2008/05/16,ok,
a1982c57-357f-11eb-b9f3-001a7dda7111.ndpi,data/raw/ebrains/wsi/a1982c57-357f-11eb-b9f3-001a7dda7111.ndpi,1597.979614,hamamatsu,,40,0.227811190085657,0.22780081097088706,102400,88320,9,NDP.scan 2.5.85,2008/05/16,ok,
a1982c59-357f-11eb-9e4a-001a7dda7111.ndpi,data/raw/ebrains/wsi/a1982c59-357f-11eb-9e4a-001a7dda7111.ndpi,3247.048052,hamamatsu,,40,0.227811190085657,0.22780081097088706,143360,102912,10,NDP.scan 2.5.85,2008/05/16,ok,
a1982c5a-357f-11eb-b2e8-001a7dda7111.ndpi,data/raw/ebrains/wsi/a1982c5a-357f-11eb-b2e8-001a7dda7111.ndpi,179.265619,hamamatsu,,40,0.227811190085657,0.2278060004100508,45056,28672,10,NDP.scan 3.2.15,2008/05/16,ok,
a1982c5b-357f-11eb-a525-001a7dda7111.ndpi,data/raw/ebrains/wsi/a1982c5b-357f-11eb-a525-001a7dda7111.ndpi,1190.506902,hamamatsu,,40,0.227811190085657,0.2278060004100508,81920,88576,10,NDP.scan 3.2.15,2008/05/16,ok,
a1982c5f-357f-11eb-95e6-001a7dda7111.ndpi,data/raw/ebrains/wsi/a1982c5f-357f-11eb-95e6-001a7dda7111.ndpi,918.518595,hamamatsu,,40,0.227811190085657,0.2278060004100508,73728,70912,9,NDP.scan 3.2.15,2008/05/16,ok,
a1982c61-357f-11eb-b540-001a7dda7111.ndpi,data/raw/ebrains/wsi/a1982c61-357f-11eb-b540-001a7dda7111.ndpi,405.015593,hamamatsu,,40,0.227811190085657,0.2278060004100508,53248,62720,9,NDP.scan 3.2.15,2008/05/16,ok,
a1982c63-357f-11eb-b699-001a7dda7111.ndpi,data/raw/ebrains/wsi/a1982c63-357f-11eb-b699-001a7dda7111.ndpi,4073.150677,hamamatsu,,40,0.227811190085657,0.2278060004100508,106496,103936,10,NDP.scan 3.2.15,2008/05/16,ok,
a1982c65-357f-11eb-8043-001a7dda7111.ndpi,data/raw/ebrains/wsi/a1982c65-357f-11eb-8043-001a7dda7111.ndpi,800.228947,hamamatsu,,40,0.227811190085657,0.2278060004100508,69632,56320,11,NDP.scan 3.2.15,2008/05/16,ok,
a1982c67-357f-11eb-bef1-001a7dda7111.ndpi,data/raw/ebrains/wsi/a1982c67-357f-11eb-bef1-001a7dda7111.ndpi,80.989665,hamamatsu,,40,0.227811190085657,0.2278060004100508,32768,18944,9,NDP.scan 3.2.15,2008/05/16,ok,
a1982c68-357f-11eb-8c77-001a7dda7111.ndpi,data/raw/ebrains/wsi/a1982c68-357f-11eb-8c77-001a7dda7111.ndpi,1547.144051,hamamatsu,,40,0.227811190085657,0.22780081097088706,81920,80640,9,NDP.scan 2.5.85,2008/05/16,ok,
a1982c74-357f-11eb-b7d8-001a7dda7111.ndpi,data/raw/ebrains/wsi/a1982c74-357f-11eb-b7d8-001a7dda7111.ndpi,496.494455,hamamatsu,,40,0.227811190085657,0.2278060004100508,65536,56832,10,NDP.scan 3.2.15,2008/05/16,ok,
a1982c79-357f-11eb-af7c-001a7dda7111.ndpi,data/raw/ebrains/wsi/a1982c79-357f-11eb-af7c-001a7dda7111.ndpi,1314.019355,hamamatsu,,40,0.227811190085657,0.2278060004100508,98304,79104,9,NDP.scan 3.2.15,2008/05/16,ok,
a1982c7c-357f-11eb-abcd-001a7dda7111.ndpi,data/raw/ebrains/wsi/a1982c7c-357f-11eb-abcd-001a7dda7111.ndpi,1737.198412,hamamatsu,,40,0.227811190085657,0.2278060004100508,110592,93696,10,NDP.scan 3.2.15,2008/05/16,ok,
a1982c82-357f-11eb-981f-001a7dda7111.ndpi,data/raw/ebrains/wsi/a1982c82-357f-11eb-981f-001a7dda7111.ndpi,640.425303,hamamatsu,,40,0.227811190085657,0.2278060004100508,49152,67328,9,NDP.scan 3.2.15,2008/05/16,ok,
a1982c85-357f-11eb-8ce6-001a7dda7111.ndpi,data/raw/ebrains/wsi/a1982c85-357f-11eb-8ce6-001a7dda7111.ndpi,644.902493,hamamatsu,,40,0.227811190085657,0.2278060004100508,57344,72704,11,NDP.scan 3.2.15,2008/05/16,ok,
a1982c8e-357f-11eb-bf23-001a7dda7111.ndpi,data/raw/ebrains/wsi/a1982c8e-357f-11eb-bf23-001a7dda7111.ndpi,946.221693,hamamatsu,,40,0.227811190085657,0.2278060004100508,90112,88576,10,NDP.scan 3.2.15,2008/05/16,ok,
a1982c91-357f-11eb-95f1-001a7dda7111.ndpi,data/raw/ebrains/wsi/a1982c91-357f-11eb-95f1-001a7dda7111.ndpi,2107.071378,hamamatsu,,40,0.227811190085657,0.2278060004100508,98304,97280,11,NDP.scan 3.2.15,2008/05/16,ok,
a1982c95-357f-11eb-a2ad-001a7dda7111.ndpi,data/raw/ebrains/wsi/a1982c95-357f-11eb-a2ad-001a7dda7111.ndpi,161.661212,hamamatsu,,40,0.227811190085657,0.2278060004100508,28672,25856,9,NDP.scan 3.2.15,2008/05/16,ok,
a1982c9a-357f-11eb-93b5-001a7dda7111.ndpi,data/raw/ebrains/wsi/a1982c9a-357f-11eb-93b5-001a7dda7111.ndpi,999.393262,hamamatsu,,40,0.227811190085657,0.22780081097088706,77824,72960,9,NDP.scan 2.5.85,2008/05/16,ok,
a1982c9e-357f-11eb-9306-001a7dda7111.ndpi,data/raw/ebrains/wsi/a1982c9e-357f-11eb-9306-001a7dda7111.ndpi,315.251879,hamamatsu,,40,0.227811190085657,0.2278060004100508,45056,54784,10,NDP.scan 3.2.15,2008/05/16,ok,
a1982c9f-357f-11eb-ba06-001a7dda7111.ndpi,data/raw/ebrains/wsi/a1982c9f-357f-11eb-ba06-001a7dda7111.ndpi,1339.87328,hamamatsu,,40,0.227811190085657,0.22780081097088706,102400,101120,9,NDP.scan 2.5.85,2008/05/16,ok,
a1982ca0-357f-11eb-b2b7-001a7dda7111.ndpi,data/raw/ebrains/wsi/a1982ca0-357f-11eb-b2b7-001a7dda7111.ndpi,253.633345,hamamatsu,,40,0.227811190085657,0.2278060004100508,65536,44032,10,NDP.scan 3.2.15,2008/05/16,ok,
a1982cb1-357f-11eb-8638-001a7dda7111.ndpi,data/raw/ebrains/wsi/a1982cb1-357f-11eb-8638-001a7dda7111.ndpi,471.865201,hamamatsu,,40,0.227811190085657,0.22780081097088706,57344,64256,9,NDP.scan 2.5.85,2008/05/16,ok,
a1982cb4-357f-11eb-8b33-001a7dda7111.ndpi,data/raw/ebrains/wsi/a1982cb4-357f-11eb-8b33-001a7dda7111.ndpi,174.123009,hamamatsu,,40,0.227811190085657,0.2278060004100508,40960,42496,10,NDP.scan 3.2.15,2008/05/16,ok,
a1982cbc-357f-11eb-a71d-001a7dda7111.ndpi,data/raw/ebrains/wsi/a1982cbc-357f-11eb-a71d-001a7dda7111.ndpi,476.469694,hamamatsu,,40,0.227811190085657,0.2278060004100508,65536,58112,9,NDP.scan 3.2.15,2008/05/16,ok,
a1982cbd-357f-11eb-81a2-001a7dda7111.ndpi,data/raw/ebrains/wsi/a1982cbd-357f-11eb-81a2-001a7dda7111.ndpi,2051.168002,hamamatsu,,40,0.227811190085657,0.22780081097088706,94208,94464,9,NDP.scan 2.5.85,2008/05/16,ok,
a1982cc6-357f-11eb-a3b0-001a7dda7111.ndpi,data/raw/ebrains/wsi/a1982cc6-357f-11eb-a3b0-001a7dda7111.ndpi,2924.90362,hamamatsu,,40,0.227811190085657,0.2278060004100508,147456,87296,9,NDP.scan 3.2.15,2008/05/16,ok,
a1982cc8-357f-11eb-b4ef-001a7dda7111.ndpi,data/raw/ebrains/wsi/a1982cc8-357f-11eb-b4ef-001a7dda7111.ndpi,2248.615833,hamamatsu,,40,0.227811190085657,0.2278060004100508,118784,90624,10,NDP.scan 3.2.15,2008/05/16,ok,
a1982ccf-357f-11eb-9475-001a7dda7111.ndpi,data/raw/ebrains/wsi/a1982ccf-357f-11eb-9475-001a7dda7111.ndpi,1961.203088,hamamatsu,,40,0.227811190085657,0.22780081097088706,102400,78592,9,NDP.scan 2.5.85,2008/05/16,ok,
a19852e0-357f-11eb-8105-001a7dda7111.ndpi,data/raw/ebrains/wsi/a19852e0-357f-11eb-8105-001a7dda7111.ndpi,137.990678,hamamatsu,,40,0.227811190085657,0.2278060004100508,32768,33024,9,NDP.scan 3.2.15,2008/05/16,ok,
a19852e9-357f-11eb-92f6-001a7dda7111.ndpi,data/raw/ebrains/wsi/a19852e9-357f-11eb-92f6-001a7dda7111.ndpi,143.568106,hamamatsu,,40,0.227811190085657,0.2278060004100508,32768,47872,9,NDP.scan 3.2.15,2008/05/16,ok,
a19852eb-357f-11eb-a568-001a7dda7111.ndpi,data/raw/ebrains/wsi/a19852eb-357f-11eb-a568-001a7dda7111.ndpi,2596.411302,hamamatsu,,40,0.227811190085657,0.22780081097088706,126976,95232,11,NDP.scan 2.5.85,2008/05/16,ok,
a19852f1-357f-11eb-80b2-001a7dda7111.ndpi,data/raw/ebrains/wsi/a19852f1-357f-11eb-80b2-001a7dda7111.ndpi,619.392711,hamamatsu,,40,0.227811190085657,0.22780081097088706,65536,62720,9,NDP.scan 2.5.85,2008/05/16,ok,
a19852f2-357f-11eb-bd7b-001a7dda7111.ndpi,data/raw/ebrains/wsi/a19852f2-357f-11eb-bd7b-001a7dda7111.ndpi,3121.246861,hamamatsu,,40,0.227811190085657,0.2278060004100508,114688,99328,11,NDP.scan 3.2.15,2008/05/16,ok,
a19852f6-357f-11eb-be05-001a7dda7111.ndpi,data/raw/ebrains/wsi/a19852f6-357f-11eb-be05-001a7dda7111.ndpi,2007.318366,hamamatsu,,40,0.227811190085657,0.2278060004100508,102400,85248,9,NDP.scan 3.2.15,2008/05/16,ok,
a19852f8-357f-11eb-8c26-001a7dda7111.ndpi,data/raw/ebrains/wsi/a19852f8-357f-11eb-8c26-001a7dda7111.ndpi,433.375608,hamamatsu,,40,0.227811190085657,0.22780081097088706,49152,54016,9,NDP.scan 2.5.85,2008/05/16,ok,
