filename,path,size_mb,vendor,model,objective_power,mpp_x,mpp_y,width,height,n_levels,software,scan_date,status,error,case_id
TCGA-12-0819-01Z-00-DX2.CA37F7BE-86D9-421F-B5A5-87E2BDDF7AAB.svs,data/raw/tcga/wsi/01116270-bf0e-44c1-bd77-033592e2a3e4/TCGA-12-0819-01Z-00-DX2.CA37F7BE-86D9-421F-B5A5-87E2BDDF7AAB.svs,109.533596,aperio,PATH-MCLEN001MS,20,0.4993,0.4993,62020,46874,3,20,12/02/09,ok,,TCGA-12-0819
TCGA-HT-7473-01Z-00-DX4.AE71EAC1-5B64-4EFC-9EE2-C3F3256F0455.svs,data/raw/tcga/wsi/01951b16-9d8a-4799-90e3-91d88e3ba129/TCGA-HT-7473-01Z-00-DX4.AE71EAC1-5B64-4EFC-9EE2-C3F3256F0455.svs,1447.841753,aperio,SS1764CNTLR,40,0.2527,0.2527,99599,74933,4,40,09/10/14,ok,,TCGA-HT-7473
TCGA-26-6174-01Z-00-DX1.D5C87A05-8A2E-4108-99DA-1B8425D99C42.svs,data/raw/tcga/wsi/01de3be6-b248-47a8-80a3-696c066daf86/TCGA-26-6174-01Z-00-DX1.D5C87A05-8A2E-4108-99DA-1B8425D99C42.svs,760.352567,aperio,SS1436CNTLR,40,0.2485,0.2485,94801,68462,4,40,07/16/14,ok,,TCGA-26-6174
TCGA-S9-A6TZ-01Z-00-DX1.5D0335F4-DB48-4428-800F-2B27E431BAA8.svs,data/raw/tcga/wsi/01f14381-1db0-46d5-be32-44c48ec099f1/TCGA-S9-A6TZ-01Z-00-DX1.5D0335F4-DB48-4428-800F-2B27E431BAA8.svs,1237.936883,aperio,SS1764CNTLR,40,0.2527,0.2527,113543,69208,4,40,10/31/13,ok,,TCGA-S9-A6TZ
TCGA-HW-7487-01Z-00-DX1.282f8f7a-b61e-45be-8490-adcecc97f326.svs,data/raw/tcga/wsi/0255943b-d4f5-4e38-afb3-b75b74e6262a/TCGA-HW-7487-01Z-00-DX1.282f8f7a-b61e-45be-8490-adcecc97f326.svs,621.125369,aperio,SS1302,40,0.252,0.252,79617,74091,4,40,04/19/12,ok,,TCGA-HW-7487
TCGA-28-1755-01Z-00-DX1.913db772-e917-4ae0-a2cc-281e63507f57.svs,data/raw/tcga/wsi/030e2538-4610-4ba8-8af9-521c182d16d1/TCGA-28-1755-01Z-00-DX1.913db772-e917-4ae0-a2cc-281e63507f57.svs,176.149539,aperio,SS1302,20,0.5015,0.5015,28001,15286,3,20,01/28/10,ok,,TCGA-28-1755
TCGA-06-5859-01Z-00-DX1.ab40e405-f25a-4fd2-95a2-ed86f8a2007f.svs,data/raw/tcga/wsi/034d1645-c83a-4047-aee8-6868a7eb2536/TCGA-06-5859-01Z-00-DX1.ab40e405-f25a-4fd2-95a2-ed86f8a2007f.svs,268.949609,aperio,SS1302,40,0.252,0.252,96883,27320,4,40,08/12/11,ok,,TCGA-06-5859
TCGA-06-0237-01Z-00-DX2.684d94ed-c551-4460-96de-5cdfa0c36622.svs,data/raw/tcga/wsi/03d24cd2-fb8a-4889-bea8-27ba5cd31bb4/TCGA-06-0237-01Z-00-DX2.684d94ed-c551-4460-96de-5cdfa0c36622.svs,208.585729,aperio,SS1302,20,0.5015,0.5015,24001,26990,3,20,10/05/09,ok,,TCGA-06-0237
TCGA-06-0649-01Z-00-DX1.6319b11e-055a-4ef9-98d7-02dac5f649fe.svs,data/raw/tcga/wsi/040dd04d-386b-4411-bab9-971ba0b0bb50/TCGA-06-0649-01Z-00-DX1.6319b11e-055a-4ef9-98d7-02dac5f649fe.svs,116.675609,aperio,SS1302,20,0.5015,0.5015,46002,16200,3,20,10/01/09,ok,,TCGA-06-0649
TCGA-28-1751-01Z-00-DX1.9be1807e-2cd5-469d-a4ab-6730aa26fc95.svs,data/raw/tcga/wsi/042165e8-88a4-40b0-b44a-1635869e898f/TCGA-28-1751-01Z-00-DX1.9be1807e-2cd5-469d-a4ab-6730aa26fc95.svs,547.766451,aperio,SS1302,20,0.5015,0.5015,36001,41233,3,20,01/28/10,ok,,TCGA-28-1751
TCGA-14-1829-01Z-00-DX8.1345a705-eac9-42c0-9bff-d5730dd4383f.svs,data/raw/tcga/wsi/0421bfab-a8e2-4560-b090-3281c25b80ca/TCGA-14-1829-01Z-00-DX8.1345a705-eac9-42c0-9bff-d5730dd4383f.svs,687.163161,aperio,SS1302,20,0.5015,0.5015,54002,41374,3,20,02/03/10,ok,,TCGA-14-1829
TCGA-QH-A65Z-01Z-00-DX1.33A27DCF-3B96-468B-AF2C-6F394EFA44EF.svs,data/raw/tcga/wsi/05de4495-9184-47d4-b41b-1f71dbf1b054/TCGA-QH-A65Z-01Z-00-DX1.33A27DCF-3B96-468B-AF2C-6F394EFA44EF.svs,1584.306557,aperio,SS1540CNTLR,40,0.2465,0.2465,98056,85748,4,40,08/06/13,ok,,TCGA-QH-A65Z
TCGA-HT-7611-01Z-00-DX1.AE487FF3-EF5A-4CE5-8618-20F234A59F1E.svs,data/raw/tcga/wsi/0662c036-7645-4c1d-862b-2fcf6c49c64c/TCGA-HT-7611-01Z-00-DX1.AE487FF3-EF5A-4CE5-8618-20F234A59F1E.svs,1449.731851,aperio,SS1763CNTLR,40,0.2525,0.2525,135456,73657,4,40,10/03/14,ok,,TCGA-HT-7611
TCGA-02-0038-01Z-00-DX1.5E369837-371E-4845-AD78-84BB48E1A082.svs,data/raw/tcga/wsi/06967879-1e64-44ca-8de0-1fffb715871c/TCGA-02-0038-01Z-00-DX1.5E369837-371E-4845-AD78-84BB48E1A082.svs,1834.418844,aperio,SS7054,40,0.2533,0.2533,75695,61958,4,40,10/01/14,ok,,TCGA-02-0038
TCGA-FG-6692-01Z-00-DX1.719e6a21-c620-46a4-a47e-fb0fccc34cec.svs,data/raw/tcga/wsi/0702cf70-dce3-40a2-b560-e769350e2984/TCGA-FG-6692-01Z-00-DX1.719e6a21-c620-46a4-a47e-fb0fccc34cec.svs,122.312649,aperio,SS1302,40,0.252,0.252,113191,42668,4,40,10/24/11,ok,,TCGA-FG-6692
TCGA-P5-A781-01Z-00-DX1.98EFF9A5-448D-47DD-848B-29DBD40FC453.svs,data/raw/tcga/wsi/0770afa6-fe13-4609-bb75-6d287c052dcf/TCGA-P5-A781-01Z-00-DX1.98EFF9A5-448D-47DD-848B-29DBD40FC453.svs,2299.560371,aperio,SS7168CNTLR,40,0.2526,0.2526,123503,91666,4,40,04/16/15,ok,,TCGA-P5-A781
TCGA-06-0213-01Z-00-DX1.16219fe9-0be9-46b2-9190-02b981c4bc39.svs,data/raw/tcga/wsi/07ca4c5c-554d-4a80-a54b-61e555d81269/TCGA-06-0213-01Z-00-DX1.16219fe9-0be9-46b2-9190-02b981c4bc39.svs,479.171991,aperio,SS1302,20,0.504,0.504,27820,30529,3,20,12/05/08,ok,,TCGA-06-0213
TCGA-HT-7688-01Z-00-DX7.D612A078-789A-4B99-B08A-1441C48DEE16.svs,data/raw/tcga/wsi/080d9d61-67cc-488c-97f9-57fc75e3dfe7/TCGA-HT-7688-01Z-00-DX7.D612A078-789A-4B99-B08A-1441C48DEE16.svs,1568.079003,aperio,SS1763CNTLR,40,0.2525,0.2525,107568,74724,4,40,03/10/14,ok,,TCGA-HT-7688
TCGA-06-0188-01Z-00-DX4.c3e0e229-4c7c-4e4b-b2fa-9e9a835d6cf3.svs,data/raw/tcga/wsi/082dd8ea-6e27-4b61-8565-6fd0a639dc32/TCGA-06-0188-01Z-00-DX4.c3e0e229-4c7c-4e4b-b2fa-9e9a835d6cf3.svs,820.491279,aperio,SS1302,20,0.5015,0.5015,56002,35665,3,20,07/07/09,ok,,TCGA-06-0188
TCGA-DU-7011-01Z-00-DX1.839D54AF-A0C7-4DE4-A7D0-D19C760FFB3D.svs,data/raw/tcga/wsi/08b91c4c-e5b8-4abe-b498-b8256eaed669/TCGA-DU-7011-01Z-00-DX1.839D54AF-A0C7-4DE4-A7D0-D19C760FFB3D.svs,101.14424,aperio,SS1763CNTLR,40,0.2525,0.2525,31872,24567,3,40,12/18/13,ok,,TCGA-DU-7011
TCGA-S9-A6U2-01Z-00-DX1.364156E1-47BA-4046-BFD7-C35B97785624.svs,data/raw/tcga/wsi/090ff37f-cc56-43b6-9062-7f176951bc83/TCGA-S9-A6U2-01Z-00-DX1.364156E1-47BA-4046-BFD7-C35B97785624.svs,2721.097899,aperio,SS1436CNTLR,40,0.2485,0.2485,133104,91446,4,40,11/01/13,ok,,TCGA-S9-A6U2
TCGA-HT-7880-01Z-00-DX2.3C084238-8203-4203-8F92-9CEE02922CCF.svs,data/raw/tcga/wsi/094e4870-fe71-4420-b904-848d867a6fda/TCGA-HT-7880-01Z-00-DX2.3C084238-8203-4203-8F92-9CEE02922CCF.svs,1263.395963,aperio,SS1534CNTLR,40,0.2456,0.2456,83776,77518,4,40,02/23/13,ok,,TCGA-HT-7880
TCGA-12-3653-01Z-00-DX4.47B8A4CF-3B51-4C0B-944B-E84326CFF973.svs,data/raw/tcga/wsi/09b7a139-8fff-4f77-b39e-86fc530aa070/TCGA-12-3653-01Z-00-DX4.47B8A4CF-3B51-4C0B-944B-E84326CFF973.svs,260.524726,aperio,PATH-MCLEN001MS,20,0.4993,0.4993,90030,46904,4,20,09/22/10,ok,,TCGA-12-3653
TCGA-08-0386-01Z-00-DX1.F3BE4054-6C0D-4E04-B9F7-8662AADDC8DF.svs,data/raw/tcga/wsi/09e530e6-604b-4440-ba0d-110e919bc342/TCGA-08-0386-01Z-00-DX1.F3BE4054-6C0D-4E04-B9F7-8662AADDC8DF.svs,81.581301,aperio,SS1763CNTLR,40,0.2525,0.2525,23904,31947,3,40,11/25/14,ok,,TCGA-08-0386
TCGA-19-5952-01Z-00-DX1.286b1d55-5634-4a8a-a8f1-08bbfc861dbd.svs,data/raw/tcga/wsi/09ebc7db-1164-4035-8782-27296be5e5bb/TCGA-19-5952-01Z-00-DX1.286b1d55-5634-4a8a-a8f1-08bbfc861dbd.svs,875.238897,aperio,SS1302,40,0.252,0.252,137172,84709,4,40,10/24/11,ok,,TCGA-19-5952
TCGA-41-3915-01Z-00-DX1.0f98e7eb-cdb0-49c2-967c-242268cfbd33.svs,data/raw/tcga/wsi/09f7d4a4-19ab-4017-92eb-170829e9b645/TCGA-41-3915-01Z-00-DX1.0f98e7eb-cdb0-49c2-967c-242268cfbd33.svs,440.959509,aperio,SS1302,40,0.252,0.252,117987,56660,4,40,08/04/11,ok,,TCGA-41-3915
TCGA-HT-7609-01Z-00-DX2.2A900746-05ED-4C54-9A2C-3247FC46465F.svs,data/raw/tcga/wsi/0a2459f0-a040-4ba6-8c73-b46d4f2b6701/TCGA-HT-7609-01Z-00-DX2.2A900746-05ED-4C54-9A2C-3247FC46465F.svs,1788.424909,aperio,SS1764CNTLR,40,0.2527,0.2527,89639,85726,4,40,03/11/14,ok,,TCGA-HT-7609
TCGA-CS-6668-01Z-00-DX1.D6E80501-5B34-499A-9899-8167575DBBDB.svs,data/raw/tcga/wsi/0a855250-6575-487c-bd80-262aa806a12e/TCGA-CS-6668-01Z-00-DX1.D6E80501-5B34-499A-9899-8167575DBBDB.svs,120.652775,aperio,SS1302,40,0.252,0.252,42206,67447,4,40,07/17/12,ok,,TCGA-CS-6668
TCGA-FG-A711-01Z-00-DX1.69203ECF-0672-428B-81EA-97B94D90E14F.svs,data/raw/tcga/wsi/0ad4d36f-2154-4f86-af63-274ec1d79419/TCGA-FG-A711-01Z-00-DX1.69203ECF-0672-428B-81EA-97B94D90E14F.svs,1722.541067,aperio,SS1764CNTLR,40,0.2527,0.2527,93623,66695,4,40,07/01/14,ok,,TCGA-FG-A711
TCGA-14-1396-01Z-00-DX1.ce29c5a9-6823-41be-9d07-f482a4539dad.svs,data/raw/tcga/wsi/0af62107-10ae-4fb8-99f8-85a54aa69408/TCGA-14-1396-01Z-00-DX1.ce29c5a9-6823-41be-9d07-f482a4539dad.svs,955.759747,aperio,SS1302,20,0.5015,0.5015,80003,41583,4,20,01/29/10,ok,,TCGA-14-1396
TCGA-DU-5870-01Z-00-DX1.11f12fa4-b243-4e7a-885a-43f6ca71f024.svs,data/raw/tcga/wsi/0b15d8b6-20f6-415c-899a-9475fe4f11c8/TCGA-DU-5870-01Z-00-DX1.11f12fa4-b243-4e7a-885a-43f6ca71f024.svs,105.015423,aperio,SS1302,40,0.252,0.252,39329,38262,3,40,06/09/11,ok,,TCGA-DU-5870
TCGA-06-1800-01Z-00-DX1.0d4be66a-1d7d-499c-9a87-e1849f76c1b7.svs,data/raw/tcga/wsi/0b478069-9696-4ff2-bdce-677836d4e829/TCGA-06-1800-01Z-00-DX1.0d4be66a-1d7d-499c-9a87-e1849f76c1b7.svs,283.489359,aperio,SS1302,20,0.5015,0.5015,44002,31091,3,20,10/01/09,ok,,TCGA-06-1800
TCGA-HT-8019-01Z-00-DX1.4D6E811C-1D18-4EDF-A3B3-F8F79A160C5C.svs,data/raw/tcga/wsi/0beae79b-7caa-4361-aad2-20d7550e4a4a/TCGA-HT-8019-01Z-00-DX1.4D6E811C-1D18-4EDF-A3B3-F8F79A160C5C.svs,1377.451337,aperio,SS1763CNTLR,40,0.2525,0.2525,91632,65690,4,40,10/03/14,ok,,TCGA-HT-8019
TCGA-HW-8319-01Z-00-DX1.DB3012DE-00C2-4425-B3E4-6F5FF19CE290.svs,data/raw/tcga/wsi/0d9a2a2e-f1ca-4d8e-8676-6f5e24678e42/TCGA-HW-8319-01Z-00-DX1.DB3012DE-00C2-4425-B3E4-6F5FF19CE290.svs,1466.331329,aperio,SS1534CNTLR,40,0.2456,0.2456,85680,90742,4,40,12/11/12,ok,,TCGA-HW-8319
TCGA-WY-A85C-01Z-00-DX1.E0A6429A-91B3-4FFE-9FF9-28D956864D24.svs,data/raw/tcga/wsi/0d9efe2c-13d9-4604-846f-acfc751437b0/TCGA-WY-A85C-01Z-00-DX1.E0A6429A-91B3-4FFE-9FF9-28D956864D24.svs,58.329567,aperio,SS1764CNTLR,40,0.2527,0.2527,21911,28413,3,40,02/25/14,ok,,TCGA-WY-A85C
TCGA-VM-A8C9-01Z-00-DX2.D95CDDEA-8A6D-41D4-B12A-17811CF91CE3.svs,data/raw/tcga/wsi/0dc21723-fb79-424f-b637-55eb2e17fcc8/TCGA-VM-A8C9-01Z-00-DX2.D95CDDEA-8A6D-41D4-B12A-17811CF91CE3.svs,2702.223111,aperio,SS1764CNTLR,40,0.2527,0.2527,149399,94216,4,40,02/28/14,ok,,TCGA-VM-A8C9
TCGA-02-0079-01Z-00-DX1.846D3C54-C7BD-477F-A33A-D7641DD1CCEC.svs,data/raw/tcga/wsi/0dcaf5ad-0f99-490f-93e3-67d5a7bc9067/TCGA-02-0079-01Z-00-DX1.846D3C54-C7BD-477F-A33A-D7641DD1CCEC.svs,2682.962906,aperio,SS7054,40,0.2533,0.2533,99599,77846,4,40,10/01/14,ok,,TCGA-02-0079
TCGA-HW-A5KJ-01Z-00-DX1.565C251B-6B1B-4589-99E6-DD1ED951CA0C.svs,data/raw/tcga/wsi/0e0b4df7-2d9f-46f7-b2a4-4ee56db6b04f/TCGA-HW-A5KJ-01Z-00-DX1.565C251B-6B1B-4589-99E6-DD1ED951CA0C.svs,1621.370601,aperio,SS1552CNTLR,40,0.2468,0.2468,103768,77000,4,40,05/24/13,ok,,TCGA-HW-A5KJ
TCGA-DU-A6S8-01Z-00-DX1.278DE6CD-0564-4331-B68D-6F4B7121BAD1.svs,data/raw/tcga/wsi/0e4ec919-6e07-400c-97a9-e731278f6e1c/TCGA-DU-A6S8-01Z-00-DX1.278DE6CD-0564-4331-B68D-6F4B7121BAD1.svs,148.009607,aperio,SS7168CNTLR,40,0.2526,0.2526,75695,21776,4,40,05/19/15,ok,,TCGA-DU-A6S8
TCGA-DU-A5TW-01Z-00-DX1.8129468D-0B48-4EAA-BF6C-BA18DDA4E56C.svs,data/raw/tcga/wsi/0e992c9a-7a2a-4faf-9347-016640ba2374/TCGA-DU-A5TW-01Z-00-DX1.8129468D-0B48-4EAA-BF6C-BA18DDA4E56C.svs,219.859553,aperio,SS7168CNTLR,40,0.2526,0.2526,73703,23552,4,40,05/19/15,ok,,TCGA-DU-A5TW
TCGA-02-0003-01Z-00-DX3.995C2924-E298-4517-82A4-15806766CE31.svs,data/raw/tcga/wsi/0ea47d17-1c11-4903-bebc-bfcb2dfaa740/TCGA-02-0003-01Z-00-DX3.995C2924-E298-4517-82A4-15806766CE31.svs,893.875342,aperio,SS7054,40,0.2533,0.2533,49799,47673,3,40,10/01/14,ok,,TCGA-02-0003
TCGA-08-0245-01Z-00-DX1.CFCAFA75-E128-47D9-9F16-43A175738145.svs,data/raw/tcga/wsi/0ebc1ea7-8641-4951-b9ef-c337798b52f6/TCGA-08-0245-01Z-00-DX1.CFCAFA75-E128-47D9-9F16-43A175738145.svs,900.622077,aperio,SS1763CNTLR,40,0.2525,0.2525,151392,61467,4,40,11/25/14,ok,,TCGA-08-0245
TCGA-26-5136-01Z-00-DX1.ECD48B1B-C2BF-4DFE-8ED4-87353E00ED84.svs,data/raw/tcga/wsi/0eeef331-6ddb-4339-bbf6-9f58ce50fd7f/TCGA-26-5136-01Z-00-DX1.ECD48B1B-C2BF-4DFE-8ED4-87353E00ED84.svs,1407.166159,aperio,SS1436CNTLR,40,0.2485,0.2485,133104,73081,4,40,07/16/14,ok,,TCGA-26-5136
TCGA-TQ-A7RV-01Z-00-DX1.709E828D-44C3-43D6-9381-187FC28E93D0.svs,data/raw/tcga/wsi/0f6e36d4-4dca-4a3f-9e7a-4c1fb7b8b89b/TCGA-TQ-A7RV-01Z-00-DX1.709E828D-44C3-43D6-9381-187FC28E93D0.svs,2408.126263,aperio,SS1763CNTLR,40,0.2525,0.2525,103584,89830,4,40,12/02/14,ok,,TCGA-TQ-A7RV
TCGA-S9-A7J0-01Z-00-DX1.F7AEDF07-33C2-4238-A04F-758C8EF58851.svs,data/raw/tcga/wsi/0ff3083c-b726-46eb-930c-cb9b808a068c/TCGA-S9-A7J0-01Z-00-DX1.F7AEDF07-33C2-4238-A04F-758C8EF58851.svs,2037.285139,aperio,SS1764CNTLR,40,0.2527,0.2527,107567,94265,4,40,01/20/14,ok,,TCGA-S9-A7J0
TCGA-14-1451-01Z-00-DX1.e97169f1-5aa9-41f1-9780-349d5744bfae.svs,data/raw/tcga/wsi/105cd514-76ec-4c6b-aa26-7eb438c13d0a/TCGA-14-1451-01Z-00-DX1.e97169f1-5aa9-41f1-9780-349d5744bfae.svs,992.049333,aperio,SS1302,20,0.5015,0.5015,84003,41628,4,20,01/29/10,ok,,TCGA-14-1451
TCGA-E1-A7YJ-01Z-00-DX1.199900DB-6829-49BB-B139-9C344BD4D810.svs,data/raw/tcga/wsi/10c1d52e-c7ef-45b1-ac69-bc34a2d09d7a/TCGA-E1-A7YJ-01Z-00-DX1.199900DB-6829-49BB-B139-9C344BD4D810.svs,2411.990274,aperio,,40,0.25,0.25,113228,94093,4,40.000000,2014-10-27T20:23:15.007Z,ok,,TCGA-E1-A7YJ
TCGA-HT-7855-01Z-00-DX1.D1CFAF92-BC0B-443C-8A5A-48147BD0FB84.svs,data/raw/tcga/wsi/10c65d48-4573-4c36-b910-067bd6e0deff/TCGA-HT-7855-01Z-00-DX1.D1CFAF92-BC0B-443C-8A5A-48147BD0FB84.svs,937.103551,aperio,SS1764CNTLR,40,0.2527,0.2527,81671,82564,4,40,09/11/14,ok,,TCGA-HT-7855
TCGA-HT-7468-01Z-00-DX2.F7D1413E-AA30-4C8E-8A1B-F258E25A649B.svs,data/raw/tcga/wsi/10d69768-9422-4a8d-9376-ce40407735a6/TCGA-HT-7468-01Z-00-DX2.F7D1413E-AA30-4C8E-8A1B-F258E25A649B.svs,1077.555917,aperio,SS1534CNTLR,40,0.2456,0.2456,91392,60201,4,40,02/23/13,ok,,TCGA-HT-7468
TCGA-WY-A859-01Z-00-DX1.650758FF-1BE8-4A56-8A9A-319BA0363D8F.svs,data/raw/tcga/wsi/112d3e69-e606-45d3-a60a-6d327d8e53eb/TCGA-WY-A859-01Z-00-DX1.650758FF-1BE8-4A56-8A9A-319BA0363D8F.svs,1741.744929,aperio,SS1764CNTLR,40,0.2527,0.2527,159359,84532,4,40,02/25/14,ok,,TCGA-WY-A859
TCGA-12-1093-01Z-00-DX2.620A2F8E-637C-4813-8088-C1EB231A0E64.svs,data/raw/tcga/wsi/11744eae-d1d6-4f63-b42a-a4872178eb0c/TCGA-12-1093-01Z-00-DX2.620A2F8E-637C-4813-8088-C1EB231A0E64.svs,377.055888,aperio,PATH-MCLEN001MS,20,0.4993,0.4993,88029,44668,4,20,09/22/09,ok,,TCGA-12-1093
TCGA-12-0707-01Z-00-DX3.f7944647-0396-4ae2-a353-2175df5ad427.svs,data/raw/tcga/wsi/11df841f-1fda-46f4-8cb3-49c0d82908e3/TCGA-12-0707-01Z-00-DX3.f7944647-0396-4ae2-a353-2175df5ad427.svs,247.440485,aperio,PATH-MCLEN001MS,20,0.4993,0.4993,68022,44693,3,20,11/22/08,ok,,TCGA-12-0707
TCGA-TQ-A7RG-01Z-00-DX1.71465600-F24A-4831-BA01-68A8C95F2BE9.svs,data/raw/tcga/wsi/122623ab-62b7-42ec-a56a-eab7834d59ec/TCGA-TQ-A7RG-01Z-00-DX1.71465600-F24A-4831-BA01-68A8C95F2BE9.svs,1426.380703,aperio,SS1763CNTLR,40,0.2525,0.2525,151392,80923,4,40,12/02/14,ok,,TCGA-TQ-A7RG
TCGA-06-0743-01Z-00-DX1.efc295e1-bb7b-4706-99e9-01901c3869d2.svs,data/raw/tcga/wsi/12779db9-bb91-43ed-bd35-db7cd6212088/TCGA-06-0743-01Z-00-DX1.efc295e1-bb7b-4706-99e9-01901c3869d2.svs,118.925423,aperio,SS1302,20,0.5015,0.5015,18000,28080,3,20,10/01/09,ok,,TCGA-06-0743
TCGA-12-3644-01Z-00-DX2.ED74AF5C-8A72-49D6-83E7-21FA4F47CC1E.svs,data/raw/tcga/wsi/12d0ebe2-91cd-4fa4-8e4f-cc41b1c24abc/TCGA-12-3644-01Z-00-DX2.ED74AF5C-8A72-49D6-83E7-21FA4F47CC1E.svs,65.499068,aperio,PATH-MCLEN001MS,20,0.4993,0.4993,54018,34260,3,20,09/21/10,ok,,TCGA-12-3644
TCGA-FG-7634-01Z-00-DX1.BF0F2F3E-2CAD-495C-A0E6-D8194BCC4A77.svs,data/raw/tcga/wsi/131f8fcd-7c4d-4c54-aeee-092d9509983f/TCGA-FG-7634-01Z-00-DX1.BF0F2F3E-2CAD-495C-A0E6-D8194BCC4A77.svs,152.180427,aperio,SS1302,40,0.252,0.252,129498,50924,4,40,04/03/12,ok,,TCGA-FG-7634
TCGA-DB-A75P-01Z-00-DX1.11655479-5A76-4689-B8F6-319F882B5EB7.svs,data/raw/tcga/wsi/13430044-b38a-439e-8ed2-82951e321163/TCGA-DB-A75P-01Z-00-DX1.11655479-5A76-4689-B8F6-319F882B5EB7.svs,1655.936286,aperio,R0251491,40,0.247,0.247,121511,60971,4,40,06/11/14,ok,,TCGA-DB-A75P
TCGA-HT-7677-01Z-00-DX8.A45BF8C9-024C-4466-B63E-07D0B3F7F8AB.svs,data/raw/tcga/wsi/14232aef-8aba-4fa0-94b9-468c7a7a7da8/TCGA-HT-7677-01Z-00-DX8.A45BF8C9-024C-4466-B63E-07D0B3F7F8AB.svs,1093.949765,aperio,SS1764CNTLR,40,0.2527,0.2527,89639,85884,4,40,03/10/14,ok,,TCGA-HT-7677
TCGA-HT-A74O-01Z-00-DX1.C16EB67A-110A-4336-AC84-A1A677A41244.svs,data/raw/tcga/wsi/142dd839-fcd1-4467-92cb-f6116602eea2/TCGA-HT-A74O-01Z-00-DX1.C16EB67A-110A-4336-AC84-A1A677A41244.svs,1008.546325,aperio,SS1763CNTLR,40,0.2525,0.2525,83664,89789,4,40,10/04/14,ok,,TCGA-HT-A74O
TCGA-06-5408-01Z-00-DX1.4c572122-e7f8-488b-aad1-089301ba2a84.svs,data/raw/tcga/wsi/15a18296-f28b-4e1c-94c1-67e16f24ccb3/TCGA-06-5408-01Z-00-DX1.4c572122-e7f8-488b-aad1-089301ba2a84.svs,126.556085,aperio,SS1302,40,0.252,0.252,83454,30252,4,40,08/12/11,ok,,TCGA-06-5408
TCGA-14-1823-01Z-00-DX2.ad28794f-a4b0-4b2f-9707-df5db6564697.svs,data/raw/tcga/wsi/15a305d9-3d16-4d80-9e7c-3db2c557c35e/TCGA-14-1823-01Z-00-DX2.ad28794f-a4b0-4b2f-9707-df5db6564697.svs,850.424197,aperio,SS1302,20,0.5015,0.5015,84003,38698,4,20,02/01/10,ok,,TCGA-14-1823
TCGA-E1-A7YO-01Z-00-DX1.54EB75BF-B01E-4C24-9ADB-78D85C8F1BDC.svs,data/raw/tcga/wsi/1633d369-d0e0-43ca-bbe0-3fcc17b16d34/TCGA-E1-A7YO-01Z-00-DX1.54EB75BF-B01E-4C24-9ADB-78D85C8F1BDC.svs,2254.326166,aperio,,40,0.25,0.25,113228,87978,4,40.000000,2014-11-14T15:52:41.74Z,ok,,TCGA-E1-A7YO
TCGA-FG-5962-01Z-00-DX1.3df4ee8a-9be3-482e-a0d6-4e4d9c3c9f54.svs,data/raw/tcga/wsi/16b4dc67-0e17-4c1c-86f4-bd194fed88b0/TCGA-FG-5962-01Z-00-DX1.3df4ee8a-9be3-482e-a0d6-4e4d9c3c9f54.svs,818.571807,aperio,SS1302,40,0.252,0.252,172664,84999,4,40,10/19/11,ok,,TCGA-FG-5962
TCGA-E1-A7YS-01Z-00-DX1.91926274-81BC-4E06-B13D-5A6966BCD918.svs,data/raw/tcga/wsi/17701f98-fec2-45e0-803e-f925bdce72a4/TCGA-E1-A7YS-01Z-00-DX1.91926274-81BC-4E06-B13D-5A6966BCD918.svs,2327.206576,aperio,,40,0.25,0.25,109151,94093,4,40.000000,2014-10-27T20:23:13.347Z,ok,,TCGA-E1-A7YS
TCGA-08-0380-01Z-00-DX1.256C9EAF-9CB6-4ED6-BBCE-CC47C59C02CE.svs,data/raw/tcga/wsi/1886ac42-4b74-4e78-a19a-2ee948e31f42/TCGA-08-0380-01Z-00-DX1.256C9EAF-9CB6-4ED6-BBCE-CC47C59C02CE.svs,1402.296459,aperio,SS1763CNTLR,40,0.2525,0.2525,117528,80533,4,40,11/25/14,ok,,TCGA-08-0380
TCGA-R8-A73M-01Z-00-DX1.F73016FC-3180-4D90-9D49-2FA04F9BC5A3.svs,data/raw/tcga/wsi/188cdacd-b774-45a6-8a5a-ce972b224ac8/TCGA-R8-A73M-01Z-00-DX1.F73016FC-3180-4D90-9D49-2FA04F9BC5A3.svs,397.508397,aperio,SS1764CNTLR,40,0.2527,0.2527,57767,58334,4,40,03/23/15,ok,,TCGA-R8-A73M
TCGA-HW-7491-01Z-00-DX1.0648acf5-5dbd-47ad-96fd-52d765398718.svs,data/raw/tcga/wsi/18fa2270-6f26-46ec-b27e-e353fe287caa/TCGA-HW-7491-01Z-00-DX1.0648acf5-5dbd-47ad-96fd-52d765398718.svs,297.523201,aperio,SS1302,40,0.252,0.252,64269,66361,4,40,04/19/12,ok,,TCGA-HW-7491
TCGA-02-0025-01Z-00-DX2.aa8923a0-2930-47f4-bbff-ceb080fafc9e.svs,data/raw/tcga/wsi/190b8413-f21e-4451-89cf-10ca505fb8db/TCGA-02-0025-01Z-00-DX2.aa8923a0-2930-47f4-bbff-ceb080fafc9e.svs,1265.459935,aperio,SS1302,20,0.5015,0.5015,68003,40359,3,20,01/21/09,ok,,TCGA-02-0025
TCGA-HT-7881-01Z-00-DX5.13CBB27F-AADD-4F96-9327-3C34ABD3F707.svs,data/raw/tcga/wsi/192ef95b-ce12-4962-a70d-26ff70f32176/TCGA-HT-7881-01Z-00-DX5.13CBB27F-AADD-4F96-9327-3C34ABD3F707.svs,1031.471935,aperio,SS1763CNTLR,40,0.2525,0.2525,95616,79522,4,40,03/11/14,ok,,TCGA-HT-7881
TCGA-06-0192-01Z-00-DX2.3cf7443b-1e5a-4d18-bb93-8000efe53777.svs,data/raw/tcga/wsi/19453e64-6384-47cc-bf55-f822bea8c083/TCGA-06-0192-01Z-00-DX2.3cf7443b-1e5a-4d18-bb93-8000efe53777.svs,1000.336411,aperio,SS1302,20,0.5015,0.5015,68003,37411,4,20,10/05/09,ok,,TCGA-06-0192
TCGA-HT-A5RB-01Z-00-DX1.6928817C-E954-4245-85D4-90D4501E2424.svs,data/raw/tcga/wsi/19712640-fadb-4e25-acc4-26030496087b/TCGA-HT-A5RB-01Z-00-DX1.6928817C-E954-4245-85D4-90D4501E2424.svs,629.638307,aperio,SS1763CNTLR,40,0.2525,0.2525,61752,66271,4,40,10/03/14,ok,,TCGA-HT-A5RB
TCGA-DU-7298-01Z-00-DX1.1A1DDD06-53F9-4641-AC10-B6F78349DC66.svs,data/raw/tcga/wsi/19d258a6-e66e-44c6-836f-f44dbb718ad2/TCGA-DU-7298-01Z-00-DX1.1A1DDD06-53F9-4641-AC10-B6F78349DC66.svs,225.5983,aperio,SS1763CNTLR,40,0.2525,0.2525,83664,29654,4,40,12/18/13,ok,,TCGA-DU-7298
TCGA-HT-7620-01Z-00-DX4.5114FD3F-C228-4204-ABDD-91D7742FA32C.svs,data/raw/tcga/wsi/19e8e151-8239-4804-8869-a22b35a9d26d/TCGA-HT-7620-01Z-00-DX4.5114FD3F-C228-4204-ABDD-91D7742FA32C.svs,834.628859,aperio,SS1764CNTLR,40,0.2527,0.2527,75695,66875,4,40,03/10/14,ok,,TCGA-HT-7620
TCGA-CS-5394-01Z-00-DX1.2ef4d36b-2bf7-4079-990c-3733009db0bd.svs,data/raw/tcga/wsi/1a78f213-c50f-4fba-8b90-ce72ba7fdeb4/TCGA-CS-5394-01Z-00-DX1.2ef4d36b-2bf7-4079-990c-3733009db0bd.svs,546.536491,aperio,SS1302,40,0.252,0.252,91128,75707,4,40,07/16/12,ok,,TCGA-CS-5394
TCGA-41-3392-01Z-00-DX1.2d3dba82-f1cb-4589-bad1-f27ca388049b.svs,data/raw/tcga/wsi/1a7aec92-415d-48b2-a61e-3a11776ffea7/TCGA-41-3392-01Z-00-DX1.2d3dba82-f1cb-4589-bad1-f27ca388049b.svs,254.212821,aperio,SS1302,40,0.252,0.252,47003,51259,4,40,08/04/11,ok,,TCGA-41-3392
TCGA-19-1791-01Z-00-DX1.8499e6d2-4827-435e-9d52-7f6f9bb29c41.svs,data/raw/tcga/wsi/1a9b1016-d6e7-4276-94d8-9289cbc8ca30/TCGA-19-1791-01Z-00-DX1.8499e6d2-4827-435e-9d52-7f6f9bb29c41.svs,54.367961,aperio,SS1302,40,0.252,0.252,122783,25253,4,40,09/11/12,ok,,TCGA-19-1791
TCGA-DB-A64R-01Z-00-DX1.0A2B114A-F7CA-4D94-A7E4-CA482F92B214.svs,data/raw/tcga/wsi/1b130f0f-385e-48c7-8704-3c1f727f5154/TCGA-DB-A64R-01Z-00-DX1.0A2B114A-F7CA-4D94-A7E4-CA482F92B214.svs,1058.088638,aperio,R0251491,40,0.247,0.247,89639,52712,4,40,06/11/14,ok,,TCGA-DB-A64R
TCGA-HT-8104-01Z-00-DX1.3E2660DC-5A2A-45C0-8F9B-BD0838002672.svs,data/raw/tcga/wsi/1b188fea-1040-4576-ada5-0e8b5b0a87ce/TCGA-HT-8104-01Z-00-DX1.3E2660DC-5A2A-45C0-8F9B-BD0838002672.svs,855.951837,aperio,SS1763CNTLR,40,0.2525,0.2525,145416,42002,4,40,10/03/14,ok,,TCGA-HT-8104
TCGA-HT-7606-01Z-00-DX2.6A6AB593-4A06-4670-97CD-48EF2BEB5403.svs,data/raw/tcga/wsi/1b2fa2eb-44b5-410e-b34c-c935c144b0df/TCGA-HT-7606-01Z-00-DX2.6A6AB593-4A06-4670-97CD-48EF2BEB5403.svs,1174.521679,aperio,SS1764CNTLR,40,0.2527,0.2527,105575,80475,4,40,03/10/14,ok,,TCGA-HT-7606
TCGA-HT-7603-01Z-00-DX2.B0E9C599-9BFB-45F1-8989-326A89CC05D0.svs,data/raw/tcga/wsi/1b4831f1-699d-445f-b921-c76ef95bdf32/TCGA-HT-7603-01Z-00-DX2.B0E9C599-9BFB-45F1-8989-326A89CC05D0.svs,1484.267657,aperio,SS1764CNTLR,40,0.2527,0.2527,95615,79852,4,40,03/10/14,ok,,TCGA-HT-7603
TCGA-DU-7301-01Z-00-DX1.4495E346-12EE-4730-8682-1D77D02CF5ED.svs,data/raw/tcga/wsi/1b50d533-05ed-4409-817d-a39e74a17c0e/TCGA-DU-7301-01Z-00-DX1.4495E346-12EE-4730-8682-1D77D02CF5ED.svs,305.42997,aperio,SS1763CNTLR,40,0.2525,0.2525,89640,30151,4,40,12/18/13,ok,,TCGA-DU-7301
TCGA-S9-A6U8-01Z-00-DX1.5C7C8D4D-32E5-46B8-8223-E3FF487290DC.svs,data/raw/tcga/wsi/1b9f002c-d7c1-42c0-a1e6-dadda5880d73/TCGA-S9-A6U8-01Z-00-DX1.5C7C8D4D-32E5-46B8-8223-E3FF487290DC.svs,2516.414225,aperio,SS1764CNTLR,40,0.2527,0.2527,153383,88663,4,40,11/01/13,ok,,TCGA-S9-A6U8
TCGA-DU-6404-01Z-00-DX1.93c15688-f5b2-40bc-85eb-ff2661e16d4e.svs,data/raw/tcga/wsi/1be9c6ff-9eea-4f2f-9c1f-7fcaea022c38/TCGA-DU-6404-01Z-00-DX1.93c15688-f5b2-40bc-85eb-ff2661e16d4e.svs,268.638821,aperio,SS1302,40,0.252,0.252,77698,68754,4,40,06/09/11,ok,,TCGA-DU-6404
TCGA-12-3651-01Z-00-DX4.CCABF491-326A-42B1-B106-605205FF3849.svs,data/raw/tcga/wsi/1c0c55d4-3b38-4bb9-a5c1-1bdcfb4fa907/TCGA-12-3651-01Z-00-DX4.CCABF491-326A-42B1-B106-605205FF3849.svs,248.547994,aperio,PATH-MCLEN001MS,20,0.4993,0.4993,86028,45339,4,20,09/22/10,ok,,TCGA-12-3651
TCGA-HT-7467-01Z-00-DX2.469E8B4F-96A2-4FDB-8397-E585D8AFCB3E.svs,data/raw/tcga/wsi/1c2d056e-a05c-41a2-b161-834e8d6ce0b8/TCGA-HT-7467-01Z-00-DX2.469E8B4F-96A2-4FDB-8397-E585D8AFCB3E.svs,1136.938391,aperio,SS1764CNTLR,40,0.2527,0.2527,93623,78903,4,40,09/10/14,ok,,TCGA-HT-7467
TCGA-FG-8185-01Z-00-DX1.99b9779e-d967-47c6-836c-8b71a335b9a0.svs,data/raw/tcga/wsi/1c316381-3636-4fc5-8369-4c4c1ea0cd95/TCGA-FG-8185-01Z-00-DX1.99b9779e-d967-47c6-836c-8b71a335b9a0.svs,2462.261783,aperio,SS1302,40,0.252,0.252,132375,67936,4,40,06/01/12,ok,,TCGA-FG-8185
TCGA-HT-7676-01Z-00-DX1.620807AD-D67D-4705-A0AF-0FDCBD0B1C83.svs,data/raw/tcga/wsi/1c483dc9-bfeb-4774-80f6-3e7787c63cbf/TCGA-HT-7676-01Z-00-DX1.620807AD-D67D-4705-A0AF-0FDCBD0B1C83.svs,83.345295,aperio,SS1764CNTLR,40,0.2527,0.2527,37847,34576,3,40,03/10/14,ok,,TCGA-HT-7676
TCGA-02-0070-01Z-00-DX1.5E0E6185-E40B-4BDB-A762-03399FBD7C12.svs,data/raw/tcga/wsi/1c8c447d-27f7-4993-843f-33912c809520/TCGA-02-0070-01Z-00-DX1.5E0E6185-E40B-4BDB-A762-03399FBD7C12.svs,2118.36273,aperio,SS7054,40,0.2533,0.2533,95615,67827,4,40,10/01/14,ok,,TCGA-02-0070
TCGA-TQ-A7RF-01Z-00-DX1.0243E73B-9B79-46C0-BA92-E8BA46E56036.svs,data/raw/tcga/wsi/1cbcaddd-1ba2-4841-8fc3-038022943bce/TCGA-TQ-A7RF-01Z-00-DX1.0243E73B-9B79-46C0-BA92-E8BA46E56036.svs,1732.305059,aperio,SS1763CNTLR,40,0.2525,0.2525,103584,88383,4,40,12/02/14,ok,,TCGA-TQ-A7RF
TCGA-QH-A6CU-01Z-00-DX1.617578E5-B19E-426A-98BE-CD2ADAD533B5.svs,data/raw/tcga/wsi/1cc38670-b7da-46b5-960a-fa135d2ba15d/TCGA-QH-A6CU-01Z-00-DX1.617578E5-B19E-426A-98BE-CD2ADAD533B5.svs,1494.641191,aperio,SS1540CNTLR,40,0.2465,0.2465,87584,72985,4,40,08/06/13,ok,,TCGA-QH-A6CU
TCGA-26-1442-01Z-00-DX1.FD8D4EB7-AD5E-49E8-BD0B-6CDDEA8DDB35.svs,data/raw/tcga/wsi/1cc4634e-4f68-4ae8-bff1-eab006889b95/TCGA-26-1442-01Z-00-DX1.FD8D4EB7-AD5E-49E8-BD0B-6CDDEA8DDB35.svs,1747.443781,aperio,SS1436CNTLR,40,0.2485,0.2485,181941,77385,4,40,07/16/14,ok,,TCGA-26-1442
TCGA-12-0615-01Z-00-DX2.02099a56-eb5f-4b37-899a-dde55ff7f939.svs,data/raw/tcga/wsi/1d42939b-8a90-4b5d-84c9-963ba006e478/TCGA-12-0615-01Z-00-DX2.02099a56-eb5f-4b37-899a-dde55ff7f939.svs,194.725389,aperio,PATH-MCLEN001MS,20,0.4993,0.4993,66022,38271,3,20,10/29/08,ok,,TCGA-12-0615
TCGA-06-5856-01Z-00-DX1.9ba8a585-af7f-48b6-8724-ad0f439f4e17.svs,data/raw/tcga/wsi/1dba5727-3758-4370-9e5c-4a1e20fd8e1e/TCGA-06-5856-01Z-00-DX1.9ba8a585-af7f-48b6-8724-ad0f439f4e17.svs,110.646541,aperio,SS1302,40,0.252,0.252,60432,21187,3,40,08/12/11,ok,,TCGA-06-5856
TCGA-06-0881-01Z-00-DX1.0051da3c-d88a-483d-ae4c-90fe378bf0c3.svs,data/raw/tcga/wsi/1dbd6018-c079-4d99-95f6-aa9fb0213236/TCGA-06-0881-01Z-00-DX1.0051da3c-d88a-483d-ae4c-90fe378bf0c3.svs,121.557943,aperio,SS1302,20,0.5015,0.5015,46002,26789,3,20,10/01/09,ok,,TCGA-06-0881
TCGA-81-5910-01Z-00-DX1.c823aaad-81c4-4fa6-8aa9-3b447eed912c.svs,data/raw/tcga/wsi/1e474fb8-c33f-4768-b402-05a9ef1679b1/TCGA-81-5910-01Z-00-DX1.c823aaad-81c4-4fa6-8aa9-3b447eed912c.svs,940.897435,aperio,SS1302,40,0.252,0.252,117028,84541,4,40,06/09/11,ok,,TCGA-81-5910
TCGA-06-0127-01Z-00-DX3.2e311110-3d6f-4864-9cd4-d8e716cb4db6.svs,data/raw/tcga/wsi/1eb72a29-8786-4e19-b08a-61467e505388/TCGA-06-0127-01Z-00-DX3.2e311110-3d6f-4864-9cd4-d8e716cb4db6.svs,616.326647,aperio,SS1302,20,0.5015,0.5015,34001,30339,3,20,01/08/09,ok,,TCGA-06-0127
TCGA-06-0686-01Z-00-DX1.fc0b2e05-94e0-4540-b519-6fc0c81e8d6f.svs,data/raw/tcga/wsi/1f0a25f2-f4b3-4c04-ac6c-b0d7a1d7dae2/TCGA-06-0686-01Z-00-DX1.fc0b2e05-94e0-4540-b519-6fc0c81e8d6f.svs,69.399321,aperio,SS1302,20,0.5015,0.5015,30001,25122,3,20,10/01/09,ok,,TCGA-06-0686
TCGA-S9-A6WO-01Z-00-DX1.7B2357DB-9EF4-4122-9A7E-F6F509A0A67C.svs,data/raw/tcga/wsi/1f0efd22-50d5-4ecb-8ab2-2bc1911be9b3/TCGA-S9-A6WO-01Z-00-DX1.7B2357DB-9EF4-4122-9A7E-F6F509A0A67C.svs,318.304291,aperio,SS1764CNTLR,40,0.2527,0.2527,57767,45174,3,40,01/20/14,ok,,TCGA-S9-A6WO
TCGA-HT-7687-01Z-00-DX1.2A5DF71F-16A7-4F8B-B348-E407950A785F.svs,data/raw/tcga/wsi/1f3f6eef-c62b-4555-8507-51fddba2996a/TCGA-HT-7687-01Z-00-DX1.2A5DF71F-16A7-4F8B-B348-E407950A785F.svs,1180.669563,aperio,SS1763CNTLR,40,0.2525,0.2525,97608,75348,4,40,03/10/14,ok,,TCGA-HT-7687
TCGA-27-1830-01Z-00-DX3.def849be-436e-4c2f-b269-10c3701b731b.svs,data/raw/tcga/wsi/1f64c6ee-d2b4-4b2d-aaec-3f562ac9373c/TCGA-27-1830-01Z-00-DX3.def849be-436e-4c2f-b269-10c3701b731b.svs,882.311375,aperio,SS1302,20,0.5015,0.5015,52002,41355,3,20,01/27/10,ok,,TCGA-27-1830
TCGA-14-1455-01Z-00-DX2.0cb23f34-d753-4c94-b495-51c602f192df.svs,data/raw/tcga/wsi/201c2a5b-cd22-44d1-91e9-1b601315780b/TCGA-14-1455-01Z-00-DX2.0cb23f34-d753-4c94-b495-51c602f192df.svs,239.733647,aperio,SS1302,20,0.5015,0.5015,68003,41496,4,20,02/01/10,ok,,TCGA-14-1455
TCGA-HT-7684-01Z-00-DX6.C15A2911-8452-4276-9FBC-B374A645F0D7.svs,data/raw/tcga/wsi/20432e59-d498-40b2-b5d6-21fd15bba57f/TCGA-HT-7684-01Z-00-DX6.C15A2911-8452-4276-9FBC-B374A645F0D7.svs,1675.832879,aperio,SS1763CNTLR,40,0.2525,0.2525,107568,81476,4,40,03/10/14,ok,,TCGA-HT-7684
TCGA-DU-6403-01Z-00-DX1.b08e05bd-9594-40d7-b86b-88dfc38be7ef.svs,data/raw/tcga/wsi/21717699-af9c-4d7e-8054-12ad7a744a78/TCGA-DU-6403-01Z-00-DX1.b08e05bd-9594-40d7-b86b-88dfc38be7ef.svs,282.897985,aperio,SS1302,40,0.252,0.252,93046,78766,4,40,06/09/11,ok,,TCGA-DU-6403
TCGA-06-5858-01Z-00-DX1.d964971f-f75f-478a-bc85-10a510bd2835.svs,data/raw/tcga/wsi/21b94bd5-950d-42b1-aae4-af667fa40670/TCGA-06-5858-01Z-00-DX1.d964971f-f75f-478a-bc85-10a510bd2835.svs,125.074109,aperio,SS1302,40,0.252,0.252,109354,21848,4,40,08/12/11,ok,,TCGA-06-5858
TCGA-HT-7686-01Z-00-DX3.7B4FA34C-A4FB-49EC-B150-943FE2778642.svs,data/raw/tcga/wsi/21f1e11b-0b69-4171-9eb9-8e2a60b8b6b2/TCGA-HT-7686-01Z-00-DX3.7B4FA34C-A4FB-49EC-B150-943FE2778642.svs,1043.734941,aperio,SS1764CNTLR,40,0.2527,0.2527,89639,84139,4,40,09/10/14,ok,,TCGA-HT-7686
TCGA-15-1444-01Z-00-DX2.76CD1F22-4894-4390-ADCC-BC88CB42FD96.svs,data/raw/tcga/wsi/225d268a-c9bc-45da-abdd-672a4cb95ed9/TCGA-15-1444-01Z-00-DX2.76CD1F22-4894-4390-ADCC-BC88CB42FD96.svs,2465.267836,aperio,R0228416,40,0.2462,0.2462,122808,91690,4,40,02/13/13,ok,,TCGA-15-1444
TCGA-06-0138-01Z-00-DX1.212817bd-0fa0-4503-ae5b-4eaee8ee95e5.svs,data/raw/tcga/wsi/22692989-109f-4440-a82f-63ec4590ed88/TCGA-06-0138-01Z-00-DX1.212817bd-0fa0-4503-ae5b-4eaee8ee95e5.svs,306.303381,aperio,SS1302,20,0.5015,0.5015,36001,23266,3,20,07/07/09,ok,,TCGA-06-0138
TCGA-DU-A6S2-01Z-00-DX1.41E939D2-DE06-4BAB-9600-A1B2DDACA4D8.svs,data/raw/tcga/wsi/233e0992-3324-445d-82c7-ff8841dbf00c/TCGA-DU-A6S2-01Z-00-DX1.41E939D2-DE06-4BAB-9600-A1B2DDACA4D8.svs,223.146165,aperio,SS7168CNTLR,40,0.2526,0.2526,87647,27992,4,40,05/19/15,ok,,TCGA-DU-A6S2
TCGA-02-0021-01Z-00-DX2.9c97035f-399d-49ce-a545-4692b05bc6a9.svs,data/raw/tcga/wsi/23b6a9db-fd81-4ee8-a683-6f3c0288bef3/TCGA-02-0021-01Z-00-DX2.9c97035f-399d-49ce-a545-4692b05bc6a9.svs,774.307883,aperio,SS1302,20,0.5015,0.5015,52002,28964,3,20,01/20/09,ok,,TCGA-02-0021
TCGA-DB-A75L-01Z-00-DX2.D7AA483E-9CFB-4357-922F-5C2BFCC6159C.svs,data/raw/tcga/wsi/23e6bc52-c12d-44a9-93ff-5dc97bcdf08b/TCGA-DB-A75L-01Z-00-DX2.D7AA483E-9CFB-4357-922F-5C2BFCC6159C.svs,1802.301688,aperio,R0251491,40,0.247,0.247,149399,54352,4,40,06/11/14,ok,,TCGA-DB-A75L
TCGA-08-0346-01Z-00-DX1.DE612CE5-B30C-4E30-9D17-203CE32D364F.svs,data/raw/tcga/wsi/240b8e55-ac36-459a-aab6-f5443fc2f1fe/TCGA-08-0346-01Z-00-DX1.DE612CE5-B30C-4E30-9D17-203CE32D364F.svs,537.770523,aperio,SS1763CNTLR,40,0.2525,0.2525,103584,58477,4,40,11/25/14,ok,,TCGA-08-0346
TCGA-DU-7007-01Z-00-DX1.DB64D884-B8AA-4540-BF6F-BF83B1D15A26.svs,data/raw/tcga/wsi/24493dc7-6f29-4c9d-881e-e4477e9a47fd/TCGA-DU-7007-01Z-00-DX1.DB64D884-B8AA-4540-BF6F-BF83B1D15A26.svs,931.359062,aperio,SS1763CNTLR,40,0.2525,0.2525,125496,90037,4,40,12/18/13,ok,,TCGA-DU-7007
TCGA-E1-A7YE-01Z-00-DX1.5F30A757-235B-47FB-9388-CD4608DA06B3.svs,data/raw/tcga/wsi/24bf891a-10be-4bd3-bca9-23691f376078/TCGA-E1-A7YE-01Z-00-DX1.5F30A757-235B-47FB-9388-CD4608DA06B3.svs,1688.554558,aperio,,40,0.25,0.25,101129,73709,4,40.000000,2014-10-27T14:19:17.27Z,ok,,TCGA-E1-A7YE
TCGA-RY-A83X-01Z-00-DX1.1DA8284F-B532-478B-B7BC-C578BE36E2CA.svs,data/raw/tcga/wsi/2650a528-e4fc-430c-8440-50be5d42b29e/TCGA-RY-A83X-01Z-00-DX1.1DA8284F-B532-478B-B7BC-C578BE36E2CA.svs,124.989009,aperio,SS1764CNTLR,40,0.2527,0.2527,39839,39172,3,40,04/15/14,ok,,TCGA-RY-A83X
TCGA-02-0001-01Z-00-DX2.b521a862-280c-4251-ab54-5636f20605d0.svs,data/raw/tcga/wsi/27021ae8-db7e-4245-9307-f3bdae43c4b3/TCGA-02-0001-01Z-00-DX2.b521a862-280c-4251-ab54-5636f20605d0.svs,857.219209,aperio,SS1302,20,0.5015,0.5015,54002,41831,3,20,01/22/09,ok,,TCGA-02-0001
TCGA-CS-5393-01Z-00-DX1.29061bf4-af6c-445c-a5ca-86d99e81545d.svs,data/raw/tcga/wsi/27465606-fe93-4371-9d40-7fd643594d81/TCGA-CS-5393-01Z-00-DX1.29061bf4-af6c-445c-a5ca-86d99e81545d.svs,457.265093,aperio,SS1302,40,0.252,0.252,98802,49910,4,40,07/16/12,ok,,TCGA-CS-5393
TCGA-DU-8164-01Z-00-DX1.7a39faea-a8f4-4da9-a3e9-b899192445c8.svs,data/raw/tcga/wsi/2752c7f7-bf59-4e76-b1fd-dfb5d7f78496/TCGA-DU-8164-01Z-00-DX1.7a39faea-a8f4-4da9-a3e9-b899192445c8.svs,73.217643,aperio,SS1302,40,0.252,0.252,16307,19556,3,40,09/11/12,ok,,TCGA-DU-8164
TCGA-06-1084-01Z-00-DX1.35d581fd-93f6-46ee-9dc7-b25f15e83080.svs,data/raw/tcga/wsi/27795269-82c2-4ad4-951c-67abcc56b35a/TCGA-06-1084-01Z-00-DX1.35d581fd-93f6-46ee-9dc7-b25f15e83080.svs,81.055069,aperio,SS1302,20,0.5015,0.5015,36001,32442,3,20,10/01/09,ok,,TCGA-06-1084
TCGA-DB-A64V-01Z-00-DX1.F6D441CA-6613-4F91-9E54-0FBB3F17CE08.svs,data/raw/tcga/wsi/279c30d3-7fd0-4634-8587-4a9e67c8d1dc/TCGA-DB-A64V-01Z-00-DX1.F6D441CA-6613-4F91-9E54-0FBB3F17CE08.svs,2310.352828,aperio,R0251491,40,0.247,0.247,161351,64254,4,40,06/11/14,ok,,TCGA-DB-A64V
TCGA-06-0216-01Z-00-DX3.78c3b2fb-8e64-4f1a-a5af-765c92286b90.svs,data/raw/tcga/wsi/27ec7717-f3c3-450d-b688-ed8aa37122f1/TCGA-06-0216-01Z-00-DX3.78c3b2fb-8e64-4f1a-a5af-765c92286b90.svs,724.627261,aperio,SS1302,20,0.504,0.504,43169,37627,3,20,12/05/08,ok,,TCGA-06-0216
TCGA-06-6390-01Z-00-DX1.b5ab515a-7b50-4e73-a999-f581232b005a.svs,data/raw/tcga/wsi/2820fb9e-7903-4c26-a304-b9756cf14630/TCGA-06-6390-01Z-00-DX1.b5ab515a-7b50-4e73-a999-f581232b005a.svs,69.013217,aperio,SS1302,40,0.252,0.252,23021,42439,3,40,08/12/11,ok,,TCGA-06-6390
TCGA-S9-A6WQ-01Z-00-DX1.F3EDD859-8FEF-48B4-BFEA-36BCCE34F030.svs,data/raw/tcga/wsi/28d1ae53-387b-474f-81df-b77247fe42d7/TCGA-S9-A6WQ-01Z-00-DX1.F3EDD859-8FEF-48B4-BFEA-36BCCE34F030.svs,853.685991,aperio,SS1764CNTLR,40,0.2527,0.2527,75695,78448,4,40,01/20/14,ok,,TCGA-S9-A6WQ
TCGA-DU-6395-01Z-00-DX1.c2fa922a-48b9-46fe-87d3-ea18e925dd98.svs,data/raw/tcga/wsi/290e1fb2-9ae5-4945-9896-6a85eabfde7e/TCGA-DU-6395-01Z-00-DX1.c2fa922a-48b9-46fe-87d3-ea18e925dd98.svs,251.594905,aperio,SS1302,40,0.252,0.252,92087,65830,4,40,06/09/11,ok,,TCGA-DU-6395
TCGA-DU-A6S6-01Z-00-DX1.24E0E59F-ADD0-430D-AC6D-F6FD73C60345.svs,data/raw/tcga/wsi/292bd7cc-a608-4c57-8924-b2b5aa27ec92/TCGA-DU-A6S6-01Z-00-DX1.24E0E59F-ADD0-430D-AC6D-F6FD73C60345.svs,119.502795,aperio,SS7168CNTLR,40,0.2526,0.2526,41831,34130,3,40,05/19/15,ok,,TCGA-DU-A6S6
TCGA-CS-6670-01Z-00-DX1.A767AC46-DA02-41C6-8829-AE53DB0F386E.svs,data/raw/tcga/wsi/294d75f0-6be1-4bae-a7d4-baa306dd562b/TCGA-CS-6670-01Z-00-DX1.A767AC46-DA02-41C6-8829-AE53DB0F386E.svs,675.095193,aperio,SS1302,40,0.252,0.252,122783,67098,4,40,07/17/12,ok,,TCGA-CS-6670
TCGA-CS-5390-01Z-00-DX1.3C241E8A-D2E7-4C8D-ABDF-60391D8A32AD.svs,data/raw/tcga/wsi/29971f7f-e4e3-4368-bcc9-28acf2612f8f/TCGA-CS-5390-01Z-00-DX1.3C241E8A-D2E7-4C8D-ABDF-60391D8A32AD.svs,197.703791,aperio,SS1302,40,0.252,0.252,135253,31188,4,40,07/16/12,ok,,TCGA-CS-5390
TCGA-FG-A87Q-01Z-00-DX3.426D47B6-2D6C-4F6E-9546-2E121A9DDAB2.svs,data/raw/tcga/wsi/2a9ae4f4-1930-4cb2-876b-aaec60ab3109/TCGA-FG-A87Q-01Z-00-DX3.426D47B6-2D6C-4F6E-9546-2E121A9DDAB2.svs,1958.883495,aperio,SS1764CNTLR,40,0.2527,0.2527,143423,92322,4,40,03/21/14,ok,,TCGA-FG-A87Q
TCGA-S9-A6WE-01Z-00-DX1.F4D6E41C-5B13-498E-853A-902D41DF804C.svs,data/raw/tcga/wsi/2aa466e8-f796-4c20-a475-b9190cc3cdcf/TCGA-S9-A6WE-01Z-00-DX1.F4D6E41C-5B13-498E-853A-902D41DF804C.svs,775.281039,aperio,SS1764CNTLR,40,0.2527,0.2527,97607,61459,4,40,01/20/14,ok,,TCGA-S9-A6WE
TCGA-06-0879-01Z-00-DX1.644fc888-2c42-49dc-a461-072edd097f79.svs,data/raw/tcga/wsi/2ac2daa7-a111-4013-9f17-1371be4655c0/TCGA-06-0879-01Z-00-DX1.644fc888-2c42-49dc-a461-072edd097f79.svs,141.526577,aperio,SS1302,20,0.5015,0.5015,46002,25253,3,20,10/02/09,ok,,TCGA-06-0879
TCGA-DU-A7TA-01Z-00-DX1.C0013D54-C292-4060-99F6-A6AB4E54FAA5.svs,data/raw/tcga/wsi/2aca066c-bdda-4bc4-b824-0687667c5c4c/TCGA-DU-A7TA-01Z-00-DX1.C0013D54-C292-4060-99F6-A6AB4E54FAA5.svs,80.213219,aperio,SS7168CNTLR,40,0.2526,0.2526,19919,24090,3,40,05/19/15,ok,,TCGA-DU-A7TA
TCGA-E1-A7Z6-01Z-00-DX1.85795D31-F597-4AE3-8AE0-7394A428936A.svs,data/raw/tcga/wsi/2b6d30e3-d87b-449d-afaf-9a73e3a891c9/TCGA-E1-A7Z6-01Z-00-DX1.85795D31-F597-4AE3-8AE0-7394A428936A.svs,1712.235544,aperio,,40,0.25,0.25,97118,77786,4,40.000000,2014-11-14T15:52:45.513Z,ok,,TCGA-E1-A7Z6
TCGA-27-1836-01Z-00-DX3.70ad0337-b205-4bd7-8a42-e8bb93bb589f.svs,data/raw/tcga/wsi/2b735fe8-e3d5-4024-ab66-735bd55abc23/TCGA-27-1836-01Z-00-DX3.70ad0337-b205-4bd7-8a42-e8bb93bb589f.svs,961.981457,aperio,SS1302,20,0.5015,0.5015,52002,41354,3,20,01/27/10,ok,,TCGA-27-1836
TCGA-DB-5277-01Z-00-DX2.F1B46E37-AC7F-4805-9606-468744147AF8.svs,data/raw/tcga/wsi/2b88875a-b402-448f-a6f8-a1ee2e39ce53/TCGA-DB-5277-01Z-00-DX2.F1B46E37-AC7F-4805-9606-468744147AF8.svs,1744.230288,aperio,R0228416,40,0.2462,0.2462,104720,82559,4,40,02/14/13,ok,,TCGA-DB-5277
TCGA-26-5134-01Z-00-DX1.0498BB2B-7FA9-4DA8-8308-0AE4CBE3F8CB.svs,data/raw/tcga/wsi/2b9f074e-51d8-4a73-b4a1-044a59d30c1a/TCGA-26-5134-01Z-00-DX1.0498BB2B-7FA9-4DA8-8308-0AE4CBE3F8CB.svs,1283.574095,aperio,SS1436CNTLR,40,0.2485,0.2485,115868,79306,4,40,07/16/14,ok,,TCGA-26-5134
TCGA-HT-A4DV-01Z-00-DX2.702EF31E-4E34-482D-AE05-3EDEED527CAA.svs,data/raw/tcga/wsi/2ba62276-8bbe-422b-8f16-824c9abc2a59/TCGA-HT-A4DV-01Z-00-DX2.702EF31E-4E34-482D-AE05-3EDEED527CAA.svs,811.044219,aperio,SS1763CNTLR,40,0.2525,0.2525,95616,49777,4,40,10/03/14,ok,,TCGA-HT-A4DV
TCGA-FG-A70Z-01Z-00-DX1.ABAF26D5-7AEE-48EE-B13F-0BE7FCEE6280.svs,data/raw/tcga/wsi/2bb7028f-f0f0-48f0-8cd3-a4c60e414c0c/TCGA-FG-A70Z-01Z-00-DX1.ABAF26D5-7AEE-48EE-B13F-0BE7FCEE6280.svs,279.742037,aperio,SS1764CNTLR,40,0.2527,0.2527,101591,32439,4,40,03/21/14,ok,,TCGA-FG-A70Z
TCGA-12-0778-01Z-00-DX1.7050afff-2c1b-4647-91e1-98d3be5f26f1.svs,data/raw/tcga/wsi/2bc9a2da-ea80-401f-b12a-515f041346c6/TCGA-12-0778-01Z-00-DX1.7050afff-2c1b-4647-91e1-98d3be5f26f1.svs,222.129029,aperio,PATH-MCLEN001MS,20,0.4993,0.4993,74024,44644,3,20,10/30/08,ok,,TCGA-12-0778
TCGA-HT-A618-01Z-00-DX1.A79863B5-6AF4-43AF-8B34-9C16DC2FCDE1.svs,data/raw/tcga/wsi/2cc2d1c1-eeeb-4a84-89b1-1f41b63073c4/TCGA-HT-A618-01Z-00-DX1.A79863B5-6AF4-43AF-8B34-9C16DC2FCDE1.svs,473.151531,aperio,SS1763CNTLR,40,0.2525,0.2525,55776,59665,4,40,10/04/14,ok,,TCGA-HT-A618
TCGA-12-0692-01Z-00-DX2.49e03ed1-2e2f-4c47-8c17-6e8826ecdb65.svs,data/raw/tcga/wsi/2de3c19d-efc8-4fbb-af5b-48f2c49ea66e/TCGA-12-0692-01Z-00-DX2.49e03ed1-2e2f-4c47-8c17-6e8826ecdb65.svs,169.144551,aperio,PATH-MCLEN001MS,20,0.4993,0.4993,64021,44691,3,20,10/30/08,ok,,TCGA-12-0692
TCGA-08-0350-01Z-00-DX1.60549F68-E548-4634-8851-B24818FDFA40.svs,data/raw/tcga/wsi/2e0b6e00-3840-4b4a-a46b-f374a8378744/TCGA-08-0350-01Z-00-DX1.60549F68-E548-4634-8851-B24818FDFA40.svs,1253.856739,aperio,SS1763CNTLR,40,0.2525,0.2525,127488,87628,4,40,11/25/14,ok,,TCGA-08-0350
TCGA-HT-A5R7-01Z-00-DX1.710C776B-5420-42E6-8D40-C5C36D1CA603.svs,data/raw/tcga/wsi/2e6d2481-57e2-4df7-9a1b-737b2837e96c/TCGA-HT-A5R7-01Z-00-DX1.710C776B-5420-42E6-8D40-C5C36D1CA603.svs,375.926809,aperio,SS1763CNTLR,40,0.2525,0.2525,117528,30368,4,40,10/03/14,ok,,TCGA-HT-A5R7
TCGA-02-0024-01Z-00-DX1.d4cec60d-e2b6-41d1-92af-2d24f15b03a9.svs,data/raw/tcga/wsi/2e7e2d0a-55d8-4c9d-b064-e8e65051b0ec/TCGA-02-0024-01Z-00-DX1.d4cec60d-e2b6-41d1-92af-2d24f15b03a9.svs,199.221159,aperio,SS1302,20,0.5015,0.5015,26001,26335,3,20,01/20/09,ok,,TCGA-02-0024
TCGA-81-5911-01Z-00-DX1.343731a3-b399-461e-aa3e-7b22e583a061.svs,data/raw/tcga/wsi/2e864757-953f-41a7-af75-8b73f2b2bbe8/TCGA-81-5911-01Z-00-DX1.343731a3-b399-461e-aa3e-7b22e583a061.svs,62.108743,aperio,SS1302,40,0.252,0.252,163071,19496,4,40,08/05/11,ok,,TCGA-81-5911
TCGA-06-0744-01Z-00-DX1.948cea15-dbea-483c-becb-78166086ec0a.svs,data/raw/tcga/wsi/2e9160e5-0898-4a1a-8528-e807981454bf/TCGA-06-0744-01Z-00-DX1.948cea15-dbea-483c-becb-78166086ec0a.svs,465.911123,aperio,SS1302,20,0.5015,0.5015,66003,38805,4,20,10/01/09,ok,,TCGA-06-0744
TCGA-27-2527-01Z-00-DX1.96AA7382-AB8F-411E-BEED-0D00C12ACEA1.svs,data/raw/tcga/wsi/2e99e360-23a4-4d52-a1a6-6183f96fdbb0/TCGA-27-2527-01Z-00-DX1.96AA7382-AB8F-411E-BEED-0D00C12ACEA1.svs,1694.945447,aperio,SS1764CNTLR,40,0.2527,0.2527,115535,87915,4,40,07/02/14,ok,,TCGA-27-2527
TCGA-4W-AA9T-01Z-00-DX1.A59F28A0-EE7F-44DE-931F-36E59C9F1A45.svs,data/raw/tcga/wsi/2ec7fe7e-80e0-4e6d-837f-5bdffd422a73/TCGA-4W-AA9T-01Z-00-DX1.A59F28A0-EE7F-44DE-931F-36E59C9F1A45.svs,1424.976435,aperio,SS1764CNTLR,40,0.2527,0.2527,173303,58515,4,40,07/01/14,ok,,TCGA-4W-AA9T
TCGA-HT-7902-01Z-00-DX2.897F6F34-7DA1-41B8-883E-A4D4378FD4EF.svs,data/raw/tcga/wsi/2f26c520-04ad-40ed-959d-d43ec72a2702/TCGA-HT-7902-01Z-00-DX2.897F6F34-7DA1-41B8-883E-A4D4378FD4EF.svs,657.802389,aperio,SS1764CNTLR,40,0.2527,0.2527,75695,68302,4,40,09/11/14,ok,,TCGA-HT-7902
TCGA-12-3652-01Z-00-DX1.BC31A966-8D64-4447-ACFE-1ED4BB95FEE6.svs,data/raw/tcga/wsi/2f67e999-7308-42b8-b441-d818dc041ea4/TCGA-12-3652-01Z-00-DX1.BC31A966-8D64-4447-ACFE-1ED4BB95FEE6.svs,190.791576,aperio,PATH-MCLEN001MS,20,0.4993,0.4993,78026,35035,4,20,09/22/10,ok,,TCGA-12-3652
TCGA-HT-7691-01Z-00-DX2.E8D201A1-C6C4-4F8C-9D5A-6DF1F8D566EB.svs,data/raw/tcga/wsi/2f6c9ee9-e153-425a-be28-944988cf8ad9/TCGA-HT-7691-01Z-00-DX2.E8D201A1-C6C4-4F8C-9D5A-6DF1F8D566EB.svs,635.026563,aperio,SS1763CNTLR,40,0.2525,0.2525,97608,66345,4,40,03/10/14,ok,,TCGA-HT-7691
TCGA-HT-8108-01Z-00-DX1.995485CB-F5C0-445E-9217-009AFB322AF6.svs,data/raw/tcga/wsi/30aa3c60-2dbc-4448-846e-19f3be92751a/TCGA-HT-8108-01Z-00-DX1.995485CB-F5C0-445E-9217-009AFB322AF6.svs,605.441645,aperio,SS1763CNTLR,40,0.2525,0.2525,115536,45959,4,40,10/03/14,ok,,TCGA-HT-8108
TCGA-DU-7299-01Z-00-DX1.FF3646D8-9491-4692-998A-AABD68CABD56.svs,data/raw/tcga/wsi/30b151ce-a62c-4972-80f1-d4933c0a8729/TCGA-DU-7299-01Z-00-DX1.FF3646D8-9491-4692-998A-AABD68CABD56.svs,456.874812,aperio,SS1763CNTLR,40,0.2525,0.2525,101592,40466,4,40,12/18/13,ok,,TCGA-DU-7299
TCGA-WY-A85A-01Z-00-DX1.CB302B89-F89A-40FD-A7DE-6E12BEFBA2AE.svs,data/raw/tcga/wsi/30bc2ff2-e2d8-4826-b366-a765af874e79/TCGA-WY-A85A-01Z-00-DX1.CB302B89-F89A-40FD-A7DE-6E12BEFBA2AE.svs,1485.557869,aperio,SS1764CNTLR,40,0.2527,0.2527,119519,71263,4,40,02/25/14,ok,,TCGA-WY-A85A
TCGA-VV-A86M-01Z-00-DX1.3D542AC0-4000-40AA-A574-791B8772F956.svs,data/raw/tcga/wsi/313f4375-8607-4c2b-81c6-85f3b1cd4220/TCGA-VV-A86M-01Z-00-DX1.3D542AC0-4000-40AA-A574-791B8772F956.svs,750.500307,aperio,SS1764CNTLR,40,0.2527,0.2527,131471,54441,4,40,04/08/14,ok,,TCGA-VV-A86M
TCGA-HT-8109-01Z-00-DX1.61B043DE-83D6-4EBA-B93F-8A9F1389717F.svs,data/raw/tcga/wsi/313fe313-9081-4e75-9d57-0ac4e43cf7da/TCGA-HT-8109-01Z-00-DX1.61B043DE-83D6-4EBA-B93F-8A9F1389717F.svs,1214.203175,aperio,SS1763CNTLR,40,0.2525,0.2525,75696,77394,4,40,10/03/14,ok,,TCGA-HT-8109
TCGA-HT-7483-01Z-00-DX4.5CCB4D5F-F04F-49F2-BD87-40CBEB82B78B.svs,data/raw/tcga/wsi/329379da-3b38-4684-98c8-e65a8cb297d9/TCGA-HT-7483-01Z-00-DX4.5CCB4D5F-F04F-49F2-BD87-40CBEB82B78B.svs,832.639597,aperio,SS1764CNTLR,40,0.2527,0.2527,77687,82094,4,40,09/10/14,ok,,TCGA-HT-7483
TCGA-06-1087-01Z-00-DX1.2498ed55-5e6d-4e65-9a5d-f9be74c5f250.svs,data/raw/tcga/wsi/3297db4d-7217-4c0b-8ebe-12579a62e2a0/TCGA-06-1087-01Z-00-DX1.2498ed55-5e6d-4e65-9a5d-f9be74c5f250.svs,98.172777,aperio,SS1302,20,0.5015,0.5015,26001,21145,3,20,10/01/09,ok,,TCGA-06-1087
TCGA-06-0154-01Z-00-DX1.e52d5443-e663-451f-8a1f-83ec5bb9a401.svs,data/raw/tcga/wsi/33225646-c788-4d8c-b112-c69de7d8c27b/TCGA-06-0154-01Z-00-DX1.e52d5443-e663-451f-8a1f-83ec5bb9a401.svs,536.873587,aperio,SS1302,20,0.504,0.504,32617,39187,3,20,12/05/08,ok,,TCGA-06-0154
TCGA-S9-A6WL-01Z-00-DX1.2AB33E11-47B6-4382-8EE3-181D97C2241E.svs,data/raw/tcga/wsi/332f9259-3864-4004-a2cc-7003225f49f1/TCGA-S9-A6WL-01Z-00-DX1.2AB33E11-47B6-4382-8EE3-181D97C2241E.svs,714.901707,aperio,SS1764CNTLR,40,0.2527,0.2527,85655,53546,4,40,01/20/14,ok,,TCGA-S9-A6WL
TCGA-HT-8113-01Z-00-DX1.641F5405-47CF-41C6-8EA4-4ABD6C677A46.svs,data/raw/tcga/wsi/33b8e562-09a1-459e-b8fa-30060bc76a5e/TCGA-HT-8113-01Z-00-DX1.641F5405-47CF-41C6-8EA4-4ABD6C677A46.svs,1520.628945,aperio,SS1763CNTLR,40,0.2525,0.2525,91632,88518,4,40,10/03/14,ok,,TCGA-HT-8113
TCGA-02-0004-01Z-00-DX1.d8189fdc-c669-48d5-bc9e-8ddf104caff6.svs,data/raw/tcga/wsi/33e59846-ed13-467e-80be-b08de5080813/TCGA-02-0004-01Z-00-DX1.d8189fdc-c669-48d5-bc9e-8ddf104caff6.svs,470.942301,aperio,SS1258,20,0.5025,0.5025,45082,30758,3,20,05/15/08,ok,,TCGA-02-0004
TCGA-DH-5141-01Z-00-DX1.26FDB9A2-CCA7-4B0C-9743-3C4E140B31D7.svs,data/raw/tcga/wsi/341c60c2-0fb3-4708-9484-047f28cbc00a/TCGA-DH-5141-01Z-00-DX1.26FDB9A2-CCA7-4B0C-9743-3C4E140B31D7.svs,1457.735121,aperio,SS1436CNTLR,40,0.2485,0.2485,102461,73772,4,40,07/16/14,ok,,TCGA-DH-5141
TCGA-06-0882-01Z-00-DX1.90e658c5-a34f-435e-972f-938ea89d0a6b.svs,data/raw/tcga/wsi/341e0c8a-e6ce-4b90-8062-941f8434cf9f/TCGA-06-0882-01Z-00-DX1.90e658c5-a34f-435e-972f-938ea89d0a6b.svs,182.717557,aperio,SS1302,20,0.5015,0.5015,40001,37939,3,20,10/01/09,ok,,TCGA-06-0882
TCGA-P5-A731-01Z-00-DX1.86F64744-416E-4645-B12F-D936E174CA2D.svs,data/raw/tcga/wsi/353fdd66-d57b-4d8d-a447-e82e791c7958/TCGA-P5-A731-01Z-00-DX1.86F64744-416E-4645-B12F-D936E174CA2D.svs,998.672043,aperio,SS1763CNTLR,40,0.2525,0.2525,75696,74980,4,40,12/29/14,ok,,TCGA-P5-A731
TCGA-HT-A5R9-01Z-00-DX1.B3EA778F-A070-4DFA-B07C-8C18B948C7F1.svs,data/raw/tcga/wsi/35b75e2b-2541-4185-a475-f9c63f05a205/TCGA-HT-A5R9-01Z-00-DX1.B3EA778F-A070-4DFA-B07C-8C18B948C7F1.svs,934.679317,aperio,SS1763CNTLR,40,0.2525,0.2525,87648,60214,4,40,10/03/14,ok,,TCGA-HT-A5R9
TCGA-FG-5965-01Z-00-DX1.f317c968-bc3d-47dc-b608-41cb98b6608e.svs,data/raw/tcga/wsi/35bd5153-a909-45c7-a20b-3e5cf68b51be/TCGA-FG-5965-01Z-00-DX1.f317c968-bc3d-47dc-b608-41cb98b6608e.svs,967.599853,aperio,SS1302,40,0.252,0.252,166908,84951,4,40,10/19/11,ok,,TCGA-FG-5965
TCGA-QH-A6CZ-01Z-00-DX1.90849167-11DA-4E74-900B-6D6449099A51.svs,data/raw/tcga/wsi/35e355d8-b73b-4809-8b0c-b4b07c027562/TCGA-QH-A6CZ-01Z-00-DX1.90849167-11DA-4E74-900B-6D6449099A51.svs,1204.674597,aperio,SS1540CNTLR,40,0.2465,0.2465,78064,79458,4,40,08/06/13,ok,,TCGA-QH-A6CZ
TCGA-CS-6186-01Z-00-DX1.0CF5363F-B6E6-459C-93FD-0BE69F18A51B.svs,data/raw/tcga/wsi/3670844e-7923-4b0e-b4de-0234936f1f9d/TCGA-CS-6186-01Z-00-DX1.0CF5363F-B6E6-459C-93FD-0BE69F18A51B.svs,345.986073,aperio,SS1302,40,0.252,0.252,119905,40195,4,40,07/16/12,ok,,TCGA-CS-6186
TCGA-06-0876-01Z-00-DX1.4268ceff-f46b-4d72-8606-45e79d935325.svs,data/raw/tcga/wsi/36b6652b-f57d-4306-9855-0bee44e97f96/TCGA-06-0876-01Z-00-DX1.4268ceff-f46b-4d72-8606-45e79d935325.svs,102.199347,aperio,SS1302,20,0.5015,0.5015,38001,23147,3,20,10/01/09,ok,,TCGA-06-0876
TCGA-41-2571-01Z-00-DX1.d0a404d6-6cd0-42ab-b7c7-a9c35b9efbb9.svs,data/raw/tcga/wsi/36c345aa-d2e6-4dda-a141-20d7d8ecbb1b/TCGA-41-2571-01Z-00-DX1.d0a404d6-6cd0-42ab-b7c7-a9c35b9efbb9.svs,107.032295,aperio,SS1302,40,0.252,0.252,132375,47141,4,40,08/04/11,ok,,TCGA-41-2571
TCGA-19-5956-01Z-00-DX1.f50d2a6f-1937-48ac-b198-e6d70870c75c.svs,data/raw/tcga/wsi/37e7dc59-2175-4db8-b907-eae3766e31c2/TCGA-19-5956-01Z-00-DX1.f50d2a6f-1937-48ac-b198-e6d70870c75c.svs,849.213001,aperio,SS1302,40,0.252,0.252,166908,75322,4,40,10/23/11,ok,,TCGA-19-5956
TCGA-DB-5281-01Z-00-DX1.1C19F78D-2E61-41E8-976D-0EC0A2A45031.svs,data/raw/tcga/wsi/3816d1f1-427f-44d9-a28b-a7a3676590f4/TCGA-DB-5281-01Z-00-DX1.1C19F78D-2E61-41E8-976D-0EC0A2A45031.svs,1910.489438,aperio,R0228416,40,0.2462,0.2462,100912,92342,4,40,02/13/13,ok,,TCGA-DB-5281
TCGA-TQ-A7RO-01Z-00-DX1.18B7FCA6-3AD0-43A1-B117-A9C8017DD783.svs,data/raw/tcga/wsi/3861f9b8-eafc-464a-9cbb-e9eaae4d37a3/TCGA-TQ-A7RO-01Z-00-DX1.18B7FCA6-3AD0-43A1-B117-A9C8017DD783.svs,2092.270785,aperio,SS1763CNTLR,40,0.2525,0.2525,127488,87308,4,40,12/02/14,ok,,TCGA-TQ-A7RO
TCGA-FG-6691-01Z-00-DX1.d5e614cf-985b-4ca1-9ded-4ff57e938df1.svs,data/raw/tcga/wsi/38b6cc97-4f90-49c9-a12d-17cfb7f25074/TCGA-FG-6691-01Z-00-DX1.d5e614cf-985b-4ca1-9ded-4ff57e938df1.svs,787.798511,aperio,SS1302,40,0.252,0.252,151560,76709,4,40,10/24/11,ok,,TCGA-FG-6691
TCGA-12-0616-01Z-00-DX1.b8f3138f-e73b-49bc-8354-a89e56232f56.svs,data/raw/tcga/wsi/38dcdb70-9c5e-420d-8489-245d8774a113/TCGA-12-0616-01Z-00-DX1.b8f3138f-e73b-49bc-8354-a89e56232f56.svs,164.408577,aperio,PATH-MCLEN001MS,20,0.4993,0.4993,74024,41741,3,20,10/30/08,ok,,TCGA-12-0616
TCGA-DB-A64W-01Z-00-DX1.25848BE9-A940-4827-88AA-555527EB81AA.svs,data/raw/tcga/wsi/394e1dfe-84bb-405d-8a55-d9efd862c222/TCGA-DB-A64W-01Z-00-DX1.25848BE9-A940-4827-88AA-555527EB81AA.svs,1026.804472,aperio,R0251491,40,0.247,0.247,69719,65398,4,40,06/11/14,ok,,TCGA-DB-A64W
TCGA-TM-A84C-01Z-00-DX1.07057BBD-79E9-4621-BCAB-8B8DC5BF44A6.svs,data/raw/tcga/wsi/3967ee18-fedd-4670-a568-5abc64f733c4/TCGA-TM-A84C-01Z-00-DX1.07057BBD-79E9-4621-BCAB-8B8DC5BF44A6.svs,396.355419,aperio,SS1764CNTLR,40,0.2527,0.2527,45815,92436,4,40,03/21/14,ok,,TCGA-TM-A84C
TCGA-TQ-A7RI-01Z-00-DX1.785D0C67-7621-4C2A-8EE2-393A842963B7.svs,data/raw/tcga/wsi/39936b9e-5dfd-4232-b038-bfe4446b234b/TCGA-TQ-A7RI-01Z-00-DX1.785D0C67-7621-4C2A-8EE2-393A842963B7.svs,1058.200401,aperio,SS1763CNTLR,40,0.2525,0.2525,87648,72914,4,40,12/02/14,ok,,TCGA-TQ-A7RI
TCGA-FG-A713-01Z-00-DX5.E66E88FF-6B6E-40D2-9F5D-32354198475D.svs,data/raw/tcga/wsi/3993e199-2b1b-4520-acfc-69c59d902ef8/TCGA-FG-A713-01Z-00-DX5.E66E88FF-6B6E-40D2-9F5D-32354198475D.svs,2837.360011,aperio,SS1764CNTLR,40,0.2527,0.2527,195215,90991,4,40,03/21/14,ok,,TCGA-FG-A713
TCGA-FG-8187-01Z-00-DX2.e9ba4a17-f5b7-4786-b4f3-29e0d79b5985.svs,data/raw/tcga/wsi/399c6a5a-ad0d-4cab-9d7e-130d8622fbdb/TCGA-FG-8187-01Z-00-DX2.e9ba4a17-f5b7-4786-b4f3-29e0d79b5985.svs,902.050859,aperio,SS1302,40,0.252,0.252,48921,56848,4,40,06/01/12,ok,,TCGA-FG-8187
TCGA-06-0210-01Z-00-DX3.4974dd3d-13bb-4200-ab3d-3dfd1dcffbb9.svs,data/raw/tcga/wsi/3a054310-884a-41ea-8a9e-e323511e39e0/TCGA-06-0210-01Z-00-DX3.4974dd3d-13bb-4200-ab3d-3dfd1dcffbb9.svs,259.836073,aperio,SS1258,20,0.5001,0.5001,51936,36078,3,20,11/03/08,ok,,TCGA-06-0210
TCGA-06-0184-01Z-00-DX1.aa1c8dbf-ae23-4f98-8b44-86bcbb24e839.svs,data/raw/tcga/wsi/3a15a5f1-034b-4e92-9f7b-7cce04f5fbce/TCGA-06-0184-01Z-00-DX1.aa1c8dbf-ae23-4f98-8b44-86bcbb24e839.svs,745.305829,aperio,SS1302,20,0.5015,0.5015,50002,34460,3,20,07/07/09,ok,,TCGA-06-0184
TCGA-06-0157-01Z-00-DX1.0bb9c6aa-3a9c-4d2b-9ce6-9a1cf54882a4.svs,data/raw/tcga/wsi/3a31a6ff-a193-4c71-a9c1-bb3f808c89bd/TCGA-06-0157-01Z-00-DX1.0bb9c6aa-3a9c-4d2b-9ce6-9a1cf54882a4.svs,91.663581,aperio,SS1302,20,0.504,0.504,14389,13935,2,20,12/05/08,ok,,TCGA-06-0157
TCGA-DH-A66D-01Z-00-DX1.95468350-314C-40AF-B409-14E3DE8B2AF8.svs,data/raw/tcga/wsi/3a57e0c7-70fe-44df-8f31-9dac4ec37302/TCGA-DH-A66D-01Z-00-DX1.95468350-314C-40AF-B409-14E3DE8B2AF8.svs,2010.300013,aperio,SS1436CNTLR,40,0.2485,0.2485,153214,86223,4,40,07/17/14,ok,,TCGA-DH-A66D
TCGA-HT-8558-01Z-00-DX1.0580D6EA-4DFC-456F-AD7E-EED64753A97B.svs,data/raw/tcga/wsi/3a8cf85e-9fef-4fa8-ad2d-14343e0b9d24/TCGA-HT-8558-01Z-00-DX1.0580D6EA-4DFC-456F-AD7E-EED64753A97B.svs,1056.834867,aperio,SS1763CNTLR,40,0.2525,0.2525,73704,79479,4,40,10/03/14,ok,,TCGA-HT-8558
TCGA-DU-5853-01Z-00-DX1.10c22c4b-d45c-45aa-830a-b2749c8bbcc4.svs,data/raw/tcga/wsi/3ab2a21d-13ec-404c-bdc9-363e274d7f35/TCGA-DU-5853-01Z-00-DX1.10c22c4b-d45c-45aa-830a-b2749c8bbcc4.svs,57.926039,aperio,SS1302,40,0.252,0.252,92087,22215,4,40,06/09/11,ok,,TCGA-DU-5853
TCGA-DU-7290-01Z-00-DX1.6C7C6F04-43D1-43B4-A68D-677E25AD5627.svs,data/raw/tcga/wsi/3b1403a0-25d6-43ba-a750-bc9279e33666/TCGA-DU-7290-01Z-00-DX1.6C7C6F04-43D1-43B4-A68D-677E25AD5627.svs,270.230884,aperio,SS1763CNTLR,40,0.2525,0.2525,111552,30354,4,40,12/18/13,ok,,TCGA-DU-7290
TCGA-06-0129-01Z-00-DX1.b7bddf7d-f39e-45e7-a78d-319d3a4d2dae.svs,data/raw/tcga/wsi/3bce9ea6-068d-4ea9-a2ef-d5f5cbadb944/TCGA-06-0129-01Z-00-DX1.b7bddf7d-f39e-45e7-a78d-319d3a4d2dae.svs,204.692265,aperio,SS1302,20,0.5015,0.5015,32001,30719,3,20,01/08/09,ok,,TCGA-06-0129
TCGA-08-0360-01Z-00-DX1.CE8208FA-E2FA-44C9-9EA7-9DE5278BD217.svs,data/raw/tcga/wsi/3c0d3434-f7d5-415d-93f6-a8505aa8fa1a/TCGA-08-0360-01Z-00-DX1.CE8208FA-E2FA-44C9-9EA7-9DE5278BD217.svs,777.231825,aperio,SS1763CNTLR,40,0.2525,0.2525,137448,55652,4,40,11/25/14,ok,,TCGA-08-0360
TCGA-06-5412-01Z-00-DX1.039632bd-2493-4a78-839c-3734eae662f8.svs,data/raw/tcga/wsi/3c3c5de5-e40e-4308-94f9-75ca1a3718ac/TCGA-06-5412-01Z-00-DX1.039632bd-2493-4a78-839c-3734eae662f8.svs,147.280837,aperio,SS1302,40,0.252,0.252,81535,32773,4,40,08/12/11,ok,,TCGA-06-5412
TCGA-TQ-A7RU-01Z-00-DX1.29C7A86C-6C94-480E-B74C-44ACC2B89A76.svs,data/raw/tcga/wsi/3cd29127-14ab-44a5-bf18-47134ce306a9/TCGA-TQ-A7RU-01Z-00-DX1.29C7A86C-6C94-480E-B74C-44ACC2B89A76.svs,3016.774299,aperio,SS1763CNTLR,40,0.2525,0.2525,173304,89975,4,40,12/02/14,ok,,TCGA-TQ-A7RU
TCGA-QH-A6CW-01Z-00-DX1.08892E79-CE6E-41BA-9070-740335844F2C.svs,data/raw/tcga/wsi/3cfa6d3d-21ed-4bfb-8ddc-2bf89a6752b6/TCGA-QH-A6CW-01Z-00-DX1.08892E79-CE6E-41BA-9070-740335844F2C.svs,1264.609467,aperio,SS1540CNTLR,40,0.2465,0.2465,85680,84429,4,40,08/06/13,ok,,TCGA-QH-A6CW
TCGA-HT-7601-01Z-00-DX1.F53B99B0-5123-41C1-9AB0-A0A786D6727F.svs,data/raw/tcga/wsi/3d106952-d62d-437c-bfa7-1844c486649c/TCGA-HT-7601-01Z-00-DX1.F53B99B0-5123-41C1-9AB0-A0A786D6727F.svs,1483.929909,aperio,SS1764CNTLR,40,0.2527,0.2527,121511,84738,4,40,03/10/14,ok,,TCGA-HT-7601
TCGA-DU-A7TB-01Z-00-DX1.D81A49F7-D5B5-42AC-BB15-24A8DBF3E2F3.svs,data/raw/tcga/wsi/3e2c3fd7-7dda-4afb-984f-ec2e556bbd59/TCGA-DU-A7TB-01Z-00-DX1.D81A49F7-D5B5-42AC-BB15-24A8DBF3E2F3.svs,197.591813,aperio,SS7168CNTLR,40,0.2526,0.2526,39839,30117,3,40,05/19/15,ok,,TCGA-DU-A7TB
TCGA-FG-7643-01Z-00-DX1.2F1D1287-FC69-4A7A-B401-9F48C0A2A7B9.svs,data/raw/tcga/wsi/3e59a94d-221a-4994-b057-4014aee44612/TCGA-FG-7643-01Z-00-DX1.2F1D1287-FC69-4A7A-B401-9F48C0A2A7B9.svs,449.495959,aperio,SS1302,40,0.252,0.252,136212,79373,4,40,04/03/12,ok,,TCGA-FG-7643
TCGA-HT-8012-01Z-00-DX1.6437C769-CD18-4DC2-8961-1E2C89018045.svs,data/raw/tcga/wsi/3e5cea5e-8b7a-42f5-a514-aa60c645a9e3/TCGA-HT-8012-01Z-00-DX1.6437C769-CD18-4DC2-8961-1E2C89018045.svs,2026.788365,aperio,SS1763CNTLR,40,0.2525,0.2525,149400,69666,4,40,10/03/14,ok,,TCGA-HT-8012
TCGA-QH-A6X9-01Z-00-DX1.D8ECA1DD-68D3-4987-9B23-1F9FA81955E0.svs,data/raw/tcga/wsi/3ed33126-9bf1-469b-8cd7-b9346863eaf1/TCGA-QH-A6X9-01Z-00-DX1.D8ECA1DD-68D3-4987-9B23-1F9FA81955E0.svs,1299.480725,aperio,SS1764CNTLR,40,0.2527,0.2527,87647,71458,4,40,12/03/13,ok,,TCGA-QH-A6X9
TCGA-19-2621-01Z-00-DX1.bfcead70-24b9-469b-bcfa-ccaf128b7486.svs,data/raw/tcga/wsi/3f1761a1-f342-4955-a393-69415525a744/TCGA-19-2621-01Z-00-DX1.bfcead70-24b9-469b-bcfa-ccaf128b7486.svs,54.727511,aperio,SS1302,40,0.252,0.252,73861,25862,4,40,09/12/12,ok,,TCGA-19-2621
TCGA-TM-A84B-01Z-00-DX1.8736E13D-D47F-462E-BD06-61767245C2F5.svs,data/raw/tcga/wsi/3f236430-3963-4791-bf08-58cf42d0462d/TCGA-TM-A84B-01Z-00-DX1.8736E13D-D47F-462E-BD06-61767245C2F5.svs,1056.001325,aperio,SS1764CNTLR,40,0.2527,0.2527,119519,86008,4,40,03/21/14,ok,,TCGA-TM-A84B
TCGA-41-2575-01Z-00-DX1.cdce8f65-3ac2-4e03-a655-9176ea272f7e.svs,data/raw/tcga/wsi/3f8af151-3be9-40fe-8311-a8e8c7f77a0e/TCGA-41-2575-01Z-00-DX1.cdce8f65-3ac2-4e03-a655-9176ea272f7e.svs,338.827247,aperio,SS1302,40,0.252,0.252,97843,68917,4,40,08/04/11,ok,,TCGA-41-2575
TCGA-08-0344-01Z-00-DX1.CBE3342B-101B-4610-809A-394AAA7ED421.svs,data/raw/tcga/wsi/3fa0ee1f-0d59-45c5-834f-cfd60e0fae3a/TCGA-08-0344-01Z-00-DX1.CBE3342B-101B-4610-809A-394AAA7ED421.svs,1066.419389,aperio,SS1763CNTLR,40,0.2525,0.2525,87648,72594,4,40,11/25/14,ok,,TCGA-08-0344
TCGA-27-1832-01Z-00-DX3.1130e0c6-dbb2-47bb-8769-85ac68bf0c87.svs,data/raw/tcga/wsi/4011b2f5-2ad8-43b3-98c6-03c68557cbd8/TCGA-27-1832-01Z-00-DX3.1130e0c6-dbb2-47bb-8769-85ac68bf0c87.svs,1064.739415,aperio,SS1302,20,0.5015,0.5015,56002,41393,3,20,01/27/10,ok,,TCGA-27-1832
TCGA-TQ-A7RN-01Z-00-DX2.60260503-3D8D-4A62-8250-4BF0CA227332.svs,data/raw/tcga/wsi/402a0a9c-6202-41d7-911a-f9b26d32ee35/TCGA-TQ-A7RN-01Z-00-DX2.60260503-3D8D-4A62-8250-4BF0CA227332.svs,1057.674695,aperio,SS1763CNTLR,40,0.2525,0.2525,139440,83631,4,40,12/02/14,ok,,TCGA-TQ-A7RN
TCGA-19-4068-01Z-00-DX1.923018f2-10fd-4191-a9f8-e098495f2377.svs,data/raw/tcga/wsi/4032e610-621f-4469-aeac-722e31dde38b/TCGA-19-4068-01Z-00-DX1.923018f2-10fd-4191-a9f8-e098495f2377.svs,113.011071,aperio,SS1302,40,0.252,0.252,112231,23896,4,40,09/11/12,ok,,TCGA-19-4068
TCGA-S9-A6WI-01Z-00-DX1.D3D90B50-C15D-4EB0-B721-AD655EA6F97A.svs,data/raw/tcga/wsi/40cbdf16-bb4f-44dc-89fe-207ca2d7fbc1/TCGA-S9-A6WI-01Z-00-DX1.D3D90B50-C15D-4EB0-B721-AD655EA6F97A.svs,2326.418683,aperio,SS1764CNTLR,40,0.2527,0.2527,145415,94222,4,40,01/20/14,ok,,TCGA-S9-A6WI
TCGA-TM-A84M-01Z-00-DX2.D73D0E2C-59B4-400F-B8DE-B49BACC45D26.svs,data/raw/tcga/wsi/41121410-9d9a-4563-8afd-83ef63919fba/TCGA-TM-A84M-01Z-00-DX2.D73D0E2C-59B4-400F-B8DE-B49BACC45D26.svs,1010.646665,aperio,SS1764CNTLR,40,0.2527,0.2527,95615,66218,4,40,03/21/14,ok,,TCGA-TM-A84M
TCGA-S9-A7IY-01Z-00-DX1.185F1FC6-576A-4AAF-9BE0-250489B3E7C4.svs,data/raw/tcga/wsi/416fc507-39bb-4a82-ad75-00e45fb89942/TCGA-S9-A7IY-01Z-00-DX1.185F1FC6-576A-4AAF-9BE0-250489B3E7C4.svs,773.002539,aperio,SS1764CNTLR,40,0.2527,0.2527,117527,59532,4,40,01/20/14,ok,,TCGA-S9-A7IY
TCGA-19-2625-01Z-00-DX1.812ac6a5-2d50-43eb-980c-d3d28e33129c.svs,data/raw/tcga/wsi/41cf07b3-fcbd-45c4-9d9c-a0ed6beafbfc/TCGA-19-2625-01Z-00-DX1.812ac6a5-2d50-43eb-980c-d3d28e33129c.svs,217.246503,aperio,SS1302,40,0.252,0.252,127579,50142,4,40,09/11/12,ok,,TCGA-19-2625
TCGA-27-2523-01Z-00-DX1.5DD91AEC-7050-4DDC-8B59-57006E7B9006.svs,data/raw/tcga/wsi/42422aa6-f1db-42d9-a7ca-66f63ae580b9/TCGA-27-2523-01Z-00-DX1.5DD91AEC-7050-4DDC-8B59-57006E7B9006.svs,1483.253167,aperio,SS1764CNTLR,40,0.2527,0.2527,103583,87136,4,40,07/02/14,ok,,TCGA-27-2523
TCGA-DB-5273-01Z-00-DX1.9E85A2F5-FB10-4C9F-A612-19FFB955C9FF.svs,data/raw/tcga/wsi/4248f5b0-e320-4c01-9286-42abc72cf583/TCGA-DB-5273-01Z-00-DX1.9E85A2F5-FB10-4C9F-A612-19FFB955C9FF.svs,2851.007556,aperio,R0228416,40,0.2462,0.2462,135184,88266,4,40,02/13/13,ok,,TCGA-DB-5273
TCGA-TM-A7C4-01Z-00-DX1.082C7A0D-CCAA-4D40-B7B5-1CDD1812DF57.svs,data/raw/tcga/wsi/433c3ace-b6a0-455b-bf45-792fad5aa02a/TCGA-TM-A7C4-01Z-00-DX1.082C7A0D-CCAA-4D40-B7B5-1CDD1812DF57.svs,1197.828349,aperio,SS1763CNTLR,40,0.2525,0.2525,89640,74686,4,40,01/16/14,ok,,TCGA-TM-A7C4
TCGA-02-0026-01Z-00-DX2.ff8b5c7e-b5ec-43e5-b078-54ab86737f6f.svs,data/raw/tcga/wsi/4371f265-af34-45ba-85ae-1b051ccf99e7/TCGA-02-0026-01Z-00-DX2.ff8b5c7e-b5ec-43e5-b078-54ab86737f6f.svs,1082.759221,aperio,SS1302,20,0.5015,0.5015,46002,37949,3,20,01/21/09,ok,,TCGA-02-0026
TCGA-TM-A7C3-01Z-00-DX1.8599EB66-7116-4CFA-A08D-9929AB55EA31.svs,data/raw/tcga/wsi/4393bc38-46ce-4483-97d7-604ee2efba14/TCGA-TM-A7C3-01Z-00-DX1.8599EB66-7116-4CFA-A08D-9929AB55EA31.svs,1228.490087,aperio,SS1763CNTLR,40,0.2525,0.2525,169320,62790,4,40,01/16/14,ok,,TCGA-TM-A7C3
TCGA-19-2631-01Z-00-DX1.cfe16b12-cd2e-4c77-927d-fa3c7ff54e11.svs,data/raw/tcga/wsi/4396a66e-fdcf-4166-9152-c96236842654/TCGA-19-2631-01Z-00-DX1.cfe16b12-cd2e-4c77-927d-fa3c7ff54e11.svs,74.350177,aperio,SS1302,40,0.252,0.252,80576,22369,4,40,09/11/12,ok,,TCGA-19-2631
TCGA-S9-A7QZ-01Z-00-DX1.8639F7A6-105E-475B-8836-644EFF95690D.svs,data/raw/tcga/wsi/43b936eb-43b5-4f0b-b195-70ddad88cd83/TCGA-S9-A7QZ-01Z-00-DX1.8639F7A6-105E-475B-8836-644EFF95690D.svs,1264.843833,aperio,SS1764CNTLR,40,0.2527,0.2527,123503,92502,4,40,01/20/14,ok,,TCGA-S9-A7QZ
TCGA-DU-6393-01Z-00-DX1.a91ec35c-6b09-4ea7-8c15-e13119177f74.svs,data/raw/tcga/wsi/43e23b7b-c296-4c78-81bd-2b7f927dc4a6/TCGA-DU-6393-01Z-00-DX1.a91ec35c-6b09-4ea7-8c15-e13119177f74.svs,237.246107,aperio,SS1302,40,0.252,0.252,111272,51278,4,40,06/09/11,ok,,TCGA-DU-6393
TCGA-DU-6402-01Z-00-DX1.d7027057-55c3-435a-ac9a-41d353f120db.svs,data/raw/tcga/wsi/43e99155-cd18-4178-9dbb-98b352ba78c2/TCGA-DU-6402-01Z-00-DX1.d7027057-55c3-435a-ac9a-41d353f120db.svs,443.066827,aperio,SS1302,40,0.252,0.252,94006,79535,4,40,06/09/11,ok,,TCGA-DU-6402
TCGA-DB-5276-01Z-00-DX1.3921BD4C-CC46-43A4-BECF-AAB9A35E6682.svs,data/raw/tcga/wsi/440b280b-fd6d-4a02-aa89-2aed325906fa/TCGA-DB-5276-01Z-00-DX1.3921BD4C-CC46-43A4-BECF-AAB9A35E6682.svs,1778.015032,aperio,R0228416,40,0.2462,0.2462,101864,85983,4,40,02/13/13,ok,,TCGA-DB-5276
TCGA-12-0828-01Z-00-DX2.E884D44B-E63F-47B3-BC43-F48A036EF99F.svs,data/raw/tcga/wsi/44249b12-8363-45de-8011-8ba82ca7dd36/TCGA-12-0828-01Z-00-DX2.E884D44B-E63F-47B3-BC43-F48A036EF99F.svs,104.894518,aperio,PATH-MCLEN001MS,20,0.4993,0.4993,42014,32821,3,20,12/03/09,ok,,TCGA-12-0828
TCGA-DU-7006-01Z-00-DX1.F91BD282-C5E5-441D-806E-354A1F78B04F.svs,data/raw/tcga/wsi/44405e35-43bd-4892-a2d2-e7158ea6968e/TCGA-DU-7006-01Z-00-DX1.F91BD282-C5E5-441D-806E-354A1F78B04F.svs,145.665584,aperio,SS1763CNTLR,40,0.2525,0.2525,33864,29713,3,40,12/18/13,ok,,TCGA-DU-7006
TCGA-P5-A780-01Z-00-DX1.0C36EA77-5B13-4AA8-8C11-BF9EDC5C9153.svs,data/raw/tcga/wsi/4480dc0e-f353-41eb-8ad1-6502bd7e3562/TCGA-P5-A780-01Z-00-DX1.0C36EA77-5B13-4AA8-8C11-BF9EDC5C9153.svs,1450.693291,aperio,SS7168CNTLR,40,0.2526,0.2526,113543,89771,4,40,04/16/15,ok,,TCGA-P5-A780
TCGA-DH-A66G-01Z-00-DX1.82A4242B-EAB4-4474-B5C9-27FD5C322201.svs,data/raw/tcga/wsi/44c448fb-d831-4699-bc2d-f4ff0f8166a3/TCGA-DH-A66G-01Z-00-DX1.82A4242B-EAB4-4474-B5C9-27FD5C322201.svs,1594.294627,aperio,SS1436CNTLR,40,0.2485,0.2485,166620,80537,4,40,07/17/14,ok,,TCGA-DH-A66G
TCGA-02-0068-01Z-00-DX1.B1C4CAA6-6493-4AA1-9A48-B4336BB8D16A.svs,data/raw/tcga/wsi/44e4df37-e252-495f-b4ff-362134febe52/TCGA-02-0068-01Z-00-DX1.B1C4CAA6-6493-4AA1-9A48-B4336BB8D16A.svs,865.699956,aperio,SS7054,40,0.2533,0.2533,57767,52377,4,40,10/01/14,ok,,TCGA-02-0068
TCGA-TQ-A7RH-01Z-00-DX1.9B62CBC8-597B-4DDC-8129-37D8977D2171.svs,data/raw/tcga/wsi/44e501f0-0509-404b-b6ae-b3884bf9343d/TCGA-TQ-A7RH-01Z-00-DX1.9B62CBC8-597B-4DDC-8129-37D8977D2171.svs,1760.887559,aperio,SS1763CNTLR,40,0.2525,0.2525,107568,79226,4,40,12/02/14,ok,,TCGA-TQ-A7RH
TCGA-DU-A5TT-01Z-00-DX1.86A745B4-0819-400D-9044-9A5ADC5276C7.svs,data/raw/tcga/wsi/45e17311-334a-49b1-892c-fcfad3235223/TCGA-DU-A5TT-01Z-00-DX1.86A745B4-0819-400D-9044-9A5ADC5276C7.svs,150.996789,aperio,SS7168CNTLR,40,0.2526,0.2526,33863,32716,3,40,05/19/15,ok,,TCGA-DU-A5TT
TCGA-RY-A843-01Z-00-DX1.CB0CAD7E-B970-419A-902D-2F97660D2372.svs,data/raw/tcga/wsi/460f73cd-abbb-4e7c-ad56-746358486023/TCGA-RY-A843-01Z-00-DX1.CB0CAD7E-B970-419A-902D-2F97660D2372.svs,1458.651005,aperio,SS1764CNTLR,40,0.2527,0.2527,103583,53682,4,40,04/15/14,ok,,TCGA-RY-A843
TCGA-14-1034-01Z-00-DX3.e0e02544-ae8a-476f-b380-dace7a3c6f2a.svs,data/raw/tcga/wsi/4612229b-3bf3-437e-8dde-ce2bb6d39096/TCGA-14-1034-01Z-00-DX3.e0e02544-ae8a-476f-b380-dace7a3c6f2a.svs,526.514697,aperio,SS1302,20,0.5015,0.5015,42001,39235,3,20,02/02/10,ok,,TCGA-14-1034
TCGA-06-0147-01Z-00-DX2.57e3c7a3-b271-4ab3-b6a0-aac29f5d52a6.svs,data/raw/tcga/wsi/46515f0c-29de-4fd3-8c1a-684770654dcb/TCGA-06-0147-01Z-00-DX2.57e3c7a3-b271-4ab3-b6a0-aac29f5d52a6.svs,314.511903,aperio,SS1302,20,0.504,0.504,58518,33302,3,20,10/06/08,ok,,TCGA-06-0147
TCGA-14-1453-01Z-00-DX4.023ea4a4-364c-4785-af1c-16e580cda290.svs,data/raw/tcga/wsi/467bc25e-a163-46b7-a3c0-dad861c9fac5/TCGA-14-1453-01Z-00-DX4.023ea4a4-364c-4785-af1c-16e580cda290.svs,864.319465,aperio,SS1302,20,0.5015,0.5015,48002,41328,3,20,02/02/10,ok,,TCGA-14-1453
TCGA-26-1799-01Z-00-DX1.630B7217-0B01-4CDD-8ABF-0EC4CF293476.svs,data/raw/tcga/wsi/468b406f-f95e-4952-912e-a2e8b240f92d/TCGA-26-1799-01Z-00-DX1.630B7217-0B01-4CDD-8ABF-0EC4CF293476.svs,1749.759367,aperio,SS1436CNTLR,40,0.2485,0.2485,116825,77258,4,40,07/16/14,ok,,TCGA-26-1799
TCGA-VM-A8CB-01Z-00-DX2.FF7BED61-5947-4261-8B9F-054B3E997B18.svs,data/raw/tcga/wsi/46c7f7cd-3650-4427-b66f-02028aba7794/TCGA-VM-A8CB-01Z-00-DX2.FF7BED61-5947-4261-8B9F-054B3E997B18.svs,2429.394943,aperio,SS1764CNTLR,40,0.2527,0.2527,133463,93283,4,40,03/01/14,ok,,TCGA-VM-A8CB
TCGA-19-5954-01Z-00-DX1.b2e11be4-3f71-4d05-9405-c41dee3fc5b5.svs,data/raw/tcga/wsi/478873a9-f45f-4b29-868d-469932a1f1b4/TCGA-19-5954-01Z-00-DX1.b2e11be4-3f71-4d05-9405-c41dee3fc5b5.svs,856.215081,aperio,SS1302,40,0.252,0.252,173623,85007,4,40,10/23/11,ok,,TCGA-19-5954
TCGA-P5-A730-01Z-00-DX1.D1267FDB-E9CF-445B-9E4F-B8D206CA7EC4.svs,data/raw/tcga/wsi/478fadc9-91ad-45dc-bdd0-fd3eddeabfed/TCGA-P5-A730-01Z-00-DX1.D1267FDB-E9CF-445B-9E4F-B8D206CA7EC4.svs,2474.541323,aperio,SS1763CNTLR,40,0.2525,0.2525,115536,89855,4,40,12/29/14,ok,,TCGA-P5-A730
TCGA-DB-A64P-01Z-00-DX1.A14552EE-4B33-4839-A733-00302D0BAFBC.svs,data/raw/tcga/wsi/47b56745-c939-4489-9e39-d65b29fffd01/TCGA-DB-A64P-01Z-00-DX1.A14552EE-4B33-4839-A733-00302D0BAFBC.svs,1401.934498,aperio,R0251491,40,0.247,0.247,91631,68394,4,40,06/11/14,ok,,TCGA-DB-A64P
TCGA-HW-A5KK-01Z-00-DX1.DBE8A4F7-456E-4094-93D8-10D3238E86DD.svs,data/raw/tcga/wsi/47f95ae1-1bd4-4e72-8ce8-34cdf0b74928/TCGA-HW-A5KK-01Z-00-DX1.DBE8A4F7-456E-4094-93D8-10D3238E86DD.svs,2627.245337,aperio,SS1552CNTLR,40,0.2468,0.2468,137088,92834,4,40,05/24/13,ok,,TCGA-HW-A5KK
TCGA-RR-A6KA-01Z-00-DX1.245ECFED-99ED-4A67-83FB-D194BFA2320C.svs,data/raw/tcga/wsi/482fa2be-a219-48f5-a8a6-ef10c3db7d6f/TCGA-RR-A6KA-01Z-00-DX1.245ECFED-99ED-4A67-83FB-D194BFA2320C.svs,492.929211,aperio,SS1764CNTLR,40,0.2527,0.2527,75695,65923,4,40,09/11/14,ok,,TCGA-RR-A6KA
TCGA-19-5953-01Z-00-DX1.c069ba1e-7819-4e22-b1cd-c431b93b1eb8.svs,data/raw/tcga/wsi/485b58fa-6a95-48c2-a734-e80574ea0399/TCGA-19-5953-01Z-00-DX1.c069ba1e-7819-4e22-b1cd-c431b93b1eb8.svs,1109.873747,aperio,SS1302,40,0.252,0.252,149642,84811,4,40,10/19/11,ok,,TCGA-19-5953
TCGA-S9-A6TY-01Z-00-DX1.C4A9E841-C3F4-4752-93E8-6478B7B88E60.svs,data/raw/tcga/wsi/48ca58ba-fc79-4701-b3e1-bd71757838e8/TCGA-S9-A6TY-01Z-00-DX1.C4A9E841-C3F4-4752-93E8-6478B7B88E60.svs,1594.133407,aperio,SS1764CNTLR,40,0.2527,0.2527,123503,85843,4,40,10/31/13,ok,,TCGA-S9-A6TY
TCGA-DB-5280-01Z-00-DX1.377DED7C-CE43-4735-A6C1-2C2D0A769B18.svs,data/raw/tcga/wsi/48cb40cc-ba9e-4f68-ae62-eceb0f44c113/TCGA-DB-5280-01Z-00-DX1.377DED7C-CE43-4735-A6C1-2C2D0A769B18.svs,1359.187942,aperio,R0228416,40,0.2462,0.2462,98056,75549,4,40,02/13/13,ok,,TCGA-DB-5280
TCGA-06-0185-01Z-00-DX1.63a424a7-724c-45f4-9eee-c7fc1eda49a6.svs,data/raw/tcga/wsi/498ec8cf-92e5-4232-b2b8-82e681b9245c/TCGA-06-0185-01Z-00-DX1.63a424a7-724c-45f4-9eee-c7fc1eda49a6.svs,528.182641,aperio,SS1302,20,0.5015,0.5015,38001,33601,3,20,07/07/09,ok,,TCGA-06-0185
TCGA-41-5651-01Z-00-DX1.84aa5ff7-d54c-43d7-8f03-c9012d303926.svs,data/raw/tcga/wsi/49917ca9-46fa-4f30-9d18-cf2dfcccef42/TCGA-41-5651-01Z-00-DX1.84aa5ff7-d54c-43d7-8f03-c9012d303926.svs,429.126943,aperio,SS1302,40,0.252,0.252,141009,62428,4,40,08/04/11,ok,,TCGA-41-5651
TCGA-19-2623-01Z-00-DX1.303097dd-33f1-4f95-990f-306ca2474b00.svs,data/raw/tcga/wsi/49b1192b-cd67-40a2-bfb6-e1bbec19b240/TCGA-19-2623-01Z-00-DX1.303097dd-33f1-4f95-990f-306ca2474b00.svs,87.754799,aperio,SS1302,40,0.252,0.252,143886,31261,4,40,09/11/12,ok,,TCGA-19-2623
TCGA-06-0189-01Z-00-DX4.bc4d88a2-dd59-41b4-9218-e3cb458bb5f4.svs,data/raw/tcga/wsi/4a644913-867b-428c-83b0-73f64124d76f/TCGA-06-0189-01Z-00-DX4.bc4d88a2-dd59-41b4-9218-e3cb458bb5f4.svs,916.476095,aperio,SS1302,20,0.5015,0.5015,82003,38934,4,20,10/06/09,ok,,TCGA-06-0189
TCGA-E1-A7Z2-01Z-00-DX1.241303FD-1841-4BF1-AB52-803B10647049.svs,data/raw/tcga/wsi/4ab46fb3-7427-4b4f-8de5-0c42cbc0372e/TCGA-E1-A7Z2-01Z-00-DX1.241303FD-1841-4BF1-AB52-803B10647049.svs,1550.999236,aperio,,40,0.25,0.25,93041,73709,4,40.000000,2014-10-27T17:09:38.42Z,ok,,TCGA-E1-A7Z2
TCGA-E1-A7Z4-01Z-00-DX2.4DFFB8EE-BE6E-46F0-AC6D-8CC65BDA9441.svs,data/raw/tcga/wsi/4b155127-e7e2-45dd-991d-a60da7b99817/TCGA-E1-A7Z4-01Z-00-DX2.4DFFB8EE-BE6E-46F0-AC6D-8CC65BDA9441.svs,2839.25874,aperio,,40,0.25,0.25,133413,94093,4,40.000000,2014-11-14T15:52:43.543Z,ok,,TCGA-E1-A7Z4
TCGA-TM-A84I-01Z-00-DX1.755573F1-0378-4E95-A755-CD8AB79ABEC1.svs,data/raw/tcga/wsi/4bd4fadc-22d1-4d35-93f9-50f60f53765a/TCGA-TM-A84I-01Z-00-DX1.755573F1-0378-4E95-A755-CD8AB79ABEC1.svs,452.633173,aperio,SS1764CNTLR,40,0.2527,0.2527,97607,82863,4,40,03/21/14,ok,,TCGA-TM-A84I
TCGA-S9-A6TU-01Z-00-DX1.58000391-215E-4740-AD40-1489B348922B.svs,data/raw/tcga/wsi/4c118ab5-56b5-4835-bccc-129c8b33b852/TCGA-S9-A6TU-01Z-00-DX1.58000391-215E-4740-AD40-1489B348922B.svs,92.820227,aperio,SS1764CNTLR,40,0.2527,0.2527,25895,31578,3,40,10/31/13,ok,,TCGA-S9-A6TU
TCGA-TQ-A7RM-01Z-00-DX1.007E0B3C-DEC7-4FCA-BB4D-E61EC489EDF4.svs,data/raw/tcga/wsi/4c25ced8-1119-42a9-a448-baa82af83ad2/TCGA-TQ-A7RM-01Z-00-DX1.007E0B3C-DEC7-4FCA-BB4D-E61EC489EDF4.svs,1838.039303,aperio,SS1763CNTLR,40,0.2525,0.2525,117528,89858,4,40,12/02/14,ok,,TCGA-TQ-A7RM
TCGA-FG-A6IZ-01Z-00-DX1.4E27D4BA-5E6C-4E51-97F4-5EE6148A4F29.svs,data/raw/tcga/wsi/4c43addc-9953-4f22-b5b8-c3f9b0346ff2/TCGA-FG-A6IZ-01Z-00-DX1.4E27D4BA-5E6C-4E51-97F4-5EE6148A4F29.svs,529.722187,aperio,SS1436CNTLR,40,0.2485,0.2485,48836,51640,4,40,09/23/13,ok,,TCGA-FG-A6IZ
TCGA-06-5411-01Z-00-DX1.08bf7f79-7346-4b1b-b8a7-e24abf11e848.svs,data/raw/tcga/wsi/4c558ac2-57f0-4acc-93c9-da4d1a24d0a6/TCGA-06-5411-01Z-00-DX1.08bf7f79-7346-4b1b-b8a7-e24abf11e848.svs,246.434437,aperio,SS1302,40,0.252,0.252,87291,48542,4,40,08/12/11,ok,,TCGA-06-5411
TCGA-OX-A56R-01Z-00-DX1.6AC88CAE-73F3-4ECF-AE06-E347574EB6E8.svs,data/raw/tcga/wsi/4c5aea35-1d2d-4cbd-912b-d49246de2ef1/TCGA-OX-A56R-01Z-00-DX1.6AC88CAE-73F3-4ECF-AE06-E347574EB6E8.svs,1159.498814,aperio,SS1475,40,0.2472,0.2472,119951,94728,4,40,11/19/12,ok,,TCGA-OX-A56R
TCGA-FG-8186-01Z-00-DX1.61031186-ca17-4c25-b7e8-b9a3f99a8242.svs,data/raw/tcga/wsi/4cc4455b-5887-45cc-a2a5-3a80a7d95ff6/TCGA-FG-8186-01Z-00-DX1.61031186-ca17-4c25-b7e8-b9a3f99a8242.svs,2541.409693,aperio,SS1302,40,0.252,0.252,94006,86130,4,40,06/01/12,ok,,TCGA-FG-8186
TCGA-06-1805-01Z-00-DX2.f917dda2-ae7d-403f-be46-b753059f8aaa.svs,data/raw/tcga/wsi/4cf91067-1690-422f-b146-5676d1022a0a/TCGA-06-1805-01Z-00-DX2.f917dda2-ae7d-403f-be46-b753059f8aaa.svs,180.219035,aperio,SS1302,20,0.5015,0.5015,28001,28543,3,20,10/05/09,ok,,TCGA-06-1805
TCGA-QH-A6X4-01Z-00-DX1.59C962C6-B2F6-4156-BA5F-ADAEF54BA4D8.svs,data/raw/tcga/wsi/4d313c7d-545f-48ed-acfd-74de11d96a1b/TCGA-QH-A6X4-01Z-00-DX1.59C962C6-B2F6-4156-BA5F-ADAEF54BA4D8.svs,1597.263893,aperio,SS1764CNTLR,40,0.2527,0.2527,103583,82063,4,40,12/03/13,ok,,TCGA-QH-A6X4
TCGA-19-5955-01Z-00-DX1.ef448923-881d-47cd-89fd-261f0a1c7f49.svs,data/raw/tcga/wsi/4db421ac-2d76-4e93-8cbe-397b5d22039b/TCGA-19-5955-01Z-00-DX1.ef448923-881d-47cd-89fd-261f0a1c7f49.svs,482.883569,aperio,SS1302,40,0.252,0.252,142927,66754,4,40,10/23/11,ok,,TCGA-19-5955
TCGA-RY-A83Z-01Z-00-DX1.38167693-2E5A-4179-AA91-8EDA1BA43FB0.svs,data/raw/tcga/wsi/4ddcc662-3ad7-43f6-b08e-1928cb5c6b63/TCGA-RY-A83Z-01Z-00-DX1.38167693-2E5A-4179-AA91-8EDA1BA43FB0.svs,107.827315,aperio,SS1764CNTLR,40,0.2527,0.2527,29879,21426,3,40,04/15/14,ok,,TCGA-RY-A83Z
TCGA-DU-A7TG-01Z-00-DX1.BB74AF60-791A-42D8-8798-8BCEF80F3C1D.svs,data/raw/tcga/wsi/4e34326e-c282-4db3-b845-2fe819d6f7bf/TCGA-DU-A7TG-01Z-00-DX1.BB74AF60-791A-42D8-8798-8BCEF80F3C1D.svs,210.935845,aperio,SS7168CNTLR,40,0.2526,0.2526,33863,26767,3,40,05/19/15,ok,,TCGA-DU-A7TG
TCGA-HT-7477-01Z-00-DX1.0CD24A76-2B82-4876-87A4-804E934C0A49.svs,data/raw/tcga/wsi/4e6b4293-2a2c-41dc-80d6-34939953d0e2/TCGA-HT-7477-01Z-00-DX1.0CD24A76-2B82-4876-87A4-804E934C0A49.svs,565.306211,aperio,SS1763CNTLR,40,0.2525,0.2525,69720,69824,4,40,10/03/14,ok,,TCGA-HT-7477
TCGA-19-A60I-01Z-00-DX5.05096091-8734-43DC-A096-51D5DC818831.svs,data/raw/tcga/wsi/4eb290d9-47d7-47a8-b486-9eb39a06ff57/TCGA-19-A60I-01Z-00-DX5.05096091-8734-43DC-A096-51D5DC818831.svs,447.551677,aperio,SS1534CNTLR,40,0.2456,0.2456,64736,44904,3,40,07/30/13,ok,,TCGA-19-A60I
TCGA-06-0174-01Z-00-DX4.9fdc2626-c1dc-4b4f-9452-6adb2f6397fb.svs,data/raw/tcga/wsi/4fd02044-66dd-404a-a14b-67c41f6360d9/TCGA-06-0174-01Z-00-DX4.9fdc2626-c1dc-4b4f-9452-6adb2f6397fb.svs,584.492703,aperio,SS1302,20,0.5015,0.5015,42001,34728,3,20,01/08/09,ok,,TCGA-06-0174
TCGA-HT-7694-01Z-00-DX6.6CA051B4-B862-4630-86BE-6E6CF5575C78.svs,data/raw/tcga/wsi/5006bc5c-0e8d-42d0-9eb3-2752d608061e/TCGA-HT-7694-01Z-00-DX6.6CA051B4-B862-4630-86BE-6E6CF5575C78.svs,1833.116211,aperio,SS1763CNTLR,40,0.2525,0.2525,105576,87261,4,40,03/10/14,ok,,TCGA-HT-7694
TCGA-08-0347-01Z-00-DX1.CA3BDEAA-1F85-43A9-99D8-9FB7ED6BCDBD.svs,data/raw/tcga/wsi/506ab636-f2fd-4c09-b6a9-3a711a43e97e/TCGA-08-0347-01Z-00-DX1.CA3BDEAA-1F85-43A9-99D8-9FB7ED6BCDBD.svs,1323.507953,aperio,SS1763CNTLR,40,0.2525,0.2525,101592,70051,4,40,11/25/14,ok,,TCGA-08-0347
TCGA-DU-7015-01Z-00-DX1.E604489D-E82C-4129-9CDC-16AD1D33B3F2.svs,data/raw/tcga/wsi/50a0fcf3-854f-4589-a0a6-f862a878b533/TCGA-DU-7015-01Z-00-DX1.E604489D-E82C-4129-9CDC-16AD1D33B3F2.svs,202.119146,aperio,SS1763CNTLR,40,0.2525,0.2525,51792,44061,3,40,12/18/13,ok,,TCGA-DU-7015
TCGA-HT-A619-01Z-00-DX1.15587DED-9F06-4295-A772-BAA51D7A2B9A.svs,data/raw/tcga/wsi/50e6f7a8-ec03-4473-b271-d819e703a6ad/TCGA-HT-A619-01Z-00-DX1.15587DED-9F06-4295-A772-BAA51D7A2B9A.svs,998.425919,aperio,SS1763CNTLR,40,0.2525,0.2525,79680,84638,4,40,10/04/14,ok,,TCGA-HT-A619
TCGA-DU-5874-01Z-00-DX1.ce55b450-4580-43b8-9fd1-2023e5fb1f65.svs,data/raw/tcga/wsi/50f45935-cc25-441c-9106-4877b0e90623/TCGA-DU-5874-01Z-00-DX1.ce55b450-4580-43b8-9fd1-2023e5fb1f65.svs,213.863913,aperio,SS1302,40,0.252,0.252,100720,32678,4,40,06/09/11,ok,,TCGA-DU-5874
TCGA-12-3646-01Z-00-DX2.A4BF4903-5889-474A-97AB-C3CC2210EAD4.svs,data/raw/tcga/wsi/5260fd87-456d-4ddc-a5a2-ebd1ed11618f/TCGA-12-3646-01Z-00-DX2.A4BF4903-5889-474A-97AB-C3CC2210EAD4.svs,211.264062,aperio,PATH-MCLEN001MS,20,0.4993,0.4993,72024,46867,4,20,09/21/10,ok,,TCGA-12-3646
TCGA-DH-5142-01Z-00-DX1.3C7EAF01-4DC5-4FBE-849D-17DD3A6B5D8D.svs,data/raw/tcga/wsi/534007d7-cc8c-435d-903b-69db65df22f9/TCGA-DH-5142-01Z-00-DX1.3C7EAF01-4DC5-4FBE-849D-17DD3A6B5D8D.svs,1622.890445,aperio,SS1436CNTLR,40,0.2485,0.2485,94801,76622,4,40,07/16/14,ok,,TCGA-DH-5142
TCGA-02-0048-01Z-00-DX1.ADB8ABD8-E1A1-4708-8ADF-0DE96AFADA27.svs,data/raw/tcga/wsi/535b0940-b4af-4776-b5ca-72e719b2295c/TCGA-02-0048-01Z-00-DX1.ADB8ABD8-E1A1-4708-8ADF-0DE96AFADA27.svs,2731.401404,aperio,SS7054,40,0.2533,0.2533,105575,88685,4,40,10/01/14,ok,,TCGA-02-0048
TCGA-FG-6688-01Z-00-DX1.8f282d89-9838-4295-8c58-9ee29d915b07.svs,data/raw/tcga/wsi/548b4ee0-c03e-423b-9686-c642c0df0ae2/TCGA-FG-6688-01Z-00-DX1.8f282d89-9838-4295-8c58-9ee29d915b07.svs,916.645055,aperio,SS1302,40,0.252,0.252,176501,85030,4,40,10/19/11,ok,,TCGA-FG-6688
TCGA-E1-A7YL-01Z-00-DX1.EA6413B5-B000-49AA-97CC-8E9A2495EED1.svs,data/raw/tcga/wsi/548c4f2a-a99c-4944-ab4b-d9458bad5ed4/TCGA-E1-A7YL-01Z-00-DX1.EA6413B5-B000-49AA-97CC-8E9A2495EED1.svs,3120.185732,aperio,,40,0.25,0.25,171748,83901,4,40.000000,2014-10-27T16:25:17.517Z,ok,,TCGA-E1-A7YL
TCGA-14-1037-01Z-00-DX1.4a7c2db6-d389-4194-ac24-8a739c68c7f3.svs,data/raw/tcga/wsi/54f5756d-fcaf-4658-bde7-8ad0431573f9/TCGA-14-1037-01Z-00-DX1.4a7c2db6-d389-4194-ac24-8a739c68c7f3.svs,503.683877,aperio,SS1302,20,0.5015,0.5015,64002,34327,3,20,01/29/10,ok,,TCGA-14-1037
TCGA-27-2521-01Z-00-DX1.31BCEBD8-3A69-4560-8077-40AF5BA0B955.svs,data/raw/tcga/wsi/5573a443-3c32-45ea-9094-e78241cd5bab/TCGA-27-2521-01Z-00-DX1.31BCEBD8-3A69-4560-8077-40AF5BA0B955.svs,1533.521671,aperio,SS1764CNTLR,40,0.2527,0.2527,97607,83180,4,40,07/02/14,ok,,TCGA-27-2521
TCGA-RY-A847-01Z-00-DX1.E137897D-0B07-401B-A106-BFF78C14F5D4.svs,data/raw/tcga/wsi/577ecd37-8412-4eb7-af04-cd353b0d1669/TCGA-RY-A847-01Z-00-DX1.E137897D-0B07-401B-A106-BFF78C14F5D4.svs,126.477591,aperio,SS1764CNTLR,40,0.2527,0.2527,37847,28869,3,40,04/15/14,ok,,TCGA-RY-A847
TCGA-08-0385-01Z-00-DX1.04C20116-FB88-429D-B6A2-77CF029676F5.svs,data/raw/tcga/wsi/5838f4f5-5308-45e4-8b2c-e55d66a8a4da/TCGA-08-0385-01Z-00-DX1.04C20116-FB88-429D-B6A2-77CF029676F5.svs,2046.256175,aperio,SS1763CNTLR,40,0.2525,0.2525,115536,78441,4,40,11/25/14,ok,,TCGA-08-0385
TCGA-06-0178-01Z-00-DX2.e49e7c16-8370-42ae-977b-f4bd62ad49b6.svs,data/raw/tcga/wsi/5842e78b-0953-4591-8554-8d0a588903e8/TCGA-06-0178-01Z-00-DX2.e49e7c16-8370-42ae-977b-f4bd62ad49b6.svs,1081.212829,aperio,SS1302,20,0.5015,0.5015,66003,37262,4,20,07/07/09,ok,,TCGA-06-0178
TCGA-DU-7019-01Z-00-DX1.94F228DF-0184-4D7F-9899-CCFEE24959C4.svs,data/raw/tcga/wsi/5880f8db-2f9f-471d-9c2b-0931bce4397e/TCGA-DU-7019-01Z-00-DX1.94F228DF-0184-4D7F-9899-CCFEE24959C4.svs,70.817352,aperio,SS1763CNTLR,40,0.2525,0.2525,27888,18929,3,40,12/18/13,ok,,TCGA-DU-7019
TCGA-DU-A7T6-01Z-00-DX1.9FCFC32F-0D18-4CE5-8CF3-34A7732FD76D.svs,data/raw/tcga/wsi/588b4260-5f4f-4421-a560-aebbbd842483/TCGA-DU-A7T6-01Z-00-DX1.9FCFC32F-0D18-4CE5-8CF3-34A7732FD76D.svs,171.763263,aperio,SS7168CNTLR,40,0.2526,0.2526,33863,39944,3,40,05/19/15,ok,,TCGA-DU-A7T6
TCGA-WY-A85D-01Z-00-DX1.FB8C252B-7A88-4B14-B3C9-217E3EA76008.svs,data/raw/tcga/wsi/59815d71-7089-43fd-913a-0c4167184cc1/TCGA-WY-A85D-01Z-00-DX1.FB8C252B-7A88-4B14-B3C9-217E3EA76008.svs,841.959463,aperio,SS1764CNTLR,40,0.2527,0.2527,135455,45241,4,40,02/25/14,ok,,TCGA-WY-A85D
TCGA-06-0197-01Z-00-DX1.8b3d8c3f-2320-4ab4-a9aa-e3b8a68d267f.svs,data/raw/tcga/wsi/59e57f1d-9bca-4bcc-9dd6-90565d487deb/TCGA-06-0197-01Z-00-DX1.8b3d8c3f-2320-4ab4-a9aa-e3b8a68d267f.svs,465.766075,aperio,SS1258,20,0.5001,0.5001,33958,45020,3,20,11/04/08,ok,,TCGA-06-0197
TCGA-DU-7018-01Z-00-DX1.75C2DA95-5661-4CC4-BF42-CF30137CEA9F.svs,data/raw/tcga/wsi/5a722348-ac27-40e8-a080-0656e5444604/TCGA-DU-7018-01Z-00-DX1.75C2DA95-5661-4CC4-BF42-CF30137CEA9F.svs,103.27687,aperio,SS1763CNTLR,40,0.2525,0.2525,33864,24728,3,40,12/18/13,ok,,TCGA-DU-7018
TCGA-KT-A74X-01Z-00-DX3.4DCD7F51-4CA2-4FAA-B2BB-9494D34C21F9.svs,data/raw/tcga/wsi/5aa026ad-4a69-44b9-beca-0c96d20a0e41/TCGA-KT-A74X-01Z-00-DX3.4DCD7F51-4CA2-4FAA-B2BB-9494D34C21F9.svs,2488.177427,aperio,SS1763CNTLR,40,0.2525,0.2525,117528,82140,4,40,08/05/14,ok,,TCGA-KT-A74X
TCGA-DH-5140-01Z-00-DX1.59175D15-3971-470B-85A0-E6984D4CA438.svs,data/raw/tcga/wsi/5b1a2666-a9ca-4af4-af76-b685ee994fb0/TCGA-DH-5140-01Z-00-DX1.59175D15-3971-470B-85A0-E6984D4CA438.svs,1491.281055,aperio,SS1436CNTLR,40,0.2485,0.2485,107249,86498,4,40,07/16/14,ok,,TCGA-DH-5140
TCGA-TQ-A7RP-01Z-00-DX1.21F73573-AC2E-4793-9EDF-AD1DF3875C82.svs,data/raw/tcga/wsi/5b520371-1968-4894-bf95-efadbd638b96/TCGA-TQ-A7RP-01Z-00-DX1.21F73573-AC2E-4793-9EDF-AD1DF3875C82.svs,2574.406787,aperio,SS1763CNTLR,40,0.2525,0.2525,127488,89880,4,40,12/02/14,ok,,TCGA-TQ-A7RP
TCGA-08-0389-01Z-00-DX1.F833FAB6-9A7B-4BBB-BF0B-3D4F18DBB8A2.svs,data/raw/tcga/wsi/5baddc65-9183-40a4-babf-f5176130cd22/TCGA-08-0389-01Z-00-DX1.F833FAB6-9A7B-4BBB-BF0B-3D4F18DBB8A2.svs,1011.094155,aperio,SS1763CNTLR,40,0.2525,0.2525,107568,71831,4,40,11/25/14,ok,,TCGA-08-0389
TCGA-19-5947-01Z-00-DX1.8f5a42c0-87d5-4c73-9dcb-f054c5a7a96f.svs,data/raw/tcga/wsi/5bca15d7-8dba-48c8-a001-4e235e8c13db/TCGA-19-5947-01Z-00-DX1.8f5a42c0-87d5-4c73-9dcb-f054c5a7a96f.svs,866.698589,aperio,SS1302,40,0.252,0.252,170745,84982,4,40,10/19/11,ok,,TCGA-19-5947
TCGA-4W-AA9S-01Z-00-DX1.97DA6C9F-ACD3-4A7B-894D-5EA4A4F4E5B3.svs,data/raw/tcga/wsi/5c798c4d-64c5-4f2b-ae78-cb4dbd8be897/TCGA-4W-AA9S-01Z-00-DX1.97DA6C9F-ACD3-4A7B-894D-5EA4A4F4E5B3.svs,1704.915027,aperio,SS1764CNTLR,40,0.2527,0.2527,105575,70645,4,40,07/01/14,ok,,TCGA-4W-AA9S
TCGA-08-0358-01Z-00-DX1.8510133b-16c5-4d60-813d-054b2cb3ad24.svs,data/raw/tcga/wsi/5cca4c25-8d66-4afa-a9ab-4a1762be2f6e/TCGA-08-0358-01Z-00-DX1.8510133b-16c5-4d60-813d-054b2cb3ad24.svs,745.465525,aperio,SS1302,20,0.5015,0.5015,52002,41338,3,20,06/20/08,ok,,TCGA-08-0358
TCGA-TQ-A8XE-02Z-00-DX1.818964A4-457E-4658-AF46-C89629B24EF4.svs,data/raw/tcga/wsi/5cfaefc7-f76f-4c28-92e0-579a1cb497e6/TCGA-TQ-A8XE-02Z-00-DX1.818964A4-457E-4658-AF46-C89629B24EF4.svs,2164.117785,aperio,SS1763CNTLR,40,0.2525,0.2525,151392,89928,4,40,12/02/14,ok,,TCGA-TQ-A8XE
TCGA-06-0878-01Z-00-DX1.75aa3e89-edcb-48c5-b778-7aae2085779f.svs,data/raw/tcga/wsi/5d52426b-04bd-4979-92c5-bbd8a7c1ab72/TCGA-06-0878-01Z-00-DX1.75aa3e89-edcb-48c5-b778-7aae2085779f.svs,245.908741,aperio,SS1302,20,0.5015,0.5015,36001,35114,3,20,10/01/09,ok,,TCGA-06-0878
TCGA-02-0011-01Z-00-DX1.7CF44982-AE5A-47A5-8D07-E526522DC094.svs,data/raw/tcga/wsi/5e00fe77-1758-4d0f-b9fc-6cf20c9d09a5/TCGA-02-0011-01Z-00-DX1.7CF44982-AE5A-47A5-8D07-E526522DC094.svs,1348.310508,aperio,SS7054,40,0.2533,0.2533,81671,63104,4,40,10/01/14,ok,,TCGA-02-0011
TCGA-06-0241-01Z-00-DX1.69ba208e-6941-454a-93ef-70268a646e62.svs,data/raw/tcga/wsi/5e37a05e-702f-4e9d-8abd-cf3f8a4f8f37/TCGA-06-0241-01Z-00-DX1.69ba208e-6941-454a-93ef-70268a646e62.svs,154.630837,aperio,SS1302,20,0.5015,0.5015,44002,35692,3,20,10/01/09,ok,,TCGA-06-0241
TCGA-DB-A4XB-01Z-00-DX1.FBF60AEC-EF2E-4771-A46C-7ABF60C99D9C.svs,data/raw/tcga/wsi/5e575854-2141-4f46-927e-062784c473d1/TCGA-DB-A4XB-01Z-00-DX1.FBF60AEC-EF2E-4771-A46C-7ABF60C99D9C.svs,1876.96816,aperio,R0228416,40,0.2462,0.2462,140896,87451,4,40,02/13/13,ok,,TCGA-DB-A4XB
TCGA-S9-A6WG-01Z-00-DX1.99FBC39A-F2DD-48F0-A5AB-52A508369C7A.svs,data/raw/tcga/wsi/5eaec783-445f-4482-a310-fe4733c2d2a4/TCGA-S9-A6WG-01Z-00-DX1.99FBC39A-F2DD-48F0-A5AB-52A508369C7A.svs,1269.864499,aperio,SS1764CNTLR,40,0.2527,0.2527,93623,77001,4,40,01/20/14,ok,,TCGA-S9-A6WG
TCGA-P5-A735-01Z-00-DX1.BCFB0C97-0D3A-40E0-8925-952CFFAC7084.svs,data/raw/tcga/wsi/5eb5b839-54b0-4f0c-8218-3ab7167eb195/TCGA-P5-A735-01Z-00-DX1.BCFB0C97-0D3A-40E0-8925-952CFFAC7084.svs,2691.867333,aperio,SS1763CNTLR,40,0.2525,0.2525,137448,89900,4,40,12/29/14,ok,,TCGA-P5-A735
TCGA-HT-7470-01Z-00-DX6.FCC6D7FE-FE43-4909-9505-6E90580A8F26.svs,data/raw/tcga/wsi/5ecd3b6e-c0b6-41dc-908f-48e7e38ee71e/TCGA-HT-7470-01Z-00-DX6.FCC6D7FE-FE43-4909-9505-6E90580A8F26.svs,1443.319057,aperio,SS1764CNTLR,40,0.2527,0.2527,107567,63350,4,40,09/10/14,ok,,TCGA-HT-7470
TCGA-HT-7692-01Z-00-DX1.F58C6AFF-315C-4FEC-80CB-51FB4976246B.svs,data/raw/tcga/wsi/5eddcbda-518f-4247-82a5-66c88665bc41/TCGA-HT-7692-01Z-00-DX1.F58C6AFF-315C-4FEC-80CB-51FB4976246B.svs,1609.298873,aperio,SS1763CNTLR,40,0.2525,0.2525,113544,80527,4,40,03/10/14,ok,,TCGA-HT-7692
TCGA-TQ-A7RQ-01Z-00-DX1.6351D204-06EA-4FDF-BCA2-B9448AE10F95.svs,data/raw/tcga/wsi/605e627e-d203-4305-bcf9-c4ad88b40453/TCGA-TQ-A7RQ-01Z-00-DX1.6351D204-06EA-4FDF-BCA2-B9448AE10F95.svs,3247.300005,aperio,SS1763CNTLR,40,0.2525,0.2525,175296,88368,4,40,12/02/14,ok,,TCGA-TQ-A7RQ
TCGA-TQ-A7RJ-01Z-00-DX1.8BE260A2-A7DB-4CA7-8B86-33BABEFE017B.svs,data/raw/tcga/wsi/607145ce-b1aa-4d8e-9890-633465259d68/TCGA-TQ-A7RJ-01Z-00-DX1.8BE260A2-A7DB-4CA7-8B86-33BABEFE017B.svs,2038.290043,aperio,SS1763CNTLR,40,0.2525,0.2525,117528,89858,4,40,12/02/14,ok,,TCGA-TQ-A7RJ
TCGA-12-0618-01Z-00-DX2.2addb6c6-fe61-44da-ab9a-59628b06d747.svs,data/raw/tcga/wsi/60763106-0c22-47ff-acf5-60cd9e6d606f/TCGA-12-0618-01Z-00-DX2.2addb6c6-fe61-44da-ab9a-59628b06d747.svs,1717.414921,aperio,SS1258,20,0.5001,0.5001,63922,45753,3,20,09/08/08,ok,,TCGA-12-0618
TCGA-27-1835-01Z-00-DX1.e391c3a2-eb2a-4c3d-94be-16951be30dab.svs,data/raw/tcga/wsi/61139c78-9413-456f-bb8a-d50f9a2649a5/TCGA-27-1835-01Z-00-DX1.e391c3a2-eb2a-4c3d-94be-16951be30dab.svs,764.130987,aperio,SS1302,20,0.5015,0.5015,58002,41409,3,20,01/27/10,ok,,TCGA-27-1835
TCGA-DU-A76K-01Z-00-DX1.8620CC08-5A61-4B36-8D4A-078348B5E345.svs,data/raw/tcga/wsi/61697cac-c9bf-404f-8d29-4e352b14463d/TCGA-DU-A76K-01Z-00-DX1.8620CC08-5A61-4B36-8D4A-078348B5E345.svs,227.271255,aperio,SS7168CNTLR,40,0.2526,0.2526,33863,34800,3,40,05/19/15,ok,,TCGA-DU-A76K
TCGA-12-0773-01Z-00-DX2.d9489f48-bc7a-41a4-9dd8-b12e3a0748d0.svs,data/raw/tcga/wsi/638f7f0e-2dce-4fc3-bc00-b4cd88dc39f1/TCGA-12-0773-01Z-00-DX2.d9489f48-bc7a-41a4-9dd8-b12e3a0748d0.svs,136.867135,aperio,PATH-MCLEN001MS,20,0.4993,0.4993,58019,44200,3,20,11/29/08,ok,,TCGA-12-0773
TCGA-P5-A72U-01Z-00-DX1.47271109-22C2-4339-9868-CDB86166E449.svs,data/raw/tcga/wsi/63f3d8c1-ac99-4fd5-a3fe-d264ec7e589a/TCGA-P5-A72U-01Z-00-DX1.47271109-22C2-4339-9868-CDB86166E449.svs,938.725611,aperio,SS1763CNTLR,40,0.2525,0.2525,93624,69871,4,40,12/29/14,ok,,TCGA-P5-A72U
TCGA-12-0656-01Z-00-DX1.08311e56-c469-459d-8dcc-22dc26be4372.svs,data/raw/tcga/wsi/645480a3-36ba-4b1c-8a15-5e179f5d6038/TCGA-12-0656-01Z-00-DX1.08311e56-c469-459d-8dcc-22dc26be4372.svs,138.932317,aperio,PATH-MCLEN001MS,20,0.4993,0.4993,66022,44623,3,20,10/30/08,ok,,TCGA-12-0656
TCGA-S9-A6WN-01Z-00-DX1.FEEA7335-8225-4DA8-9AE1-3DA1B6EFCAE5.svs,data/raw/tcga/wsi/64e37ed8-56f5-4e3f-8dfb-1e50004c2dce/TCGA-S9-A6WN-01Z-00-DX1.FEEA7335-8225-4DA8-9AE1-3DA1B6EFCAE5.svs,803.369241,aperio,SS1764CNTLR,40,0.2527,0.2527,73703,74171,4,40,01/20/14,ok,,TCGA-S9-A6WN
TCGA-R8-A6MK-01Z-00-DX7.B3475A5B-4A7A-4DBD-BF65-EA2ADA3FD684.svs,data/raw/tcga/wsi/65460ade-b997-40a7-b2c1-d444e9ea4378/TCGA-R8-A6MK-01Z-00-DX7.B3475A5B-4A7A-4DBD-BF65-EA2ADA3FD684.svs,3392.354238,aperio,SS7095,40,0.2517,0.2517,100911,92838,4,40,11/13/14,ok,,TCGA-R8-A6MK
TCGA-R8-A6MO-01Z-00-DX4.DE4E2CDD-DE75-4377-979E-4435E539877C.svs,data/raw/tcga/wsi/655929d0-a1d4-4099-b124-2ea1e90723d5/TCGA-R8-A6MO-01Z-00-DX4.DE4E2CDD-DE75-4377-979E-4435E539877C.svs,3283.490212,aperio,SS7095,40,0.2517,0.2517,178975,54144,4,40,11/12/14,ok,,TCGA-R8-A6MO
TCGA-E1-A7YK-01Z-00-DX1.C2402DDF-A57D-4548-9607-5826928453EF.svs,data/raw/tcga/wsi/65997a2b-f5d4-4cdd-85ee-cb9b200625df/TCGA-E1-A7YK-01Z-00-DX1.C2402DDF-A57D-4548-9607-5826928453EF.svs,3608.970794,aperio,,40,0.25,0.25,169776,94093,4,40.000000,2014-10-27T14:19:14.993Z,ok,,TCGA-E1-A7YK
TCGA-S9-A6TX-01Z-00-DX1.014EF743-329E-441F-8FB3-46DB2F2D23F1.svs,data/raw/tcga/wsi/6655bded-a509-448f-bab9-5a4989dfa63f/TCGA-S9-A6TX-01Z-00-DX1.014EF743-329E-441F-8FB3-46DB2F2D23F1.svs,3457.829199,aperio,SS1764CNTLR,40,0.2527,0.2527,135455,91061,4,40,10/31/13,ok,,TCGA-S9-A6TX
TCGA-S9-A7R8-01Z-00-DX1.1F2A9518-C2FC-46DC-ACB8-6CBA1D8EF9A2.svs,data/raw/tcga/wsi/66797a01-530d-4f75-92cf-fa3a83a36077/TCGA-S9-A7R8-01Z-00-DX1.1F2A9518-C2FC-46DC-ACB8-6CBA1D8EF9A2.svs,1747.356677,aperio,SS1764CNTLR,40,0.2527,0.2527,133463,89637,4,40,01/20/14,ok,,TCGA-S9-A7R8
TCGA-RY-A845-01Z-00-DX1.224F7848-0356-4EC3-BADF-F64E6EDA9A05.svs,data/raw/tcga/wsi/673b1fd0-39ae-4685-a75e-dfffdfc73cd7/TCGA-RY-A845-01Z-00-DX1.224F7848-0356-4EC3-BADF-F64E6EDA9A05.svs,710.407551,aperio,SS1764CNTLR,40,0.2527,0.2527,79679,61162,4,40,04/15/14,ok,,TCGA-RY-A845
TCGA-P5-A72Z-01Z-00-DX1.096F894F-C7EE-4CBC-A024-26B4513126A7.svs,data/raw/tcga/wsi/673e3e83-43df-41f2-a8b7-472ae2ac5f23/TCGA-P5-A72Z-01Z-00-DX1.096F894F-C7EE-4CBC-A024-26B4513126A7.svs,894.439167,aperio,SS1763CNTLR,40,0.2525,0.2525,93624,58136,4,40,12/29/14,ok,,TCGA-P5-A72Z
TCGA-TQ-A7RS-01Z-00-DX1.D03F0DCF-1713-4ACA-AA75-6156995A5193.svs,data/raw/tcga/wsi/67d893c8-8b90-4a8f-b692-4118c27e3a54/TCGA-TQ-A7RS-01Z-00-DX1.D03F0DCF-1713-4ACA-AA75-6156995A5193.svs,1556.867619,aperio,SS1763CNTLR,40,0.2525,0.2525,77688,77558,4,40,12/02/14,ok,,TCGA-TQ-A7RS
TCGA-HT-7474-01Z-00-DX2.BDFBF2D3-53F0-42D3-BFDB-48967E446390.svs,data/raw/tcga/wsi/688003cb-ca0a-41bf-abf6-01d719ab7c3f/TCGA-HT-7474-01Z-00-DX2.BDFBF2D3-53F0-42D3-BFDB-48967E446390.svs,735.254465,aperio,SS1764CNTLR,40,0.2527,0.2527,65735,62606,4,40,03/10/14,ok,,TCGA-HT-7474
TCGA-DB-A64L-01Z-00-DX1.95A7A10B-D31F-4A8E-B847-2F43F9DC1C46.svs,data/raw/tcga/wsi/68b1f3b9-fc8c-47b0-9931-b922e1771b1f/TCGA-DB-A64L-01Z-00-DX1.95A7A10B-D31F-4A8E-B847-2F43F9DC1C46.svs,1707.376114,aperio,R0251491,40,0.247,0.247,127487,59520,4,40,06/11/14,ok,,TCGA-DB-A64L
TCGA-FG-A4MY-01Z-00-DX1.EB81EFA3-9B05-4480-8570-8D16B923D655.svs,data/raw/tcga/wsi/69730cc5-e181-4d70-8427-289e32f629d2/TCGA-FG-A4MY-01Z-00-DX1.EB81EFA3-9B05-4480-8570-8D16B923D655.svs,397.763029,aperio,SS1552CNTLR,40,0.2468,0.2468,66640,42917,4,40,03/08/13,ok,,TCGA-FG-A4MY
TCGA-DU-A5TS-01Z-00-DX1.FD62A1B8-0B55-4441-B650-9A8C7AEC8859.svs,data/raw/tcga/wsi/69d182be-18c2-42b5-b0b2-d6a5f6084f34/TCGA-DU-A5TS-01Z-00-DX1.FD62A1B8-0B55-4441-B650-9A8C7AEC8859.svs,100.220941,aperio,SS7168CNTLR,40,0.2526,0.2526,23903,21988,3,40,05/19/15,ok,,TCGA-DU-A5TS
TCGA-19-0957-01Z-00-DX1.8d965dd2-33a9-4ece-b902-0c4152cb63e8.svs,data/raw/tcga/wsi/69d85a07-847c-4e67-b8e1-3eb7a00a83dd/TCGA-19-0957-01Z-00-DX1.8d965dd2-33a9-4ece-b902-0c4152cb63e8.svs,289.651151,aperio,SS1546,40,0.2457,0.2457,83664,70894,4,40,03/22/11,ok,,TCGA-19-0957
TCGA-HT-7874-01Z-00-DX5.9D6023D0-0655-4FD6-8D24-7019CE7E8ADD.svs,data/raw/tcga/wsi/6a81417c-c999-4df1-a26b-25dd50e03369/TCGA-HT-7874-01Z-00-DX5.9D6023D0-0655-4FD6-8D24-7019CE7E8ADD.svs,1311.959161,aperio,SS1763CNTLR,40,0.2525,0.2525,121512,79415,4,40,03/11/14,ok,,TCGA-HT-7874
TCGA-02-0010-01Z-00-DX3.33a67e8f-8bb6-498a-8c39-88b893c80b9e.svs,data/raw/tcga/wsi/6aa4fc93-07e2-49f1-8738-7a51575a4564/TCGA-02-0010-01Z-00-DX3.33a67e8f-8bb6-498a-8c39-88b893c80b9e.svs,984.447491,aperio,SS1302,20,0.5015,0.5015,56002,39071,3,20,01/21/09,ok,,TCGA-02-0010
TCGA-19-2624-01Z-00-DX1.c01c3780-3e33-4068-8ce4-c67db1cccacb.svs,data/raw/tcga/wsi/6aaba619-a4cd-42f0-b6ff-5e8f8ce6a503/TCGA-19-2624-01Z-00-DX1.c01c3780-3e33-4068-8ce4-c67db1cccacb.svs,76.611735,aperio,SS1302,40,0.252,0.252,119905,35373,4,40,09/11/12,ok,,TCGA-19-2624
TCGA-06-0190-01Z-00-DX1.84da294a-81f2-4820-b72e-f084769f771a.svs,data/raw/tcga/wsi/6b40e885-cfe3-4187-9eec-f6685cff4f2f/TCGA-06-0190-01Z-00-DX1.84da294a-81f2-4820-b72e-f084769f771a.svs,361.822933,aperio,SS1302,20,0.5015,0.5015,38001,25566,3,20,10/01/09,ok,,TCGA-06-0190
TCGA-DU-7302-01Z-00-DX1.DF58DDC5-A6B1-4DE2-A048-A800099F8876.svs,data/raw/tcga/wsi/6c6403e4-f3f9-4020-8ac1-bb557c593b06/TCGA-DU-7302-01Z-00-DX1.DF58DDC5-A6B1-4DE2-A048-A800099F8876.svs,190.2119,aperio,SS1763CNTLR,40,0.2525,0.2525,41832,39699,3,40,12/18/13,ok,,TCGA-DU-7302
TCGA-HT-7879-01Z-00-DX3.8FE9F4DF-1A18-4A09-A796-70FEF7C512A9.svs,data/raw/tcga/wsi/6ca2c341-76cb-4280-9027-3e4ad786b1e0/TCGA-HT-7879-01Z-00-DX3.8FE9F4DF-1A18-4A09-A796-70FEF7C512A9.svs,939.432029,aperio,SS1763CNTLR,40,0.2525,0.2525,81672,64703,4,40,03/11/14,ok,,TCGA-HT-7879
TCGA-15-0742-01Z-00-DX2.9887D468-E71E-4A1D-AC13-EED57D2BD20A.svs,data/raw/tcga/wsi/6d0a5ec6-3645-4418-976a-7825bb4b38de/TCGA-15-0742-01Z-00-DX2.9887D468-E71E-4A1D-AC13-EED57D2BD20A.svs,891.729348,aperio,R0228416,40,0.2462,0.2462,99960,64136,4,40,02/13/13,ok,,TCGA-15-0742
TCGA-HT-7854-01Z-00-DX2.FDFCD4CA-A809-4DDF-A680-FB4A6948F575.svs,data/raw/tcga/wsi/6d2306ee-8ff6-40b2-9eee-ed66dcede2b6/TCGA-HT-7854-01Z-00-DX2.FDFCD4CA-A809-4DDF-A680-FB4A6948F575.svs,983.894695,aperio,SS1763CNTLR,40,0.2525,0.2525,91632,74048,4,40,03/10/14,ok,,TCGA-HT-7854
TCGA-HW-7495-01Z-00-DX1.6453ae00-7849-4b90-ac8f-fd32791d21b1.svs,data/raw/tcga/wsi/6d237796-dfd7-4a00-b44d-78ea26ec3a49/TCGA-HW-7495-01Z-00-DX1.6453ae00-7849-4b90-ac8f-fd32791d21b1.svs,543.856811,aperio,SS1302,40,0.252,0.252,95924,75239,4,40,04/18/12,ok,,TCGA-HW-7495
TCGA-06-6391-01Z-00-DX1.b5200991-137b-49e9-965c-0d8465e0d63e.svs,data/raw/tcga/wsi/6d4a6b50-a67d-45cf-837d-27e62fc4c18d/TCGA-06-6391-01Z-00-DX1.b5200991-137b-49e9-965c-0d8465e0d63e.svs,197.138779,aperio,SS1302,40,0.252,0.252,70024,51696,4,40,08/12/11,ok,,TCGA-06-6391
TCGA-HT-7693-01Z-00-DX2.7BF80AA3-52C6-4AA2-B85E-93BF3F906EA9.svs,data/raw/tcga/wsi/6da1ed8e-743f-4a8e-a333-a69aa875f1ce/TCGA-HT-7693-01Z-00-DX2.7BF80AA3-52C6-4AA2-B85E-93BF3F906EA9.svs,494.473907,aperio,SS1763CNTLR,40,0.2525,0.2525,55776,74621,4,40,03/10/14,ok,,TCGA-HT-7693
TCGA-DU-A5TR-01Z-00-DX1.87D9C8FE-7163-4E84-BA81-2B02E0193377.svs,data/raw/tcga/wsi/6dc408ed-ba9f-4958-a88e-6354ad0ee303/TCGA-DU-A5TR-01Z-00-DX1.87D9C8FE-7163-4E84-BA81-2B02E0193377.svs,113.685789,aperio,SS7168CNTLR,40,0.2526,0.2526,27887,22611,3,40,05/19/15,ok,,TCGA-DU-A5TR
TCGA-HT-7690-01Z-00-DX2.70B38C74-164C-466F-BE38-983466C22733.svs,data/raw/tcga/wsi/6eb65f2c-90aa-47a8-8525-f91b0801827e/TCGA-HT-7690-01Z-00-DX2.70B38C74-164C-466F-BE38-983466C22733.svs,1034.726789,aperio,SS1764CNTLR,40,0.2527,0.2527,81671,59892,4,40,09/11/14,ok,,TCGA-HT-7690
TCGA-26-A7UX-01Z-00-DX1.C84437DC-E699-41A2-8D4F-722389C3D8ED.svs,data/raw/tcga/wsi/6f5b07b2-7e5b-4ae6-8c2b-d5b56aa00bfc/TCGA-26-A7UX-01Z-00-DX1.C84437DC-E699-41A2-8D4F-722389C3D8ED.svs,1255.798875,aperio,SS1436CNTLR,40,0.2485,0.2485,154171,74745,4,40,07/16/14,ok,,TCGA-26-A7UX
TCGA-FG-A60J-01Z-00-DX1.1A313634-0CA2-40B4-998A-58871CF2A5CE.svs,data/raw/tcga/wsi/6faada71-0e98-471c-b661-81b100244687/TCGA-FG-A60J-01Z-00-DX1.1A313634-0CA2-40B4-998A-58871CF2A5CE.svs,1630.369105,aperio,SS1534CNTLR,40,0.2456,0.2456,122808,70394,4,40,07/30/13,ok,,TCGA-FG-A60J
TCGA-DH-A7UV-01Z-00-DX1.498CA010-9528-4F9F-82D8-4C12376B5B2A.svs,data/raw/tcga/wsi/6fbc3544-e7d0-40b3-8b89-0ce15ee95b2a/TCGA-DH-A7UV-01Z-00-DX1.498CA010-9528-4F9F-82D8-4C12376B5B2A.svs,1778.587309,aperio,SS1436CNTLR,40,0.2485,0.2485,166620,79771,4,40,07/17/14,ok,,TCGA-DH-A7UV
TCGA-HW-A5KM-01Z-00-DX1.A8D3FF2B-3E88-46E0-8EFE-E2820F352EB1.svs,data/raw/tcga/wsi/6fe7f074-124d-49fd-bcaf-95894c257e2f/TCGA-HW-A5KM-01Z-00-DX1.A8D3FF2B-3E88-46E0-8EFE-E2820F352EB1.svs,524.323025,aperio,SS1552CNTLR,40,0.2468,0.2468,90440,60435,4,40,05/24/13,ok,,TCGA-HW-A5KM
TCGA-FG-A4MT-02Z-00-DX3.1EB377EB-35FD-420F-9CD9-4A9E4B75EB53.svs,data/raw/tcga/wsi/702ae26b-6983-47db-98c0-dd3ae475227f/TCGA-FG-A4MT-02Z-00-DX3.1EB377EB-35FD-420F-9CD9-4A9E4B75EB53.svs,2313.117236,aperio,SS1552CNTLR,40,0.2468,0.2468,134232,91858,4,40,03/08/13,ok,,TCGA-FG-A4MT
TCGA-DU-5852-01Z-00-DX1.2abc3f8e-6ed5-4526-80b4-d84dc4d983b8.svs,data/raw/tcga/wsi/702e9f5c-3ddc-4186-85a7-37e853efbede/TCGA-DU-5852-01Z-00-DX1.2abc3f8e-6ed5-4526-80b4-d84dc4d983b8.svs,199.329171,aperio,SS1302,40,0.252,0.252,92087,29309,4,40,06/09/11,ok,,TCGA-DU-5852
TCGA-S9-A7QW-01Z-00-DX1.C07FEA9E-6FED-46C9-9133-11A18A877832.svs,data/raw/tcga/wsi/705bb6f4-5d19-457b-983a-26da5402ff9b/TCGA-S9-A7QW-01Z-00-DX1.C07FEA9E-6FED-46C9-9133-11A18A877832.svs,351.256471,aperio,SS1764CNTLR,40,0.2527,0.2527,75695,44362,4,40,01/20/14,ok,,TCGA-S9-A7QW
TCGA-DU-A76L-01Z-00-DX1.1FCFF046-82EF-42B4-937F-CEFD63D3E713.svs,data/raw/tcga/wsi/70e6735b-3777-4271-b3c0-291626ca2297/TCGA-DU-A76L-01Z-00-DX1.1FCFF046-82EF-42B4-937F-CEFD63D3E713.svs,192.631291,aperio,SS7168CNTLR,40,0.2526,0.2526,41831,43450,3,40,05/19/15,ok,,TCGA-DU-A76L
TCGA-02-0075-01Z-00-DX1.2BFAAE68-2B16-4F00-B412-074E7073EBD3.svs,data/raw/tcga/wsi/71b88c9a-e40b-41f8-ab1c-f45ddc638c7b/TCGA-02-0075-01Z-00-DX1.2BFAAE68-2B16-4F00-B412-074E7073EBD3.svs,1370.940676,aperio,SS7054,40,0.2533,0.2533,81671,53416,4,40,10/01/14,ok,,TCGA-02-0075
TCGA-HW-A5KL-01Z-00-DX1.9BE3C44C-8738-4F55-8CCD-DBE3A92A88CE.svs,data/raw/tcga/wsi/71fee743-bbc5-4a62-a752-b3f11d65bf8f/TCGA-HW-A5KL-01Z-00-DX1.9BE3C44C-8738-4F55-8CCD-DBE3A92A88CE.svs,800.570095,aperio,SS1552CNTLR,40,0.2468,0.2468,79968,80046,4,40,05/24/13,ok,,TCGA-HW-A5KL
TCGA-F6-A8O3-01Z-00-DX1.64B49CF2-4626-48BE-88B5-646E0BDF520C.svs,data/raw/tcga/wsi/7220a35a-5de2-4ebc-88e7-5a5ef1575fd4/TCGA-F6-A8O3-01Z-00-DX1.64B49CF2-4626-48BE-88B5-646E0BDF520C.svs,373.786437,aperio,SS1763CNTLR,40,0.2525,0.2525,51792,66089,4,40,11/26/13,ok,,TCGA-F6-A8O3
TCGA-S9-A6U9-01Z-00-DX1.320C7173-3FAF-4661-8C0D-2C7B46BF17D9.svs,data/raw/tcga/wsi/73b60a10-af8f-4f27-9cae-0030d140662b/TCGA-S9-A6U9-01Z-00-DX1.320C7173-3FAF-4661-8C0D-2C7B46BF17D9.svs,1417.098437,aperio,SS1764CNTLR,40,0.2527,0.2527,135455,82976,4,40,11/01/13,ok,,TCGA-S9-A6U9
TCGA-DU-6410-01Z-00-DX1.468e7f40-088d-426a-9458-7079ebcacc98.svs,data/raw/tcga/wsi/73e89fc9-134b-449e-988e-51737a0652f0/TCGA-DU-6410-01Z-00-DX1.468e7f40-088d-426a-9458-7079ebcacc98.svs,56.306231,aperio,SS1302,40,0.252,0.252,23021,24690,3,40,06/09/11,ok,,TCGA-DU-6410
TCGA-14-1794-01Z-00-DX1.90a1497f-3308-4c70-afc9-4fbfd6e378e5.svs,data/raw/tcga/wsi/7464dc1d-4905-44f2-89cf-3069579195b4/TCGA-14-1794-01Z-00-DX1.90a1497f-3308-4c70-afc9-4fbfd6e378e5.svs,196.040703,aperio,SS1302,20,0.5015,0.5015,24001,30677,3,20,01/29/10,ok,,TCGA-14-1794
TCGA-S9-A7QX-01Z-00-DX1.8BF2EF3C-45E5-4242-9A72-9A915396B934.svs,data/raw/tcga/wsi/748db840-702d-4248-92b2-317df057c24b/TCGA-S9-A7QX-01Z-00-DX1.8BF2EF3C-45E5-4242-9A72-9A915396B934.svs,1728.861589,aperio,SS1764CNTLR,40,0.2527,0.2527,103583,94270,4,40,01/20/14,ok,,TCGA-S9-A7QX
TCGA-WY-A858-01Z-00-DX1.4D36E628-9C20-46D9-8617-C6903A1535A9.svs,data/raw/tcga/wsi/74e99647-e258-4b09-800e-24b25da416fc/TCGA-WY-A858-01Z-00-DX1.4D36E628-9C20-46D9-8617-C6903A1535A9.svs,1869.582753,aperio,SS1764CNTLR,40,0.2527,0.2527,129479,62531,4,40,02/25/14,ok,,TCGA-WY-A858
TCGA-08-0390-01Z-00-DX1.01310651-CD52-4244-8C13-44001BBAC17E.svs,data/raw/tcga/wsi/752c8762-352d-418b-a4cd-d0175332082d/TCGA-08-0390-01Z-00-DX1.01310651-CD52-4244-8C13-44001BBAC17E.svs,968.374279,aperio,SS1763CNTLR,40,0.2525,0.2525,145416,69334,4,40,11/25/14,ok,,TCGA-08-0390
TCGA-HT-A5RC-01Z-00-DX1.6E1C0CF0-7D7D-4F5B-8D65-451AA9AE8B61.svs,data/raw/tcga/wsi/755874c8-1e6c-4b5d-b145-aa244fc6a2a1/TCGA-HT-A5RC-01Z-00-DX1.6E1C0CF0-7D7D-4F5B-8D65-451AA9AE8B61.svs,1369.236499,aperio,SS1763CNTLR,40,0.2525,0.2525,67728,76895,4,40,10/03/14,ok,,TCGA-HT-A5RC
TCGA-14-0867-01Z-00-DX1.4fa49d35-0a00-4ab6-b521-28401389a469.svs,data/raw/tcga/wsi/75764864-db1a-4a48-a6e4-1fcf53fdf4b4/TCGA-14-0867-01Z-00-DX1.4fa49d35-0a00-4ab6-b521-28401389a469.svs,1243.722679,aperio,SS1302,20,0.504,0.504,84420,41239,4,20,12/05/08,ok,,TCGA-14-0867
TCGA-E1-A7YM-01Z-00-DX1.4F454CC1-2AA5-40BF-ACBB-AF80B740311A.svs,data/raw/tcga/wsi/758f39c9-6353-4748-a09c-338d96efc636/TCGA-E1-A7YM-01Z-00-DX1.4F454CC1-2AA5-40BF-ACBB-AF80B740311A.svs,2018.26028,aperio,,40,0.25,0.25,101129,87978,4,40.000000,2014-10-27T17:09:33.867Z,ok,,TCGA-E1-A7YM
TCGA-DU-7306-01Z-00-DX1.254D61E6-1AE1-43DE-AABB-9FDDAC1355D4.svs,data/raw/tcga/wsi/75a2e0a2-b856-49dd-bf51-dba160f7d9a9/TCGA-DU-7306-01Z-00-DX1.254D61E6-1AE1-43DE-AABB-9FDDAC1355D4.svs,483.828956,aperio,SS1763CNTLR,40,0.2525,0.2525,111552,34696,4,40,12/18/13,ok,,TCGA-DU-7306
TCGA-FG-6689-01Z-00-DX1.378dc7f0-a35e-4157-bcb3-1bb8bf87fee8.svs,data/raw/tcga/wsi/75a6e914-5b03-485d-9309-098a728082f3/TCGA-FG-6689-01Z-00-DX1.378dc7f0-a35e-4157-bcb3-1bb8bf87fee8.svs,1041.358559,aperio,SS1302,40,0.252,0.252,165949,84949,4,40,10/24/11,ok,,TCGA-FG-6689
TCGA-02-0074-01Z-00-DX1.41EA5863-D100-444D-AC5F-E2E5F5A22D20.svs,data/raw/tcga/wsi/75ec21af-2cfc-4a8e-a72a-d3b439c14ce8/TCGA-02-0074-01Z-00-DX1.41EA5863-D100-444D-AC5F-E2E5F5A22D20.svs,3467.210592,aperio,SS7054,40,0.2533,0.2533,121511,91794,4,40,10/01/14,ok,,TCGA-02-0074
TCGA-HT-7604-01Z-00-DX1.6889187F-B89A-4CC0-8224-709DFF523FEE.svs,data/raw/tcga/wsi/763e084a-85a0-4883-b67f-12ad3660617e/TCGA-HT-7604-01Z-00-DX1.6889187F-B89A-4CC0-8224-709DFF523FEE.svs,167.081719,aperio,SS1764CNTLR,40,0.2527,0.2527,41831,44718,3,40,09/17/14,ok,,TCGA-HT-7604
TCGA-DB-A4XC-01Z-00-DX2.7CFAE472-1951-436C-B3E6-F05A96FF5773.svs,data/raw/tcga/wsi/763e9523-e46c-4a9d-a0ce-4f374cf4e1e5/TCGA-DB-A4XC-01Z-00-DX2.7CFAE472-1951-436C-B3E6-F05A96FF5773.svs,1059.11215,aperio,R0228416,40,0.2462,0.2462,67592,76527,4,40,02/13/13,ok,,TCGA-DB-A4XC
TCGA-E1-A7YV-01Z-00-DX1.1218FD83-3D09-43CD-A5EF-CA8F6EB74A11.svs,data/raw/tcga/wsi/764ae22d-0512-43d6-a62d-582fa5d8e69d/TCGA-E1-A7YV-01Z-00-DX1.1218FD83-3D09-43CD-A5EF-CA8F6EB74A11.svs,1758.611538,aperio,,40,0.25,0.25,105140,73709,4,40.000000,2014-10-27T16:25:19.66Z,ok,,TCGA-E1-A7YV
TCGA-HT-8011-01Z-00-DX1.C3EBC225-3BE8-4B24-9EAD-2389EB999026.svs,data/raw/tcga/wsi/76898780-eb5d-40cd-8e96-46a138a83b00/TCGA-HT-8011-01Z-00-DX1.C3EBC225-3BE8-4B24-9EAD-2389EB999026.svs,2555.131399,aperio,SS1763CNTLR,40,0.2525,0.2525,165336,86420,4,40,10/03/14,ok,,TCGA-HT-8011
TCGA-TM-A84T-01Z-00-DX1.31D6FC27-464A-41A1-8CB2-5E7B3862EE9C.svs,data/raw/tcga/wsi/77104b68-3068-4f7e-819b-cb31cccc7ff2/TCGA-TM-A84T-01Z-00-DX1.31D6FC27-464A-41A1-8CB2-5E7B3862EE9C.svs,1831.096813,aperio,SS1764CNTLR,40,0.2527,0.2527,127487,91072,4,40,03/21/14,ok,,TCGA-TM-A84T
TCGA-R8-A6YH-01Z-00-DX1.8BD665EB-9E34-4E8C-820D-08B796F55DDE.svs,data/raw/tcga/wsi/77177ecf-0c49-4eb9-a109-318a34ca2f9b/TCGA-R8-A6YH-01Z-00-DX1.8BD665EB-9E34-4E8C-820D-08B796F55DDE.svs,800.804623,aperio,SS1764CNTLR,40,0.2527,0.2527,97607,69545,4,40,03/23/15,ok,,TCGA-R8-A6YH
TCGA-12-3650-01Z-00-DX2.454C5969-2EAD-4521-9662-11D814257B93.svs,data/raw/tcga/wsi/774c0b65-5d0e-46ff-8f84-257e659169ee/TCGA-12-3650-01Z-00-DX2.454C5969-2EAD-4521-9662-11D814257B93.svs,239.186216,aperio,PATH-MCLEN001MS,20,0.4993,0.4993,88029,46903,4,20,09/21/10,ok,,TCGA-12-3650
TCGA-HW-8322-01Z-00-DX1.B6F32F6B-7FA3-42E4-98CB-F2F55208F7C4.svs,data/raw/tcga/wsi/77908aa4-4d84-488f-bf54-2c492572de67/TCGA-HW-8322-01Z-00-DX1.B6F32F6B-7FA3-42E4-98CB-F2F55208F7C4.svs,1471.442371,aperio,SS1534CNTLR,40,0.2456,0.2456,151368,90982,4,40,12/11/12,ok,,TCGA-HW-8322
TCGA-26-5132-01Z-00-DX1.390D6188-C9C6-4DD2-8CCE-A43444F28EE5.svs,data/raw/tcga/wsi/77a031ae-0e80-4181-bd73-cdc02ba7630e/TCGA-26-5132-01Z-00-DX1.390D6188-C9C6-4DD2-8CCE-A43444F28EE5.svs,1503.692263,aperio,SS1436CNTLR,40,0.2485,0.2485,127359,83825,4,40,07/16/14,ok,,TCGA-26-5132
TCGA-RR-A6KC-01Z-00-DX1.1D8F656F-9A5D-4143-847F-DD47B79E15E4.svs,data/raw/tcga/wsi/78619b2d-0697-48f2-b976-69ca6fb25c52/TCGA-RR-A6KC-01Z-00-DX1.1D8F656F-9A5D-4143-847F-DD47B79E15E4.svs,906.297467,aperio,SS1764CNTLR,40,0.2527,0.2527,95615,73669,4,40,09/11/14,ok,,TCGA-RR-A6KC
TCGA-27-1837-01Z-00-DX1.27b8fc01-d46e-459e-b4b9-6b80bf7dc6a9.svs,data/raw/tcga/wsi/78aea666-4775-4211-a192-a8b948e351fe/TCGA-27-1837-01Z-00-DX1.27b8fc01-d46e-459e-b4b9-6b80bf7dc6a9.svs,739.196345,aperio,SS1302,20,0.5015,0.5015,60002,36584,3,20,01/27/10,ok,,TCGA-27-1837
TCGA-DU-A6S3-01Z-00-DX1.08CE6930-D4E8-4084-A8C0-F2911B069E72.svs,data/raw/tcga/wsi/798a6d7c-f793-4428-ba7f-2f4174b1b9ce/TCGA-DU-A6S3-01Z-00-DX1.08CE6930-D4E8-4084-A8C0-F2911B069E72.svs,183.676651,aperio,SS7168CNTLR,40,0.2526,0.2526,75695,31417,4,40,05/19/15,ok,,TCGA-DU-A6S3
TCGA-TQ-A7RW-01Z-00-DX1.05F422AA-ED7B-4D53-9B32-2B7CEFB85021.svs,data/raw/tcga/wsi/7b339fee-c4f4-4ce4-b26c-a2042a1e5a30/TCGA-TQ-A7RW-01Z-00-DX1.05F422AA-ED7B-4D53-9B32-2B7CEFB85021.svs,1502.482901,aperio,SS1763CNTLR,40,0.2525,0.2525,83664,82233,4,40,12/02/14,ok,,TCGA-TQ-A7RW
TCGA-19-1790-01Z-00-DX1.f3a28d6f-80ed-4327-ba1e-317dc76ab693.svs,data/raw/tcga/wsi/7ba8a746-ed8d-4056-9452-770b9e2cba05/TCGA-19-1790-01Z-00-DX1.f3a28d6f-80ed-4327-ba1e-317dc76ab693.svs,140.667627,aperio,SS1302,40,0.252,0.252,157316,86651,4,40,09/11/12,ok,,TCGA-19-1790
TCGA-TM-A84Q-01Z-00-DX1.692F1A0A-E05E-4C53-8AE0-EF1E1B6297EA.svs,data/raw/tcga/wsi/7bc07cb0-5235-48d8-9c69-c33107d308d1/TCGA-TM-A84Q-01Z-00-DX1.692F1A0A-E05E-4C53-8AE0-EF1E1B6297EA.svs,1697.376275,aperio,SS1764CNTLR,40,0.2527,0.2527,159359,92301,4,40,03/21/14,ok,,TCGA-TM-A84Q
TCGA-HT-A5R5-01Z-00-DX1.4C1365AB-C04C-4E31-B759-031060F2473A.svs,data/raw/tcga/wsi/7c453c6c-9630-43cc-8b34-e55600641e9e/TCGA-HT-A5R5-01Z-00-DX1.4C1365AB-C04C-4E31-B759-031060F2473A.svs,1319.440359,aperio,SS1763CNTLR,40,0.2525,0.2525,95616,73254,4,40,10/03/14,ok,,TCGA-HT-A5R5
TCGA-S9-A7R3-01Z-00-DX1.32E490D2-AAAA-4AB2-8036-AB4B713F03EA.svs,data/raw/tcga/wsi/7c6f0b85-968a-42af-b052-a127e6504518/TCGA-S9-A7R3-01Z-00-DX1.32E490D2-AAAA-4AB2-8036-AB4B713F03EA.svs,2104.318641,aperio,SS1764CNTLR,40,0.2527,0.2527,131471,88054,4,40,01/20/14,ok,,TCGA-S9-A7R3
TCGA-HT-7680-01Z-00-DX2.97354FFD-A8D4-400F-9FEA-7C69C47D4A57.svs,data/raw/tcga/wsi/7c866367-5ee8-4910-942d-0c41a22e7a1f/TCGA-HT-7680-01Z-00-DX2.97354FFD-A8D4-400F-9FEA-7C69C47D4A57.svs,1155.664207,aperio,SS1764CNTLR,40,0.2527,0.2527,89639,81763,4,40,03/10/14,ok,,TCGA-HT-7680
TCGA-87-5896-01Z-00-DX1.abb74502-c77b-43b6-8897-9f42ccaca6c6.svs,data/raw/tcga/wsi/7caf95b9-a206-47df-86e9-b65c44b5fe61/TCGA-87-5896-01Z-00-DX1.abb74502-c77b-43b6-8897-9f42ccaca6c6.svs,58.667667,aperio,SS1302,40,0.252,0.252,66187,23773,4,40,05/04/11,ok,,TCGA-87-5896
TCGA-19-5950-01Z-00-DX1.4ee3aa4f-8cd7-4acd-b6e3-2829adf8da7a.svs,data/raw/tcga/wsi/7cb3ff3b-3709-417b-bb6f-f61453a52689/TCGA-19-5950-01Z-00-DX1.4ee3aa4f-8cd7-4acd-b6e3-2829adf8da7a.svs,354.641433,aperio,SS1302,40,0.252,0.252,92087,82054,4,40,12/01/11,ok,,TCGA-19-5950
TCGA-06-5416-01Z-00-DX1.43924d9a-373d-4c69-bc85-4d0d0f26fc14.svs,data/raw/tcga/wsi/7cf261a9-758c-425c-8a5f-8a5fa4620c74/TCGA-06-5416-01Z-00-DX1.43924d9a-373d-4c69-bc85-4d0d0f26fc14.svs,85.287003,aperio,SS1302,40,0.252,0.252,100720,16708,4,40,08/12/11,ok,,TCGA-06-5416
TCGA-06-0168-01Z-00-DX3.6a390bd7-bbe8-4cdf-a562-2ef52d781186.svs,data/raw/tcga/wsi/7d5dc2b1-3378-49e2-8e9b-7c2be67683f9/TCGA-06-0168-01Z-00-DX3.6a390bd7-bbe8-4cdf-a562-2ef52d781186.svs,1359.773431,aperio,SS1302,20,0.5015,0.5015,52002,43862,3,20,01/08/09,ok,,TCGA-06-0168
TCGA-HT-8010-01Z-00-DX1.43C29B1E-B4D4-451A-8ACC-44C016FAB6FC.svs,data/raw/tcga/wsi/7e786201-00bc-41e1-bf94-ea195daa495e/TCGA-HT-8010-01Z-00-DX1.43C29B1E-B4D4-451A-8ACC-44C016FAB6FC.svs,1310.901339,aperio,SS1763CNTLR,40,0.2525,0.2525,93624,79360,4,40,10/03/14,ok,,TCGA-HT-8010
TCGA-19-2619-01Z-00-DX1.ed7e1a51-2352-4162-81f2-4a3b3bdab22c.svs,data/raw/tcga/wsi/7ed12f8c-44cf-4348-ae1b-b19a678b09ef/TCGA-19-2619-01Z-00-DX1.ed7e1a51-2352-4162-81f2-4a3b3bdab22c.svs,553.455341,aperio,SS1302,40,0.252,0.252,88250,65286,4,40,07/25/12,ok,,TCGA-19-2619
TCGA-S9-A6WH-01Z-00-DX1.DDBE3C83-36D7-4969-BFFE-7FAA8014633B.svs,data/raw/tcga/wsi/7ef353f4-14b2-4541-887d-3334fc60cd0d/TCGA-S9-A6WH-01Z-00-DX1.DDBE3C83-36D7-4969-BFFE-7FAA8014633B.svs,884.959087,aperio,SS1764CNTLR,40,0.2527,0.2527,65735,67997,4,40,01/20/14,ok,,TCGA-S9-A6WH
TCGA-DU-8168-01Z-00-DX1.e89da367-c6d4-4eb6-8d2e-96a0f8c8cd4a.svs,data/raw/tcga/wsi/7f0e0d90-0668-4184-80bc-0240a186b127/TCGA-DU-8168-01Z-00-DX1.e89da367-c6d4-4eb6-8d2e-96a0f8c8cd4a.svs,210.203325,aperio,SS1302,40,0.252,0.252,33573,22235,3,40,09/11/12,ok,,TCGA-DU-8168
TCGA-HT-8114-01Z-00-DX1.C91CF38E-8921-4CCB-97E7-E285E3F7E6AC.svs,data/raw/tcga/wsi/7f2aad63-653d-4974-9d40-96ae8c618bdd/TCGA-HT-8114-01Z-00-DX1.C91CF38E-8921-4CCB-97E7-E285E3F7E6AC.svs,1158.729219,aperio,SS1763CNTLR,40,0.2525,0.2525,79680,74506,4,40,10/03/14,ok,,TCGA-HT-8114
TCGA-02-0009-01Z-00-DX3.BAA1276B-E4D7-43D4-BDDF-807532462518.svs,data/raw/tcga/wsi/80b2033f-aff5-4e36-935b-51831224c74b/TCGA-02-0009-01Z-00-DX3.BAA1276B-E4D7-43D4-BDDF-807532462518.svs,2049.140526,aperio,SS7054,40,0.2533,0.2533,99599,53954,4,40,10/01/14,ok,,TCGA-02-0009
TCGA-27-1833-01Z-00-DX1.1f6bd333-6e85-41b0-a5b1-9e5e8b992e3d.svs,data/raw/tcga/wsi/8109f645-4940-489e-962b-37324b4163f6/TCGA-27-1833-01Z-00-DX1.1f6bd333-6e85-41b0-a5b1-9e5e8b992e3d.svs,888.412953,aperio,SS1302,20,0.5015,0.5015,54002,39969,3,20,01/27/10,ok,,TCGA-27-1833
TCGA-26-5135-01Z-00-DX1.928F0E13-33FE-4669-9DCE-A53654D99764.svs,data/raw/tcga/wsi/817c9edf-05bb-4fd2-964e-8631014628c8/TCGA-26-5135-01Z-00-DX1.928F0E13-33FE-4669-9DCE-A53654D99764.svs,803.155293,aperio,SS1436CNTLR,40,0.2485,0.2485,102461,68926,4,40,07/16/14,ok,,TCGA-26-5135
TCGA-02-0086-01Z-00-DX1.E43AA83C-3FD5-4807-A272-8C5415A9226A.svs,data/raw/tcga/wsi/818dc501-92ba-485d-a324-0c644c7f48cd/TCGA-02-0086-01Z-00-DX1.E43AA83C-3FD5-4807-A272-8C5415A9226A.svs,2528.996926,aperio,SS7054,40,0.2533,0.2533,87647,80558,4,40,10/01/14,ok,,TCGA-02-0086
TCGA-12-1089-01Z-00-DX1.E68DFC4E-748F-41E3-BC77-361421A74517.svs,data/raw/tcga/wsi/81b8e7db-11e6-4c2b-a70b-6041de53a3a7/TCGA-12-1089-01Z-00-DX1.E68DFC4E-748F-41E3-BC77-361421A74517.svs,148.98192,aperio,PATH-MCLEN001MS,20,0.4993,0.4993,70023,44712,4,20,09/22/09,ok,,TCGA-12-1089
TCGA-DU-5849-01Z-00-DX1.e7b1aee3-be94-4472-a7b1-313b7dc8986b.svs,data/raw/tcga/wsi/8228768b-794b-4245-a632-a676c8a116f3/TCGA-DU-5849-01Z-00-DX1.e7b1aee3-be94-4472-a7b1-313b7dc8986b.svs,439.204297,aperio,SS1302,40,0.252,0.252,73861,84188,4,40,06/09/11,ok,,TCGA-DU-5849
TCGA-QH-A6X5-01Z-00-DX1.A5F05E37-81B8-4390-8C0B-4DD1FDBC3853.svs,data/raw/tcga/wsi/82bd1c22-6567-487c-a49b-29c1fb55c760/TCGA-QH-A6X5-01Z-00-DX1.A5F05E37-81B8-4390-8C0B-4DD1FDBC3853.svs,1469.363123,aperio,SS1764CNTLR,40,0.2527,0.2527,93623,85087,4,40,12/03/13,ok,,TCGA-QH-A6X5
TCGA-06-0166-01Z-00-DX1.f0c10e84-1591-4ac1-9d14-0eb468f155f1.svs,data/raw/tcga/wsi/82f6b777-e91b-419c-aeb8-d4d213e9f505/TCGA-06-0166-01Z-00-DX1.f0c10e84-1591-4ac1-9d14-0eb468f155f1.svs,731.032593,aperio,SS1302,20,0.504,0.504,47006,32962,3,20,12/05/08,ok,,TCGA-06-0166
TCGA-06-0206-01Z-00-DX4.c55f15a4-5091-4a92-841d-1339f497ea47.svs,data/raw/tcga/wsi/83496626-4a25-45d6-bba1-6fbd6afb99fe/TCGA-06-0206-01Z-00-DX4.c55f15a4-5091-4a92-841d-1339f497ea47.svs,429.221023,aperio,SS1258,20,0.5001,0.5001,39951,38381,3,20,11/03/08,ok,,TCGA-06-0206
TCGA-S9-A6WD-01Z-00-DX1.4B8BAF92-5817-494A-A842-7FE6C0C6F643.svs,data/raw/tcga/wsi/835968fc-5aea-4ee2-8304-e37737963a63/TCGA-S9-A6WD-01Z-00-DX1.4B8BAF92-5817-494A-A842-7FE6C0C6F643.svs,1704.922187,aperio,SS1764CNTLR,40,0.2527,0.2527,125495,93610,4,40,01/20/14,ok,,TCGA-S9-A6WD
TCGA-HT-7482-01Z-00-DX7.1A44DE01-A7D4-40AE-885D-4F72153176FD.svs,data/raw/tcga/wsi/83948c73-1d81-4f1b-8728-b24e09ac65b3/TCGA-HT-7482-01Z-00-DX7.1A44DE01-A7D4-40AE-885D-4F72153176FD.svs,1002.756343,aperio,SS1764CNTLR,40,0.2527,0.2527,119519,85057,4,40,09/10/14,ok,,TCGA-HT-7482
TCGA-DU-7009-01Z-00-DX1.EAAC2D49-EFA4-48B1-97D9-5387C25155C4.svs,data/raw/tcga/wsi/839e8c53-dab0-416e-80d2-400762444455/TCGA-DU-7009-01Z-00-DX1.EAAC2D49-EFA4-48B1-97D9-5387C25155C4.svs,199.372464,aperio,SS1763CNTLR,40,0.2525,0.2525,35856,45798,3,40,12/18/13,ok,,TCGA-DU-7009
TCGA-12-0662-01Z-00-DX3.83f35f0b-3c38-4e97-a3b1-6685da39364c.svs,data/raw/tcga/wsi/83d99ea4-f6e1-4c04-bad3-da8a969ab91f/TCGA-12-0662-01Z-00-DX3.83f35f0b-3c38-4e97-a3b1-6685da39364c.svs,159.394587,aperio,PATH-MCLEN001MS,20,0.4993,0.4993,70023,44422,3,20,11/29/08,ok,,TCGA-12-0662
TCGA-DU-A76O-01Z-00-DX1.79424261-499C-4D61-9C74-3A35E1557501.svs,data/raw/tcga/wsi/84448095-cdd4-43e8-bd1c-8340665f1d51/TCGA-DU-A76O-01Z-00-DX1.79424261-499C-4D61-9C74-3A35E1557501.svs,95.409099,aperio,SS7168CNTLR,40,0.2526,0.2526,73703,17761,4,40,05/19/15,ok,,TCGA-DU-A76O
TCGA-HT-A616-01Z-00-DX1.5B0373D5-0979-4C1B-B9CA-08DFDCC9057B.svs,data/raw/tcga/wsi/844da204-79f6-4225-8b94-afeee971fd1a/TCGA-HT-A616-01Z-00-DX1.5B0373D5-0979-4C1B-B9CA-08DFDCC9057B.svs,575.707505,aperio,SS1763CNTLR,40,0.2525,0.2525,55776,52432,4,40,10/03/14,ok,,TCGA-HT-A616
TCGA-41-2572-01Z-00-DX1.a89d5edf-1466-40b8-929f-d8b5554f31b8.svs,data/raw/tcga/wsi/8470ceb7-bb83-4193-acc7-b28770717e46/TCGA-41-2572-01Z-00-DX1.a89d5edf-1466-40b8-929f-d8b5554f31b8.svs,66.870041,aperio,SS1302,40,0.252,0.252,24940,67806,4,40,08/04/11,ok,,TCGA-41-2572
TCGA-HW-7489-01Z-00-DX1.4586f9f6-ff9b-4966-a487-769d135024dd.svs,data/raw/tcga/wsi/84828b2f-e9dd-4780-ab2c-909b5d991a99/TCGA-HW-7489-01Z-00-DX1.4586f9f6-ff9b-4966-a487-769d135024dd.svs,700.798973,aperio,SS1302,40,0.252,0.252,116068,85296,4,40,04/18/12,ok,,TCGA-HW-7489
TCGA-CS-6667-01Z-00-DX1.48760481-6237-4876-AA57-612FDADFFC63.svs,data/raw/tcga/wsi/84e2f3e7-126c-4e1f-98e5-8fc6a8228691/TCGA-CS-6667-01Z-00-DX1.48760481-6237-4876-AA57-612FDADFFC63.svs,177.683015,aperio,SS1302,40,0.252,0.252,47962,34524,3,40,07/16/12,ok,,TCGA-CS-6667
TCGA-06-6389-01Z-00-DX1.ca78be78-49a5-4b56-9482-16ec5350bb40.svs,data/raw/tcga/wsi/84e6a3e6-8706-4f78-aa96-8fa6419df116/TCGA-06-6389-01Z-00-DX1.ca78be78-49a5-4b56-9482-16ec5350bb40.svs,363.599779,aperio,SS1302,40,0.252,0.252,100720,76291,4,40,08/12/11,ok,,TCGA-06-6389
TCGA-VM-A8CH-01Z-00-DX5.992B2EBF-4B11-441E-97DE-9167BDBF797D.svs,data/raw/tcga/wsi/84f27ec5-8788-4f3d-9c24-c5bd2e3601fe/TCGA-VM-A8CH-01Z-00-DX5.992B2EBF-4B11-441E-97DE-9167BDBF797D.svs,2075.813227,aperio,SS1764CNTLR,40,0.2527,0.2527,139439,70288,4,40,02/28/14,ok,,TCGA-VM-A8CH
TCGA-DB-A64O-01Z-00-DX1.E143BA84-8D09-4FA0-A58F-AF6BEE4E8451.svs,data/raw/tcga/wsi/8511f644-8083-4145-96f0-59d389fccc47/TCGA-DB-A64O-01Z-00-DX1.E143BA84-8D09-4FA0-A58F-AF6BEE4E8451.svs,1562.635934,aperio,R0251491,40,0.247,0.247,87647,79450,4,40,06/11/14,ok,,TCGA-DB-A64O
TCGA-DU-8165-01Z-00-DX1.8d633ff1-6aed-41e5-8518-8856dbe4a718.svs,data/raw/tcga/wsi/854d18af-be0b-46cb-bde7-ec31588eb01d/TCGA-DU-8165-01Z-00-DX1.8d633ff1-6aed-41e5-8518-8856dbe4a718.svs,103.229617,aperio,SS1302,40,0.252,0.252,26858,16353,3,40,09/11/12,ok,,TCGA-DU-8165
TCGA-S9-A6TW-01Z-00-DX1.A217F3C6-1408-490D-B4C2-4258244755A6.svs,data/raw/tcga/wsi/855e5eb6-1f38-468b-b649-5a056be9d553/TCGA-S9-A6TW-01Z-00-DX1.A217F3C6-1408-490D-B4C2-4258244755A6.svs,1895.479201,aperio,SS1764CNTLR,40,0.2527,0.2527,125495,86792,4,40,10/31/13,ok,,TCGA-S9-A6TW
TCGA-TM-A84L-01Z-00-DX1.411C2D0B-921E-4B0A-95ED-DF9A89AFC76B.svs,data/raw/tcga/wsi/8571ec3c-a3fc-445c-94ae-79767e59b9fe/TCGA-TM-A84L-01Z-00-DX1.411C2D0B-921E-4B0A-95ED-DF9A89AFC76B.svs,1902.453949,aperio,SS1764CNTLR,40,0.2527,0.2527,111551,92200,4,40,03/21/14,ok,,TCGA-TM-A84L
TCGA-02-0023-01Z-00-DX1.69f7c0c4-ff59-4100-94c3-86b7bf2c27c8.svs,data/raw/tcga/wsi/85b1ae7f-48f6-4ae3-bde6-be3181265f5b/TCGA-02-0023-01Z-00-DX1.69f7c0c4-ff59-4100-94c3-86b7bf2c27c8.svs,390.608269,aperio,SS1258,20,0.5025,0.5025,32612,27027,3,20,05/15/08,ok,,TCGA-02-0023
TCGA-08-0354-01Z-00-DX1.577F7E82-1CDD-4639-9079-AC24FCE94BF7.svs,data/raw/tcga/wsi/85da0f25-bf03-4504-9c60-09b4a6f5700d/TCGA-08-0354-01Z-00-DX1.577F7E82-1CDD-4639-9079-AC24FCE94BF7.svs,544.399205,aperio,SS1763CNTLR,40,0.2525,0.2525,175296,46884,4,40,11/25/14,ok,,TCGA-08-0354
TCGA-12-0827-01Z-00-DX3.CC3B9B34-4BD8-4C93-ACC8-29BC2D3D93E0.svs,data/raw/tcga/wsi/86cd13dc-6538-4444-b47e-fcd378d05d52/TCGA-12-0827-01Z-00-DX3.CC3B9B34-4BD8-4C93-ACC8-29BC2D3D93E0.svs,177.74629,aperio,PATH-MCLEN001MS,20,0.4993,0.4993,90030,46904,4,20,04/14/10,ok,,TCGA-12-0827
TCGA-S9-A7R7-01Z-00-DX1.8E4E9C97-1939-4645-A4D6-A17D36B435A9.svs,data/raw/tcga/wsi/86dcdcc5-40b9-4502-ab1c-432bfb08cd12/TCGA-S9-A7R7-01Z-00-DX1.8E4E9C97-1939-4645-A4D6-A17D36B435A9.svs,572.432719,aperio,SS1764CNTLR,40,0.2527,0.2527,85655,65911,4,40,01/20/14,ok,,TCGA-S9-A7R7
TCGA-S9-A7QY-01Z-00-DX1.C50B9D19-0959-486F-BAC1-09B563F16D54.svs,data/raw/tcga/wsi/86e8bc90-5b85-4364-b8e1-1ba6df4a42b7/TCGA-S9-A7QY-01Z-00-DX1.C50B9D19-0959-486F-BAC1-09B563F16D54.svs,2227.431981,aperio,SS1764CNTLR,40,0.2527,0.2527,123503,94247,4,40,01/20/14,ok,,TCGA-S9-A7QY
TCGA-S9-A7IS-01Z-00-DX1.193F4631-20AE-4001-93B0-4020821F524C.svs,data/raw/tcga/wsi/87bfff61-c81d-4848-b5c8-a71dff968c14/TCGA-S9-A7IS-01Z-00-DX1.193F4631-20AE-4001-93B0-4020821F524C.svs,937.349981,aperio,SS1248CNTLR,40,0.2505,0.2505,119055,74923,4,40,01/20/14,ok,,TCGA-S9-A7IS
TCGA-06-0139-01Z-00-DX2.75346f8f-b81b-4667-8f71-fd2209686888.svs,data/raw/tcga/wsi/87c213d1-f874-472f-a686-67b863dc927a/TCGA-06-0139-01Z-00-DX2.75346f8f-b81b-4667-8f71-fd2209686888.svs,181.000545,aperio,SS1302,20,0.5015,0.5015,22001,33722,3,20,10/05/09,ok,,TCGA-06-0139
TCGA-DU-6399-01Z-00-DX1.1a964643-a0f0-4338-8976-3bf5f832236c.svs,data/raw/tcga/wsi/87d468e4-6ad1-4e9f-857c-a9f40dc00476/TCGA-DU-6399-01Z-00-DX1.1a964643-a0f0-4338-8976-3bf5f832236c.svs,98.191121,aperio,SS1302,40,0.252,0.252,80576,59898,4,40,06/09/11,ok,,TCGA-DU-6399
TCGA-06-0209-01Z-00-DX7.466111c9-2c18-477b-a699-540983a3c36c.svs,data/raw/tcga/wsi/87e079c9-cd9a-4ee6-99c1-a885ed7cd549/TCGA-06-0209-01Z-00-DX7.466111c9-2c18-477b-a699-540983a3c36c.svs,912.033571,aperio,SS1258,20,0.5001,0.5001,79902,45099,3,20,11/05/08,ok,,TCGA-06-0209
TCGA-06-0749-01Z-00-DX3.a2a7c65c-9629-4575-9a2a-b3c0c771a1fa.svs,data/raw/tcga/wsi/891fe657-addc-469b-add4-194839626903/TCGA-06-0749-01Z-00-DX3.a2a7c65c-9629-4575-9a2a-b3c0c771a1fa.svs,139.224345,aperio,SS1302,20,0.5015,0.5015,30001,27535,3,20,10/05/09,ok,,TCGA-06-0749
TCGA-19-1387-01Z-00-DX1.fd111d54-f1da-4ab9-8104-1f73c72808a8.svs,data/raw/tcga/wsi/89512c3f-ecdc-4594-bc27-3fa040401428/TCGA-19-1387-01Z-00-DX1.fd111d54-f1da-4ab9-8104-1f73c72808a8.svs,576.580413,aperio,SS1546,40,0.2457,0.2457,85656,70894,4,40,03/22/11,ok,,TCGA-19-1387
TCGA-S9-A7J1-01Z-00-DX1.E6934DF9-A2DF-4454-B927-CD481786EB3A.svs,data/raw/tcga/wsi/8967be97-675e-43ab-8b94-b10251406b22/TCGA-S9-A7J1-01Z-00-DX1.E6934DF9-A2DF-4454-B927-CD481786EB3A.svs,1539.482245,aperio,SS1764CNTLR,40,0.2527,0.2527,99599,85397,4,40,01/20/14,ok,,TCGA-S9-A7J1
TCGA-QH-A65V-01Z-00-DX1.90506158-FEBB-4CE2-A017-9387A9ADDED3.svs,data/raw/tcga/wsi/897922c9-5203-418c-9c5a-e8bc95118872/TCGA-QH-A65V-01Z-00-DX1.90506158-FEBB-4CE2-A017-9387A9ADDED3.svs,2421.868765,aperio,SS1540CNTLR,40,0.2465,0.2465,116144,93202,4,40,08/06/13,ok,,TCGA-QH-A65V
TCGA-HT-A74K-01Z-00-DX1.D1FB878B-4562-45A9-ACB1-FAAB8EA24EF7.svs,data/raw/tcga/wsi/8a7aa5ee-7336-458d-b556-3e5679a4b5e5/TCGA-HT-A74K-01Z-00-DX1.D1FB878B-4562-45A9-ACB1-FAAB8EA24EF7.svs,485.276963,aperio,SS1763CNTLR,40,0.2525,0.2525,57768,57739,4,40,10/04/14,ok,,TCGA-HT-A74K
TCGA-14-0786-01Z-00-DX3.395dc39e-0e6e-47c3-84e3-7fc7a4a73c9c.svs,data/raw/tcga/wsi/8b207ebe-a391-4a52-afcc-0cd31f502673/TCGA-14-0786-01Z-00-DX3.395dc39e-0e6e-47c3-84e3-7fc7a4a73c9c.svs,717.598189,aperio,SS1302,20,0.5015,0.5015,52002,41098,3,20,02/02/10,ok,,TCGA-14-0786
TCGA-DU-A7TD-01Z-00-DX1.CDC41902-3673-4FDA-B4A5-4A453CF1362C.svs,data/raw/tcga/wsi/8c68a1f6-e43d-4bd1-80c3-262312bf1e71/TCGA-DU-A7TD-01Z-00-DX1.CDC41902-3673-4FDA-B4A5-4A453CF1362C.svs,107.499265,aperio,SS7168CNTLR,40,0.2526,0.2526,25895,22294,3,40,05/19/15,ok,,TCGA-DU-A7TD
TCGA-DB-A64X-01Z-00-DX1.81333B7A-873F-4CAC-BAF9-E20B0DAC29CA.svs,data/raw/tcga/wsi/8cdf8ca8-bef7-4873-94a2-273d1a45b2df/TCGA-DB-A64X-01Z-00-DX1.81333B7A-873F-4CAC-BAF9-E20B0DAC29CA.svs,2541.503484,aperio,R0251491,40,0.247,0.247,147407,77250,4,40,06/11/14,ok,,TCGA-DB-A64X
TCGA-12-0775-01Z-00-DX1.39db447e-3a48-4001-89c4-4925a2d059aa.svs,data/raw/tcga/wsi/8cf05aac-ecc7-4437-8f14-6ffc21fdba88/TCGA-12-0775-01Z-00-DX1.39db447e-3a48-4001-89c4-4925a2d059aa.svs,153.476711,aperio,PATH-MCLEN001MS,20,0.4993,0.4993,44014,37182,3,20,10/30/08,ok,,TCGA-12-0775
TCGA-W9-A837-01Z-00-DX1.F0E23873-46D1-460F-AA53-930D7934E687.svs,data/raw/tcga/wsi/8ddb5deb-8853-4834-ae20-5da94b7506a0/TCGA-W9-A837-01Z-00-DX1.F0E23873-46D1-460F-AA53-930D7934E687.svs,1098.916351,aperio,SS1764CNTLR,40,0.2527,0.2527,91631,81126,4,40,06/27/14,ok,,TCGA-W9-A837
TCGA-28-1745-01Z-00-DX1.44d465d5-453d-4c06-85db-14de0656f0b3.svs,data/raw/tcga/wsi/8e153bbc-d78e-4af4-a525-8a4b0ee6108c/TCGA-28-1745-01Z-00-DX1.44d465d5-453d-4c06-85db-14de0656f0b3.svs,163.108243,aperio,SS1302,20,0.5015,0.5015,24001,36414,3,20,01/28/10,ok,,TCGA-28-1745
TCGA-06-0158-01Z-00-DX1.05358ff8-3c26-440a-9d51-bafa92cf4685.svs,data/raw/tcga/wsi/8e70b383-1cad-4c15-a075-b1e47b102649/TCGA-06-0158-01Z-00-DX1.05358ff8-3c26-440a-9d51-bafa92cf4685.svs,60.088407,aperio,SS1302,20,0.504,0.504,16308,12933,2,20,12/05/08,ok,,TCGA-06-0158
TCGA-HT-8563-01Z-00-DX1.78F51983-9EAD-47AA-99B9-D3E16308926E.svs,data/raw/tcga/wsi/8f06d153-be29-4d63-86c9-5a51df5988b4/TCGA-HT-8563-01Z-00-DX1.78F51983-9EAD-47AA-99B9-D3E16308926E.svs,1747.641717,aperio,SS1763CNTLR,40,0.2525,0.2525,89640,78706,4,40,10/03/14,ok,,TCGA-HT-8563
TCGA-F6-A8O4-01Z-00-DX1.28B744E2-072B-469B-9DDE-4DB6ADC57777.svs,data/raw/tcga/wsi/8f18951b-2977-4f9f-8032-d4d0c68adb8b/TCGA-F6-A8O4-01Z-00-DX1.28B744E2-072B-469B-9DDE-4DB6ADC57777.svs,1026.925697,aperio,SS1763CNTLR,40,0.2525,0.2525,101592,69726,4,40,11/26/13,ok,,TCGA-F6-A8O4
TCGA-DU-A5TU-01Z-00-DX1.6816DF90-0684-4F6C-BCCE-D293BE9AD93D.svs,data/raw/tcga/wsi/8f31c4d1-27d7-428a-a0cc-0d8442085ce9/TCGA-DU-A5TU-01Z-00-DX1.6816DF90-0684-4F6C-BCCE-D293BE9AD93D.svs,183.610003,aperio,SS7168CNTLR,40,0.2526,0.2526,31871,23879,3,40,05/19/15,ok,,TCGA-DU-A5TU
TCGA-E1-A7YN-01Z-00-DX1.74D8BD5D-F0C9-4BD5-8FEC-E1B57E0FEF5C.svs,data/raw/tcga/wsi/8f80d3d7-9c30-433d-9ec0-a818a04037a7/TCGA-E1-A7YN-01Z-00-DX1.74D8BD5D-F0C9-4BD5-8FEC-E1B57E0FEF5C.svs,2408.581224,aperio,,40,0.25,0.25,113228,94093,4,40.000000,2014-10-27T17:09:36.203Z,ok,,TCGA-E1-A7YN
TCGA-DU-6406-01Z-00-DX1.ad212563-154d-4090-b86c-40d91b4d9e48.svs,data/raw/tcga/wsi/8ff9cdfd-02b5-414f-b5f8-f0361ada40f4/TCGA-DU-6406-01Z-00-DX1.ad212563-154d-4090-b86c-40d91b4d9e48.svs,348.377599,aperio,SS1302,40,0.252,0.252,129498,35706,4,40,06/09/11,ok,,TCGA-DU-6406
TCGA-06-0750-01Z-00-DX1.c20cc0a5-0514-4b58-a83e-e89b54d7fd59.svs,data/raw/tcga/wsi/90315717-fd7a-4c6d-abc6-ed9be38ad166/TCGA-06-0750-01Z-00-DX1.c20cc0a5-0514-4b58-a83e-e89b54d7fd59.svs,172.307051,aperio,SS1302,20,0.5015,0.5015,38001,38570,3,20,10/01/09,ok,,TCGA-06-0750
TCGA-DU-5855-01Z-00-DX1.046a8964-3cdf-49cf-a65c-3254e50ae90d.svs,data/raw/tcga/wsi/904436b6-0e80-4c1d-a716-b3026f8a9c43/TCGA-DU-5855-01Z-00-DX1.046a8964-3cdf-49cf-a65c-3254e50ae90d.svs,61.809551,aperio,SS1302,40,0.252,0.252,35492,28336,3,40,06/09/11,ok,,TCGA-DU-5855
TCGA-08-0357-01Z-00-DX1.F0E652B4-DE1D-41AA-A531-FEBC41C62D4F.svs,data/raw/tcga/wsi/9072479b-5c3b-4630-983e-0c96f3fb2431/TCGA-08-0357-01Z-00-DX1.F0E652B4-DE1D-41AA-A531-FEBC41C62D4F.svs,1743.415633,aperio,SS1763CNTLR,40,0.2525,0.2525,147408,81561,4,40,11/25/14,ok,,TCGA-08-0357
TCGA-02-0034-01Z-00-DX3.5982B9BA-7F60-4A41-979A-5BF3C81CC74D.svs,data/raw/tcga/wsi/90794e79-3279-4185-bbda-d5d0833b00cf/TCGA-02-0034-01Z-00-DX3.5982B9BA-7F60-4A41-979A-5BF3C81CC74D.svs,2011.36867,aperio,SS7054,40,0.2533,0.2533,73703,67117,4,40,10/01/14,ok,,TCGA-02-0034
TCGA-27-1834-01Z-00-DX2.4aeb58ba-a307-489a-a505-02afa4e07a83.svs,data/raw/tcga/wsi/909607ef-feb5-4cbe-b94e-e1eaa7339e76/TCGA-27-1834-01Z-00-DX2.4aeb58ba-a307-489a-a505-02afa4e07a83.svs,733.743945,aperio,SS1302,20,0.5015,0.5015,48002,38784,3,20,01/27/10,ok,,TCGA-27-1834
TCGA-FG-8188-01Z-00-DX1.2a587a5c-9985-4d83-868d-4801fb239a61.svs,data/raw/tcga/wsi/90dddacb-70da-4b7a-9982-9e42f4b054c1/TCGA-FG-8188-01Z-00-DX1.2a587a5c-9985-4d83-868d-4801fb239a61.svs,1227.340439,aperio,SS1302,40,0.252,0.252,60432,75456,4,40,06/01/12,ok,,TCGA-FG-8188
TCGA-08-0375-01Z-00-DX1.76B7554F-0C77-4E2B-A1F7-633E896FB5E3.svs,data/raw/tcga/wsi/90fc9059-9803-4ec2-be30-ed358e2bd402/TCGA-08-0375-01Z-00-DX1.76B7554F-0C77-4E2B-A1F7-633E896FB5E3.svs,327.582997,aperio,SS1763CNTLR,40,0.2525,0.2525,59760,46648,3,40,11/25/14,ok,,TCGA-08-0375
TCGA-QH-A65R-01Z-00-DX1.32FE5D68-3820-4CD2-BE38-3ECB94F7A2FB.svs,data/raw/tcga/wsi/91414776-2ed0-4cff-8a3d-dd46e01d2bfc/TCGA-QH-A65R-01Z-00-DX1.32FE5D68-3820-4CD2-BE38-3ECB94F7A2FB.svs,1493.080229,aperio,SS1540CNTLR,40,0.2465,0.2465,105672,91549,4,40,08/06/13,ok,,TCGA-QH-A65R
TCGA-S9-A7R2-01Z-00-DX1.002ED857-5D3F-4053-9F9C-9EB73F2C20F5.svs,data/raw/tcga/wsi/91d0546e-1af4-4310-9316-307f3450be87/TCGA-S9-A7R2-01Z-00-DX1.002ED857-5D3F-4053-9F9C-9EB73F2C20F5.svs,170.130927,aperio,SS1764CNTLR,40,0.2527,0.2527,39839,41708,3,40,01/20/14,ok,,TCGA-S9-A7R2
TCGA-12-0620-01Z-00-DX2.2dde35f3-5eae-41b9-807a-9689a86dbb0d.svs,data/raw/tcga/wsi/91d871f0-785f-4a06-9a85-db369ca6f3e7/TCGA-12-0620-01Z-00-DX2.2dde35f3-5eae-41b9-807a-9689a86dbb0d.svs,81.303207,aperio,PATH-MCLEN001MS,20,0.4993,0.4993,38012,42648,3,20,10/30/08,ok,,TCGA-12-0620
TCGA-DH-A7UU-01Z-00-DX1.ECE10796-B224-404A-96BC-2D40601A7196.svs,data/raw/tcga/wsi/92081f66-a497-41a5-8d7a-da987c222707/TCGA-DH-A7UU-01Z-00-DX1.ECE10796-B224-404A-96BC-2D40601A7196.svs,1240.748033,aperio,SS1436CNTLR,40,0.2485,0.2485,109165,86483,4,40,07/17/14,ok,,TCGA-DH-A7UU
TCGA-08-0392-01Z-00-DX1.BB310D33-3C69-4C1B-BF5C-F0E7E025CF74.svs,data/raw/tcga/wsi/92cc7786-0285-42fa-aeff-e014e515b183/TCGA-08-0392-01Z-00-DX1.BB310D33-3C69-4C1B-BF5C-F0E7E025CF74.svs,1538.721191,aperio,SS1763CNTLR,40,0.2525,0.2525,127488,80070,4,40,11/25/14,ok,,TCGA-08-0392
TCGA-FG-8189-01Z-00-DX1.3B81D484-0399-44AE-8D64-8498D2691139.svs,data/raw/tcga/wsi/92e2a2ab-e9da-417c-825a-74a19a9372b0/TCGA-FG-8189-01Z-00-DX1.3B81D484-0399-44AE-8D64-8498D2691139.svs,2307.125329,aperio,SS1764CNTLR,40,0.2527,0.2527,173303,83883,4,40,07/01/14,ok,,TCGA-FG-8189
TCGA-06-0133-01Z-00-DX1.47944c2e-fe0e-4d29-a7a5-2efc01d8dd94.svs,data/raw/tcga/wsi/92fad0dd-59fe-497e-8cdb-45cb42a969fc/TCGA-06-0133-01Z-00-DX1.47944c2e-fe0e-4d29-a7a5-2efc01d8dd94.svs,240.791175,aperio,SS1302,20,0.5015,0.5015,38001,19582,3,20,10/01/09,ok,,TCGA-06-0133
TCGA-HW-7486-01Z-00-DX1.fc5aa2ce-c05e-40b6-934a-d44ef7feda2b.svs,data/raw/tcga/wsi/9398620d-be43-4d1a-80e6-a884d35ef8fc/TCGA-HW-7486-01Z-00-DX1.fc5aa2ce-c05e-40b6-934a-d44ef7feda2b.svs,573.655117,aperio,SS1302,40,0.252,0.252,103598,79868,4,40,05/15/12,ok,,TCGA-HW-7486
TCGA-02-0069-01Z-00-DX1.A8BFC1F6-4C3F-4543-86CA-90BBBC627564.svs,data/raw/tcga/wsi/93e484d0-d46c-40cf-94af-a74b7bc9b2d9/TCGA-02-0069-01Z-00-DX1.A8BFC1F6-4C3F-4543-86CA-90BBBC627564.svs,2153.725412,aperio,SS7054,40,0.2533,0.2533,71711,75023,4,40,10/01/14,ok,,TCGA-02-0069
TCGA-S9-A6U5-01Z-00-DX1.BC695617-5AF4-4D43-91D9-1BC5A9DBB8DA.svs,data/raw/tcga/wsi/94693a17-1b38-424d-9d0b-aeab0ebfcc74/TCGA-S9-A6U5-01Z-00-DX1.BC695617-5AF4-4D43-91D9-1BC5A9DBB8DA.svs,595.921631,aperio,SS1764CNTLR,40,0.2527,0.2527,77687,71472,4,40,11/01/13,ok,,TCGA-S9-A6U5
TCGA-DU-7292-01Z-00-DX1.16D2007C-3019-499C-8E5B-9F5308DFF235.svs,data/raw/tcga/wsi/947fd057-af4e-473e-aca4-1eaa794c0512/TCGA-DU-7292-01Z-00-DX1.16D2007C-3019-499C-8E5B-9F5308DFF235.svs,356.98371,aperio,SS1763CNTLR,40,0.2525,0.2525,113544,32289,4,40,12/18/13,ok,,TCGA-DU-7292
TCGA-HT-7481-01Z-00-DX2.0294F8D1-3F87-4C2F-B0BF-8F620EA220DE.svs,data/raw/tcga/wsi/94f78f96-5cc9-422d-82ab-16ec77f6a448/TCGA-HT-7481-01Z-00-DX2.0294F8D1-3F87-4C2F-B0BF-8F620EA220DE.svs,503.946641,aperio,SS1764CNTLR,40,0.2527,0.2527,57767,59286,4,40,09/10/14,ok,,TCGA-HT-7481
TCGA-VM-A8C8-01Z-00-DX3.505AAA14-DBCC-4554-8A78-E8353B0532CE.svs,data/raw/tcga/wsi/969441ac-adfe-4ecc-983f-2671d4c8fda3/TCGA-VM-A8C8-01Z-00-DX3.505AAA14-DBCC-4554-8A78-E8353B0532CE.svs,138.017735,aperio,SS1764CNTLR,40,0.2527,0.2527,35855,40446,3,40,02/28/14,ok,,TCGA-VM-A8C8
TCGA-HT-8564-01Z-00-DX1.A5F810F9-49DF-41B5-86A4-73F630E3B517.svs,data/raw/tcga/wsi/96dd1a74-12b3-4de9-a7ac-8a9a4350d77e/TCGA-HT-8564-01Z-00-DX1.A5F810F9-49DF-41B5-86A4-73F630E3B517.svs,806.758233,aperio,SS1763CNTLR,40,0.2525,0.2525,73704,73531,4,40,10/03/14,ok,,TCGA-HT-8564
TCGA-S9-A89V-01Z-00-DX1.63E6101E-4FBC-4843-BFFD-343C3F111844.svs,data/raw/tcga/wsi/96f0ef47-b275-4eb6-9628-80b99a0cea41/TCGA-S9-A89V-01Z-00-DX1.63E6101E-4FBC-4843-BFFD-343C3F111844.svs,550.253613,aperio,SS1763CNTLR,40,0.2525,0.2525,117528,47895,4,40,02/04/14,ok,,TCGA-S9-A89V
TCGA-DH-A669-01Z-00-DX2.58B1F2DF-A535-48D9-9350-8F6244D91630.svs,data/raw/tcga/wsi/978f0e7d-c704-419b-85b6-0c6510dc820f/TCGA-DH-A669-01Z-00-DX2.58B1F2DF-A535-48D9-9350-8F6244D91630.svs,2010.460043,aperio,SS1436CNTLR,40,0.2485,0.2485,137892,86318,4,40,07/17/14,ok,,TCGA-DH-A669
TCGA-DU-6408-01Z-00-DX1.341db4f1-3ab8-486e-91e8-0e60081e56f9.svs,data/raw/tcga/wsi/97939cf7-8aa7-4c23-8e40-91cf20ec4e50/TCGA-DU-6408-01Z-00-DX1.341db4f1-3ab8-486e-91e8-0e60081e56f9.svs,371.371841,aperio,SS1302,40,0.252,0.252,87291,75426,4,40,06/09/11,ok,,TCGA-DU-6408
TCGA-CS-4944-01Z-00-DX1.9AD74191-4445-4E77-BD62-B09363C8BB2A.svs,data/raw/tcga/wsi/9793f118-8ad5-43e2-b499-71ae3d5841d4/TCGA-CS-4944-01Z-00-DX1.9AD74191-4445-4E77-BD62-B09363C8BB2A.svs,460.650901,aperio,SS1302,40,0.252,0.252,105517,56553,4,40,07/16/12,ok,,TCGA-CS-4944
TCGA-12-0691-01Z-00-DX3.5e39087c-19ce-4dff-89b2-bb366a48a393.svs,data/raw/tcga/wsi/9854092a-e9a0-4a34-92ed-5ba606f2dbe4/TCGA-12-0691-01Z-00-DX3.5e39087c-19ce-4dff-89b2-bb366a48a393.svs,254.246807,aperio,PATH-MCLEN001MS,20,0.4993,0.4993,58019,43279,3,20,11/22/08,ok,,TCGA-12-0691
TCGA-DB-5278-01Z-00-DX1.3B0317D3-8C14-4C70-B60B-2153E89056BF.svs,data/raw/tcga/wsi/986da244-df0d-4013-b87b-6b1324c61eb9/TCGA-DB-5278-01Z-00-DX1.3B0317D3-8C14-4C70-B60B-2153E89056BF.svs,1410.124874,aperio,R0228416,40,0.2462,0.2462,95200,66419,4,40,02/13/13,ok,,TCGA-DB-5278
TCGA-HT-7472-01Z-00-DX3.7A622204-B1C5-4462-B356-4874E61001F6.svs,data/raw/tcga/wsi/99440284-4933-438d-bc66-6774644834e0/TCGA-HT-7472-01Z-00-DX3.7A622204-B1C5-4462-B356-4874E61001F6.svs,1130.499191,aperio,SS1764CNTLR,40,0.2527,0.2527,111551,86176,4,40,05/27/15,ok,,TCGA-HT-7472
TCGA-FG-A60L-01Z-00-DX1.BE970739-D829-489B-A697-311021B8CD73.svs,data/raw/tcga/wsi/997b68f4-7304-4e46-855c-b57658c708d9/TCGA-FG-A60L-01Z-00-DX1.BE970739-D829-489B-A697-311021B8CD73.svs,620.501511,aperio,SS1534CNTLR,40,0.2456,0.2456,77112,45610,4,40,07/30/13,ok,,TCGA-FG-A60L
TCGA-TM-A84H-01Z-00-DX1.C6DA6654-F23A-47CD-A59E-8F89A7B714B0.svs,data/raw/tcga/wsi/99e1f415-efc6-4341-aad9-9a0d2814c64f/TCGA-TM-A84H-01Z-00-DX1.C6DA6654-F23A-47CD-A59E-8F89A7B714B0.svs,844.220227,aperio,SS1764CNTLR,40,0.2527,0.2527,65735,80364,4,40,03/21/14,ok,,TCGA-TM-A84H
TCGA-06-0148-01Z-00-DX5.a79e0d64-0318-4976-8b53-6d08b621b31b.svs,data/raw/tcga/wsi/9a93f5c4-5ac3-4e9f-9d15-ce15353fd71e/TCGA-06-0148-01Z-00-DX5.a79e0d64-0318-4976-8b53-6d08b621b31b.svs,954.610071,aperio,SS1302,20,0.5015,0.5015,52002,35625,3,20,01/08/09,ok,,TCGA-06-0148
TCGA-12-0821-01Z-00-DX2.E0F30115-B141-451C-84F1-64839ED91D24.svs,data/raw/tcga/wsi/9ad4d0d2-a9a5-4b63-9479-16f3b1d949c3/TCGA-12-0821-01Z-00-DX2.E0F30115-B141-451C-84F1-64839ED91D24.svs,97.715808,aperio,PATH-MCLEN001MS,20,0.4993,0.4993,62020,46874,3,20,12/02/09,ok,,TCGA-12-0821
TCGA-HT-A74J-01Z-00-DX1.7D0134E1-F89A-401C-9F1E-A14B530E6663.svs,data/raw/tcga/wsi/9b07323c-f842-4c0d-937d-bf0d4227cde5/TCGA-HT-A74J-01Z-00-DX1.7D0134E1-F89A-401C-9F1E-A14B530E6663.svs,289.412707,aperio,SS1763CNTLR,40,0.2525,0.2525,45816,45977,3,40,10/04/14,ok,,TCGA-HT-A74J
TCGA-DU-7294-01Z-00-DX1.42C278DB-951F-46DD-A455-7D5ED4AA7CF0.svs,data/raw/tcga/wsi/9b36f140-cc02-422d-bbe0-ce6d94fdca77/TCGA-DU-7294-01Z-00-DX1.42C278DB-951F-46DD-A455-7D5ED4AA7CF0.svs,285.927652,aperio,SS1763CNTLR,40,0.2525,0.2525,83664,30299,4,40,12/18/13,ok,,TCGA-DU-7294
TCGA-DB-5274-01Z-00-DX2.958D3EC3-7E76-4E0D-ACB2-BA67196DAB75.svs,data/raw/tcga/wsi/9b3ad609-ea2c-4333-a7b9-0992bf659c55/TCGA-DB-5274-01Z-00-DX2.958D3EC3-7E76-4E0D-ACB2-BA67196DAB75.svs,2505.544728,aperio,R0228416,40,0.2462,0.2462,158032,84679,4,40,02/14/13,ok,,TCGA-DB-5274
TCGA-DU-7013-01Z-00-DX1.04BAB2CD-8B7D-480F-92D2-3CC8DA1485BC.svs,data/raw/tcga/wsi/9b8d5158-ae0f-42d1-9744-d96af52acd92/TCGA-DU-7013-01Z-00-DX1.04BAB2CD-8B7D-480F-92D2-3CC8DA1485BC.svs,294.788118,aperio,SS1763CNTLR,40,0.2525,0.2525,53784,42295,3,40,12/18/13,ok,,TCGA-DU-7013
TCGA-DB-A75M-01Z-00-DX1.418C4BE6-EDC6-47D1-B3E0-B6B082426D8F.svs,data/raw/tcga/wsi/9b920110-b62a-4482-b47d-a9e35bfce41e/TCGA-DB-A75M-01Z-00-DX1.418C4BE6-EDC6-47D1-B3E0-B6B082426D8F.svs,1127.019284,aperio,R0251491,40,0.247,0.247,99599,50450,4,40,06/11/14,ok,,TCGA-DB-A75M
TCGA-FG-A87N-01Z-00-DX1.59E663F0-3B40-4845-A73C-A9E5C0B3955B.svs,data/raw/tcga/wsi/9bdddcbd-385b-4678-8f7e-07ee0d7d5aa0/TCGA-FG-A87N-01Z-00-DX1.59E663F0-3B40-4845-A73C-A9E5C0B3955B.svs,3170.220507,aperio,SS1764CNTLR,40,0.2527,0.2527,197207,86074,4,40,03/21/14,ok,,TCGA-FG-A87N
TCGA-FG-A4MX-01Z-00-DX1.64CE3174-2194-461A-AD83-D0CF49FD27EF.svs,data/raw/tcga/wsi/9c2edb86-66e1-405a-8e04-d285e7a2dbee/TCGA-FG-A4MX-01Z-00-DX1.64CE3174-2194-461A-AD83-D0CF49FD27EF.svs,2077.203717,aperio,SS1552CNTLR,40,0.2468,0.2468,167552,89762,4,40,03/08/13,ok,,TCGA-FG-A4MX
TCGA-QH-A6X8-01Z-00-DX1.9FB9444F-980D-4C73-8241-11D44C61CCE6.svs,data/raw/tcga/wsi/9c3b38ac-e7a2-4e83-a160-bcf951b5e67f/TCGA-QH-A6X8-01Z-00-DX1.9FB9444F-980D-4C73-8241-11D44C61CCE6.svs,1744.662477,aperio,SS1764CNTLR,40,0.2527,0.2527,127487,79972,4,40,12/03/13,ok,,TCGA-QH-A6X8
TCGA-27-2519-01Z-00-DX1.C630FE42-2691-4735-83EB-6F78AAA407B3.svs,data/raw/tcga/wsi/9c5aa985-4caf-41e7-96d3-25472027a37e/TCGA-27-2519-01Z-00-DX1.C630FE42-2691-4735-83EB-6F78AAA407B3.svs,1509.484073,aperio,SS1764CNTLR,40,0.2527,0.2527,101591,87614,4,40,07/02/14,ok,,TCGA-27-2519
TCGA-02-0037-01Z-00-DX2.18F6DD22-94C4-4808-8957-213D4A101F83.svs,data/raw/tcga/wsi/9d63668b-1f41-41bf-b3e8-f219474d877f/TCGA-02-0037-01Z-00-DX2.18F6DD22-94C4-4808-8957-213D4A101F83.svs,2134.518924,aperio,SS7054,40,0.2533,0.2533,83663,76188,4,40,10/01/14,ok,,TCGA-02-0037
TCGA-TM-A84F-01Z-00-DX1.F12CDFC4-91D7-422E-83BE-BB987DCCD3AD.svs,data/raw/tcga/wsi/9d699ddd-99e1-4e4a-b312-1924e5ef0960/TCGA-TM-A84F-01Z-00-DX1.F12CDFC4-91D7-422E-83BE-BB987DCCD3AD.svs,1793.540807,aperio,SS1764CNTLR,40,0.2527,0.2527,91631,80807,4,40,03/21/14,ok,,TCGA-TM-A84F
TCGA-HT-A617-01Z-00-DX1.5865A8D2-3251-4D1C-B093-334C65ACC7A5.svs,data/raw/tcga/wsi/9d818c0d-32de-41a7-801c-c4d64b3e0376/TCGA-HT-A617-01Z-00-DX1.5865A8D2-3251-4D1C-B093-334C65ACC7A5.svs,1975.016537,aperio,SS1763CNTLR,40,0.2525,0.2525,177288,66344,4,40,10/04/14,ok,,TCGA-HT-A617
TCGA-06-0219-01Z-00-DX1.592a9605-e9ec-46f5-a055-5001088f47d0.svs,data/raw/tcga/wsi/9dea746a-82c5-423f-bd53-67e8d15d30ae/TCGA-06-0219-01Z-00-DX1.592a9605-e9ec-46f5-a055-5001088f47d0.svs,416.963053,aperio,SS1258,20,0.5001,0.5001,69914,22798,3,20,10/03/08,ok,,TCGA-06-0219
TCGA-27-1838-01Z-00-DX1.3ada1ada-fb14-4761-84f9-66a339e86e73.svs,data/raw/tcga/wsi/9dea7fc1-87f8-4772-9f51-3e81968e0244/TCGA-27-1838-01Z-00-DX1.3ada1ada-fb14-4761-84f9-66a339e86e73.svs,579.861461,aperio,SS1302,20,0.5015,0.5015,44002,37465,3,20,01/27/10,ok,,TCGA-27-1838
TCGA-CS-5396-01Z-00-DX1.63f3413b-a950-417a-a49e-9d01efe45c88.svs,data/raw/tcga/wsi/9e9ee796-a9c5-437c-b024-de5fef4c20d0/TCGA-CS-5396-01Z-00-DX1.63f3413b-a950-417a-a49e-9d01efe45c88.svs,384.238839,aperio,SS1302,40,0.252,0.252,94006,40742,4,40,07/16/12,ok,,TCGA-CS-5396
TCGA-08-0355-01Z-00-DX1.07707D65-4EBF-437E-A53D-F779F0AEF7F3.svs,data/raw/tcga/wsi/9ee85f8e-0809-4562-97ae-f988da90c8b0/TCGA-08-0355-01Z-00-DX1.07707D65-4EBF-437E-A53D-F779F0AEF7F3.svs,861.166531,aperio,SS1763CNTLR,40,0.2525,0.2525,95616,66339,4,40,11/25/14,ok,,TCGA-08-0355
TCGA-27-2518-01Z-00-DX1.148935FE-8C0A-4168-9D62-6AFF31DB75CE.svs,data/raw/tcga/wsi/9f472b15-2092-469d-b47c-38098fac33b7/TCGA-27-2518-01Z-00-DX1.148935FE-8C0A-4168-9D62-6AFF31DB75CE.svs,1646.036457,aperio,SS1764CNTLR,40,0.2527,0.2527,107567,86974,4,40,07/02/14,ok,,TCGA-27-2518
TCGA-12-1092-01Z-00-DX1.78AA4D76-674D-4DCC-B46A-284FAC277653.svs,data/raw/tcga/wsi/a009215f-da00-4e67-922f-574fc553587a/TCGA-12-1092-01Z-00-DX1.78AA4D76-674D-4DCC-B46A-284FAC277653.svs,162.427616,aperio,PATH-MCLEN001MS,20,0.4993,0.4993,88029,44668,4,20,09/23/09,ok,,TCGA-12-1092
TCGA-DU-7309-01Z-00-DX1.C4D67475-FE07-4B6A-A766-A4D339A51561.svs,data/raw/tcga/wsi/a0cef4df-cdbd-4002-af10-967ba42dba73/TCGA-DU-7309-01Z-00-DX1.C4D67475-FE07-4B6A-A766-A4D339A51561.svs,465.75458,aperio,SS1763CNTLR,40,0.2525,0.2525,107568,45460,4,40,12/18/13,ok,,TCGA-DU-7309
TCGA-P5-A737-01Z-00-DX1.221196D5-A366-499A-B4C7-8C987CCADFB6.svs,data/raw/tcga/wsi/a0fc03f0-b74d-447f-9802-c7ff6920306a/TCGA-P5-A737-01Z-00-DX1.221196D5-A366-499A-B4C7-8C987CCADFB6.svs,2435.020271,aperio,SS1763CNTLR,40,0.2525,0.2525,121512,83275,4,40,12/29/14,ok,,TCGA-P5-A737
TCGA-S9-A6U6-01Z-00-DX1.23CAAC2B-577F-4262-85C1-6000F6EDFDEA.svs,data/raw/tcga/wsi/a100fb5c-e5bb-41fe-a52e-0f430846c3b9/TCGA-S9-A6U6-01Z-00-DX1.23CAAC2B-577F-4262-85C1-6000F6EDFDEA.svs,894.748349,aperio,SS1764CNTLR,40,0.2527,0.2527,95615,65266,4,40,11/01/13,ok,,TCGA-S9-A6U6
TCGA-DU-5871-01Z-00-DX1.50906dc0-cc83-473a-ac50-17d9f6ee1bc3.svs,data/raw/tcga/wsi/a16719c9-9d65-4ed7-b864-be846b2a5515/TCGA-DU-5871-01Z-00-DX1.50906dc0-cc83-473a-ac50-17d9f6ee1bc3.svs,223.581015,aperio,SS1302,40,0.252,0.252,57554,65542,4,40,06/09/11,ok,,TCGA-DU-5871
TCGA-FG-7638-01Z-00-DX1.27EE5A65-D5D9-41B9-998E-049764C18DC8.svs,data/raw/tcga/wsi/a173b66f-ace1-4e12-aada-fdff4d330da4/TCGA-FG-7638-01Z-00-DX1.27EE5A65-D5D9-41B9-998E-049764C18DC8.svs,429.899829,aperio,SS1302,40,0.252,0.252,101680,48661,4,40,04/03/12,ok,,TCGA-FG-7638
TCGA-WY-A85E-01Z-00-DX1.AA7A4C1F-99AA-490D-B6D4-280EAB1EFF56.svs,data/raw/tcga/wsi/a1b588e5-f5dd-4467-a0de-5cef2174bba1/TCGA-WY-A85E-01Z-00-DX1.AA7A4C1F-99AA-490D-B6D4-280EAB1EFF56.svs,1699.259177,aperio,SS1764CNTLR,40,0.2527,0.2527,113543,73964,4,40,02/25/14,ok,,TCGA-WY-A85E
TCGA-06-0173-01Z-00-DX3.e89f5451-2b89-437b-a202-e821bf675eea.svs,data/raw/tcga/wsi/a1dd53d5-65c5-412f-a8f2-a3c1a1aed97a/TCGA-06-0173-01Z-00-DX3.e89f5451-2b89-437b-a202-e821bf675eea.svs,419.680007,aperio,SS1302,20,0.5015,0.5015,32001,30190,3,20,01/08/09,ok,,TCGA-06-0173
TCGA-DB-A64Q-01Z-00-DX1.CD3937C2-015A-490D-B6A6-BAEEFFDC0747.svs,data/raw/tcga/wsi/a1f80c4d-b1cd-40f4-9a60-ec2c7a1cd7dd/TCGA-DB-A64Q-01Z-00-DX1.CD3937C2-015A-490D-B6A6-BAEEFFDC0747.svs,1789.132612,aperio,R0251491,40,0.247,0.247,97607,81671,4,40,06/11/14,ok,,TCGA-DB-A64Q
TCGA-12-0688-01Z-00-DX3.66a4ef84-ac16-49da-82da-a1b8958957f2.svs,data/raw/tcga/wsi/a213d45d-6577-43cf-9873-bcfbac9aa09b/TCGA-12-0688-01Z-00-DX3.66a4ef84-ac16-49da-82da-a1b8958957f2.svs,143.255897,aperio,PATH-MCLEN001MS,20,0.4993,0.4993,56018,36061,3,20,10/31/08,ok,,TCGA-12-0688
TCGA-DU-A7T8-01Z-00-DX1.2D5A2041-46F5-4571-A933-2629E7617B31.svs,data/raw/tcga/wsi/a26d6758-564e-4b15-9300-dce25e6ccf55/TCGA-DU-A7T8-01Z-00-DX1.2D5A2041-46F5-4571-A933-2629E7617B31.svs,111.138809,aperio,SS7168CNTLR,40,0.2526,0.2526,31871,22917,3,40,05/19/15,ok,,TCGA-DU-A7T8
TCGA-HT-A5RA-01Z-00-DX1.F5DA3E78-30A6-41C5-9B50-410E795EF591.svs,data/raw/tcga/wsi/a297b527-8775-40d4-8478-3eaee0c0b023/TCGA-HT-A5RA-01Z-00-DX1.F5DA3E78-30A6-41C5-9B50-410E795EF591.svs,1045.829717,aperio,SS1763CNTLR,40,0.2525,0.2525,117528,71851,4,40,10/03/14,ok,,TCGA-HT-A5RA
TCGA-12-1602-01Z-00-DX5.699D9FC4-F113-4DC5-8DCB-B00150AA8B98.svs,data/raw/tcga/wsi/a2b0e0a9-e486-4611-9fb2-36216b91d234/TCGA-12-1602-01Z-00-DX5.699D9FC4-F113-4DC5-8DCB-B00150AA8B98.svs,187.583938,aperio,PATH-MCLEN001MS,20,0.4993,0.4993,90030,46904,4,20,03/04/10,ok,,TCGA-12-1602
TCGA-HT-8111-01Z-00-DX1.11CA1C04-FEFB-4D62-A051-6423FA65585C.svs,data/raw/tcga/wsi/a2be1c80-feba-43ad-9422-f6f2c863dabb/TCGA-HT-8111-01Z-00-DX1.11CA1C04-FEFB-4D62-A051-6423FA65585C.svs,2370.616239,aperio,SS1763CNTLR,40,0.2525,0.2525,159360,71613,4,40,10/03/14,ok,,TCGA-HT-8111
TCGA-02-0052-01Z-00-DX1.93BA650B-4E71-43D8-9974-16185F906EB8.svs,data/raw/tcga/wsi/a36fac6a-0c70-4917-8f5f-0aa27c01c120/TCGA-02-0052-01Z-00-DX1.93BA650B-4E71-43D8-9974-16185F906EB8.svs,3590.941656,aperio,SS7054,40,0.2533,0.2533,133463,90216,4,40,10/01/14,ok,,TCGA-02-0052
TCGA-06-0877-01Z-00-DX1.b936af27-4f87-44ba-8bb7-8f3f5b994961.svs,data/raw/tcga/wsi/a3c2bd42-f652-45d2-b4be-2447ddd49af4/TCGA-06-0877-01Z-00-DX1.b936af27-4f87-44ba-8bb7-8f3f5b994961.svs,369.116661,aperio,SS1302,20,0.5015,0.5015,44002,37717,3,20,10/01/09,ok,,TCGA-06-0877
TCGA-HT-7858-01Z-00-DX3.509F76CA-BC5E-49AF-844A-DD58BBF32A9C.svs,data/raw/tcga/wsi/a4b57888-2926-42d2-99de-76cda2ddfd0f/TCGA-HT-7858-01Z-00-DX3.509F76CA-BC5E-49AF-844A-DD58BBF32A9C.svs,2608.222373,aperio,SS1763CNTLR,40,0.2525,0.2525,129480,91975,4,40,03/10/14,ok,,TCGA-HT-7858
TCGA-28-1752-01Z-00-DX1.e24f30ab-133e-4a77-9df7-c136beea14a2.svs,data/raw/tcga/wsi/a4e30095-3281-42ab-9f0a-a6db91dc25a7/TCGA-28-1752-01Z-00-DX1.e24f30ab-133e-4a77-9df7-c136beea14a2.svs,313.934075,aperio,SS1302,20,0.5015,0.5015,30001,30351,3,20,01/28/10,ok,,TCGA-28-1752
TCGA-HT-7478-01Z-00-DX1.B3835ABC-63FC-4AEA-B874-5701429C65B7.svs,data/raw/tcga/wsi/a4f2622a-f35b-4b74-8741-f43c56a8dacc/TCGA-HT-7478-01Z-00-DX1.B3835ABC-63FC-4AEA-B874-5701429C65B7.svs,86.132171,aperio,SS1534CNTLR,40,0.2456,0.2456,27608,29571,3,40,02/23/13,ok,,TCGA-HT-7478
TCGA-28-1746-01Z-00-DX1.06f187d2-b5e8-4b37-bb23-a707d0059944.svs,data/raw/tcga/wsi/a4f70d6d-42af-470c-8731-3657f1eef9c1/TCGA-28-1746-01Z-00-DX1.06f187d2-b5e8-4b37-bb23-a707d0059944.svs,172.689429,aperio,SS1302,20,0.5015,0.5015,24001,26093,3,20,01/28/10,ok,,TCGA-28-1746
TCGA-02-0058-01Z-00-DX1.6A05C2EB-C782-4F55-A12D-0339747E9BD3.svs,data/raw/tcga/wsi/a50382c3-3f5f-46e4-a360-503898623774/TCGA-02-0058-01Z-00-DX1.6A05C2EB-C782-4F55-A12D-0339747E9BD3.svs,2834.630762,aperio,SS7054,40,0.2533,0.2533,101591,83828,4,40,10/01/14,ok,,TCGA-02-0058
TCGA-HT-A4DS-01Z-00-DX1.A4A06B93-43D3-4128-8ECF-84215E9E32E0.svs,data/raw/tcga/wsi/a5078e0b-7832-4649-a966-48899141fcfb/TCGA-HT-A4DS-01Z-00-DX1.A4A06B93-43D3-4128-8ECF-84215E9E32E0.svs,1970.272542,aperio,SS1552CNTLR,40,0.2468,0.2468,136136,95304,4,40,03/05/13,ok,,TCGA-HT-A4DS
TCGA-S9-A6WP-01Z-00-DX1.C3E303DF-A88E-4A62-8958-BDE01A384D99.svs,data/raw/tcga/wsi/a53b5b43-8b77-4e11-824f-9bde614a7b1b/TCGA-S9-A6WP-01Z-00-DX1.C3E303DF-A88E-4A62-8958-BDE01A384D99.svs,2271.646737,aperio,SS1764CNTLR,40,0.2527,0.2527,133463,91540,4,40,01/20/14,ok,,TCGA-S9-A6WP
TCGA-02-0071-01Z-00-DX1.B9C1B58E-7A88-4C92-9E4C-2961A710F9A4.svs,data/raw/tcga/wsi/a548a76e-3eca-4cbc-9909-d818a970dd18/TCGA-02-0071-01Z-00-DX1.B9C1B58E-7A88-4C92-9E4C-2961A710F9A4.svs,2172.992382,aperio,SS7054,40,0.2533,0.2533,81671,66007,4,40,10/01/14,ok,,TCGA-02-0071
TCGA-HT-A615-01Z-00-DX1.454CE5AA-213B-4479-B6B9-4CEAB6EC951A.svs,data/raw/tcga/wsi/a58376f2-8a8e-4977-a9d2-b80564f8f271/TCGA-HT-A615-01Z-00-DX1.454CE5AA-213B-4479-B6B9-4CEAB6EC951A.svs,971.204253,aperio,SS1436CNTLR,40,0.2485,0.2485,103419,79125,4,40,10/06/14,ok,,TCGA-HT-A615
TCGA-HT-7877-01Z-00-DX4.024CAAF1-188E-4F2E-AAA7-E354B89478D9.svs,data/raw/tcga/wsi/a597f9ff-9b9b-4634-a181-697167e8c476/TCGA-HT-7877-01Z-00-DX4.024CAAF1-188E-4F2E-AAA7-E354B89478D9.svs,1511.383089,aperio,SS1534CNTLR,40,0.2456,0.2456,122808,81625,4,40,02/23/13,ok,,TCGA-HT-7877
TCGA-HT-7610-01Z-00-DX2.FA27FEBA-2400-451A-9E7E-492D150AAAA7.svs,data/raw/tcga/wsi/a5c727f8-1cd5-44e8-8cfd-e4d30bd86997/TCGA-HT-7610-01Z-00-DX2.FA27FEBA-2400-451A-9E7E-492D150AAAA7.svs,933.298673,aperio,SS1764CNTLR,40,0.2527,0.2527,85655,77962,4,40,03/11/14,ok,,TCGA-HT-7610
TCGA-HT-7608-01Z-00-DX9.3847E9F0-3C6B-413B-9992-4667BDB03E31.svs,data/raw/tcga/wsi/a6512086-55a3-4fe2-b376-54e95e717f94/TCGA-HT-7608-01Z-00-DX9.3847E9F0-3C6B-413B-9992-4667BDB03E31.svs,2150.790797,aperio,SS1764CNTLR,40,0.2527,0.2527,103583,90307,4,40,03/11/14,ok,,TCGA-HT-7608
TCGA-E1-A7YD-01Z-00-DX1.4CE57729-1398-4228-A531-25B112EC73F4.svs,data/raw/tcga/wsi/a65cf965-0bea-4257-99ed-f7e674bd44b9/TCGA-E1-A7YD-01Z-00-DX1.4CE57729-1398-4228-A531-25B112EC73F4.svs,2754.481276,aperio,,40,0.25,0.25,129336,94093,4,40.000000,2014-10-27T15:43:43.057Z,ok,,TCGA-E1-A7YD
TCGA-14-1825-01Z-00-DX4.b85367d0-ea6d-496e-8ef7-d6ce24ccf0cb.svs,data/raw/tcga/wsi/a661826c-b4ad-4693-b695-3096ccbffa4d/TCGA-14-1825-01Z-00-DX4.b85367d0-ea6d-496e-8ef7-d6ce24ccf0cb.svs,487.679161,aperio,SS1302,20,0.5015,0.5015,44002,40146,3,20,02/02/10,ok,,TCGA-14-1825
TCGA-06-0176-01Z-00-DX4.98c6f166-0c65-47c5-9d26-c4e524b25577.svs,data/raw/tcga/wsi/a732eed3-88d2-4ce6-872b-7da0b52ca518/TCGA-06-0176-01Z-00-DX4.98c6f166-0c65-47c5-9d26-c4e524b25577.svs,412.703295,aperio,SS1302,20,0.5015,0.5015,44002,33138,3,20,07/07/09,ok,,TCGA-06-0176
TCGA-06-0143-01Z-00-DX2.6c4cb4fb-440c-4099-b7db-ff863614c9b8.svs,data/raw/tcga/wsi/a8078b20-b0b1-4f2a-ae50-30ea30d560f5/TCGA-06-0143-01Z-00-DX2.6c4cb4fb-440c-4099-b7db-ff863614c9b8.svs,368.321917,aperio,SS1302,20,0.5015,0.5015,36001,24031,3,20,10/05/09,ok,,TCGA-06-0143
TCGA-FG-A60K-01Z-00-DX1.A5997F67-B39A-477A-BE71-BF72FD9596F8.svs,data/raw/tcga/wsi/a833daa3-84c5-46ab-90d2-5d67480384c3/TCGA-FG-A60K-01Z-00-DX1.A5997F67-B39A-477A-BE71-BF72FD9596F8.svs,1427.517629,aperio,SS1534CNTLR,40,0.2456,0.2456,132328,75385,4,40,07/30/13,ok,,TCGA-FG-A60K
TCGA-DU-8158-01Z-00-DX1.04fe31d7-0a47-4f5e-a6f5-28974dea86b4.svs,data/raw/tcga/wsi/a84e8087-22a3-493f-b429-4f552f974379/TCGA-DU-8158-01Z-00-DX1.04fe31d7-0a47-4f5e-a6f5-28974dea86b4.svs,236.857663,aperio,SS1302,40,0.252,0.252,23981,36108,3,40,09/11/12,ok,,TCGA-DU-8158
TCGA-CS-4943-01Z-00-DX1.42332d6f-e16e-40ae-a629-69c537d79465.svs,data/raw/tcga/wsi/a86e56e0-61bd-43bd-8453-113815e82076/TCGA-CS-4943-01Z-00-DX1.42332d6f-e16e-40ae-a629-69c537d79465.svs,240.847053,aperio,SS1302,40,0.252,0.252,141968,47219,4,40,07/16/12,ok,,TCGA-CS-4943
TCGA-R8-A6ML-01Z-00-DX1.22E320A4-A5B4-4D32-83C6-CD83199E2B4C.svs,data/raw/tcga/wsi/a93517f4-83cb-473e-b0c1-0240fe33c569/TCGA-R8-A6ML-01Z-00-DX1.22E320A4-A5B4-4D32-83C6-CD83199E2B4C.svs,2923.20827,aperio,SS7095,40,0.2517,0.2517,126615,77069,4,40,11/12/14,ok,,TCGA-R8-A6ML
TCGA-19-5960-01Z-00-DX1.3376dcf2-9873-445e-83a9-95c5b208efc7.svs,data/raw/tcga/wsi/a9f1be46-b64c-455f-a29f-9261f89a7dc5/TCGA-19-5960-01Z-00-DX1.3376dcf2-9873-445e-83a9-95c5b208efc7.svs,1384.551137,aperio,SS1302,40,0.252,0.252,153479,84842,4,40,12/01/11,ok,,TCGA-19-5960
TCGA-DU-A5TP-01Z-00-DX1.93C7592D-91A7-4A89-96A8-190654A36BA9.svs,data/raw/tcga/wsi/aa628c8b-b0b1-483c-82e5-897f075addd5/TCGA-DU-A5TP-01Z-00-DX1.93C7592D-91A7-4A89-96A8-190654A36BA9.svs,109.102637,aperio,SS7168CNTLR,40,0.2526,0.2526,21911,20866,3,40,05/19/15,ok,,TCGA-DU-A5TP
TCGA-HT-A614-01Z-00-DX1.B2D270F0-8C0B-4FBE-B794-3493443E47C5.svs,data/raw/tcga/wsi/aadce5a4-ea05-4085-b7c2-b2fb2165aad6/TCGA-HT-A614-01Z-00-DX1.B2D270F0-8C0B-4FBE-B794-3493443E47C5.svs,1165.164467,aperio,SS1763CNTLR,40,0.2525,0.2525,99600,67796,4,40,10/03/14,ok,,TCGA-HT-A614
TCGA-HT-7873-01Z-00-DX3.FA5456B2-A50E-42DD-A206-92089422E523.svs,data/raw/tcga/wsi/ab0c8d35-8ce5-467c-beaa-682887fb2508/TCGA-HT-7873-01Z-00-DX3.FA5456B2-A50E-42DD-A206-92089422E523.svs,319.164159,aperio,SS1534CNTLR,40,0.2456,0.2456,45696,64825,4,40,02/23/13,ok,,TCGA-HT-7873
TCGA-HT-7882-01Z-00-DX1.B5224DF8-94F3-47F3-99F0-9D05DEB3B4BC.svs,data/raw/tcga/wsi/ab3fa187-4ffc-4b22-9053-c38beb8a81b0/TCGA-HT-7882-01Z-00-DX1.B5224DF8-94F3-47F3-99F0-9D05DEB3B4BC.svs,691.040331,aperio,SS1763CNTLR,40,0.2525,0.2525,69720,72398,4,40,03/11/14,ok,,TCGA-HT-7882
TCGA-14-1821-01Z-00-DX2.7c41e66e-2fb1-4a80-9c92-5ca34955f38c.svs,data/raw/tcga/wsi/abd2c06f-654b-4fef-ae45-87abbf159825/TCGA-14-1821-01Z-00-DX2.7c41e66e-2fb1-4a80-9c92-5ca34955f38c.svs,399.750309,aperio,SS1302,20,0.5015,0.5015,46002,41309,3,20,02/01/10,ok,,TCGA-14-1821
TCGA-02-0014-01Z-00-DX1.b7fd5196-fc51-4dc7-aa6d-e74e1e9ee71d.svs,data/raw/tcga/wsi/ac51c752-2fa1-4923-a443-6ca84adb8c2a/TCGA-02-0014-01Z-00-DX1.b7fd5196-fc51-4dc7-aa6d-e74e1e9ee71d.svs,373.620439,aperio,SS1258,20,0.5025,0.5025,77695,20687,3,20,05/15/08,ok,,TCGA-02-0014
TCGA-08-0373-01Z-00-DX1.F955B61E-5BE6-4084-A0CB-5C566999570B.svs,data/raw/tcga/wsi/ac628070-0271-4513-b90f-ddebfc5d9184/TCGA-08-0373-01Z-00-DX1.F955B61E-5BE6-4084-A0CB-5C566999570B.svs,197.694631,aperio,SS1763CNTLR,40,0.2525,0.2525,85656,49595,4,40,11/25/14,ok,,TCGA-08-0373
TCGA-DB-A64S-01Z-00-DX1.E44CE325-25A2-4669-8843-E7462547C004.svs,data/raw/tcga/wsi/ac868b94-bf09-4f27-a352-3599932b1ecd/TCGA-DB-A64S-01Z-00-DX1.E44CE325-25A2-4669-8843-E7462547C004.svs,2888.76039,aperio,R0251491,40,0.247,0.247,155375,83956,4,40,06/11/14,ok,,TCGA-DB-A64S
TCGA-DU-6397-01Z-00-DX1.82694102-b70e-4919-bd88-644692606d52.svs,data/raw/tcga/wsi/acedae65-0e11-4188-8d8e-a821914c0489/TCGA-DU-6397-01Z-00-DX1.82694102-b70e-4919-bd88-644692606d52.svs,162.093907,aperio,SS1302,40,0.252,0.252,81535,67767,4,40,06/09/11,ok,,TCGA-DU-6397
TCGA-19-1385-01Z-00-DX1.08e05d7e-2687-4bf3-8955-2ed4ccb62567.svs,data/raw/tcga/wsi/ad20e607-fb27-4194-b3ea-51055cfdcbe5/TCGA-19-1385-01Z-00-DX1.08e05d7e-2687-4bf3-8955-2ed4ccb62567.svs,123.084549,aperio,SS1546,40,0.2457,0.2457,83664,59393,4,40,03/22/11,ok,,TCGA-19-1385
TCGA-DU-8161-01Z-00-DX1.f8fa74fe-4793-47dc-9dc1-10e636835536.svs,data/raw/tcga/wsi/adf9c7cb-b854-4046-a307-740b9c6f15b1/TCGA-DU-8161-01Z-00-DX1.f8fa74fe-4793-47dc-9dc1-10e636835536.svs,175.192529,aperio,SS1302,40,0.252,0.252,35492,23518,3,40,09/11/12,ok,,TCGA-DU-8161
TCGA-HT-7469-01Z-00-DX1.53A588BD-3B74-4DB6-BE8D-A6E80119E3EB.svs,data/raw/tcga/wsi/ae0dfb37-c6a4-4822-970b-ae37cdd42d7e/TCGA-HT-7469-01Z-00-DX1.53A588BD-3B74-4DB6-BE8D-A6E80119E3EB.svs,569.517107,aperio,SS1763CNTLR,40,0.2525,0.2525,119520,57706,4,40,10/03/14,ok,,TCGA-HT-7469
TCGA-S9-A6TV-01Z-00-DX1.E58C29B5-A44B-4906-B2DF-C606311C1F5C.svs,data/raw/tcga/wsi/ae17ec8d-92d0-464b-be39-cf1b7ec88d4c/TCGA-S9-A6TV-01Z-00-DX1.E58C29B5-A44B-4906-B2DF-C606311C1F5C.svs,379.288535,aperio,SS1764CNTLR,40,0.2527,0.2527,51791,49939,4,40,01/20/14,ok,,TCGA-S9-A6TV
TCGA-06-0125-01Z-00-DX2.4f9cef92-2bdb-480d-8704-94289f8b70fb.svs,data/raw/tcga/wsi/ae4fa8d9-267a-4d47-93f8-e8e2b8beb871/TCGA-06-0125-01Z-00-DX2.4f9cef92-2bdb-480d-8704-94289f8b70fb.svs,491.078573,aperio,SS1258,20,0.5001,0.5001,77905,41217,3,20,10/03/08,ok,,TCGA-06-0125
TCGA-DU-A76R-01Z-00-DX1.EDE40E2C-2364-4B22-B787-E07E0821FF56.svs,data/raw/tcga/wsi/ae9989b6-8043-4b46-ae81-b9fca487850a/TCGA-DU-A76R-01Z-00-DX1.EDE40E2C-2364-4B22-B787-E07E0821FF56.svs,146.534545,aperio,SS7168CNTLR,40,0.2526,0.2526,23903,29539,3,40,05/19/15,ok,,TCGA-DU-A76R
TCGA-27-2528-01Z-00-DX1.8160EE21-D3C3-4FFF-8BB6-979235C1F963.svs,data/raw/tcga/wsi/aec43cb1-6d65-4f83-8807-c8eed56e59a8/TCGA-27-2528-01Z-00-DX1.8160EE21-D3C3-4FFF-8BB6-979235C1F963.svs,1332.363891,aperio,SS1764CNTLR,40,0.2527,0.2527,101591,79845,4,40,07/02/14,ok,,TCGA-27-2528
TCGA-CS-4942-01Z-00-DX1.67f7928e-e1d9-473b-a317-7c6b4ba7433f.svs,data/raw/tcga/wsi/aee56ea7-e0ec-40c7-a92b-a73f588368ca/TCGA-CS-4942-01Z-00-DX1.67f7928e-e1d9-473b-a317-7c6b4ba7433f.svs,86.000543,aperio,SS1302,40,0.252,0.252,48921,25915,3,40,07/16/12,ok,,TCGA-CS-4942
TCGA-06-5418-01Z-00-DX1.8c45ebb4-528d-4d2d-bde0-05266b51f06c.svs,data/raw/tcga/wsi/aee581fd-90fb-4dd1-8dab-89015a0ef60e/TCGA-06-5418-01Z-00-DX1.8c45ebb4-528d-4d2d-bde0-05266b51f06c.svs,150.298863,aperio,SS1302,40,0.252,0.252,79617,36059,4,40,08/12/11,ok,,TCGA-06-5418
TCGA-06-0152-01Z-00-DX6.b20146eb-b6a1-4f9f-842f-8761fc489965.svs,data/raw/tcga/wsi/af2ab5f0-d1c9-4f60-9623-58acd6a0acf3/TCGA-06-0152-01Z-00-DX6.b20146eb-b6a1-4f9f-842f-8761fc489965.svs,693.487031,aperio,SS1258,20,0.5001,0.5001,41948,45081,3,20,11/03/08,ok,,TCGA-06-0152
TCGA-CS-6665-01Z-00-DX1.0805163E-0752-4383-B9EC-877B505672B8.svs,data/raw/tcga/wsi/b072f4db-d24a-41f0-8892-717aa2061960/TCGA-CS-6665-01Z-00-DX1.0805163E-0752-4383-B9EC-877B505672B8.svs,471.801855,aperio,SS1302,40,0.252,0.252,95924,51658,4,40,07/16/12,ok,,TCGA-CS-6665
TCGA-P5-A736-01Z-00-DX1.FCED7667-57E1-4064-89EB-75DF60076945.svs,data/raw/tcga/wsi/b0b53316-34a3-43ef-afce-ebe4381f6ba2/TCGA-P5-A736-01Z-00-DX1.FCED7667-57E1-4064-89EB-75DF60076945.svs,2377.813937,aperio,SS1763CNTLR,40,0.2525,0.2525,135456,88286,4,40,12/29/14,ok,,TCGA-P5-A736
TCGA-FG-7636-01Z-00-DX1.BD12D54F-E266-4950-AB43-912C714E338C.svs,data/raw/tcga/wsi/b0b5422d-b905-4dfb-a048-f3fdb48afd9d/TCGA-FG-7636-01Z-00-DX1.BD12D54F-E266-4950-AB43-912C714E338C.svs,715.574521,aperio,SS1302,40,0.252,0.252,126620,80057,4,40,04/03/12,ok,,TCGA-FG-7636
TCGA-TQ-A7RR-01Z-00-DX1.45839A23-093F-4BDE-8FF3-642DE69BD656.svs,data/raw/tcga/wsi/b1b445b1-3941-4bec-a27a-712ec08ac8eb/TCGA-TQ-A7RR-01Z-00-DX1.45839A23-093F-4BDE-8FF3-642DE69BD656.svs,2627.597715,aperio,SS1763CNTLR,40,0.2525,0.2525,115536,89855,4,40,12/02/14,ok,,TCGA-TQ-A7RR
TCGA-QH-A6CS-01Z-00-DX1.E45E2C78-9287-41CB-897B-EF6349147105.svs,data/raw/tcga/wsi/b222fa79-a32a-46f6-acfe-7c50e532e44d/TCGA-QH-A6CS-01Z-00-DX1.E45E2C78-9287-41CB-897B-EF6349147105.svs,1474.303141,aperio,SS1540CNTLR,40,0.2465,0.2465,85680,79122,4,40,08/06/13,ok,,TCGA-QH-A6CS
TCGA-DU-A7TJ-01Z-00-DX1.25849F8A-8BA3-4DAD-B23D-0FA6144FC0D1.svs,data/raw/tcga/wsi/b22cf0ba-7df8-4067-b9b5-c1a277854280/TCGA-DU-A7TJ-01Z-00-DX1.25849F8A-8BA3-4DAD-B23D-0FA6144FC0D1.svs,315.032169,aperio,SS7168CNTLR,40,0.2526,0.2526,85655,27839,4,40,05/19/15,ok,,TCGA-DU-A7TJ
TCGA-HT-7480-01Z-00-DX2.F7CD8FA9-0DD2-47E5-9A40-957AA6DE5770.svs,data/raw/tcga/wsi/b24ea689-fcf4-47bc-a18a-2c8c880653db/TCGA-HT-7480-01Z-00-DX2.F7CD8FA9-0DD2-47E5-9A40-957AA6DE5770.svs,1316.558645,aperio,SS1764CNTLR,40,0.2527,0.2527,85655,64802,4,40,09/10/14,ok,,TCGA-HT-7480
TCGA-28-1750-01Z-00-DX1.b1455f64-6b43-4f2f-8434-d7fb53aadc51.svs,data/raw/tcga/wsi/b2b0e736-5f91-4345-8cfd-45dbeed36d87/TCGA-28-1750-01Z-00-DX1.b1455f64-6b43-4f2f-8434-d7fb53aadc51.svs,273.528727,aperio,SS1302,20,0.5015,0.5015,32001,31516,3,20,01/28/10,ok,,TCGA-28-1750
TCGA-QH-A65S-01Z-00-DX1.CEE3136E-5CFE-41A6-989C-8F61A12D9862.svs,data/raw/tcga/wsi/b376638c-2531-489a-bc6e-2e4c4bd3e294/TCGA-QH-A65S-01Z-00-DX1.CEE3136E-5CFE-41A6-989C-8F61A12D9862.svs,1216.908291,aperio,SS1540CNTLR,40,0.2465,0.2465,89488,90894,4,40,08/06/13,ok,,TCGA-QH-A65S
TCGA-IK-7675-01Z-00-DX1.1afabdc4-ee6b-4a8a-8f9f-2bdead91ee76.svs,data/raw/tcga/wsi/b3d6fab9-3905-4d16-a744-4f86028a93cc/TCGA-IK-7675-01Z-00-DX1.1afabdc4-ee6b-4a8a-8f9f-2bdead91ee76.svs,58.813345,aperio,SS1302,40,0.252,0.252,23021,69820,4,40,05/09/12,ok,,TCGA-IK-7675
TCGA-TM-A7CF-01Z-00-DX2.D24F6CA3-562B-4444-A072-DA66C527F1C5.svs,data/raw/tcga/wsi/b44a11ce-dc78-4a23-af13-7354a4d80fa9/TCGA-TM-A7CF-01Z-00-DX2.D24F6CA3-562B-4444-A072-DA66C527F1C5.svs,2721.270897,aperio,SS1436CNTLR,40,0.2485,0.2485,174281,86609,4,40,01/16/14,ok,,TCGA-TM-A7CF
TCGA-DH-A7UT-01Z-00-DX1.A229410B-A3A3-4046-A5B3-8E0CD926BB57.svs,data/raw/tcga/wsi/b48a4467-4337-4e54-9606-7be04a57f765/TCGA-DH-A7UT-01Z-00-DX1.A229410B-A3A3-4046-A5B3-8E0CD926BB57.svs,1203.854415,aperio,SS1436CNTLR,40,0.2485,0.2485,121613,70600,4,40,07/17/14,ok,,TCGA-DH-A7UT
TCGA-06-0156-01Z-00-DX1.1303eb2c-6cf6-4173-804c-d52a111263b5.svs,data/raw/tcga/wsi/b491b498-6504-4a98-85bb-1eee887eb488/TCGA-06-0156-01Z-00-DX1.1303eb2c-6cf6-4173-804c-d52a111263b5.svs,379.627133,aperio,SS1302,20,0.504,0.504,25901,43565,3,20,12/05/08,ok,,TCGA-06-0156
TCGA-08-0345-01Z-00-DX1.DEC032EE-E0D3-4F8A-9008-063BDC17DFBF.svs,data/raw/tcga/wsi/b5bdda36-ab8f-428d-98e7-48fa93fba963/TCGA-08-0345-01Z-00-DX1.DEC032EE-E0D3-4F8A-9008-063BDC17DFBF.svs,215.830959,aperio,SS1763CNTLR,40,0.2525,0.2525,65736,36212,4,40,11/25/14,ok,,TCGA-08-0345
TCGA-VM-A8CA-01Z-00-DX6.07221643-D7F3-4E38-9A63-C7B3B46E570B.svs,data/raw/tcga/wsi/b5cc5b24-ea66-4e61-beec-61332e953b09/TCGA-VM-A8CA-01Z-00-DX6.07221643-D7F3-4E38-9A63-C7B3B46E570B.svs,1844.985905,aperio,SS1764CNTLR,40,0.2527,0.2527,117527,89974,4,40,02/28/14,ok,,TCGA-VM-A8CA
TCGA-DU-8163-01Z-00-DX1.0f6383ea-6dd4-4424-b7b1-ec19d17d8d1a.svs,data/raw/tcga/wsi/b5e6142c-ac0c-4f4f-9508-744760bb5a21/TCGA-DU-8163-01Z-00-DX1.0f6383ea-6dd4-4424-b7b1-ec19d17d8d1a.svs,94.859651,aperio,SS1302,40,0.252,0.252,16307,23872,3,40,09/11/12,ok,,TCGA-DU-8163
TCGA-02-0054-01Z-00-DX1.B8AFCEF2-4ED1-4329-854A-313AAECF3093.svs,data/raw/tcga/wsi/b69740d1-00d9-4d0e-bd31-b1c7ea297979/TCGA-02-0054-01Z-00-DX1.B8AFCEF2-4ED1-4329-854A-313AAECF3093.svs,1227.470106,aperio,SS7054,40,0.2533,0.2533,73703,67763,4,40,10/01/14,ok,,TCGA-02-0054
TCGA-TM-A84G-01Z-00-DX2.40776742-AC90-4DA4-A0CE-738AD4F6550F.svs,data/raw/tcga/wsi/b6dcee7f-6c6c-4550-bfb9-ad119f5c8776/TCGA-TM-A84G-01Z-00-DX2.40776742-AC90-4DA4-A0CE-738AD4F6550F.svs,1575.676527,aperio,SS1764CNTLR,40,0.2527,0.2527,101591,79370,4,40,03/21/14,ok,,TCGA-TM-A84G
TCGA-HT-A61A-01Z-00-DX1.1E02526B-2D50-482D-B4A8-F326E9CE3F55.svs,data/raw/tcga/wsi/b6e2050f-d8f9-4e5e-b466-290b0da8533c/TCGA-HT-A61A-01Z-00-DX1.1E02526B-2D50-482D-B4A8-F326E9CE3F55.svs,1111.165827,aperio,SS1763CNTLR,40,0.2525,0.2525,77688,53439,4,40,10/04/14,ok,,TCGA-HT-A61A
TCGA-TM-A84O-01Z-00-DX1.C05AE734-FABD-4DA7-9FDA-A54564CDED27.svs,data/raw/tcga/wsi/b700ed8b-f484-4f5e-9c64-6b9032e12dad/TCGA-TM-A84O-01Z-00-DX1.C05AE734-FABD-4DA7-9FDA-A54564CDED27.svs,1692.736599,aperio,SS1764CNTLR,40,0.2527,0.2527,181271,71190,4,40,03/21/14,ok,,TCGA-TM-A84O
TCGA-DB-A4XE-01Z-00-DX1.C45CDC01-DCE7-404B-88E0-9EAF67E7A26E.svs,data/raw/tcga/wsi/b72b09b1-5a87-43a7-9b54-9dcd77f93e4f/TCGA-DB-A4XE-01Z-00-DX1.C45CDC01-DCE7-404B-88E0-9EAF67E7A26E.svs,1714.118404,aperio,R0228416,40,0.2462,0.2462,139944,73103,4,40,02/13/13,ok,,TCGA-DB-A4XE
TCGA-DU-6407-01Z-00-DX1.191e7dfe-7bb3-446f-ba9d-8123b83f75d9.svs,data/raw/tcga/wsi/b78b3e94-2427-4c48-a0d6-0741f55bc333/TCGA-DU-6407-01Z-00-DX1.191e7dfe-7bb3-446f-ba9d-8123b83f75d9.svs,282.883945,aperio,SS1302,40,0.252,0.252,84413,67031,4,40,06/09/11,ok,,TCGA-DU-6407
TCGA-HT-8105-01Z-00-DX1.71273969-B550-45A8-9336-6B30D7D08916.svs,data/raw/tcga/wsi/b796931f-ced1-4bed-afc3-94fbaef01575/TCGA-HT-8105-01Z-00-DX1.71273969-B550-45A8-9336-6B30D7D08916.svs,1479.268239,aperio,SS1763CNTLR,40,0.2525,0.2525,95616,67466,4,40,10/03/14,ok,,TCGA-HT-8105
TCGA-02-0099-01Z-00-DX1.E3BD2989-346F-4580-9E67-23BEEA35094E.svs,data/raw/tcga/wsi/b822fb8f-b9f7-4519-9db7-f86535ff5b6b/TCGA-02-0099-01Z-00-DX1.E3BD2989-346F-4580-9E67-23BEEA35094E.svs,2799.72991,aperio,SS7054,40,0.2533,0.2533,95615,73480,4,40,10/01/14,ok,,TCGA-02-0099
TCGA-TM-A7CA-01Z-00-DX1.1CEBE1E1-7CBE-4F80-BAFC-828F7FA787B7.svs,data/raw/tcga/wsi/b8a5fd64-23d2-4261-9338-cb5b6df9b4db/TCGA-TM-A7CA-01Z-00-DX1.1CEBE1E1-7CBE-4F80-BAFC-828F7FA787B7.svs,1181.607617,aperio,SS1763CNTLR,40,0.2525,0.2525,155376,80610,4,40,01/16/14,ok,,TCGA-TM-A7CA
TCGA-28-1749-01Z-00-DX1.08010572-bf70-45ae-b804-4c0e5b03ee6f.svs,data/raw/tcga/wsi/b943c68d-3294-48c1-bee6-b5e9b61fbc3b/TCGA-28-1749-01Z-00-DX1.08010572-bf70-45ae-b804-4c0e5b03ee6f.svs,73.616645,aperio,SS1302,20,0.5015,0.5015,14000,40146,3,20,01/28/10,ok,,TCGA-28-1749
TCGA-19-2629-01Z-00-DX1.90082b7f-f716-402f-9213-bbf3d7b74298.svs,data/raw/tcga/wsi/b94aa1ea-d5b2-427c-82e9-8ed976587fa6/TCGA-19-2629-01Z-00-DX1.90082b7f-f716-402f-9213-bbf3d7b74298.svs,59.631879,aperio,SS1302,40,0.252,0.252,68106,26832,4,40,09/11/12,ok,,TCGA-19-2629
TCGA-12-0826-01Z-00-DX2.EBD12563-948E-4983-8F96-FE56B8358EE2.svs,data/raw/tcga/wsi/b98f7212-8354-4394-b36b-65354c1b3968/TCGA-12-0826-01Z-00-DX2.EBD12563-948E-4983-8F96-FE56B8358EE2.svs,155.615504,aperio,PATH-MCLEN001MS,20,0.4993,0.4993,56018,46855,3,20,10/14/09,ok,,TCGA-12-0826
TCGA-06-0128-01Z-00-DX2.69815e48-000e-42cc-9ae0-f442100242a5.svs,data/raw/tcga/wsi/b9fcb011-97f3-4231-8e3f-ab24f1c85509/TCGA-06-0128-01Z-00-DX2.69815e48-000e-42cc-9ae0-f442100242a5.svs,466.986037,aperio,SS1302,20,0.504,0.504,31657,38928,3,20,12/05/08,ok,,TCGA-06-0128
TCGA-19-A6J4-01Z-00-DX1.515A82A7-8BCE-4BAE-B052-9D5B114EF51A.svs,data/raw/tcga/wsi/ba79406b-5b73-4118-958a-eb08efac443f/TCGA-19-A6J4-01Z-00-DX1.515A82A7-8BCE-4BAE-B052-9D5B114EF51A.svs,1291.794321,aperio,SS1436CNTLR,40,0.2485,0.2485,104377,78095,4,40,09/23/13,ok,,TCGA-19-A6J4
TCGA-HT-8015-01Z-00-DX1.A88F5665-931F-4C94-B856-5EE0E6020E84.svs,data/raw/tcga/wsi/ba890b4b-c721-4e2f-acc9-f237ee688425/TCGA-HT-8015-01Z-00-DX1.A88F5665-931F-4C94-B856-5EE0E6020E84.svs,425.630669,aperio,SS1763CNTLR,40,0.2525,0.2525,55776,54680,4,40,10/03/14,ok,,TCGA-HT-8015
TCGA-19-5951-01Z-00-DX1.a0b16abe-6c89-4fc1-95c5-56757360896b.svs,data/raw/tcga/wsi/baa0bd9b-d4c4-4c97-8760-594d4f8dbe65/TCGA-19-5951-01Z-00-DX1.a0b16abe-6c89-4fc1-95c5-56757360896b.svs,1026.728797,aperio,SS1302,40,0.252,0.252,159234,81594,4,40,10/23/11,ok,,TCGA-19-5951
TCGA-TM-A84S-01Z-00-DX1.5ED4FD31-AE61-4E45-B202-420B37C847D9.svs,data/raw/tcga/wsi/bae4a51b-77ec-4c00-ad41-cde70074c503/TCGA-TM-A84S-01Z-00-DX1.5ED4FD31-AE61-4E45-B202-420B37C847D9.svs,1171.515085,aperio,SS1764CNTLR,40,0.2527,0.2527,129479,79336,4,40,03/21/14,ok,,TCGA-TM-A84S
TCGA-DU-6401-01Z-00-DX1.117ba558-9f05-416d-b621-20c5c83895c8.svs,data/raw/tcga/wsi/bae9fd5b-2150-4144-9146-50789a4352b5/TCGA-DU-6401-01Z-00-DX1.117ba558-9f05-416d-b621-20c5c83895c8.svs,307.169349,aperio,SS1302,40,0.252,0.252,80576,78159,4,40,06/09/11,ok,,TCGA-DU-6401
TCGA-06-0122-01Z-00-DX2.8ccb2e31-03b4-4b49-88af-8412b68a901c.svs,data/raw/tcga/wsi/bb1268fa-eaa2-4933-a929-7f0ef508e65b/TCGA-06-0122-01Z-00-DX2.8ccb2e31-03b4-4b49-88af-8412b68a901c.svs,162.631757,aperio,SS1302,20,0.5015,0.5015,18000,21836,3,20,10/05/09,ok,,TCGA-06-0122
TCGA-06-0208-01Z-00-DX4.b377f84e-cc15-428c-8027-df259709bf38.svs,data/raw/tcga/wsi/bb2e8ec8-6ff9-4b4b-99c8-dc2efe9fef5d/TCGA-06-0208-01Z-00-DX4.b377f84e-cc15-428c-8027-df259709bf38.svs,1508.850139,aperio,SS1258,20,0.5001,0.5001,57929,43001,3,20,11/03/08,ok,,TCGA-06-0208
TCGA-DH-5144-01Z-00-DX1.4DBB9F00-3215-4199-B8D6-16CC5E517E6F.svs,data/raw/tcga/wsi/bb6bf795-94e3-4315-b9a6-d32efe4851bc/TCGA-DH-5144-01Z-00-DX1.4DBB9F00-3215-4199-B8D6-16CC5E517E6F.svs,1680.376675,aperio,SS1436CNTLR,40,0.2485,0.2485,117783,85670,4,40,07/17/14,ok,,TCGA-DH-5144
TCGA-FG-8182-01Z-00-DX1.287825ff-7486-455b-b3d7-90200806ae87.svs,data/raw/tcga/wsi/bbe4c5d7-fdfd-46de-8646-a2e9739c93ea/TCGA-FG-8182-01Z-00-DX1.287825ff-7486-455b-b3d7-90200806ae87.svs,609.428609,aperio,SS1302,40,0.252,0.252,94965,31367,4,40,06/01/12,ok,,TCGA-FG-8182
TCGA-FG-A710-01Z-00-DX1.78193C8E-38BE-48FC-A64E-D1935F42069C.svs,data/raw/tcga/wsi/bc8269a9-fdbf-4c73-8ee8-6704e55f6944/TCGA-FG-A710-01Z-00-DX1.78193C8E-38BE-48FC-A64E-D1935F42069C.svs,491.828669,aperio,SS1764CNTLR,40,0.2527,0.2527,131471,40807,4,40,03/21/14,ok,,TCGA-FG-A710
TCGA-HT-7475-01Z-00-DX4.BC18B0F5-A4D4-40D8-B289-A610A83DFF0E.svs,data/raw/tcga/wsi/bc8a5cdd-7ccb-4056-a4dd-a91bee2f1d5d/TCGA-HT-7475-01Z-00-DX4.BC18B0F5-A4D4-40D8-B289-A610A83DFF0E.svs,1138.055523,aperio,SS1764CNTLR,40,0.2527,0.2527,89639,71774,4,40,03/10/14,ok,,TCGA-HT-7475
TCGA-06-0130-01Z-00-DX2.174bf8b2-127b-437e-b8dc-90c9f1007617.svs,data/raw/tcga/wsi/bc9c285e-3b12-4f41-8665-000ff9930eab/TCGA-06-0130-01Z-00-DX2.174bf8b2-127b-437e-b8dc-90c9f1007617.svs,211.637815,aperio,SS1302,20,0.5015,0.5015,20000,37494,3,20,01/08/09,ok,,TCGA-06-0130
TCGA-FG-A6J1-01Z-00-DX1.F360DE20-12F7-4727-8A21-C3D3F3EA4AF2.svs,data/raw/tcga/wsi/bd72df2b-4ce0-4238-a232-dadabdc66b64/TCGA-FG-A6J1-01Z-00-DX1.F360DE20-12F7-4727-8A21-C3D3F3EA4AF2.svs,1946.420127,aperio,SS1436CNTLR,40,0.2485,0.2485,124486,92261,4,40,09/23/13,ok,,TCGA-FG-A6J1
TCGA-41-3393-01Z-00-DX1.f3a44b0d-dad5-4e0a-ac85-fe2ac191ee47.svs,data/raw/tcga/wsi/bd73b564-5ae1-4964-9e1b-697ea0d95a86/TCGA-41-3393-01Z-00-DX1.f3a44b0d-dad5-4e0a-ac85-fe2ac191ee47.svs,152.451047,aperio,SS1302,40,0.252,0.252,40288,78841,4,40,08/04/11,ok,,TCGA-41-3393
TCGA-FG-5964-01Z-00-DX1.971827c7-4e41-4b8c-af02-01b340cf4cbd.svs,data/raw/tcga/wsi/bd939408-7751-4647-81c1-15e7070761bf/TCGA-FG-5964-01Z-00-DX1.971827c7-4e41-4b8c-af02-01b340cf4cbd.svs,314.694527,aperio,SS1302,40,0.252,0.252,124701,46574,4,40,10/23/11,ok,,TCGA-FG-5964
TCGA-DH-A66B-01Z-00-DX1.8669A577-0481-4C15-B4CB-0266E154DEFD.svs,data/raw/tcga/wsi/be492542-1256-437c-bee3-909408a4c39d/TCGA-DH-A66B-01Z-00-DX1.8669A577-0481-4C15-B4CB-0266E154DEFD.svs,1300.303345,aperio,SS1436CNTLR,40,0.2485,0.2485,104377,76058,4,40,07/17/14,ok,,TCGA-DH-A66B
TCGA-QH-A6XC-01Z-00-DX1.EE39646B-3F7A-4D87-9237-1ED594C8D427.svs,data/raw/tcga/wsi/beb33388-5bb8-46dd-99d1-abd1cf401034/TCGA-QH-A6XC-01Z-00-DX1.EE39646B-3F7A-4D87-9237-1ED594C8D427.svs,553.182269,aperio,SS1764CNTLR,40,0.2527,0.2527,77687,62751,4,40,12/03/13,ok,,TCGA-QH-A6XC
TCGA-06-0171-01Z-00-DX2.36b8a018-8845-4600-954b-dc12ce772ad6.svs,data/raw/tcga/wsi/befcaab3-97c3-45e8-8be5-a9882c590f3d/TCGA-06-0171-01Z-00-DX2.36b8a018-8845-4600-954b-dc12ce772ad6.svs,673.225317,aperio,SS1302,20,0.504,0.504,39332,39103,3,20,10/06/08,ok,,TCGA-06-0171
TCGA-DU-6392-01Z-00-DX1.f44c08a3-d488-483d-b760-f23b0160f832.svs,data/raw/tcga/wsi/bf0f0131-6d9f-4b77-a199-eda01f20a4cb/TCGA-DU-6392-01Z-00-DX1.f44c08a3-d488-483d-b760-f23b0160f832.svs,154.439775,aperio,SS1302,40,0.252,0.252,128538,40006,4,40,06/09/11,ok,,TCGA-DU-6392
TCGA-CS-5395-01Z-00-DX1.389d3129-a006-4d96-bd0f-1f3240118e5b.svs,data/raw/tcga/wsi/bf26fc7f-2d31-47aa-b7d5-3a6e90ee2d27/TCGA-CS-5395-01Z-00-DX1.389d3129-a006-4d96-bd0f-1f3240118e5b.svs,347.048251,aperio,SS1302,40,0.252,0.252,148683,39924,4,40,07/16/12,ok,,TCGA-CS-5395
TCGA-02-0033-01Z-00-DX1.3c22d6a0-8b25-4f00-a499-b610d0f3c9a0.svs,data/raw/tcga/wsi/c04e597a-03db-4a93-93e9-cc74a4716e49/TCGA-02-0033-01Z-00-DX1.3c22d6a0-8b25-4f00-a499-b610d0f3c9a0.svs,839.823447,aperio,SS1302,20,0.5015,0.5015,60002,41413,3,20,01/20/09,ok,,TCGA-02-0033
TCGA-HT-7875-01Z-00-DX2.FB751492-473E-4D1A-AE6E-AC3F27A367C1.svs,data/raw/tcga/wsi/c06846bc-be67-4056-9801-ae28a277b0f7/TCGA-HT-7875-01Z-00-DX2.FB751492-473E-4D1A-AE6E-AC3F27A367C1.svs,774.153057,aperio,SS1534CNTLR,40,0.2456,0.2456,75208,81284,4,40,02/23/13,ok,,TCGA-HT-7875
TCGA-HT-7479-01Z-00-DX2.93C5E5AE-2BF4-45D7-B0F4-1EA48C9D3860.svs,data/raw/tcga/wsi/c0742f8b-1497-4582-a18c-0c9573029387/TCGA-HT-7479-01Z-00-DX2.93C5E5AE-2BF4-45D7-B0F4-1EA48C9D3860.svs,994.289055,aperio,SS1534CNTLR,40,0.2456,0.2456,78064,74523,4,40,02/23/13,ok,,TCGA-HT-7479
TCGA-06-0126-01Z-00-DX1.35fbd316-d2a0-421f-a822-07e52ca87d92.svs,data/raw/tcga/wsi/c095d1f0-d71f-4ae5-84b6-6cc45834a55a/TCGA-06-0126-01Z-00-DX1.35fbd316-d2a0-421f-a822-07e52ca87d92.svs,135.020277,aperio,SS1302,20,0.504,0.504,13430,17126,3,20,12/05/08,ok,,TCGA-06-0126
TCGA-VM-A8CD-01Z-00-DX5.E980653F-1D60-41E6-B0D1-FD95B4EE5643.svs,data/raw/tcga/wsi/c0a2de61-457c-4f27-a440-15f966d249e1/TCGA-VM-A8CD-01Z-00-DX5.E980653F-1D60-41E6-B0D1-FD95B4EE5643.svs,1470.834261,aperio,SS1764CNTLR,40,0.2527,0.2527,123503,83466,4,40,02/28/14,ok,,TCGA-VM-A8CD
TCGA-E1-A7YI-01Z-00-DX1.BC6CCA84-ED9A-4945-9B66-8F2884E0712B.svs,data/raw/tcga/wsi/c0ff437d-b7a8-4c51-b122-27c5d4e15f56/TCGA-E1-A7YI-01Z-00-DX1.BC6CCA84-ED9A-4945-9B66-8F2884E0712B.svs,1384.768362,aperio,,40,0.25,0.25,93041,65556,4,40.000000,2014-10-27T15:05:20.4Z,ok,,TCGA-E1-A7YI
TCGA-DB-A75K-01Z-00-DX1.20780A21-CE9E-4ABB-97E9-3D44D47C6218.svs,data/raw/tcga/wsi/c160cd43-7b5b-4a38-8a6e-e70fc8fa4423/TCGA-DB-A75K-01Z-00-DX1.20780A21-CE9E-4ABB-97E9-3D44D47C6218.svs,2254.030166,aperio,R0251491,40,0.247,0.247,137447,73905,4,40,06/11/14,ok,,TCGA-DB-A75K
TCGA-06-0201-01Z-00-DX1.c3a5e3a4-7614-4446-b1a3-59c585063744.svs,data/raw/tcga/wsi/c1c276b8-3fbc-4df6-add6-f55e562b06b8/TCGA-06-0201-01Z-00-DX1.c3a5e3a4-7614-4446-b1a3-59c585063744.svs,200.149829,aperio,SS1258,20,0.5001,0.5001,33958,34729,3,20,11/03/08,ok,,TCGA-06-0201
TCGA-S9-A7IX-01Z-00-DX1.41EFC469-2139-44A6-AE48-76304EBD3F58.svs,data/raw/tcga/wsi/c1ff21e1-1289-4d95-8da2-a82573494a81/TCGA-S9-A7IX-01Z-00-DX1.41EFC469-2139-44A6-AE48-76304EBD3F58.svs,345.442115,aperio,SS1764CNTLR,40,0.2527,0.2527,111551,33378,4,40,01/20/14,ok,,TCGA-S9-A7IX
TCGA-19-1386-01Z-00-DX1.07c678e9-131c-4548-a70f-bcff22967210.svs,data/raw/tcga/wsi/c281b1ce-704d-4011-819d-1cc9fa647d8d/TCGA-19-1386-01Z-00-DX1.07c678e9-131c-4548-a70f-bcff22967210.svs,56.519005,aperio,SS1546,40,0.2457,0.2457,59760,36460,3,40,03/22/11,ok,,TCGA-19-1386
TCGA-VM-A8CE-01Z-00-DX2.87CC9777-EAD4-4BAC-AAFA-0485E04DAB7F.svs,data/raw/tcga/wsi/c2856f9d-1d21-45cd-a12c-af8f6852a02d/TCGA-VM-A8CE-01Z-00-DX2.87CC9777-EAD4-4BAC-AAFA-0485E04DAB7F.svs,1188.470137,aperio,SS1764CNTLR,40,0.2527,0.2527,121511,70784,4,40,02/28/14,ok,,TCGA-VM-A8CE
TCGA-DU-7008-01Z-00-DX1.C4A4B091-9F79-4B12-AACE-521CF12DFF1C.svs,data/raw/tcga/wsi/c32a6c36-451a-4e0b-b7eb-d2b95aa7bf6a/TCGA-DU-7008-01Z-00-DX1.C4A4B091-9F79-4B12-AACE-521CF12DFF1C.svs,97.209838,aperio,SS1763CNTLR,40,0.2525,0.2525,43824,22015,3,40,12/18/13,ok,,TCGA-DU-7008
TCGA-08-0353-01Z-00-DX1.C29C6177-3C62-4399-A030-C936156E79D2.svs,data/raw/tcga/wsi/c3b57554-3256-4346-8ada-4d3516f1437a/TCGA-08-0353-01Z-00-DX1.C29C6177-3C62-4399-A030-C936156E79D2.svs,1534.814677,aperio,SS1763CNTLR,40,0.2525,0.2525,135456,74460,4,40,11/25/14,ok,,TCGA-08-0353
TCGA-WY-A85B-01Z-00-DX1.1E4B796A-A1E3-45F9-8075-61DE8FBF0B80.svs,data/raw/tcga/wsi/c3dfa890-0bb7-4e23-a509-15e08aaa807d/TCGA-WY-A85B-01Z-00-DX1.1E4B796A-A1E3-45F9-8075-61DE8FBF0B80.svs,110.589893,aperio,SS1764CNTLR,40,0.2527,0.2527,45815,35202,3,40,02/25/14,ok,,TCGA-WY-A85B
TCGA-HW-8320-01Z-00-DX1.71FC4C29-1D2A-4227-82B9-9D59A9AF38A0.svs,data/raw/tcga/wsi/c3f6b611-4fbb-4e46-bf96-2041fbbbaf51/TCGA-HW-8320-01Z-00-DX1.71FC4C29-1D2A-4227-82B9-9D59A9AF38A0.svs,2098.429525,aperio,SS1534CNTLR,40,0.2456,0.2456,138992,79703,4,40,12/11/12,ok,,TCGA-HW-8320
TCGA-DU-7012-01Z-00-DX1.3D0ACB4F-8CBB-47F9-B015-0AFF70928A62.svs,data/raw/tcga/wsi/c3ff2b2e-0f34-42b1-8fbc-273f2977624b/TCGA-DU-7012-01Z-00-DX1.3D0ACB4F-8CBB-47F9-B015-0AFF70928A62.svs,222.251918,aperio,SS1763CNTLR,40,0.2525,0.2525,43824,44689,3,40,12/18/13,ok,,TCGA-DU-7012
TCGA-26-1439-01Z-00-DX1.40B8D763-FE89-43D7-BFBF-8CA3FAC05A5B.svs,data/raw/tcga/wsi/c4ff57be-ca96-40b2-b4da-1d26b365f148/TCGA-26-1439-01Z-00-DX1.40B8D763-FE89-43D7-BFBF-8CA3FAC05A5B.svs,1303.148195,aperio,SS1436CNTLR,40,0.2485,0.2485,106292,80889,4,40,07/16/14,ok,,TCGA-26-1439
TCGA-06-0145-01Z-00-DX5.1d9fc2de-a6f4-4484-9bb2-81b92a6674b1.svs,data/raw/tcga/wsi/c514022d-c063-493c-aff3-a4e9614c470f/TCGA-06-0145-01Z-00-DX5.1d9fc2de-a6f4-4484-9bb2-81b92a6674b1.svs,793.279089,aperio,SS1302,20,0.5015,0.5015,38001,40067,3,20,01/08/09,ok,,TCGA-06-0145
TCGA-VV-A829-01Z-00-DX3.5ACEDBA9-4972-4E9B-A5BA-4D0CFA28B8CC.svs,data/raw/tcga/wsi/c5240f35-1d02-4da8-be1a-cfecf8e27c27/TCGA-VV-A829-01Z-00-DX3.5ACEDBA9-4972-4E9B-A5BA-4D0CFA28B8CC.svs,1925.135694,aperio,SS1764CNTLR,40,0.2527,0.2527,123503,73952,4,40,04/08/14,ok,,TCGA-VV-A829
TCGA-QH-A6CY-01Z-00-DX1.1CB3CC89-98CA-4865-8203-E7713A412E30.svs,data/raw/tcga/wsi/c552411b-4ac4-4fc5-b9c7-f596c49e9265/TCGA-QH-A6CY-01Z-00-DX1.1CB3CC89-98CA-4865-8203-E7713A412E30.svs,1822.771951,aperio,SS1540CNTLR,40,0.2465,0.2465,116144,88226,4,40,08/06/13,ok,,TCGA-QH-A6CY
TCGA-14-0813-01Z-00-DX1.e61a79e4-80bb-49b7-b089-278eb5eabc2d.svs,data/raw/tcga/wsi/c562e72e-05b0-421e-9ee4-df1510c7256d/TCGA-14-0813-01Z-00-DX1.e61a79e4-80bb-49b7-b089-278eb5eabc2d.svs,803.336063,aperio,SS1302,20,0.504,0.504,48925,37540,3,20,12/08/08,ok,,TCGA-14-0813
TCGA-S9-A6U1-01Z-00-DX1.1F328064-7637-4194-836B-6D6F2221AB8B.svs,data/raw/tcga/wsi/c572dcf6-8260-4f12-9196-6ca4958b146b/TCGA-S9-A6U1-01Z-00-DX1.1F328064-7637-4194-836B-6D6F2221AB8B.svs,2262.896439,aperio,SS1764CNTLR,40,0.2527,0.2527,105575,90621,4,40,10/31/13,ok,,TCGA-S9-A6U1
TCGA-HT-8110-01Z-00-DX1.C7649C75-0A7E-49B4-9550-6C3AE1145CCB.svs,data/raw/tcga/wsi/c5a77d83-aa87-4251-a920-1bbb806b74db/TCGA-HT-8110-01Z-00-DX1.C7649C75-0A7E-49B4-9550-6C3AE1145CCB.svs,1780.777321,aperio,SS1763CNTLR,40,0.2525,0.2525,103584,85810,4,40,10/03/14,ok,,TCGA-HT-8110
TCGA-26-5139-01Z-00-DX1.0113F34B-C27D-4793-8790-CE3EEB193DF9.svs,data/raw/tcga/wsi/c601e2fa-bcfb-49e0-a00b-23a21d116be1/TCGA-26-5139-01Z-00-DX1.0113F34B-C27D-4793-8790-CE3EEB193DF9.svs,967.906297,aperio,SS1764CNTLR,40,0.2527,0.2527,107567,79679,4,40,07/01/14,ok,,TCGA-26-5139
TCGA-DB-A4XA-01Z-00-DX2.78A6831F-EA66-4A88-BFEC-C731A00A9C36.svs,data/raw/tcga/wsi/c6930707-007a-413a-9db6-578489c7e8cb/TCGA-DB-A4XA-01Z-00-DX2.78A6831F-EA66-4A88-BFEC-C731A00A9C36.svs,1121.76507,aperio,R0228416,40,0.2462,0.2462,104720,60060,4,40,02/13/13,ok,,TCGA-DB-A4XA
TCGA-DU-5851-01Z-00-DX1.ebd0a3a5-4127-4ec3-8ef2-2c77515e3266.svs,data/raw/tcga/wsi/c6ab7809-2703-416c-80ff-dadf39d4d4a7/TCGA-DU-5851-01Z-00-DX1.ebd0a3a5-4127-4ec3-8ef2-2c77515e3266.svs,78.780615,aperio,SS1302,40,0.252,0.252,91128,20430,4,40,06/09/11,ok,,TCGA-DU-5851
TCGA-08-0351-01Z-00-DX1.F5C2AE7A-1BD1-407A-B615-AA2EE331483E.svs,data/raw/tcga/wsi/c6ba1fcc-91c4-4ad1-9e78-ac48cc5d1cd8/TCGA-08-0351-01Z-00-DX1.F5C2AE7A-1BD1-407A-B615-AA2EE331483E.svs,1206.958701,aperio,SS1763CNTLR,40,0.2525,0.2525,147408,61941,4,40,11/25/14,ok,,TCGA-08-0351
TCGA-RY-A840-01Z-00-DX1.E4D70B62-E2F7-411D-A9A8-DD78C20DF6B8.svs,data/raw/tcga/wsi/c6bb4ed6-0d74-4b4e-9c92-af4e171fc456/TCGA-RY-A840-01Z-00-DX1.E4D70B62-E2F7-411D-A9A8-DD78C20DF6B8.svs,351.965935,aperio,SS1764CNTLR,40,0.2527,0.2527,47807,53749,4,40,04/15/14,ok,,TCGA-RY-A840
TCGA-S9-A7IZ-01Z-00-DX1.248328B8-5081-41B1-8674-2FF83C99640F.svs,data/raw/tcga/wsi/c795d7d9-f523-4347-8eff-f5a654c2778b/TCGA-S9-A7IZ-01Z-00-DX1.248328B8-5081-41B1-8674-2FF83C99640F.svs,1329.140197,aperio,SS1764CNTLR,40,0.2527,0.2527,103583,81270,4,40,01/20/14,ok,,TCGA-S9-A7IZ
TCGA-FG-7641-01Z-00-DX1.7672d4c9-2bd2-4faf-a183-f69b7e1aefea.svs,data/raw/tcga/wsi/c7980ec4-84eb-4a55-9274-d6997ac359d7/TCGA-FG-7641-01Z-00-DX1.7672d4c9-2bd2-4faf-a183-f69b7e1aefea.svs,1178.709681,aperio,SS1302,40,0.252,0.252,82495,66507,4,40,06/01/12,ok,,TCGA-FG-7641
TCGA-12-0818-01Z-00-DX1.EA8E6672-9056-411A-B003-D1638F1CB891.svs,data/raw/tcga/wsi/c7e2d60b-6f7f-4a36-99b2-7be2ea0aba34/TCGA-12-0818-01Z-00-DX1.EA8E6672-9056-411A-B003-D1638F1CB891.svs,145.903636,aperio,PATH-MCLEN001MS,20,0.4993,0.4993,62020,46874,3,20,10/14/09,ok,,TCGA-12-0818
TCGA-08-0359-01Z-00-DX1.FBED91D4-4D46-4354-ABCF-3D2EBDA42C6D.svs,data/raw/tcga/wsi/c7ef30ca-7bff-4748-8663-7afbbd8c60f3/TCGA-08-0359-01Z-00-DX1.FBED91D4-4D46-4354-ABCF-3D2EBDA42C6D.svs,1921.783863,aperio,SS1763CNTLR,40,0.2525,0.2525,109560,77783,4,40,11/25/14,ok,,TCGA-08-0359
TCGA-26-5133-01Z-00-DX1.DE65E680-153B-4A6F-991B-6CCC58F39CF1.svs,data/raw/tcga/wsi/c81b7c46-ce27-456a-a6a5-43f4e6f04b46/TCGA-26-5133-01Z-00-DX1.DE65E680-153B-4A6F-991B-6CCC58F39CF1.svs,2781.993459,aperio,SS1436CNTLR,40,0.2485,0.2485,181941,86057,4,40,07/16/14,ok,,TCGA-26-5133
TCGA-EZ-7264-01Z-00-DX1.80a61d74-77d9-4998-bb55-213767a588ff.svs,data/raw/tcga/wsi/c820b44d-b1e3-4db8-a900-3deaad64a465/TCGA-EZ-7264-01Z-00-DX1.80a61d74-77d9-4998-bb55-213767a588ff.svs,432.668575,aperio,SS1302,40,0.252,0.252,124701,40740,4,40,05/08/12,ok,,TCGA-EZ-7264
TCGA-14-1795-01Z-00-DX3.5311d61e-195e-4f91-be73-7bbb2745a519.svs,data/raw/tcga/wsi/c82ea72a-a309-4542-8bd0-56fe3f805f55/TCGA-14-1795-01Z-00-DX3.5311d61e-195e-4f91-be73-7bbb2745a519.svs,696.546921,aperio,SS1302,20,0.5015,0.5015,40001,38841,3,20,02/02/10,ok,,TCGA-14-1795
TCGA-S9-A6TS-01Z-00-DX1.A10361F8-6208-44EE-9B2E-8513EBA31ED3.svs,data/raw/tcga/wsi/c83b9d30-aeae-4398-839d-5c2326b67ebf/TCGA-S9-A6TS-01Z-00-DX1.A10361F8-6208-44EE-9B2E-8513EBA31ED3.svs,683.142467,aperio,SS1764CNTLR,40,0.2527,0.2527,89639,85251,4,40,10/31/13,ok,,TCGA-S9-A6TS
TCGA-S9-A6WM-01Z-00-DX1.5D18F7F7-C5C8-465B-8B7D-FAC68C43C6F5.svs,data/raw/tcga/wsi/c8a599ca-9a7f-40f1-87d5-43bff7af506d/TCGA-S9-A6WM-01Z-00-DX1.5D18F7F7-C5C8-465B-8B7D-FAC68C43C6F5.svs,1297.380377,aperio,SS1764CNTLR,40,0.2527,0.2527,105575,62083,4,40,01/20/14,ok,,TCGA-S9-A6WM
TCGA-HT-7485-01Z-00-DX1.37BA9895-CDC8-4EE9-8264-233C19ADA0FE.svs,data/raw/tcga/wsi/c9b76172-f2c8-4c66-9a5b-f600fb95ca37/TCGA-HT-7485-01Z-00-DX1.37BA9895-CDC8-4EE9-8264-233C19ADA0FE.svs,918.826755,aperio,SS1764CNTLR,40,0.2527,0.2527,73703,87013,4,40,09/10/14,ok,,TCGA-HT-7485
TCGA-DB-A4XH-01Z-00-DX2.2F6F5DB6-0C6E-4D20-9B72-BB274583DFFB.svs,data/raw/tcga/wsi/ca01bcb9-4db4-4ffc-9745-bf47d7ff6ea3/TCGA-DB-A4XH-01Z-00-DX2.2F6F5DB6-0C6E-4D20-9B72-BB274583DFFB.svs,1773.001108,aperio,R0228416,40,0.2462,0.2462,141848,53702,4,40,02/14/13,ok,,TCGA-DB-A4XH
TCGA-02-0016-01Z-00-DX1.BDC4422F-DA4A-4239-B2CF-F19796446767.svs,data/raw/tcga/wsi/ca43eb7a-a7e5-4e73-b444-e59b459a4fbe/TCGA-02-0016-01Z-00-DX1.BDC4422F-DA4A-4239-B2CF-F19796446767.svs,1917.584232,aperio,SS7054,40,0.2533,0.2533,81671,59711,4,40,10/01/14,ok,,TCGA-02-0016
TCGA-QH-A86X-01Z-00-DX1.20F36DDB-D007-4832-842A-8A7E3F0C2D02.svs,data/raw/tcga/wsi/cb105942-9ba4-4898-bd96-1db46fc653f9/TCGA-QH-A86X-01Z-00-DX1.20F36DDB-D007-4832-842A-8A7E3F0C2D02.svs,2256.781609,aperio,SS1764CNTLR,40,0.2527,0.2527,113543,82527,4,40,02/25/14,ok,,TCGA-QH-A86X
TCGA-06-5415-01Z-00-DX1.182e6c05-1ead-480f-8ffb-deca12aacbd2.svs,data/raw/tcga/wsi/cbf61e75-ae77-47d3-8a8c-989250fd356c/TCGA-06-5415-01Z-00-DX1.182e6c05-1ead-480f-8ffb-deca12aacbd2.svs,289.370271,aperio,SS1302,40,0.252,0.252,83454,47241,4,40,08/12/11,ok,,TCGA-06-5415
TCGA-P5-A77W-01Z-00-DX1.ECD22A66-99DC-4E3D-8006-30F16E6F8241.svs,data/raw/tcga/wsi/cc1f9aac-0a93-4fcd-a694-df7908c6ecb8/TCGA-P5-A77W-01Z-00-DX1.ECD22A66-99DC-4E3D-8006-30F16E6F8241.svs,1456.984213,aperio,SS7168CNTLR,40,0.2526,0.2526,93623,79403,4,40,04/16/15,ok,,TCGA-P5-A77W
TCGA-TQ-A7RK-01Z-00-DX1.42AF52E1-4F8E-4D39-A2F9-88E7805E9B0A.svs,data/raw/tcga/wsi/cc43c1fc-dec3-4056-a594-03b7e179e68b/TCGA-TQ-A7RK-01Z-00-DX1.42AF52E1-4F8E-4D39-A2F9-88E7805E9B0A.svs,3120.525497,aperio,SS1763CNTLR,40,0.2525,0.2525,161352,88018,4,40,12/02/14,ok,,TCGA-TQ-A7RK
TCGA-HT-7602-01Z-00-DX2.7DA69565-ACB1-4EB5-BE8E-D653B4BDDAB7.svs,data/raw/tcga/wsi/cca1746d-faaf-4d25-a6e3-0765be5ca8ff/TCGA-HT-7602-01Z-00-DX2.7DA69565-ACB1-4EB5-BE8E-D653B4BDDAB7.svs,1297.628045,aperio,SS1764CNTLR,40,0.2527,0.2527,105575,63827,4,40,09/10/14,ok,,TCGA-HT-7602
TCGA-P5-A733-01Z-00-DX1.CFA0E05F-AE51-4011-A099-3E58BB7CF592.svs,data/raw/tcga/wsi/ccbe0796-799b-4ea6-b0de-e7e230180923/TCGA-P5-A733-01Z-00-DX1.CFA0E05F-AE51-4011-A099-3E58BB7CF592.svs,1036.611381,aperio,SS1763CNTLR,40,0.2525,0.2525,87648,72433,4,40,12/29/14,ok,,TCGA-P5-A733
TCGA-DH-A66F-01Z-00-DX1.820376E3-0710-4EF5-B3EA-9F56540B93FD.svs,data/raw/tcga/wsi/ccf293c3-8962-499c-817a-3909ed4496b3/TCGA-DH-A66F-01Z-00-DX1.820376E3-0710-4EF5-B3EA-9F56540B93FD.svs,1418.101789,aperio,SS1436CNTLR,40,0.2485,0.2485,98631,67415,4,40,07/17/14,ok,,TCGA-DH-A66F
TCGA-DB-A4XF-01Z-00-DX1.2E0AFD7A-F00A-4FB1-95E3-F605BC9065DA.svs,data/raw/tcga/wsi/cd04086c-f96f-415b-8114-17b19e9153c8/TCGA-DB-A4XF-01Z-00-DX1.2E0AFD7A-F00A-4FB1-95E3-F605BC9065DA.svs,2157.291052,aperio,R0228416,40,0.2462,0.2462,158032,68538,4,40,02/14/13,ok,,TCGA-DB-A4XF
TCGA-DU-6394-01Z-00-DX1.2d96d992-3950-4350-abe0-e219559a7c7a.svs,data/raw/tcga/wsi/cd3e8a27-fe28-49be-89cf-424ce587da38/TCGA-DU-6394-01Z-00-DX1.2d96d992-3950-4350-abe0-e219559a7c7a.svs,227.563585,aperio,SS1302,40,0.252,0.252,71943,73524,4,40,06/09/11,ok,,TCGA-DU-6394
TCGA-TM-A7C5-01Z-00-DX1.6B493BB3-6497-47AE-8D35-CC7C35868E6E.svs,data/raw/tcga/wsi/cd6ccb6e-7740-417c-9b9a-36db261ea002/TCGA-TM-A7C5-01Z-00-DX1.6B493BB3-6497-47AE-8D35-CC7C35868E6E.svs,474.616473,aperio,SS1763CNTLR,40,0.2525,0.2525,65736,68691,4,40,01/16/14,ok,,TCGA-TM-A7C5
TCGA-DU-8162-01Z-00-DX1.bf95b059-f79c-4a49-b70b-295cca8e4cf0.svs,data/raw/tcga/wsi/cd7f9f8e-69ca-4fa2-902a-f02740cd6682/TCGA-DU-8162-01Z-00-DX1.bf95b059-f79c-4a49-b70b-295cca8e4cf0.svs,108.011933,aperio,SS1302,40,0.252,0.252,19184,19836,3,40,09/11/12,ok,,TCGA-DU-8162
TCGA-02-0015-01Z-00-DX1.73c07790-a054-4725-b123-4f09a2de961a.svs,data/raw/tcga/wsi/cda7cdff-4ae9-4655-a425-099bde1b3928/TCGA-02-0015-01Z-00-DX1.73c07790-a054-4725-b123-4f09a2de961a.svs,664.121073,aperio,SS1302,20,0.5015,0.5015,54002,34586,3,20,01/27/09,ok,,TCGA-02-0015
TCGA-DU-A6S7-01Z-00-DX1.2F255110-F730-4CA5-A4EC-982A6423346D.svs,data/raw/tcga/wsi/cdbeca98-7981-49fb-81fe-7b8c207b6b03/TCGA-DU-A6S7-01Z-00-DX1.2F255110-F730-4CA5-A4EC-982A6423346D.svs,181.570889,aperio,SS7168CNTLR,40,0.2526,0.2526,67727,29845,4,40,05/19/15,ok,,TCGA-DU-A6S7
TCGA-FG-8181-01Z-00-DX1.2902c472-2ec1-4e6c-a31e-e04b693ae4fb.svs,data/raw/tcga/wsi/cdcd3ae3-7c6d-454e-8d11-63854ee99028/TCGA-FG-8181-01Z-00-DX1.2902c472-2ec1-4e6c-a31e-e04b693ae4fb.svs,845.646783,aperio,SS1302,40,0.252,0.252,102639,40558,4,40,06/01/12,ok,,TCGA-FG-8181
TCGA-DB-5275-01Z-00-DX1.E35FB92E-EAE0-4233-9A21-FAC044F1096B.svs,data/raw/tcga/wsi/cdf08b2e-5cbb-49d1-80a0-062d8b6a2fb5/TCGA-DB-5275-01Z-00-DX1.E35FB92E-EAE0-4233-9A21-FAC044F1096B.svs,1751.319742,aperio,R0228416,40,0.2462,0.2462,108528,65930,4,40,02/13/13,ok,,TCGA-DB-5275
TCGA-P5-A72X-01Z-00-DX1.89C6551A-1AD5-49B9-9339-E213986B596D.svs,data/raw/tcga/wsi/ce0211f0-9b97-411f-978e-d3f60ae00ae8/TCGA-P5-A72X-01Z-00-DX1.89C6551A-1AD5-49B9-9339-E213986B596D.svs,2319.781247,aperio,SS1763CNTLR,40,0.2525,0.2525,139440,89903,4,40,12/29/14,ok,,TCGA-P5-A72X
TCGA-DB-A4XD-01Z-00-DX2.9533A30E-F199-4241-84BF-13D706B6C4A4.svs,data/raw/tcga/wsi/cf0bf6e0-b001-4b46-a113-3ac1463a4d07/TCGA-DB-A4XD-01Z-00-DX2.9533A30E-F199-4241-84BF-13D706B6C4A4.svs,868.85361,aperio,R0228416,40,0.2462,0.2462,126616,61039,4,40,02/13/13,ok,,TCGA-DB-A4XD
TCGA-HW-7490-01Z-00-DX1.2109dc98-1288-4da2-963e-4544db680603.svs,data/raw/tcga/wsi/cf4e06a0-2190-4189-b489-4132a4d2acfd/TCGA-HW-7490-01Z-00-DX1.2109dc98-1288-4da2-963e-4544db680603.svs,848.216739,aperio,SS1302,40,0.252,0.252,108394,65201,4,40,04/18/12,ok,,TCGA-HW-7490
TCGA-08-0246-01Z-00-DX1.F6215D43-42E5-41B6-AD72-FBC7E2A19D79.svs,data/raw/tcga/wsi/cf5a15fa-f353-4443-b72f-7643f18c643f/TCGA-08-0246-01Z-00-DX1.F6215D43-42E5-41B6-AD72-FBC7E2A19D79.svs,2129.352989,aperio,SS1763CNTLR,40,0.2525,0.2525,155376,82379,4,40,11/25/14,ok,,TCGA-08-0246
TCGA-06-5417-01Z-00-DX1.bf70952e-fdb5-4d0a-b0c1-2823e908f599.svs,data/raw/tcga/wsi/cf9c2d60-3176-48a8-885f-8d680ef37ca3/TCGA-06-5417-01Z-00-DX1.bf70952e-fdb5-4d0a-b0c1-2823e908f599.svs,139.645355,aperio,SS1302,40,0.252,0.252,81535,34041,4,40,08/12/11,ok,,TCGA-06-5417
TCGA-27-2526-01Z-00-DX1.92886024-EADC-46F8-8999-6D80664AC232.svs,data/raw/tcga/wsi/cfd6b071-7e20-4880-b0e3-606eb58f1da4/TCGA-27-2526-01Z-00-DX1.92886024-EADC-46F8-8999-6D80664AC232.svs,1314.517331,aperio,SS1764CNTLR,40,0.2527,0.2527,121511,83785,4,40,07/02/14,ok,,TCGA-27-2526
TCGA-27-1831-01Z-00-DX3.0c03cc2a-c926-4c67-9d95-d410b096c898.svs,data/raw/tcga/wsi/cfe507fd-a0cf-4346-8237-05376e3fd404/TCGA-27-1831-01Z-00-DX3.0c03cc2a-c926-4c67-9d95-d410b096c898.svs,527.404015,aperio,SS1302,20,0.5015,0.5015,48002,30752,3,20,01/27/10,ok,,TCGA-27-1831
TCGA-S9-A6UB-01Z-00-DX1.5F32F6A9-6030-449C-B049-B377B6ACE470.svs,data/raw/tcga/wsi/d07d3ec3-e790-4a37-8b4d-2db7b51d3c64/TCGA-S9-A6UB-01Z-00-DX1.5F32F6A9-6030-449C-B049-B377B6ACE470.svs,1817.392661,aperio,SS1764CNTLR,40,0.2527,0.2527,125495,86158,4,40,11/01/13,ok,,TCGA-S9-A6UB
TCGA-06-6388-01Z-00-DX1.14c09c5f-3ea4-4e1e-a5e6-308325383165.svs,data/raw/tcga/wsi/d0d66e51-07c5-4d27-8c73-50e87bcf35ca/TCGA-06-6388-01Z-00-DX1.14c09c5f-3ea4-4e1e-a5e6-308325383165.svs,356.648259,aperio,SS1302,40,0.252,0.252,95924,70168,4,40,08/12/11,ok,,TCGA-06-6388
TCGA-06-0648-01Z-00-DX1.9e5a6a97-8bef-41a5-9c7b-675b254f4aad.svs,data/raw/tcga/wsi/d0f30ce5-3090-4500-9156-c2927ee953d1/TCGA-06-0648-01Z-00-DX1.9e5a6a97-8bef-41a5-9c7b-675b254f4aad.svs,408.185129,aperio,SS1302,20,0.504,0.504,49884,22466,3,20,10/06/08,ok,,TCGA-06-0648
TCGA-02-0115-01Z-00-DX1.9261988C-1002-4E99-8611-46C722FE49C5.svs,data/raw/tcga/wsi/d0f617be-0f67-4f0f-8503-c67f56383523/TCGA-02-0115-01Z-00-DX1.9261988C-1002-4E99-8611-46C722FE49C5.svs,2144.41833,aperio,SS7054,40,0.2533,0.2533,85655,68925,4,40,10/01/14,ok,,TCGA-02-0115
TCGA-HT-7856-01Z-00-DX3.A795080A-8724-45FA-BB57-7F155CECC55B.svs,data/raw/tcga/wsi/d1413cb8-ad7d-4850-be8e-0b773ea3238a/TCGA-HT-7856-01Z-00-DX3.A795080A-8724-45FA-BB57-7F155CECC55B.svs,2107.219899,aperio,SS1763CNTLR,40,0.2525,0.2525,129480,91973,4,40,03/10/14,ok,,TCGA-HT-7856
TCGA-S9-A6U0-01Z-00-DX1.43BCB230-1388-424F-A218-F0F222691102.svs,data/raw/tcga/wsi/d1f9cc7d-f7c0-4c67-a17b-efa640e0ab22/TCGA-S9-A6U0-01Z-00-DX1.43BCB230-1388-424F-A218-F0F222691102.svs,2787.265061,aperio,SS1764CNTLR,40,0.2527,0.2527,117527,91084,4,40,10/31/13,ok,,TCGA-S9-A6U0
TCGA-12-0829-01Z-00-DX2.16FEE63B-65F2-4B6A-821D-488522B7826E.svs,data/raw/tcga/wsi/d20e63a8-0277-4def-9ecb-1a263164a231/TCGA-12-0829-01Z-00-DX2.16FEE63B-65F2-4B6A-821D-488522B7826E.svs,223.590218,aperio,PATH-MCLEN001MS,20,0.4993,0.4993,62020,46874,3,20,10/14/09,ok,,TCGA-12-0829
TCGA-08-0356-01Z-00-DX1.8E74B4EF-3D96-43F6-BAD5-4A33C9B21B6E.svs,data/raw/tcga/wsi/d2a50aab-d92c-4e2a-bcdc-d173bf722f22/TCGA-08-0356-01Z-00-DX1.8E74B4EF-3D96-43F6-BAD5-4A33C9B21B6E.svs,1315.127981,aperio,SS1763CNTLR,40,0.2525,0.2525,147408,85738,4,40,11/25/14,ok,,TCGA-08-0356
TCGA-12-3648-01Z-00-DX2.81CB183D-4474-488B-8964-927C4A656C42.svs,data/raw/tcga/wsi/d2efd08a-0ebb-4fd7-9a02-2313c667cad7/TCGA-12-3648-01Z-00-DX2.81CB183D-4474-488B-8964-927C4A656C42.svs,222.287018,aperio,PATH-MCLEN001MS,20,0.4993,0.4993,64021,45853,3,20,09/21/10,ok,,TCGA-12-3648
TCGA-DH-5143-01Z-00-DX1.DD05DCF6-FF16-47A3-B3EF-FCB89F6C8566.svs,data/raw/tcga/wsi/d39a8f16-8b9b-4834-8eaf-9ab0fbf4fc7c/TCGA-DH-5143-01Z-00-DX1.DD05DCF6-FF16-47A3-B3EF-FCB89F6C8566.svs,1176.342341,aperio,SS1436CNTLR,40,0.2485,0.2485,112037,69380,4,40,07/16/14,ok,,TCGA-DH-5143
TCGA-TM-A84R-01Z-00-DX1.26D7F00E-85DD-49E9-BCA3-AAA25ECD2E5F.svs,data/raw/tcga/wsi/d3c0aaa0-799d-4063-99f4-911967a187c8/TCGA-TM-A84R-01Z-00-DX1.26D7F00E-85DD-49E9-BCA3-AAA25ECD2E5F.svs,1073.729827,aperio,SS1764CNTLR,40,0.2527,0.2527,107567,86815,4,40,03/21/14,ok,,TCGA-TM-A84R
TCGA-DB-5270-01Z-00-DX2.F5F8D418-C805-4293-9688-1CA899A6D15B.svs,data/raw/tcga/wsi/d40dd10d-f9d0-4d0d-9c6a-46b62b9b05b7/TCGA-DB-5270-01Z-00-DX2.F5F8D418-C805-4293-9688-1CA899A6D15B.svs,2327.132912,aperio,R0228416,40,0.2462,0.2462,113288,86635,4,40,02/13/13,ok,,TCGA-DB-5270
TCGA-CS-6188-01Z-00-DX1.1a0175f4-cc20-40b3-9cd3-ef4d1ff95d86.svs,data/raw/tcga/wsi/d415206d-35d5-41e7-a2ce-2171d4d14d6d/TCGA-CS-6188-01Z-00-DX1.1a0175f4-cc20-40b3-9cd3-ef4d1ff95d86.svs,644.630697,aperio,SS1402,40,0.2486,0.2486,178024,58022,4,40,05/08/12,ok,,TCGA-CS-6188
TCGA-06-0214-01Z-00-DX2.b30c4c85-604f-42ea-b2f8-e583566fcefe.svs,data/raw/tcga/wsi/d5084138-2de0-4cce-afa3-5e1771130e20/TCGA-06-0214-01Z-00-DX2.b30c4c85-604f-42ea-b2f8-e583566fcefe.svs,1405.236229,aperio,SS1302,20,0.504,0.504,54681,39511,3,20,12/05/08,ok,,TCGA-06-0214
TCGA-27-2524-01Z-00-DX1.248D3383-FA61-4384-8161-0CB9B10F7677.svs,data/raw/tcga/wsi/d545c8a1-cb0b-4fba-a252-b2d4eb067da1/TCGA-27-2524-01Z-00-DX1.248D3383-FA61-4384-8161-0CB9B10F7677.svs,1810.216891,aperio,SS1764CNTLR,40,0.2527,0.2527,107567,87606,4,40,07/02/14,ok,,TCGA-27-2524
TCGA-06-5410-01Z-00-DX1.6fca0716-7c1d-4545-bdde-9cdb3aa6aa5f.svs,data/raw/tcga/wsi/d5c04f9b-ce10-43c5-879e-216ae12d4636/TCGA-06-5410-01Z-00-DX1.6fca0716-7c1d-4545-bdde-9cdb3aa6aa5f.svs,195.118753,aperio,SS1302,40,0.252,0.252,103598,31436,4,40,08/12/11,ok,,TCGA-06-5410
TCGA-02-0047-01Z-00-DX1.4755D138-5842-4159-848C-4248D6D53DE0.svs,data/raw/tcga/wsi/d653e0f5-954b-47e8-9fd1-a210a093e468/TCGA-02-0047-01Z-00-DX1.4755D138-5842-4159-848C-4248D6D53DE0.svs,2458.04509,aperio,SS7054,40,0.2533,0.2533,87647,73939,4,40,10/01/14,ok,,TCGA-02-0047
TCGA-P5-A77X-01Z-00-DX1.22398640-6ACD-4226-B301-E01AED3D38C1.svs,data/raw/tcga/wsi/d65a10e8-2a98-46d3-a8b6-e0e8c587bbf1/TCGA-P5-A77X-01Z-00-DX1.22398640-6ACD-4226-B301-E01AED3D38C1.svs,1337.852939,aperio,SS7168CNTLR,40,0.2526,0.2526,115535,69999,4,40,04/16/15,ok,,TCGA-P5-A77X
TCGA-DB-A4X9-01Z-00-DX2.1C5A66A2-48A5-41B3-98C7-6B668438C4C1.svs,data/raw/tcga/wsi/d6712e25-8bc8-45dd-bc57-def8e1b14a95/TCGA-DB-A4X9-01Z-00-DX2.1C5A66A2-48A5-41B3-98C7-6B668438C4C1.svs,1435.253688,aperio,R0228416,40,0.2462,0.2462,99960,63647,4,40,02/14/13,ok,,TCGA-DB-A4X9
TCGA-E1-A7YW-01Z-00-DX1.E64A0F63-0346-4668-B67D-EF7D0358AC4E.svs,data/raw/tcga/wsi/d67880a0-7f6d-4ede-bef0-322ba8216507/TCGA-E1-A7YW-01Z-00-DX1.E64A0F63-0346-4668-B67D-EF7D0358AC4E.svs,2491.363352,aperio,,40,0.25,0.25,117238,94093,4,40.000000,2014-10-27T13:36:47.213Z,ok,,TCGA-E1-A7YW
TCGA-P5-A72W-01Z-00-DX1.0F26308D-5394-4499-AD5C-096B7608AF45.svs,data/raw/tcga/wsi/d68ddec3-da5d-44f7-9bc1-1198b74b9c2e/TCGA-P5-A72W-01Z-00-DX1.0F26308D-5394-4499-AD5C-096B7608AF45.svs,2649.901271,aperio,SS1763CNTLR,40,0.2525,0.2525,121512,89867,4,40,12/29/14,ok,,TCGA-P5-A72W
TCGA-02-0027-01Z-00-DX1.8F83A541-8884-45C8-BE51-04ADE5D8D6F2.svs,data/raw/tcga/wsi/d8340b1c-13a5-4d0a-8ad1-adc8a93f15eb/TCGA-02-0027-01Z-00-DX1.8F83A541-8884-45C8-BE51-04ADE5D8D6F2.svs,2277.446176,aperio,SS7054,40,0.2533,0.2533,83663,76347,4,40,10/01/14,ok,,TCGA-02-0027
TCGA-06-0221-01Z-00-DX6.fb20aa5d-8011-481c-a7b6-44d0575f9e2e.svs,data/raw/tcga/wsi/d872f1ec-e05c-40a5-ac45-9ee4df38af26/TCGA-06-0221-01Z-00-DX6.fb20aa5d-8011-481c-a7b6-44d0575f9e2e.svs,293.270655,aperio,SS1302,20,0.504,0.504,24942,31007,3,20,12/05/08,ok,,TCGA-06-0221
TCGA-E1-A7Z3-01Z-00-DX1.1CB2A0F0-0A5C-4DD1-8CD9-8FDBD0CAEC74.svs,data/raw/tcga/wsi/d9182d57-bf3b-4371-915b-40ef854c1152/TCGA-E1-A7Z3-01Z-00-DX1.1CB2A0F0-0A5C-4DD1-8CD9-8FDBD0CAEC74.svs,870.435358,aperio,,40,0.25,0.25,105139,53260,4,40.000000,2014-10-27T13:36:48.783Z,ok,,TCGA-E1-A7Z3
TCGA-S9-A7R4-01Z-00-DX1.562B745A-244A-40BF-9D39-2A00C9A2BC52.svs,data/raw/tcga/wsi/d91ed66e-53cc-4aae-aa14-0e00eac276cf/TCGA-S9-A7R4-01Z-00-DX1.562B745A-244A-40BF-9D39-2A00C9A2BC52.svs,2400.890773,aperio,SS1763CNTLR,40,0.2525,0.2525,121512,87294,4,40,01/21/14,ok,,TCGA-S9-A7R4
TCGA-HT-8106-01Z-00-DX1.E6186AC8-3F27-4AB2-A89B-B44DD5199D88.svs,data/raw/tcga/wsi/d96208ed-9b71-4acc-8af3-3378fe09cb37/TCGA-HT-8106-01Z-00-DX1.E6186AC8-3F27-4AB2-A89B-B44DD5199D88.svs,465.052951,aperio,SS1763CNTLR,40,0.2525,0.2525,81672,87055,4,40,10/03/14,ok,,TCGA-HT-8106
TCGA-06-0211-01Z-00-DX2.dea01d17-0a8c-4e58-a82a-9b2de99258af.svs,data/raw/tcga/wsi/d978e2ae-1591-401a-8d00-2a2bd2a7ec08/TCGA-06-0211-01Z-00-DX2.dea01d17-0a8c-4e58-a82a-9b2de99258af.svs,146.433705,aperio,SS1258,20,0.5001,0.5001,31961,26852,3,20,11/03/08,ok,,TCGA-06-0211
TCGA-HT-A61B-01Z-00-DX1.4D520756-D42C-480F-B13A-E2D6B4421668.svs,data/raw/tcga/wsi/d984ec31-d585-4bda-bffb-6b83f2091afb/TCGA-HT-A61B-01Z-00-DX1.4D520756-D42C-480F-B13A-E2D6B4421668.svs,908.895479,aperio,SS1436CNTLR,40,0.2485,0.2485,88098,89161,4,40,10/06/14,ok,,TCGA-HT-A61B
TCGA-QH-A870-01Z-00-DX1.7A7F3987-7F2D-40BC-B1CA-09B0D095829F.svs,data/raw/tcga/wsi/d9b49f9b-524f-4467-b741-f0e2b4e0401c/TCGA-QH-A870-01Z-00-DX1.7A7F3987-7F2D-40BC-B1CA-09B0D095829F.svs,2178.855141,aperio,SS1764CNTLR,40,0.2527,0.2527,109559,89824,4,40,02/25/14,ok,,TCGA-QH-A870
TCGA-QH-A6CX-01Z-00-DX1.EBB9DC1A-C774-48BF-942F-89837EE940DE.svs,data/raw/tcga/wsi/da8a24c3-6f48-49ae-a099-b0c37441f07d/TCGA-QH-A6CX-01Z-00-DX1.EBB9DC1A-C774-48BF-942F-89837EE940DE.svs,1750.143603,aperio,SS1540CNTLR,40,0.2465,0.2465,103768,83092,4,40,08/06/13,ok,,TCGA-QH-A6CX
TCGA-12-0822-01Z-00-DX3.2AB8F5AD-CAD0-4680-B537-AC7A8F05A83E.svs,data/raw/tcga/wsi/dab5e817-d4bc-4c9d-a3d2-65eab664244d/TCGA-12-0822-01Z-00-DX3.2AB8F5AD-CAD0-4680-B537-AC7A8F05A83E.svs,153.579258,aperio,PATH-MCLEN001MS,20,0.4993,0.4993,62020,46874,3,20,12/03/09,ok,,TCGA-12-0822
TCGA-QH-A6CV-01Z-00-DX1.9DCB8BF5-AE89-4D03-9892-F689B41320D0.svs,data/raw/tcga/wsi/daf31e53-b707-4541-aae2-eb29946d5a5c/TCGA-QH-A6CV-01Z-00-DX1.9DCB8BF5-AE89-4D03-9892-F689B41320D0.svs,1238.117707,aperio,SS1540CNTLR,40,0.2465,0.2465,90440,82602,4,40,08/06/13,ok,,TCGA-QH-A6CV
TCGA-06-0875-01Z-00-DX1.c04e2f8e-868d-455b-88b0-af5ee89bf319.svs,data/raw/tcga/wsi/db33459f-238f-4f27-8d90-2994401acac9/TCGA-06-0875-01Z-00-DX1.c04e2f8e-868d-455b-88b0-af5ee89bf319.svs,76.470919,aperio,SS1302,20,0.5015,0.5015,26001,28024,3,20,10/01/09,ok,,TCGA-06-0875
TCGA-06-0195-01Z-00-DX2.5327662a-89b0-4297-ac6e-7af80f06cb3a.svs,data/raw/tcga/wsi/dbb7cb1e-8b76-4318-819f-42d3bc3312b8/TCGA-06-0195-01Z-00-DX2.5327662a-89b0-4297-ac6e-7af80f06cb3a.svs,960.998137,aperio,SS1258,20,0.5001,0.5001,67917,44541,3,20,10/03/08,ok,,TCGA-06-0195
TCGA-14-1827-01Z-00-DX2.5c7ae9e9-c8e2-405e-8837-30b60045da70.svs,data/raw/tcga/wsi/dbbba1b5-c2c3-4294-8488-5e5fe4babc72/TCGA-14-1827-01Z-00-DX2.5c7ae9e9-c8e2-405e-8837-30b60045da70.svs,420.479937,aperio,SS1302,20,0.5015,0.5015,38001,41243,3,20,02/02/10,ok,,TCGA-14-1827
TCGA-08-0349-01Z-00-DX1.3D53FE9F-E4E6-4D73-A339-CCF9CDD81288.svs,data/raw/tcga/wsi/dc6dd3c2-59d4-41e3-8eb8-87729298af47/TCGA-08-0349-01Z-00-DX1.3D53FE9F-E4E6-4D73-A339-CCF9CDD81288.svs,602.043903,aperio,SS1763CNTLR,40,0.2525,0.2525,135456,48250,4,40,11/25/14,ok,,TCGA-08-0349
TCGA-DU-6405-01Z-00-DX1.f5511a52-10ce-458d-a810-cd9c7fb1a0c6.svs,data/raw/tcga/wsi/dd7b4196-a8ce-4547-ad98-20364a8a127b/TCGA-DU-6405-01Z-00-DX1.f5511a52-10ce-458d-a810-cd9c7fb1a0c6.svs,453.613527,aperio,SS1302,40,0.252,0.252,84413,83008,4,40,06/09/11,ok,,TCGA-DU-6405
TCGA-14-0789-01Z-00-DX3.8a64c7a6-7f8a-4567-a57d-036f610a17ee.svs,data/raw/tcga/wsi/ddf373a1-e34d-4692-8562-478ad1baab17/TCGA-14-0789-01Z-00-DX3.8a64c7a6-7f8a-4567-a57d-036f610a17ee.svs,1647.032375,aperio,SS1302,20,0.504,0.504,88257,42267,4,20,12/05/08,ok,,TCGA-14-0789
TCGA-12-1599-01Z-00-DX2.1DA64E85-0826-4143-AD26-A98E06851B87.svs,data/raw/tcga/wsi/ddfed642-cb73-47d5-9249-e14c234e8f2b/TCGA-12-1599-01Z-00-DX2.1DA64E85-0826-4143-AD26-A98E06851B87.svs,270.627002,aperio,PATH-MCLEN001MS,20,0.4993,0.4993,62020,46874,3,20,10/15/09,ok,,TCGA-12-1599
TCGA-S9-A6UA-01Z-00-DX1.99AB8786-858B-46A0-94BA-C5AA1CD5351B.svs,data/raw/tcga/wsi/de1d62ed-921e-48a1-bdb0-ee99a0f9ea77/TCGA-S9-A6UA-01Z-00-DX1.99AB8786-858B-46A0-94BA-C5AA1CD5351B.svs,113.555231,aperio,SS1764CNTLR,40,0.2527,0.2527,25895,40615,3,40,11/01/13,ok,,TCGA-S9-A6UA
TCGA-HT-7616-01Z-00-DX2.7CA6A88F-9A91-432B-9D52-9780BEF6DE6F.svs,data/raw/tcga/wsi/de34b4ba-c31f-4ac0-8866-78cc7a1434da/TCGA-HT-7616-01Z-00-DX2.7CA6A88F-9A91-432B-9D52-9780BEF6DE6F.svs,1234.990889,aperio,SS1764CNTLR,40,0.2527,0.2527,105575,62242,4,40,03/11/14,ok,,TCGA-HT-7616
TCGA-DU-7010-01Z-00-DX1.542F36CC-9685-4780-94EB-B664CECFF09D.svs,data/raw/tcga/wsi/de92f954-19c4-42be-b03b-2dd339dc7ee0/TCGA-DU-7010-01Z-00-DX1.542F36CC-9685-4780-94EB-B664CECFF09D.svs,96.684906,aperio,SS1763CNTLR,40,0.2525,0.2525,27888,32276,3,40,12/18/13,ok,,TCGA-DU-7010
TCGA-CS-5397-01Z-00-DX1.4AB09928-C5EA-4310-9303-ACD040E4C2B9.svs,data/raw/tcga/wsi/ded45800-cccc-4d12-9e5c-be94a7a42a9b/TCGA-CS-5397-01Z-00-DX1.4AB09928-C5EA-4310-9303-ACD040E4C2B9.svs,332.575247,aperio,SS1302,40,0.252,0.252,97843,71958,4,40,07/16/12,ok,,TCGA-CS-5397
TCGA-HT-A61C-01Z-00-DX1.034BF077-8710-4F6A-B346-67740B77A277.svs,data/raw/tcga/wsi/ded5fe47-8c93-4824-9add-3a404c86b36d/TCGA-HT-A61C-01Z-00-DX1.034BF077-8710-4F6A-B346-67740B77A277.svs,699.994251,aperio,SS1763CNTLR,40,0.2525,0.2525,71712,69022,4,40,10/04/14,ok,,TCGA-HT-A61C
TCGA-DB-A75O-01Z-00-DX1.10FF7F57-48C0-4668-AE09-A631584EB1ED.svs,data/raw/tcga/wsi/dedf1505-69ec-450e-9cce-a6203304dcdc/TCGA-DB-A75O-01Z-00-DX1.10FF7F57-48C0-4668-AE09-A631584EB1ED.svs,2242.049582,aperio,R0251491,40,0.247,0.247,143423,70214,4,40,06/11/14,ok,,TCGA-DB-A75O
TCGA-FG-A4MU-01Z-00-DX3.C4DF3CCE-61FC-4E79-A1AA-528F55285147.svs,data/raw/tcga/wsi/def0b48c-a91c-453e-8f54-7c10b0ae3e4a/TCGA-FG-A4MU-01Z-00-DX3.C4DF3CCE-61FC-4E79-A1AA-528F55285147.svs,1702.935925,aperio,SS1534CNTLR,40,0.2456,0.2456,107576,81735,4,40,08/01/13,ok,,TCGA-FG-A4MU
TCGA-CS-6669-01Z-00-DX1.B1D9D967-ED63-48F7-9E9F-12B3E74EB0E8.svs,data/raw/tcga/wsi/df542fec-4906-4957-80a7-4fc071387d20/TCGA-CS-6669-01Z-00-DX1.B1D9D967-ED63-48F7-9E9F-12B3E74EB0E8.svs,531.858919,aperio,SS1302,40,0.252,0.252,133335,46389,4,40,07/17/12,ok,,TCGA-CS-6669
TCGA-WH-A86K-01Z-00-DX1.6F32811A-D54A-4716-8364-758DC98D9E47.svs,data/raw/tcga/wsi/df6021c6-aecb-4dca-914b-3d0e23b4d81d/TCGA-WH-A86K-01Z-00-DX1.6F32811A-D54A-4716-8364-758DC98D9E47.svs,447.660589,aperio,SS1764CNTLR,40,0.2527,0.2527,57767,42798,3,40,07/30/14,ok,,TCGA-WH-A86K
TCGA-QH-A6X3-01Z-00-DX1.FFC6757C-ED6A-4840-801F-CAB521558AE1.svs,data/raw/tcga/wsi/dfb2bea0-b615-446d-b9d9-4a3529c87865/TCGA-QH-A6X3-01Z-00-DX1.FFC6757C-ED6A-4840-801F-CAB521558AE1.svs,1485.662541,aperio,SS1764CNTLR,40,0.2527,0.2527,93623,81599,4,40,12/03/13,ok,,TCGA-QH-A6X3
TCGA-06-0169-01Z-00-DX1.a471a09b-1488-4d1e-9945-6c487bfb081f.svs,data/raw/tcga/wsi/dff1bdcd-0ffd-47dd-bb24-b11fa5c03360/TCGA-06-0169-01Z-00-DX1.a471a09b-1488-4d1e-9945-6c487bfb081f.svs,75.554747,aperio,SS1302,20,0.5015,0.5015,12000,28385,3,20,01/08/09,ok,,TCGA-06-0169
TCGA-DU-7304-01Z-00-DX1.EA1BD5C1-A8FE-40E1-8287-B703185779CD.svs,data/raw/tcga/wsi/dff53f7f-5e2f-4d56-93f2-6e8647b69b61/TCGA-DU-7304-01Z-00-DX1.EA1BD5C1-A8FE-40E1-8287-B703185779CD.svs,439.945816,aperio,SS1763CNTLR,40,0.2525,0.2525,107568,39353,4,40,12/18/13,ok,,TCGA-DU-7304
TCGA-12-0657-01Z-00-DX4.cd3a505a-c9ba-4f45-9ea0-4cc4b7d07eb3.svs,data/raw/tcga/wsi/e0a60fe6-9321-4314-bec9-09ac907b35c5/TCGA-12-0657-01Z-00-DX4.cd3a505a-c9ba-4f45-9ea0-4cc4b7d07eb3.svs,184.185215,aperio,PATH-MCLEN001MS,20,0.4993,0.4993,66022,44706,3,20,10/31/08,ok,,TCGA-12-0657
TCGA-CS-6666-01Z-00-DX1.6F91FE79-CCA6-401C-9C3C-74B2F9C9DF4A.svs,data/raw/tcga/wsi/e14e9f1f-6783-4198-942f-92e131b343b6/TCGA-CS-6666-01Z-00-DX1.6F91FE79-CCA6-401C-9C3C-74B2F9C9DF4A.svs,832.274901,aperio,SS1302,40,0.252,0.252,147723,69077,4,40,07/16/12,ok,,TCGA-CS-6666
TCGA-HT-A74H-01Z-00-DX1.07757B94-980F-4F0C-95DE-A99DEA555617.svs,data/raw/tcga/wsi/e164199f-2561-463d-b14b-1cd78c86b0cc/TCGA-HT-A74H-01Z-00-DX1.07757B94-980F-4F0C-95DE-A99DEA555617.svs,966.746119,aperio,SS1763CNTLR,40,0.2525,0.2525,65736,80427,4,40,10/04/14,ok,,TCGA-HT-A74H
TCGA-E1-A7YY-01Z-00-DX1.B652C843-4122-453A-B67B-68DD0ADE4476.svs,data/raw/tcga/wsi/e257a2e8-500e-4c00-8666-cfd216bf97d0/TCGA-E1-A7YY-01Z-00-DX1.B652C843-4122-453A-B67B-68DD0ADE4476.svs,2277.310854,aperio,,40,0.25,0.25,129336,77786,4,40.000000,2014-10-27T15:05:18.633Z,ok,,TCGA-E1-A7YY
TCGA-DU-5872-01Z-00-DX1.98ee5af3-3732-43a5-b628-93fd9ff9092b.svs,data/raw/tcga/wsi/e2e1ddbc-2e9d-4a36-ab57-0bd6614f4a2b/TCGA-DU-5872-01Z-00-DX1.98ee5af3-3732-43a5-b628-93fd9ff9092b.svs,159.775507,aperio,SS1302,40,0.252,0.252,51799,31514,3,40,06/09/11,ok,,TCGA-DU-5872
TCGA-HT-8107-01Z-00-DX1.7AA96D1B-FFA4-458B-9D4A-55166FD6E4C4.svs,data/raw/tcga/wsi/e31e0e90-9462-4517-8554-264f1de7466f/TCGA-HT-8107-01Z-00-DX1.7AA96D1B-FFA4-458B-9D4A-55166FD6E4C4.svs,673.035495,aperio,SS1763CNTLR,40,0.2525,0.2525,177288,48980,4,40,10/03/14,ok,,TCGA-HT-8107
TCGA-28-1757-01Z-00-DX1.ef0fd824-d5cb-484e-8296-4064cf183f75.svs,data/raw/tcga/wsi/e3b92931-6852-453a-9a18-1b77a5947d52/TCGA-28-1757-01Z-00-DX1.ef0fd824-d5cb-484e-8296-4064cf183f75.svs,427.516407,aperio,SS1302,20,0.5015,0.5015,30001,35703,3,20,01/28/10,ok,,TCGA-28-1757
TCGA-RY-A83Y-01Z-00-DX1.BB00A072-43F7-44B4-8E52-ECFE7C1C263A.svs,data/raw/tcga/wsi/e42fcd2a-2970-4f73-9837-84bf4a3923b5/TCGA-RY-A83Y-01Z-00-DX1.BB00A072-43F7-44B4-8E52-ECFE7C1C263A.svs,224.862535,aperio,SS1764CNTLR,40,0.2527,0.2527,37847,46626,3,40,04/15/14,ok,,TCGA-RY-A83Y
TCGA-HT-7476-01Z-00-DX3.BA9C415D-34F0-4122-BC9A-3E7A57502D19.svs,data/raw/tcga/wsi/e55753ce-39e7-45a6-b28e-e6332121b743/TCGA-HT-7476-01Z-00-DX3.BA9C415D-34F0-4122-BC9A-3E7A57502D19.svs,434.477783,aperio,SS1764CNTLR,40,0.2527,0.2527,53783,68486,4,40,09/10/14,ok,,TCGA-HT-7476
TCGA-CS-6290-01Z-00-DX1.34c1d579-aeba-4aa2-b0c5-0b04fb16d7a4.svs,data/raw/tcga/wsi/e5762967-5f2c-4262-ad4b-6c3b6f481d6d/TCGA-CS-6290-01Z-00-DX1.34c1d579-aeba-4aa2-b0c5-0b04fb16d7a4.svs,112.896533,aperio,SS1302,40,0.252,0.252,65228,28836,3,40,07/16/12,ok,,TCGA-CS-6290
TCGA-02-0085-01Z-00-DX1.ac1b3db0-1647-4303-9a95-d67fab6bf700.svs,data/raw/tcga/wsi/e57f16ea-b9b1-48ed-8997-65dd1dae86a7/TCGA-02-0085-01Z-00-DX1.ac1b3db0-1647-4303-9a95-d67fab6bf700.svs,578.018635,aperio,SS1258,20,0.5025,0.5025,49878,34831,3,20,05/15/08,ok,,TCGA-02-0085
TCGA-06-0745-01Z-00-DX1.3e0f266b-f1b5-42cb-8633-8cea6ee0ba6e.svs,data/raw/tcga/wsi/e5a880d8-7114-4aa3-bdb7-6975f1776d47/TCGA-06-0745-01Z-00-DX1.3e0f266b-f1b5-42cb-8633-8cea6ee0ba6e.svs,246.458459,aperio,SS1302,20,0.5015,0.5015,56002,38723,3,20,10/01/09,ok,,TCGA-06-0745
TCGA-HT-7605-01Z-00-DX4.05B0D4D8-29B6-4547-B3C0-22B547BDC061.svs,data/raw/tcga/wsi/e5af2383-f201-44eb-9a69-64f256723035/TCGA-HT-7605-01Z-00-DX4.05B0D4D8-29B6-4547-B3C0-22B547BDC061.svs,1535.196905,aperio,SS1764CNTLR,40,0.2527,0.2527,89639,80970,4,40,03/10/14,ok,,TCGA-HT-7605
TCGA-12-0619-01Z-00-DX1.5dbe8a66-9996-4f86-881e-025614e0bd9f.svs,data/raw/tcga/wsi/e5cc5a6c-ca80-437a-afc5-c9c7c33533d5/TCGA-12-0619-01Z-00-DX1.5dbe8a66-9996-4f86-881e-025614e0bd9f.svs,707.572307,aperio,PATH-MCLEN001MS,40,0.2511,0.2511,71996,59291,3,40,10/29/08,ok,,TCGA-12-0619
TCGA-HT-7884-01Z-00-DX1.36807827-67BE-4B0A-B750-F0690B3CB091.svs,data/raw/tcga/wsi/e683f773-014e-43d5-9e17-87522a899d8d/TCGA-HT-7884-01Z-00-DX1.36807827-67BE-4B0A-B750-F0690B3CB091.svs,124.282399,aperio,SS1552CNTLR,40,0.2468,0.2468,70448,34023,4,40,04/03/13,ok,,TCGA-HT-7884
TCGA-IK-8125-01Z-00-DX1.1491FC08-FB5D-4697-9A8C-9172FAF63C1C.svs,data/raw/tcga/wsi/e6ce0e66-a0aa-41dd-8bf5-54ae14858846/TCGA-IK-8125-01Z-00-DX1.1491FC08-FB5D-4697-9A8C-9172FAF63C1C.svs,398.926425,aperio,SS1248CNTLR,40,0.2505,0.2505,102733,43881,4,40,03/10/14,ok,,TCGA-IK-8125
TCGA-HT-7860-01Z-00-DX1.2FF9CBDD-7FEE-4A41-9BE4-AF86B376FCA0.svs,data/raw/tcga/wsi/e748c0eb-0097-4996-a860-71940c3c19ba/TCGA-HT-7860-01Z-00-DX1.2FF9CBDD-7FEE-4A41-9BE4-AF86B376FCA0.svs,1320.037323,aperio,SS1763CNTLR,40,0.2525,0.2525,93624,84343,4,40,03/10/14,ok,,TCGA-HT-7860
TCGA-06-0187-01Z-00-DX4.defa1a76-b328-474e-8bdb-2382cc05ada4.svs,data/raw/tcga/wsi/e757e48e-2236-45e7-b526-e968e06ed5f3/TCGA-06-0187-01Z-00-DX4.defa1a76-b328-474e-8bdb-2382cc05ada4.svs,493.004085,aperio,SS1302,20,0.5015,0.5015,36001,28071,3,20,01/08/09,ok,,TCGA-06-0187
TCGA-S9-A89Z-01Z-00-DX1.F6DA547D-D35C-4D55-B5AA-AB4F33B2789F.svs,data/raw/tcga/wsi/e77b5bc1-6eb1-45ee-a5e7-940756d2cc78/TCGA-S9-A89Z-01Z-00-DX1.F6DA547D-D35C-4D55-B5AA-AB4F33B2789F.svs,567.795033,aperio,SS1763CNTLR,40,0.2525,0.2525,77688,75788,4,40,02/04/14,ok,,TCGA-S9-A89Z
TCGA-12-1598-01Z-00-DX1.B827CBBB-7FC1-45DC-AC32-BC57009745C7.svs,data/raw/tcga/wsi/e84e0ad9-5e41-4dc6-85aa-13aec6d70190/TCGA-12-1598-01Z-00-DX1.B827CBBB-7FC1-45DC-AC32-BC57009745C7.svs,202.68664,aperio,PATH-MCLEN001MS,20,0.4993,0.4993,62020,46874,3,20,10/15/09,ok,,TCGA-12-1598
TCGA-S9-A7R1-01Z-00-DX1.9FAB9E82-AC0C-4902-BB8B-3620DCC21832.svs,data/raw/tcga/wsi/e8890d19-612f-4fb3-b574-3ab658765a14/TCGA-S9-A7R1-01Z-00-DX1.9FAB9E82-AC0C-4902-BB8B-3620DCC21832.svs,2294.736779,aperio,SS1764CNTLR,40,0.2527,0.2527,117527,90132,4,40,01/20/14,ok,,TCGA-S9-A7R1
TCGA-FG-5963-01Z-00-DX1.7bcacb10-cec1-4397-9c3a-bf08cab7d63d.svs,data/raw/tcga/wsi/e8b9a1be-7663-418f-a0e9-6424f6c5a823/TCGA-FG-5963-01Z-00-DX1.7bcacb10-cec1-4397-9c3a-bf08cab7d63d.svs,963.690201,aperio,SS1302,40,0.252,0.252,169786,84976,4,40,10/19/11,ok,,TCGA-FG-5963
TCGA-DU-6542-01Z-00-DX1.ccdb126c-5e8b-4094-9282-c2ea5d0d6a04.svs,data/raw/tcga/wsi/e8c111e7-dc6c-444d-972a-e4660b350620/TCGA-DU-6542-01Z-00-DX1.ccdb126c-5e8b-4094-9282-c2ea5d0d6a04.svs,190.356297,aperio,SS1302,40,0.252,0.252,95924,30614,4,40,06/09/11,ok,,TCGA-DU-6542
TCGA-02-0006-01Z-00-DX1.a37df719-8b93-4245-ae49-67eb1114253a.svs,data/raw/tcga/wsi/e8c17143-d1d1-4e04-81f1-ba495327be44/TCGA-02-0006-01Z-00-DX1.a37df719-8b93-4245-ae49-67eb1114253a.svs,698.500081,aperio,SS1302,20,0.5015,0.5015,40001,31019,3,20,01/20/09,ok,,TCGA-02-0006
TCGA-QH-A6XA-01Z-00-DX1.7B4C2D32-6621-4109-8B13-7620D1E07A0D.svs,data/raw/tcga/wsi/e8ee660d-3245-49f9-ab99-da4f3bd5eb11/TCGA-QH-A6XA-01Z-00-DX1.7B4C2D32-6621-4109-8B13-7620D1E07A0D.svs,1236.246071,aperio,SS1764CNTLR,40,0.2527,0.2527,83663,76380,4,40,12/03/13,ok,,TCGA-QH-A6XA
TCGA-19-A6J5-01Z-00-DX1.2667B32C-FDF4-4197-BD32-56D6124BD01C.svs,data/raw/tcga/wsi/e91172a5-c5f3-47c0-bcab-99e90d4859fc/TCGA-19-A6J5-01Z-00-DX1.2667B32C-FDF4-4197-BD32-56D6124BD01C.svs,2632.795815,aperio,SS1763CNTLR,40,0.2525,0.2525,179280,73904,4,40,09/26/13,ok,,TCGA-19-A6J5
TCGA-26-6173-01Z-00-DX1.A612A5EC-A048-4A8F-AE2D-5A07C8B030D1.svs,data/raw/tcga/wsi/e941163f-e3b1-4135-b0be-19f80b49ca76/TCGA-26-6173-01Z-00-DX1.A612A5EC-A048-4A8F-AE2D-5A07C8B030D1.svs,1425.067679,aperio,SS1436CNTLR,40,0.2485,0.2485,119698,61430,4,40,07/16/14,ok,,TCGA-26-6173
TCGA-06-5414-01Z-00-DX1.9b71e393-8801-480b-90a0-ee533ed24b0c.svs,data/raw/tcga/wsi/e96666cd-ced0-4d28-a176-df725c76dba4/TCGA-06-5414-01Z-00-DX1.9b71e393-8801-480b-90a0-ee533ed24b0c.svs,171.239653,aperio,SS1302,40,0.252,0.252,96883,43548,4,40,08/12/11,ok,,TCGA-06-5414
TCGA-02-0007-01Z-00-DX1.a888f75e-6c41-44c3-8eb6-721f992873b8.svs,data/raw/tcga/wsi/e9c5af05-691b-4b50-9a71-375e9201fb3d/TCGA-02-0007-01Z-00-DX1.a888f75e-6c41-44c3-8eb6-721f992873b8.svs,202.613049,aperio,SS1302,20,0.5015,0.5015,26001,19585,3,20,01/20/09,ok,,TCGA-02-0007
TCGA-HT-8013-01Z-00-DX1.2C2597D7-8F5C-406B-97C1-0EFD907B4FA5.svs,data/raw/tcga/wsi/e9e8f59f-f5f6-45c1-b294-abb69af0d955/TCGA-HT-8013-01Z-00-DX1.2C2597D7-8F5C-406B-97C1-0EFD907B4FA5.svs,1592.398513,aperio,SS1763CNTLR,40,0.2525,0.2525,107568,84693,4,40,10/03/14,ok,,TCGA-HT-8013
TCGA-QH-A65X-01Z-00-DX1.7791978D-0E39-43A9-8834-9D1E29FA526A.svs,data/raw/tcga/wsi/ead5b363-533b-47fc-a041-3bf8ddf7425e/TCGA-QH-A65X-01Z-00-DX1.7791978D-0E39-43A9-8834-9D1E29FA526A.svs,1789.595775,aperio,SS1764CNTLR,40,0.2527,0.2527,103583,86185,4,40,12/03/13,ok,,TCGA-QH-A65X
TCGA-06-0747-01Z-00-DX2.3c60f8bf-1e53-406a-89b8-e447d6280ab2.svs,data/raw/tcga/wsi/ebc522df-839c-4733-a25e-6bf1133dae3d/TCGA-06-0747-01Z-00-DX2.3c60f8bf-1e53-406a-89b8-e447d6280ab2.svs,728.033311,aperio,SS1302,20,0.5015,0.5015,72003,38844,4,20,10/05/09,ok,,TCGA-06-0747
TCGA-HT-A74L-01Z-00-DX1.E51CD31D-B564-4E49-8630-3485CE49B9B6.svs,data/raw/tcga/wsi/ebd38c65-c491-4aba-9639-1ff3526bae2c/TCGA-HT-A74L-01Z-00-DX1.E51CD31D-B564-4E49-8630-3485CE49B9B6.svs,833.727921,aperio,SS1763CNTLR,40,0.2525,0.2525,59760,64336,4,40,10/04/14,ok,,TCGA-HT-A74L
TCGA-S9-A7J3-01Z-00-DX1.DDE30B13-68C3-4BA6-8CBB-631D2E547974.svs,data/raw/tcga/wsi/ebe3537d-fdfc-4f63-9262-9bcc0471b8b5/TCGA-S9-A7J3-01Z-00-DX1.DDE30B13-68C3-4BA6-8CBB-631D2E547974.svs,439.343157,aperio,SS1764CNTLR,40,0.2527,0.2527,61751,55793,4,40,01/20/14,ok,,TCGA-S9-A7J3
TCGA-08-0244-01Z-00-DX1.37361959-E91D-4B2F-8AB5-A4ED4AEC3A6E.svs,data/raw/tcga/wsi/ec2212f4-497a-4997-a0a2-aa0e44c99325/TCGA-08-0244-01Z-00-DX1.37361959-E91D-4B2F-8AB5-A4ED4AEC3A6E.svs,140.051049,aperio,SS1763CNTLR,40,0.2525,0.2525,31872,24887,3,40,11/25/14,ok,,TCGA-08-0244
TCGA-06-0124-01Z-00-DX6.6f47506a-94ca-4f3e-a824-dd6098cdc911.svs,data/raw/tcga/wsi/ec40dd56-14c7-4a28-b4f5-46d74ed6695c/TCGA-06-0124-01Z-00-DX6.6f47506a-94ca-4f3e-a824-dd6098cdc911.svs,727.921609,aperio,SS1302,20,0.504,0.504,47006,39675,3,20,12/05/08,ok,,TCGA-06-0124
TCGA-E1-A7YH-01Z-00-DX1.A3F73A7D-9411-4A62-AADB-1725476C0E47.svs,data/raw/tcga/wsi/ecfa72f0-6c6f-4c99-85c0-02e944c0c9c0/TCGA-E1-A7YH-01Z-00-DX1.A3F73A7D-9411-4A62-AADB-1725476C0E47.svs,2379.59712,aperio,,40,0.25,0.25,125326,83901,4,40.000000,2014-11-26T13:52:36.89Z,ok,,TCGA-E1-A7YH
TCGA-06-5413-01Z-00-DX1.6c5e8a47-c2d0-4873-9b32-36857c5f67ac.svs,data/raw/tcga/wsi/ed08265b-1bc6-4ec9-baf0-07d6e8674f0a/TCGA-06-5413-01Z-00-DX1.6c5e8a47-c2d0-4873-9b32-36857c5f67ac.svs,181.322687,aperio,SS1302,40,0.252,0.252,98802,30633,4,40,08/12/11,ok,,TCGA-06-5413
TCGA-FG-A70Y-01Z-00-DX1.9A06E22B-6845-493B-BE36-2FD5A83AF122.svs,data/raw/tcga/wsi/ed5099b6-645e-49e9-a12e-efc1e844d350/TCGA-FG-A70Y-01Z-00-DX1.9A06E22B-6845-493B-BE36-2FD5A83AF122.svs,324.870269,aperio,SS1764CNTLR,40,0.2527,0.2527,97607,33553,4,40,03/21/14,ok,,TCGA-FG-A70Y
TCGA-DU-A5TY-01Z-00-DX1.3CE37EFB-9B39-4626-BA68-578E851588D1.svs,data/raw/tcga/wsi/eee038be-e337-4d80-b1dc-9a4476969c3c/TCGA-DU-A5TY-01Z-00-DX1.3CE37EFB-9B39-4626-BA68-578E851588D1.svs,111.641809,aperio,SS7168CNTLR,40,0.2526,0.2526,31871,16167,3,40,05/19/15,ok,,TCGA-DU-A5TY
TCGA-12-0670-01Z-00-DX4.CABEB480-65ED-4981-9057-8B2E398634D9.svs,data/raw/tcga/wsi/eef485e3-f10f-46ed-ac8c-5d49d1e76b1d/TCGA-12-0670-01Z-00-DX4.CABEB480-65ED-4981-9057-8B2E398634D9.svs,144.605872,aperio,PATH-MCLEN001MS,20,0.4993,0.4993,54018,46849,3,20,10/15/09,ok,,TCGA-12-0670
TCGA-FG-8191-01Z-00-DX1.cf5a8abc-ba6d-438f-b070-95fc79ba0fce.svs,data/raw/tcga/wsi/efe3f8fb-c709-4fc2-9140-3fd3115a478f/TCGA-FG-8191-01Z-00-DX1.cf5a8abc-ba6d-438f-b070-95fc79ba0fce.svs,810.326767,aperio,SS1302,40,0.252,0.252,106476,37546,4,40,06/01/12,ok,,TCGA-FG-8191
TCGA-S9-A7IQ-01Z-00-DX1.3B4A20BF-6303-475D-BE85-014922FA02DA.svs,data/raw/tcga/wsi/f015141f-9128-4e96-ba8d-86ef07a00351/TCGA-S9-A7IQ-01Z-00-DX1.3B4A20BF-6303-475D-BE85-014922FA02DA.svs,2206.759209,aperio,SS1764CNTLR,40,0.2527,0.2527,125495,81085,4,40,01/20/14,ok,,TCGA-S9-A7IQ
TCGA-DU-7300-01Z-00-DX1.296EE79F-D449-4D0A-AF26-9D7F807BAE24.svs,data/raw/tcga/wsi/f15b438b-c309-423c-93c8-2a06b3f1a5a1/TCGA-DU-7300-01Z-00-DX1.296EE79F-D449-4D0A-AF26-9D7F807BAE24.svs,812.66064,aperio,SS1763CNTLR,40,0.2525,0.2525,111552,63155,4,40,12/18/13,ok,,TCGA-DU-7300
TCGA-19-5958-01Z-00-DX1.1eab6caf-602c-4000-9683-c44a925ec0a5.svs,data/raw/tcga/wsi/f19ee824-fab9-4a4f-957e-f48fd53b6adc/TCGA-19-5958-01Z-00-DX1.1eab6caf-602c-4000-9683-c44a925ec0a5.svs,848.176413,aperio,SS1302,40,0.252,0.252,148683,84805,4,40,12/01/11,ok,,TCGA-19-5958
TCGA-DU-5847-01Z-00-DX1.b7d7de58-38b6-4686-8588-a2542c8595b4.svs,data/raw/tcga/wsi/f1b1e408-1aa9-428a-a448-a62d3196a519/TCGA-DU-5847-01Z-00-DX1.b7d7de58-38b6-4686-8588-a2542c8595b4.svs,96.278279,aperio,SS1302,40,0.252,0.252,81535,21113,4,40,06/09/11,ok,,TCGA-DU-5847
TCGA-06-0141-01Z-00-DX2.9c16caf2-d538-4233-9480-1188d85c229d.svs,data/raw/tcga/wsi/f283f239-1df7-4c78-9104-3f2c311a097e/TCGA-06-0141-01Z-00-DX2.9c16caf2-d538-4233-9480-1188d85c229d.svs,507.405667,aperio,SS1302,20,0.504,0.504,47006,38019,3,20,12/05/08,ok,,TCGA-06-0141
TCGA-RR-A6KB-01Z-00-DX1.90E22C0F-CA68-4EEB-BB13-2DD67C895A94.svs,data/raw/tcga/wsi/f2fe4d20-fb3a-4a8e-a7f1-fe2295d7da47/TCGA-RR-A6KB-01Z-00-DX1.90E22C0F-CA68-4EEB-BB13-2DD67C895A94.svs,1555.737109,aperio,SS1764CNTLR,40,0.2527,0.2527,139439,73142,4,40,09/11/14,ok,,TCGA-RR-A6KB
TCGA-HW-8321-01Z-00-DX1.5A8CE14C-5AD0-45E2-8C77-B4BCC1877373.svs,data/raw/tcga/wsi/f31a0259-304b-4015-b198-599751a8109c/TCGA-HW-8321-01Z-00-DX1.5A8CE14C-5AD0-45E2-8C77-B4BCC1877373.svs,1582.480859,aperio,SS1534CNTLR,40,0.2456,0.2456,119952,81121,4,40,12/11/12,ok,,TCGA-HW-8321
TCGA-HT-7681-01Z-00-DX4.E3A1EB6E-5F17-4D87-B4A6-4E5C4F049BD7.svs,data/raw/tcga/wsi/f386304e-c77b-4fc7-9edd-2b44cf44e962/TCGA-HT-7681-01Z-00-DX4.E3A1EB6E-5F17-4D87-B4A6-4E5C4F049BD7.svs,698.369933,aperio,SS1764CNTLR,40,0.2527,0.2527,79679,64810,4,40,03/10/14,ok,,TCGA-HT-7681
TCGA-12-1088-01Z-00-DX3.ABBFA65F-C940-4F9F-8F43-06CD25A64176.svs,data/raw/tcga/wsi/f38d63a6-936d-4b62-94f2-90d74b66971f/TCGA-12-1088-01Z-00-DX3.ABBFA65F-C940-4F9F-8F43-06CD25A64176.svs,184.327472,aperio,PATH-MCLEN001MS,20,0.4993,0.4993,60020,44666,3,20,09/22/09,ok,,TCGA-12-1088
TCGA-15-1446-01Z-00-DX2.2BBD436C-A472-4B8F-8C15-F5692B05E30B.svs,data/raw/tcga/wsi/f39dcab7-05f2-4ac1-b102-bc5bf7aa6360/TCGA-15-1446-01Z-00-DX2.2BBD436C-A472-4B8F-8C15-F5692B05E30B.svs,1500.768424,aperio,R0228416,40,0.2462,0.2462,99960,78157,4,40,02/13/13,ok,,TCGA-15-1446
TCGA-28-1760-01Z-00-DX1.c18f0389-2817-4b4b-867b-b392ad492254.svs,data/raw/tcga/wsi/f3b34647-5beb-4589-8aaa-e048a13de8f2/TCGA-28-1760-01Z-00-DX1.c18f0389-2817-4b4b-867b-b392ad492254.svs,229.641925,aperio,SS1302,20,0.5015,0.5015,60002,23466,3,20,01/28/10,ok,,TCGA-28-1760
TCGA-FG-A4MW-01Z-00-DX2.2A441E68-6A73-47F7-A3C8-C5656F9CC658.svs,data/raw/tcga/wsi/f49ddb4b-47e0-4ea0-914a-9066af8c6649/TCGA-FG-A4MW-01Z-00-DX2.2A441E68-6A73-47F7-A3C8-C5656F9CC658.svs,806.928555,aperio,SS1552CNTLR,40,0.2468,0.2468,70448,61823,4,40,03/08/13,ok,,TCGA-FG-A4MW
TCGA-DH-A7UR-01Z-00-DX1.CD0C3921-255F-4415-BE61-240068DD1C9D.svs,data/raw/tcga/wsi/f529ac0d-947a-4a4b-ae32-62e490178431/TCGA-DH-A7UR-01Z-00-DX1.CD0C3921-255F-4415-BE61-240068DD1C9D.svs,1748.495645,aperio,SS1436CNTLR,40,0.2485,0.2485,157044,86201,4,40,07/17/14,ok,,TCGA-DH-A7UR
TCGA-4W-AA9R-01Z-00-DX1.841135BA-8CAA-4666-A7EA-00FA992D6DFE.svs,data/raw/tcga/wsi/f5cde975-bacb-4823-92eb-0617051e6efa/TCGA-4W-AA9R-01Z-00-DX1.841135BA-8CAA-4666-A7EA-00FA992D6DFE.svs,353.099927,aperio,SS1764CNTLR,40,0.2527,0.2527,51791,44865,3,40,07/01/14,ok,,TCGA-4W-AA9R
TCGA-HT-7689-01Z-00-DX2.EAC06066-F666-48C5-8919-8C231ECEAB2C.svs,data/raw/tcga/wsi/f6051f63-516e-4a70-bf7e-dc826342266a/TCGA-HT-7689-01Z-00-DX2.EAC06066-F666-48C5-8919-8C231ECEAB2C.svs,1469.598037,aperio,SS1764CNTLR,40,0.2527,0.2527,87647,82556,4,40,09/10/14,ok,,TCGA-HT-7689
TCGA-14-0787-01Z-00-DX2.cae9033c-a793-49d6-ab22-366675ac1568.svs,data/raw/tcga/wsi/f6a5b145-688d-44d5-951d-72ec0242156b/TCGA-14-0787-01Z-00-DX2.cae9033c-a793-49d6-ab22-366675ac1568.svs,586.953611,aperio,SS1302,20,0.504,0.504,38373,40884,3,20,12/05/08,ok,,TCGA-14-0787
TCGA-FG-7637-01Z-00-DX1.29BC8289-EC8E-4182-A235-C7AC5DAC9A0E.svs,data/raw/tcga/wsi/f6e08dfe-c7bc-4016-93a6-e259091debe1/TCGA-FG-7637-01Z-00-DX1.29BC8289-EC8E-4182-A235-C7AC5DAC9A0E.svs,1096.878553,aperio,SS1302,40,0.252,0.252,165949,91030,4,40,04/03/12,ok,,TCGA-FG-7637
TCGA-14-0817-01Z-00-DX3.636820c0-c393-4590-bbe6-b56fe29e6b28.svs,data/raw/tcga/wsi/f6e75081-256c-489e-a050-f9574b6ce4d3/TCGA-14-0817-01Z-00-DX3.636820c0-c393-4590-bbe6-b56fe29e6b28.svs,743.661881,aperio,SS1302,20,0.504,0.504,45088,38174,3,20,12/05/08,ok,,TCGA-14-0817
TCGA-DB-A4XG-01Z-00-DX2.6EC94BAA-8653-4697-AAAA-0B4AF88A82AE.svs,data/raw/tcga/wsi/f6efdfb5-d381-46e5-9163-058663d204ce/TCGA-DB-A4XG-01Z-00-DX2.6EC94BAA-8653-4697-AAAA-0B4AF88A82AE.svs,1376.869096,aperio,R0228416,40,0.2462,0.2462,90440,60386,4,40,02/14/13,ok,,TCGA-DB-A4XG
TCGA-12-1600-01Z-00-DX2.8E6635EC-66CA-4C13-9AA6-7DE032B21C3B.svs,data/raw/tcga/wsi/f731c5f4-03ff-405c-90cd-9584973915ca/TCGA-12-1600-01Z-00-DX2.8E6635EC-66CA-4C13-9AA6-7DE032B21C3B.svs,157.586558,aperio,PATH-MCLEN001MS,20,0.4993,0.4993,62020,46874,3,20,10/15/09,ok,,TCGA-12-1600
TCGA-41-2573-01Z-00-DX1.aaa4085e-c7e0-4c03-8033-780f407b0d11.svs,data/raw/tcga/wsi/f788b3e3-07ea-48a2-988c-788d7a90dd8e/TCGA-41-2573-01Z-00-DX1.aaa4085e-c7e0-4c03-8033-780f407b0d11.svs,497.874851,aperio,SS1302,40,0.252,0.252,127579,68403,4,40,08/04/11,ok,,TCGA-41-2573
TCGA-DU-8167-01Z-00-DX1.9ec81b46-f1e9-4611-b018-74f398cb4e90.svs,data/raw/tcga/wsi/f7db4a54-01d5-4a4e-8750-66be4b724695/TCGA-DU-8167-01Z-00-DX1.9ec81b46-f1e9-4611-b018-74f398cb4e90.svs,153.190933,aperio,SS1302,40,0.252,0.252,22062,22649,3,40,09/11/12,ok,,TCGA-DU-8167
TCGA-HT-7857-01Z-00-DX2.B2E4366E-05CF-497E-AFA0-77E388C47E82.svs,data/raw/tcga/wsi/f7f69b69-ee8b-43b6-a2d6-75f4074939fe/TCGA-HT-7857-01Z-00-DX2.B2E4366E-05CF-497E-AFA0-77E388C47E82.svs,383.934875,aperio,SS1764CNTLR,40,0.2527,0.2527,69719,42624,4,40,09/11/14,ok,,TCGA-HT-7857
TCGA-HT-7607-01Z-00-DX13.F877AA04-2938-40C2-A540-52976238909F.svs,data/raw/tcga/wsi/f819ddf7-d21d-4b14-abe8-6588c01e2287/TCGA-HT-7607-01Z-00-DX13.F877AA04-2938-40C2-A540-52976238909F.svs,2034.488133,aperio,SS1534CNTLR,40,0.2456,0.2456,92344,93904,4,40,02/23/13,ok,,TCGA-HT-7607
TCGA-E1-A7YU-01Z-00-DX1.DEA6CA8D-FF4F-4663-88D9-8D43E2443450.svs,data/raw/tcga/wsi/f84f1386-6861-4aa6-8ca4-8c54e1e2cc00/TCGA-E1-A7YU-01Z-00-DX1.DEA6CA8D-FF4F-4663-88D9-8D43E2443450.svs,2685.81264,aperio,,40,0.25,0.25,141502,83901,4,40.000000,2014-10-27T15:05:15.043Z,ok,,TCGA-E1-A7YU
TCGA-DB-A64U-01Z-00-DX1.7E003533-C514-46BA-A934-3D74B19188DE.svs,data/raw/tcga/wsi/f884e3d4-52da-4be9-b247-eb74a368153c/TCGA-DB-A64U-01Z-00-DX1.7E003533-C514-46BA-A934-3D74B19188DE.svs,2270.566604,aperio,R0251491,40,0.247,0.247,129479,78565,4,40,06/11/14,ok,,TCGA-DB-A64U
TCGA-FG-A6J3-01Z-00-DX5.533723D7-87B8-4070-931C-64BEB265F9EA.svs,data/raw/tcga/wsi/f8bfc5b4-e053-4826-b121-93d827d8ce27/TCGA-FG-A6J3-01Z-00-DX5.533723D7-87B8-4070-931C-64BEB265F9EA.svs,2503.703509,aperio,SS1763CNTLR,40,0.2525,0.2525,145416,78498,4,40,09/26/13,ok,,TCGA-FG-A6J3
TCGA-S9-A7J2-01Z-00-DX1.5BDB6D1B-F50E-42A7-9CB2-618F91DF6977.svs,data/raw/tcga/wsi/f90a8702-e2d8-4760-99e0-74bbf7d29990/TCGA-S9-A7J2-01Z-00-DX1.5BDB6D1B-F50E-42A7-9CB2-618F91DF6977.svs,1341.424027,aperio,SS1764CNTLR,40,0.2527,0.2527,101591,94116,4,40,01/20/14,ok,,TCGA-S9-A7J2
TCGA-06-0646-01Z-00-DX3.4e029189-ecef-4e12-be1a-c67fbdf8e22b.svs,data/raw/tcga/wsi/f9416a51-393e-41fa-a405-3a97e3367749/TCGA-06-0646-01Z-00-DX3.4e029189-ecef-4e12-be1a-c67fbdf8e22b.svs,751.208751,aperio,SS1302,20,0.5015,0.5015,62002,38773,3,20,10/05/09,ok,,TCGA-06-0646
TCGA-DU-6400-01Z-00-DX1.46dd4fdb-66b4-445e-b9b7-c0eb8c114ed7.svs,data/raw/tcga/wsi/f979e053-a8d2-45af-8d44-cdd6f576437e/TCGA-DU-6400-01Z-00-DX1.46dd4fdb-66b4-445e-b9b7-c0eb8c114ed7.svs,162.883367,aperio,SS1302,40,0.252,0.252,71943,68955,4,40,06/09/11,ok,,TCGA-DU-6400
TCGA-FG-6690-01Z-00-DX1.69e8e3dd-91a5-442c-b0c9-8da45828b2c5.svs,data/raw/tcga/wsi/f9d0203f-6b97-499a-8429-6c2f88aed6f9/TCGA-FG-6690-01Z-00-DX1.69e8e3dd-91a5-442c-b0c9-8da45828b2c5.svs,377.692487,aperio,SS1302,40,0.252,0.252,146764,82254,4,40,10/24/11,ok,,TCGA-FG-6690
TCGA-TM-A84J-01Z-00-DX1.35ED7469-4A53-4432-945F-69D714D7607F.svs,data/raw/tcga/wsi/fa147f67-9f42-486c-9d59-33448e79deb7/TCGA-TM-A84J-01Z-00-DX1.35ED7469-4A53-4432-945F-69D714D7607F.svs,1587.227761,aperio,SS1764CNTLR,40,0.2527,0.2527,95615,86987,4,40,03/21/14,ok,,TCGA-TM-A84J
TCGA-CS-4938-01Z-00-DX1.6660D726-8524-424A-B6E8-D97FFD9BCE01.svs,data/raw/tcga/wsi/fa14f9c9-b10a-47cf-a8ff-82e24deea4e9/TCGA-CS-4938-01Z-00-DX1.6660D726-8524-424A-B6E8-D97FFD9BCE01.svs,291.903105,aperio,SS1302,40,0.252,0.252,74821,75577,4,40,07/16/12,ok,,TCGA-CS-4938
TCGA-DB-5279-01Z-00-DX1.3E13F0B8-ECCE-490F-B035-2A0E9AD632CB.svs,data/raw/tcga/wsi/faa37553-219e-4dd2-894e-ae57c111e036/TCGA-DB-5279-01Z-00-DX1.3E13F0B8-ECCE-490F-B035-2A0E9AD632CB.svs,1549.638294,aperio,R0228416,40,0.2462,0.2462,84728,76201,4,40,02/13/13,ok,,TCGA-DB-5279
TCGA-DU-5854-01Z-00-DX1.b4d00993-a322-4d5a-b7a1-06db7ad078ab.svs,data/raw/tcga/wsi/fb18fb40-902b-4f92-94bc-b6e50fdedcfe/TCGA-DU-5854-01Z-00-DX1.b4d00993-a322-4d5a-b7a1-06db7ad078ab.svs,168.293097,aperio,SS1302,40,0.252,0.252,95924,23008,4,40,06/09/11,ok,,TCGA-DU-5854
TCGA-14-1458-01Z-00-DX3.2cd0e033-ffb3-4a08-aa8b-571aa8d3b764.svs,data/raw/tcga/wsi/fba30ef9-adfa-4efe-8fdf-e57c6cacff36/TCGA-14-1458-01Z-00-DX3.2cd0e033-ffb3-4a08-aa8b-571aa8d3b764.svs,891.694891,aperio,SS1302,20,0.5015,0.5015,58002,41031,3,20,02/02/10,ok,,TCGA-14-1458
TCGA-HT-8018-01Z-00-DX1.1C1BBFD4-8C4A-4A6F-8D64-70A4F41814AF.svs,data/raw/tcga/wsi/fc0bea2d-902e-4736-8472-730036043c51/TCGA-HT-8018-01Z-00-DX1.1C1BBFD4-8C4A-4A6F-8D64-70A4F41814AF.svs,605.782257,aperio,SS1763CNTLR,40,0.2525,0.2525,75696,43789,4,40,10/03/14,ok,,TCGA-HT-8018
TCGA-06-1801-01Z-00-DX1.94958ef7-74a5-415e-bd4c-a4e52e1f6551.svs,data/raw/tcga/wsi/fc4aaec3-1a72-430f-b753-c958e0f4dad8/TCGA-06-1801-01Z-00-DX1.94958ef7-74a5-415e-bd4c-a4e52e1f6551.svs,185.907629,aperio,SS1302,20,0.5015,0.5015,36001,27079,3,20,10/01/09,ok,,TCGA-06-1801
TCGA-FN-7833-01Z-00-DX1.0618fcef-d4fc-427f-bcb6-f46f903f6e4b.svs,data/raw/tcga/wsi/fc7cd17c-f452-4341-99ff-621ed7305e9a/TCGA-FN-7833-01Z-00-DX1.0618fcef-d4fc-427f-bcb6-f46f903f6e4b.svs,625.512699,aperio,SS1302,40,0.252,0.252,68106,70950,4,40,02/16/12,ok,,TCGA-FN-7833
TCGA-HT-7695-01Z-00-DX2.4F0E4092-5F35-4689-AD3D-C5402BAB0F60.svs,data/raw/tcga/wsi/fd504136-6f76-4c58-bed9-66a5258e860b/TCGA-HT-7695-01Z-00-DX2.4F0E4092-5F35-4689-AD3D-C5402BAB0F60.svs,1047.263177,aperio,SS1763CNTLR,40,0.2525,0.2525,109560,81642,4,40,03/10/14,ok,,TCGA-HT-7695
TCGA-14-0871-01Z-00-DX3.e14ebe53-ddeb-41f1-9ff3-b7a635f7e745.svs,data/raw/tcga/wsi/fda527fa-d822-40b7-929c-815820317973/TCGA-14-0871-01Z-00-DX3.e14ebe53-ddeb-41f1-9ff3-b7a635f7e745.svs,1279.121355,aperio,SS1302,20,0.504,0.504,74827,44053,3,20,12/05/08,ok,,TCGA-14-0871
TCGA-06-0137-01Z-00-DX5.0f06ca27-54e2-490a-8afb-a19600e60619.svs,data/raw/tcga/wsi/fdffd302-f1ef-466c-8f71-ea6776ef5165/TCGA-06-0137-01Z-00-DX5.0f06ca27-54e2-490a-8afb-a19600e60619.svs,860.726521,aperio,SS1302,20,0.5015,0.5015,56002,38719,3,20,07/07/09,ok,,TCGA-06-0137
TCGA-19-5959-01Z-00-DX1.86907dc7-c0ce-48e6-b67c-a3134f8b4aa2.svs,data/raw/tcga/wsi/fe1a47a5-e539-4e60-b28f-ba613eed66a3/TCGA-19-5959-01Z-00-DX1.86907dc7-c0ce-48e6-b67c-a3134f8b4aa2.svs,655.498645,aperio,SS1302,40,0.252,0.252,176501,84022,4,40,10/19/11,ok,,TCGA-19-5959
TCGA-08-0348-01Z-00-DX1.8AA2259D-4BC5-4256-9A66-9D07835EB3B8.svs,data/raw/tcga/wsi/fe722398-1ab8-462b-9a3c-ee48cf2f0fb9/TCGA-08-0348-01Z-00-DX1.8AA2259D-4BC5-4256-9A66-9D07835EB3B8.svs,58.836139,aperio,SS1763CNTLR,40,0.2525,0.2525,21912,14735,3,40,11/25/14,ok,,TCGA-08-0348
TCGA-DU-6396-01Z-00-DX1.0a818d89-d17b-45aa-85ce-d3a6631b7807.svs,data/raw/tcga/wsi/fe72772e-ccb5-4752-87a5-446e0ee3b4c3/TCGA-DU-6396-01Z-00-DX1.0a818d89-d17b-45aa-85ce-d3a6631b7807.svs,234.536929,aperio,SS1302,40,0.252,0.252,80576,72327,4,40,06/09/11,ok,,TCGA-DU-6396
TCGA-VM-A8CF-01Z-00-DX6.DC99FC24-7290-4702-B5DC-45F3780757B6.svs,data/raw/tcga/wsi/fe7719e8-b22a-4150-a84b-749ddfe1351d/TCGA-VM-A8CF-01Z-00-DX6.DC99FC24-7290-4702-B5DC-45F3780757B6.svs,1127.857291,aperio,SS1764CNTLR,40,0.2527,0.2527,119519,91873,4,40,02/28/14,ok,,TCGA-VM-A8CF
TCGA-12-3649-01Z-00-DX2.19366BF0-743A-46BA-BE74-07DC752E0779.svs,data/raw/tcga/wsi/fec7031d-a7e5-4283-8904-99f7ee94b4fe/TCGA-12-3649-01Z-00-DX2.19366BF0-743A-46BA-BE74-07DC752E0779.svs,213.494282,aperio,PATH-MCLEN001MS,20,0.4993,0.4993,66022,46213,4,20,09/22/10,ok,,TCGA-12-3649
TCGA-KT-A7W1-01Z-00-DX1.D416EFED-F654-433B-917C-A9BE98EAA760.svs,data/raw/tcga/wsi/ffad09f9-c193-4c85-b2fe-c5f5c8cc2a51/TCGA-KT-A7W1-01Z-00-DX1.D416EFED-F654-433B-917C-A9BE98EAA760.svs,753.590639,aperio,SS1763CNTLR,40,0.2525,0.2525,77688,71771,4,40,08/05/14,ok,,TCGA-KT-A7W1
TCGA-08-0352-01Z-00-DX2.d1d43af6-fc93-4d1d-a432-8c5e9ee9b04f.svs,data/raw/tcga/wsi/ffb6a3cc-eb3b-437b-8729-2d571d0e7053/TCGA-08-0352-01Z-00-DX2.d1d43af6-fc93-4d1d-a432-8c5e9ee9b04f.svs,242.370037,aperio,SS1302,20,0.5015,0.5015,58002,23449,3,20,06/20/08,ok,,TCGA-08-0352
TCGA-DH-A7US-01Z-00-DX1.0CC50064-5604-449F-8A97-860436784030.svs,data/raw/tcga/wsi/ffc928eb-6922-4d5b-895f-fc5fd094b615/TCGA-DH-A7US-01Z-00-DX1.0CC50064-5604-449F-8A97-860436784030.svs,1367.335189,aperio,SS1436CNTLR,40,0.2485,0.2485,151298,70424,4,40,07/17/14,ok,,TCGA-DH-A7US
