patient,prob_wt,prob_mutant,label,n_abmil_rows,ensemble_entropy,prob_mutant_conch,prob_mutant_hoptimus,prob_mutant_uni2,level,age,sex,age_band,tier_grouped,aleatoric,total_mi,within_encoder_mi_conch,within_encoder_mi_hoptimus,within_encoder_mi_uni2,entropy_conch,entropy_hoptimus,entropy_uni2,aleatoric_conch,aleatoric_hoptimus,aleatoric_uni2,mean_within_encoder_mi,between_encoder_mi,mc_predictive_entropy_conch,mc_predictive_entropy_hoptimus,mc_predictive_entropy_uni2,mc_aleatoric_conch,mc_aleatoric_hoptimus,mc_aleatoric_uni2,mc_epistemic_mi_conch,mc_epistemic_mi_hoptimus,mc_epistemic_mi_uni2,mc_prob_mutant_conch,mc_prob_mutant_hoptimus,mc_prob_mutant_uni2,mc_aleatoric,mc_epistemic_mi,mc_predictive_entropy,mc_prob_mutant,de_predictive_entropy_conch,de_predictive_entropy_hoptimus,de_predictive_entropy_uni2,de_aleatoric_conch,de_aleatoric_hoptimus,de_aleatoric_uni2,de_within_fold_mi_conch,de_within_fold_mi_hoptimus,de_within_fold_mi_uni2,de_prob_mutant_conch,de_prob_mutant_hoptimus,de_prob_mutant_uni2,de_aleatoric,de_within_fold_mi,de_predictive_entropy,de_prob_mutant,laplace_predictive_entropy_conch,laplace_predictive_entropy_hoptimus,laplace_predictive_entropy_uni2,laplace_aleatoric_conch,laplace_aleatoric_hoptimus,laplace_aleatoric_uni2,laplace_epistemic_mi_conch,laplace_epistemic_mi_hoptimus,laplace_epistemic_mi_uni2,laplace_prob_mutant_conch,laplace_prob_mutant_hoptimus,laplace_prob_mutant_uni2,laplace_aleatoric,laplace_epistemic_mi,laplace_predictive_entropy,laplace_prob_mutant,ood_topk_uni2,ood_attention_uni2,ood_mean_uni2,ood_energy_topk_uni2,ood_energy_mean_uni2,ood_topk_hoptimus,ood_attention_hoptimus,ood_mean_hoptimus,ood_energy_topk_hoptimus,ood_energy_mean_hoptimus,ood_maha_topk_uni2,ood_maha_attention_uni2,ood_maha_mean_uni2,ood_maha_topk_hoptimus,ood_maha_attention_hoptimus,ood_maha_mean_hoptimus
IN Brain-0002,0.013859199,0.9861408,1,15,0.07306355285269489,0.9666046,0.9973854,0.99443233,A,38,male,20-39,A,0.06279298676427707,0.010270566088417823,0.0037941440039869767,0.0009690621857992299,0.00582335780838375,0.14635375546779694,0.01815902358640161,0.03445274523680262,0.14255961146380997,0.01718996140060238,0.02862938742841887,0.003528854666056652,0.006741754787651669,0.15115546964525725,0.021935330146735724,0.03708815934743611,0.14514128500673956,0.0203463711615064,0.03050655183160398,0.0021326339385418997,0.000417588193266521,0.0003235073984551766,0.9651684129953384,0.9967375887393951,0.9939196161031724,0.06533140266661665,0.000957909843421199,0.07672830632970785,0.9852752059459687,0.10309762363444558,0.018544143928459284,0.03207086785943487,0.09581937753660547,0.01742015125390859,0.027238796382508867,0.001960126094147879,0.0005464193722847253,0.0006789248868647897,0.9786891907453537,0.9973205164074898,0.9948879614472389,0.04682610839100764,0.0010618234510991315,0.05462200215802286,0.9902992228666941,0.1930407907462046,0.034798157152497046,0.049035002411823986,0.173298788,0.0293845427,0.0394920678,0.0162213014,0.004094795300000001,0.00369874126,0.951846912,0.9943656259999999,0.99149036,0.08072513283333334,0.008004945986666666,0.10100430958248037,0.9792342993333333,101.25675201416016,79.2207046508789,80.20504608154297,102.21981964111328,81.40592498779297,102.98025665283204,83.20296630859374,79.90735473632813,103.98001556396484,81.17666015625,97.73891178647648,59.08311244290691,62.72845574428682,128.56275102423348,83.36528365504289,75.93356210261899
IN Brain-0004,0.12630884,0.8736912,1,15,0.37930920654690303,0.84643555,0.9326459,0.841992,A,25,male,20-39,A,0.30338172447261996,0.07592748207428307,0.06673372371472175,0.014395085894803455,0.12066083598259142,0.4288424882148141,0.2467404982346874,0.43635183256047516,0.36210876450009233,0.23234541233988396,0.31569099657788374,0.0672632151973722,0.008664334385607209,0.4343697679077265,0.26090276279449826,0.44203831193325094,0.36432768756223566,0.241574383105233,0.3208205526315166,0.005771416828562441,0.00434682419221966,0.0034469202998242397,0.843173532795906,0.9271683309793473,0.8385671136260033,0.30890754109966173,0.004521720440202113,0.38707745170856966,0.8696363258004188,0.3864249673577057,0.3001664633571437,0.40642409302928817,0.3137257649740174,0.2773498933475329,0.2957509145838987,0.012935815914025608,0.013789833464678287,0.01918547908028571,0.8699798718094826,0.9110221832990646,0.8591939017176629,0.29560885763514966,0.01530370948632987,0.3667948276375023,0.88006531894207,0.4846778429726485,0.3228959001336431,0.4716577681378091,0.37859257,0.27063959,0.334969556,0.051349714000000005,0.039121477,0.029865848,0.811063058,0.9009928799999999,0.819825644,0.3280672386666667,0.04011234633333333,0.433043672060185,0.8439605273333334,110.23385925292968,90.1605499267578,85.86523132324218,111.02430572509766,86.67156524658203,111.92317810058594,94.76279296875,82.97787933349609,112.78459777832032,83.81912384033203,119.260196109728,80.01820997497389,73.90871398915866,165.1975522025078,114.27889697513884,84.0896418605989
IN Brain-0007,0.98112553,0.018874483,0,15,0.09362586048301151,0.012819121,0.009315642,0.034488685,A,52,male,40-54,A,0.08458413524825079,0.009041725234760725,0.0003242605989435543,0.00314422812995048,0.014213564155597491,0.06858716816013266,0.05283261525562451,0.1500146752134867,0.0682629075611891,0.04968838712567403,0.1358011110578892,0.005894017628163842,0.0031477206694434934,0.07017505408605795,0.05610703340980189,0.1515921016770811,0.06891881304492858,0.0521827660637479,0.13645698227303033,0.00090428388666196,0.0007385891374373,0.00073105802714038,0.01318587474105876,0.01002296472638842,0.03496310964068392,0.08585285379390227,0.0007913103504132135,0.09565806358948069,0.01939064970271037,0.0841065378816882,0.06144595104050439,0.11581260832303125,0.08202586664333514,0.05825456291038332,0.10146885096492027,0.001325024731650945,0.0017053086036049434,0.0015903972797898936,0.016505113511811942,0.011200062873103888,0.02470181753160432,0.08058309350621291,0.001540243538348594,0.08801827482065303,0.017468997972173383,0.10192384286234082,0.06400101967552298,0.1643226655283241,0.0897581928,0.0570447552,0.1439917524,0.011869610899999999,0.00350221242,0.00717352852,0.021004688599999998,0.011773577600000001,0.0388657908,0.0969315668,0.00751511728,0.11278256363931413,0.023881352333333335,108.79796905517578,89.53886260986329,84.46119689941406,109.45932006835938,85.05088500976562,105.02236938476562,85.3394561767578,83.49475402832032,105.71930541992188,84.0965560913086,120.41060614258906,81.55806958458126,71.10086697944293,141.0717840385417,89.85270124558362,83.41917563478803
IN Brain-0008,0.98831636,0.01168367,0,15,0.06360234864372727,0.0072082565,0.0044540055,0.023388747,A,45,female,40-54,A,0.05508805287246124,0.008514295771266028,0.0007255509416144515,0.0016602957266681796,0.014594504618804446,0.04273714409938192,0.02855784120037587,0.11094952460471302,0.042011593157767466,0.02689754547370769,0.09635501998590858,0.005660117095695693,0.0028542070533698824,0.044758962034541376,0.029999302233091572,0.11091277583447742,0.04347480487938484,0.027862677571185,0.09562493862106544,0.00056989541258144,0.00042354286396380746,0.00058536249186166,0.0076211272709304,0.00472194199229556,0.02337890190146858,0.05565414035721176,0.0005262669228023025,0.06459275635880293,0.011907323721564845,0.03654185552093203,0.03847808336087793,0.08391510725938825,0.035648664234343166,0.0365870841255167,0.07215486549303926,0.0008026320073032313,0.0010586967541968625,0.001228039950569256,0.005973380757495761,0.006354300658495049,0.01645829620247241,0.048130204617633045,0.0010297895706897833,0.05413362474595425,0.009595325872821074,0.06274828277093049,0.036719198399648004,0.12150391601478286,0.05592365800000001,0.032663170400000004,0.102927725,0.00610766374,0.0021696429,0.00466448844,0.0114915738,0.0060080754,0.026263605099999997,0.06383818446666667,0.004313931693333333,0.07615161374641367,0.014587751433333332,102.42766723632812,84.17395935058593,83.75694885253907,103.0499755859375,84.32957458496094,107.87974700927734,87.52348175048829,86.39402770996094,108.60881805419922,86.99568786621094,107.46953595690734,71.25078626086368,70.34609934210576,150.7165448729292,95.21508547959628,90.94600066839732
IN Brain-0012,0.18470906,0.815291,0,15,0.4784594032939923,0.5999162,0.8969671,0.9489895,C,29,male,20-39,C,0.35608253585720057,0.12237686743679171,0.05567134759705117,0.059335903242316246,0.02296682937161898,0.6730456127114884,0.33169625725402707,0.20147981781707264,0.6173742651144373,0.2723603540117108,0.17851298844545366,0.0459913600703288,0.07638550911373537,0.678233253627333,0.3467493971412274,0.20129018851629168,0.6181895644369522,0.2802310013637106,0.17686216894854975,0.011442369028009181,0.0059013860043176,0.0024957900283416002,0.5861383667051793,0.8898880185365676,0.9490543862581253,0.3584275782497375,0.00661318168688946,0.4885918922003775,0.8083602571666241,0.5784675512642949,0.3213379767266971,0.19845472133892678,0.4327548711457815,0.2741660944046042,0.17741716449589098,0.037171107832103235,0.020177281188249734,0.007466941040770739,0.7347592078149319,0.9016971021890641,0.9500205531716347,0.29477937668209225,0.02160511002037457,0.40102491618510283,0.8621589543918768,0.6824328263818316,0.3918875438641985,0.24566922765937083,0.5637958399999999,0.2856917952,0.20195370399999998,0.0768293558,0.0423130192,0.01809736348,0.573061732,0.867086668,0.933052994,0.3504804464,0.045746579493333335,0.5125393648172828,0.7910671313333334,103.65187225341796,85.33016815185547,84.83492431640624,104.54720306396484,85.85381469726562,104.21137084960938,86.44316101074219,83.18647613525391,105.10188903808594,84.0572509765625,106.93483759941756,71.31447767011431,70.48996581549446,132.1648880693753,87.97209951910008,80.93695781365493
IN Brain-0015,0.8034363,0.19656375,0,15,0.49560168756795264,0.20399758,0.18763754,0.19805613,A,37,male,20-39,A,0.44408690298941983,0.05151478457853281,0.013281298425660226,0.09092233707305553,0.04990519574862695,0.505894556499571,0.4827791710226805,0.4976958126933507,0.4926132580739108,0.39185683394962495,0.4477906169447238,0.0513696104157809,0.00014519453105815705,0.5079390160364797,0.4707566053172329,0.5002296721827759,0.48743460915578946,0.387469935577358,0.4469364455110931,0.00621254420582358,0.009909692161391401,0.00269323332462064,0.2055043367505073,0.17958038334585721,0.1998754212286323,0.44061366341474684,0.0062718232306118735,0.4933734934006073,0.19498671377499893,0.4975606661147626,0.4632315752092506,0.4011025281407812,0.46595379151472754,0.41619578612602764,0.3605852515665855,0.013037681216664265,0.02935829823754349,0.008250383613298367,0.19795951498672365,0.17468108278699218,0.1378833833965473,0.4142449430691135,0.016882121022502042,0.45616305123166967,0.17017466039008772,0.5415709686883805,0.4949025253138255,0.508670077945583,0.455046646,0.37313198000000003,0.4286456,0.0762790922,0.047418314399999995,0.034389243400000005,0.23190752200000003,0.1960676922,0.20604563000000004,0.4189414086666667,0.05269555,0.5157270379667162,0.2113402814,102.99979248046876,85.29085693359374,84.35726776123047,103.68879089355468,85.12112274169922,100.87266693115234,83.23116302490234,79.58827209472656,101.70642852783205,80.42445831298828,102.44217772900936,70.23493237401945,68.3202359170743,121.68760694112672,81.37602136668502,72.30046903517113
IN Brain-0020,0.97130984,0.028690156,0,15,0.13015911903079053,0.020697858,0.014366016,0.051006593,A,60,female,55-69,A,0.11598429342721196,0.014174825603578564,0.0011970709449460187,0.00479689729064646,0.02348016423576696,0.10074276456029546,0.07521575272508854,0.20146849546761134,0.09954569361534944,0.07041885543444208,0.17798833123184438,0.009824710823786479,0.0043501109916807,0.10627960090320981,0.07931426771026308,0.20171807539479258,0.103591748683082,0.07342683678311858,0.17724794159310062,0.00149066697183016,0.000889761805943947,0.00078036296077924,0.02214658485781394,0.015343094972713101,0.051091990177333305,0.1180888423531004,0.001053597246184449,0.13309488961949337,0.029527223335953447,0.10512703624599021,0.08314364114206796,0.16061264804753006,0.10192630315242479,0.07824038610778852,0.1375364352263977,0.0029988752405241985,0.002187235568634109,0.0027824995539237965,0.02184285639086738,0.016269957787153545,0.037714881263673304,0.10590104149553699,0.002656203454360701,0.11791606435982618,0.025275898480564742,0.1318169361797495,0.09255244714105945,0.21439260706018942,0.118643812,0.081047209,0.184798704,0.012249091299999999,0.0061160871000000006,0.0080638781,0.0291619758,0.01860329496,0.055496782999999994,0.12816324166666668,0.008809685499999999,0.14978802233417365,0.03442068458666667,102.83572540283204,82.3707275390625,81.23319396972656,103.52980346679688,81.86826019287109,113.72430572509764,92.59586639404296,89.4439453125,114.50636291503906,90.1523208618164,104.11282450064223,66.87416410974836,64.57397226125653,161.64815689868504,106.38742653325232,96.94798097087272
IN Brain-0021,0.97774374,0.022256278,0,15,0.10669478194010801,0.028203854,0.008361517,0.030203462,A,65,female,55-69,A,0.09356490768571737,0.013129874254390633,0.007746879818596397,0.0023606963404341486,0.021417387226420753,0.12844204830533884,0.0483289265992435,0.13544871153802107,0.12069516848674244,0.045968230258809355,0.11403132431160032,0.010508321128483766,0.002621575415820407,0.13195755394780553,0.05145767543912207,0.13770294865827762,0.1225881847370219,0.04836644225359244,0.11520943879013501,0.00162167565213642,0.0007073772529896201,0.00081593277335062,0.02920209973501036,0.009022024580882821,0.030855337283294603,0.09538802192691646,0.00104832855949222,0.10959473767665104,0.023026487199729263,0.11795324644999086,0.07487944282279481,0.08921703857554973,0.10508494842719222,0.07087396815317744,0.0744124901216933,0.0038335298657661858,0.0029222783289572967,0.0025060208185388962,0.02528607950662263,0.014286533730046357,0.017767118732444943,0.08345713556735433,0.0030872763377541262,0.09456766160857166,0.019113243989704643,0.1610072115673162,0.061912008593121445,0.1526003762184548,0.138612312,0.055156180199999995,0.12381182580000001,0.014483434,0.00413881148,0.008332020820000001,0.037836751200000004,0.011304189199999998,0.03526741394,0.105860106,0.008984755433333333,0.12820220244737568,0.028136118113333334,102.07609558105467,87.57097625732422,84.15782012939454,102.74222717285156,84.806591796875,104.40430450439452,85.77581329345703,80.73329162597656,105.21190032958984,81.47725830078124,106.95748228161712,78.31164262335662,70.67409722539853,135.98482524109585,89.04994459254621,76.34359242908774
IN Brain-0024,0.9812054,0.01879455,0,15,0.09330994121716847,0.027592877,0.00641943,0.022371344,A,62,male,55-69,A,0.08436754591467821,0.00894239530249026,0.003194867979118318,0.0021614336622908653,0.013750137639401985,0.1262725234518831,0.0388067988897941,0.10712975468316858,0.1230776554727648,0.03664536522750324,0.0933796170437666,0.006368813093603723,0.0025735396778929637,0.13444962164831376,0.04195533897876961,0.10864939951646498,0.129815650940891,0.03915533080871192,0.09419711401849719,0.00214304017843406,0.000512638969373108,0.00060891589799152,0.02991587556893932,0.007049882533936699,0.02277462754028378,0.08772269858936671,0.0010881983485995627,0.09770213115936148,0.019913461881053265,0.1069798367151007,0.05288205039661546,0.08159332085720787,0.10332493382861249,0.04999851667692138,0.07022232811028686,0.0031223573895709095,0.0017832553920813198,0.0012635822279287493,0.02233166522346437,0.009326235390471994,0.01589310797935468,0.07451525953860691,0.002056398336526993,0.08141679241112255,0.01585033619776368,0.1688050181732294,0.051093816181785545,0.11959225315707017,0.1469608154,0.0449606842,0.1016081402,0.0188379868,0.0035398665,0.00529846992,0.0402711804,0.00894466306,0.02573600816,0.09784321326666667,0.009225441073333333,0.11684804566653362,0.02498395054,111.69544067382812,87.39619750976563,86.68812866210938,112.35690307617188,87.30526123046874,115.82720489501952,95.2150619506836,92.77227935791016,116.53941040039062,93.41467590332032,130.13851886268432,78.04506486642052,76.40123239890053,183.3277307005689,118.72074798521672,109.07855382972666
IN Brain-0025,0.10300508,0.8969949,1,15,0.33163610919409137,0.9350867,0.86157095,0.894327,A,27,male,20-39,A,0.29964500411605866,0.03199110507803271,0.007058620677168531,0.015679800380174358,0.05807773816147632,0.24027781127411357,0.40210142282688144,0.33737193746600025,0.23321919059694504,0.3864216224467071,0.2792941993045239,0.026938719739606404,0.005052391772083276,0.25203029347152045,0.4289857787977217,0.334620057445477,0.2413780101951153,0.40358830012211666,0.27586957912829985,0.0036144810874107203,0.01101439434396824,0.00320727313004482,0.9306207493782044,0.846351583814621,0.8956114083528519,0.30694529648184393,0.005945382853807926,0.3447108950537525,0.8908612471818924,0.2161895652358974,0.3853977943721807,0.3300528379957931,0.19906994481720347,0.35814208297324124,0.27644062306768175,0.004428817280515446,0.013090139210826801,0.010889671985900934,0.9438678666949272,0.8705195888876915,0.8977251194417477,0.2778842169527088,0.009469542825747726,0.3161199535688528,0.9040375250081222,0.30827832280727097,0.46874528279225736,0.3784929662281835,0.26881486800000004,0.404553254,0.2917075394,0.0322592828,0.051502955399999995,0.02708815812,0.9075025159999999,0.8217396579999999,0.8741128079999999,0.32169188713333335,0.036950132106666665,0.3905757553407221,0.8677849940000001,100.00298156738282,83.14744415283204,81.6668914794922,100.95691680908205,82.73921966552734,96.24256439208985,81.65538177490234,74.99161376953126,97.1238571166992,75.99996795654297,95.99346457252284,68.20891217749504,65.19426647636975,114.36708940525168,78.92105605431787,65.58568338631777
IN Brain-0029,0.9625453,0.03745473,0,15,0.1597690155763598,0.015739053,0.053885352,0.042739794,A,50,male,40-54,A,0.12665178989308903,0.03311722568327077,0.004086637761692477,0.02530587224775907,0.057965024930194536,0.08095695070655486,0.20980026668812876,0.17655568722422954,0.07687031294486238,0.1844943944403697,0.118590662294035,0.029119178313215362,0.003998054969484244,0.0883090970491263,0.22661945629876432,0.17741107270766465,0.08276474143210688,0.19708567364406018,0.11898661362542959,0.0012392905216192201,0.0032293955377092802,0.00053684429889562,0.017541205235966438,0.05987355264495122,0.0430152282241615,0.13294567623386555,0.0016685101194080403,0.1683993868807176,0.04014332870169305,0.0760712182997903,0.3342937684261341,0.15299520097454267,0.07224393783702246,0.289686006535736,0.10346127975592426,0.0031671920339357896,0.02755437689137268,0.003194471851971739,0.01456867117958609,0.10423684329725802,0.03538679953526298,0.15513040804289424,0.011305346925760068,0.2026095370653604,0.0513974380040357,0.10563597109289538,0.23840351011435432,0.18377793328615938,0.09276617179999999,0.19690215000000003,0.12214434,0.00905393516,0.01798081046,0.0057254967799999995,0.021976833600000002,0.06421217539999999,0.04508408334,0.13727088726666667,0.0109200808,0.17970772616106817,0.04375769744666667,102.7674545288086,83.84770812988282,83.34535217285156,103.4457000732422,84.01293487548828,104.81800689697266,87.8858413696289,82.2051284790039,105.6362518310547,83.05253143310547,105.40953775909244,72.38274712151035,68.29205011853553,139.17236934853372,96.33649100006308,80.84114158283069
IN Brain-0030,0.7425999,0.25740007,1,15,0.5703198836112973,0.34818983,0.09962868,0.32438168,A,30,male,20-39,A,0.497933409952939,0.07238647365835826,0.003314871655792584,0.014016902729720837,0.08958144345063279,0.646318862255892,0.3242663384844833,0.6301282469545879,0.6430039906000994,0.31024943575476244,0.5405468035039551,0.03563773927871541,0.03674871612940722,0.639423198020856,0.3432061674457749,0.6339039340799268,0.6253429773372293,0.3212954149701885,0.5367135018633514,0.01062396699370292,0.006465082941622779,0.00571255160071202,0.33758883616328234,0.10842332473359999,0.3296125841081142,0.4944506313902564,0.007600533845345907,0.5715259231845868,0.2585415816683322,0.6822001915280348,0.42234494470413814,0.5105625034198513,0.6161240452203599,0.3893675222541401,0.410896008242864,0.043298002822826344,0.02015839762674453,0.07062114819006789,0.4261522348970175,0.1497901705559343,0.20745302075520158,0.472129191905788,0.044692516213212914,0.5742374276262623,0.26113180873605113,0.6500977140094941,0.3695743336288657,0.629487805009783,0.5773852639999999,0.315749754,0.51211352,0.0703947174,0.0407125952,0.0420635344,0.354349606,0.12133391900000001,0.32351117,0.4684161793333333,0.051056949,0.5796434380504699,0.26639823166666665,104.93817596435548,87.0711166381836,85.27666473388672,105.67138214111328,85.9808334350586,107.09400024414064,90.08911743164064,86.43964385986328,107.97428894042967,87.33941497802735,110.81465806999722,74.6955403596088,71.22982288539562,143.7430461555538,96.88160704408426,88.3600315335834
IN Brain-0031,0.8825357,0.1174643,0,15,0.3618421543782729,0.26578873,0.018930603,0.067673534,A,5,female,<20,A,0.29421692917071707,0.06762522520755582,0.00691559230883243,0.001677050908161254,0.029208290124007746,0.5790251060293187,0.09384751371773703,0.24757910110609702,0.5721095137204862,0.09217046280957578,0.21837081098208927,0.012600311113667143,0.055024903534707736,0.5708918381133863,0.09864355064229807,0.2490572782950675,0.5563895313716224,0.09507543660588758,0.2185607239647703,0.00763390754737076,0.0017642100450818402,0.00113194303716386,0.25794062766432757,0.020155467710271442,0.06823804230242962,0.2900085639807601,0.0035100202098721535,0.35774955301234423,0.11544471255900954,0.5846526796804876,0.18496677346771964,0.19303234676831643,0.5390192702513602,0.17033977890408575,0.1687036437795792,0.023747037591438445,0.008035683522058204,0.0027873900358215435,0.271406414732337,0.045474048901814966,0.04815025829593651,0.2926875643116751,0.011523370383106066,0.3702528506843009,0.12167690731002949,0.6027519134392123,0.1556327212753272,0.27563527820382305,0.503014054,0.12727781,0.22985294399999998,0.0943605834,0.026370521,0.0195115164,0.290671584,0.036187566399999996,0.0787213398,0.286714936,0.046747540266666665,0.3961414115712365,0.13519349673333333,110.25276641845704,93.24014587402344,87.52871398925781,111.01641693115236,88.322705078125,109.09010009765623,88.83984985351563,85.73470764160156,109.97469787597656,86.80945129394532,114.82611302296986,84.8063217482278,74.56890239141853,156.01852250940968,97.56871143681852,93.91450372558586
IN Brain-0034,0.31622824,0.68377185,1,15,0.6239935989973686,0.7254791,0.60733885,0.7184974,A,40,male,40-54,A,0.5525214446650385,0.07147215433233012,0.02085819137148348,0.03860885564711425,0.13496277727539568,0.5877037248696554,0.6699235741298228,0.594366859289631,0.5668455334981719,0.6313147184827086,0.45940408201423527,0.06480994143133113,0.006662233292964448,0.5910209916464493,0.6681652981193776,0.5914484881988461,0.5636495497513156,0.6213599291850986,0.45842112571912474,0.00836871455964866,0.01606782821358876,0.0043033451635789794,0.722035063123703,0.6112949853241444,0.7215867007255554,0.5478102015518463,0.009579962645605468,0.623064549454101,0.6849722497244676,0.5848961971303933,0.5846390469684424,0.6373357442285794,0.5224316891719559,0.5376727682374558,0.49426474454787195,0.033620755462776965,0.04124346465024552,0.017170745640217137,0.7283468291163444,0.728607390075922,0.6654767900705337,0.5181230673190945,0.03067832191774654,0.6043953023702372,0.7074770030876001,0.6200995609607858,0.680952397912832,0.6125044886210683,0.542553854,0.57833487,0.45238643200000006,0.061356086,0.0742496192,0.039867533999999996,0.688746982,0.577926666,0.698053582,0.524425052,0.05849107973333334,0.6443546475882225,0.6549090766666666,108.5434829711914,90.35730743408205,89.03483428955079,109.37281341552736,89.91577911376953,103.66822967529296,84.09282836914062,79.43055877685546,104.49876403808594,80.44714813232422,113.39914639235052,78.31127105549957,76.06352597333792,123.66859397688896,82.53126870782128,70.33372282352407
IN Brain-0035,0.33561432,0.6643857,1,15,0.6380835369986294,0.76072186,0.7043706,0.5280644,A,45,male,40-54,A,0.5511487579330138,0.08693477906561564,0.004489413183366153,0.07488062906010351,0.11611669019041904,0.5502464090029923,0.6071154726093051,0.6915711246206326,0.5457569958196261,0.5322348435492016,0.5754544344302136,0.06516224414462957,0.02177255461960892,0.5584232970114121,0.6193939416276713,0.6915858247134585,0.5461314632109142,0.5376079325603361,0.5742931522186108,0.008096883552596459,0.01271248252827944,0.00530964269048956,0.7535303686976432,0.6896330648899078,0.5279333408892155,0.5526775159966203,0.00870633625712182,0.6429843668453824,0.6570322581589222,0.5261504828186127,0.5781428674483019,0.6924029703186471,0.48303259496705025,0.5120985464637675,0.5351711137096183,0.018856010971841607,0.032936206693486104,0.023697152012546886,0.7805976592004299,0.7350776121020317,0.4807123665697873,0.5101007517134787,0.025163123225958196,0.6373455408382318,0.6654625459574163,0.5898437609186338,0.6329999649660959,0.6926641931906397,0.530450346,0.509215618,0.55081546,0.0556175644,0.0625467152,0.043099212799999995,0.723264362,0.671655594,0.515538816,0.5301604746666667,0.05375449746666666,0.655226165394047,0.6368195906666666,105.36111145019532,87.32814178466796,85.30164489746093,106.18101043701172,86.15969848632812,102.78181457519533,83.70113067626953,79.91015014648437,103.62603302001952,80.89393768310546,108.79675125413236,74.22379676001567,70.97056058118507,130.9173059285236,81.39796604013847,73.7029652611401
IN Brain-0036,0.98175985,0.018240178,0,15,0.09110879866779328,0.017858747,0.014529293,0.022332493,A,44,female,40-54,A,0.0821196477993991,0.008989150868394177,0.007710213199092,0.003949882187366985,0.01445360834457221,0.08958445724991314,0.07590522054080029,0.1069829693385151,0.08187424405082114,0.0719553383534333,0.09252936099394289,0.008704567910343733,0.00028460893415153954,0.09148861419751216,0.08157677282037813,0.1062552260079486,0.08280841727543972,0.07640160520890096,0.09126423695208245,0.0011205565323569,0.00117244762518404,0.0004880943493443601,0.01833552970734886,0.01588909728417634,0.02214014979419294,0.08349141981214105,0.0009270328356284335,0.0932850133887422,0.018788258928572714,0.08432563301789535,0.09965474257674536,0.0862420847815357,0.07515941413296152,0.09331062855561004,0.07361110972898688,0.0039856886923683695,0.005122322865082856,0.001211422592035635,0.01655873717245413,0.02041626275458839,0.01702963083080249,0.08069371747251948,0.003439811383162287,0.09015609560762675,0.018001543585948337,0.11209609560510442,0.09128037348478994,0.12193313791486646,0.0953136976,0.0821182892,0.10286806820000001,0.008605818800000001,0.00548877046,0.00631584528,0.0236965427,0.0182832324,0.026382482199999994,0.09343335166666666,0.00680347818,0.10869748021229969,0.022787419099999998,111.27272186279296,88.1551742553711,85.82282409667968,111.90853729248047,86.41009979248047,105.42074432373047,86.21702270507812,82.85555419921874,106.09646301269532,83.47301330566407,126.96341897291218,79.93725659917735,74.22074127911802,141.45652536093934,93.03207934491108,83.33454141733115
IN Brain-0038,0.2605238,0.7394762,1,15,0.5736040786724141,0.7446165,0.78871095,0.68510115,A,44,female,40-54,A,0.5232302557614966,0.05037382291091752,0.018375117569749078,0.028312507710372192,0.09041813288912948,0.5681726200311038,0.5156595471549008,0.622964358267736,0.5497975024613547,0.4873470394445286,0.5325462253786065,0.04570191938975025,0.004671895980902341,0.5705513379511998,0.5295837852833725,0.6140917259094223,0.5453101103426803,0.48939481684974917,0.5232776614486617,0.00813913281518298,0.01072922916031636,0.0054739290139637995,0.7423813457846642,0.7778754707694053,0.6961493568181991,0.5193275295470304,0.008114096996487713,0.5743062013380061,0.7388020577907563,0.568523655641152,0.4774972825161778,0.6168913507061289,0.5059857045707858,0.4369156907527828,0.4972946296334567,0.037742544341846554,0.022202890226137938,0.04237533891809923,0.7442881807684898,0.8159380257129669,0.6927392728626728,0.48006534165234177,0.03410692449536124,0.5612465659912492,0.7509884931147098,0.6038543832948249,0.5683829398242612,0.6376233753228093,0.527807078,0.478097556,0.523773074,0.0599385438,0.06774706820000001,0.0353738486,0.70808846,0.7444198479999999,0.665058026,0.5098925693333333,0.05435315353333334,0.6058210549816782,0.7058554446666666,104.21449432373046,84.39816131591797,83.49959106445313,105.1849807739258,84.4824432373047,107.51183471679688,84.72975006103516,82.22186431884765,108.36424865722655,83.34270324707032,108.594094661217,69.83466675222198,68.39211143331235,143.15459902621546,84.566977504215,79.75289938683467
IN Brain-0039,0.9817371,0.018262943,0,15,0.09119952376774931,0.030081939,0.0061137704,0.01859312,A,60,male,55-69,A,0.08241714244786542,0.008782381319883889,0.0014176344131244245,0.0016536376861934696,0.01447449452134586,0.13502687821733733,0.03725822435651639,0.09251209139040631,0.1336092438042129,0.03560458667032292,0.07803759686906045,0.005848588873554585,0.002933810174769569,0.13688580234716013,0.03946036241753442,0.09306400962245542,0.13387222546926608,0.03718828502732138,0.07801777302961255,0.00156523894819946,0.0005394157710418449,0.00044017693928626,0.030618556928634577,0.0065493149139685,0.01873240860654036,0.08302609450873334,0.0008482772195091883,0.09267191432555205,0.018633426816381145,0.11975876606270758,0.048327307116540895,0.06947725395121304,0.11668801446378937,0.04634639813263143,0.05850690257386028,0.002292656265210338,0.0011576602855508842,0.0012604964070136288,0.025781843147706242,0.008361178438644857,0.0130244054387731,0.07384710505676036,0.0015702709859249503,0.08088838367799413,0.0157224756750414,0.175225812297003,0.04717370183022748,0.1010499463557225,0.1560273748,0.0425236006,0.0838837408,0.018147866300000003,0.00280421752,0.0035329259799999997,0.0423127552,0.00812036348,0.0207775446,0.09414490539999999,0.008161669933333334,0.11224608130406913,0.02373688776,107.69770965576171,87.39644165039063,85.77320098876953,108.35584259033205,86.38477478027343,110.63850708007811,88.28961791992188,87.60688781738281,111.36670227050782,88.26834716796876,118.90599394062076,77.98886292079914,74.32953445592379,160.49551126475015,98.05510143899744,94.30004080092664
IN Brain-0040,0.9814734,0.01852657,0,15,0.09224806778524014,0.012302385,0.004036794,0.03924053,A,66,male,55-69,A,0.06947748311625172,0.022770584668988417,0.007575182829476432,0.0017407318198994978,0.04038709295921386,0.06633182032060855,0.02628067093210973,0.16552296570462666,0.05875663749113212,0.02453993911221023,0.1251358727454128,0.016567669202863265,0.006202871645312802,0.07320235804373981,0.029298790400369173,0.16672858190411807,0.0640739731371667,0.026979709972216402,0.1255755827782967,0.00094460739118196,0.00043270760676354165,0.0007489322784774201,0.01389175778561034,0.004591366985220479,0.0396181118583539,0.07220975529589327,0.0007087490921409738,0.09556557159060448,0.019367078876394904,0.053100914911910824,0.0429761404638284,0.11443848106341423,0.04633884185407979,0.040054138804558694,0.08706351818054794,0.002939212863175213,0.0024514251577633104,0.0031893888227593746,0.009373171626793918,0.007256814455467974,0.024328783043165457,0.057818832946395476,0.0028600089478992992,0.07218223813320515,0.013652923041809118,0.0831673817204207,0.03294582965137926,0.17607248701371683,0.0694951498,0.0292105353,0.1293194376,0.0058305758,0.0017319956479999999,0.00686842132,0.01627574556,0.00527854455,0.042584466079999994,0.07600837423333333,0.004810330922666667,0.10336071663130501,0.021379585396666668,102.81563720703124,85.3112564086914,83.77284088134766,103.50083618164062,84.4672119140625,102.97065124511718,84.72947235107422,77.89400329589844,103.7390625,78.66487426757813,107.4365968861617,73.51776926586209,69.68502653401765,134.68077591210468,86.19034352023436,70.48188164246831
IN Brain-0041,0.8902481,0.109751865,1,15,0.3459962499399039,0.13636036,0.11301275,0.079882495,A,61,male,55-69,A,0.3232049436003006,0.0227913063396033,0.007583357661373857,0.01619722246034827,0.036156183208445186,0.3983010564170033,0.35276823477284397,0.27848230294122195,0.39071769875562945,0.3365710123124957,0.24232611973277676,0.01997892111005577,0.002812382634327426,0.40109570796698835,0.36899185441005233,0.2816402307731398,0.38644584068595556,0.34489200432625255,0.24367378384654786,0.00641056796746742,0.007437808644403019,0.00198680145619388,0.13787966262102125,0.12103992144595828,0.08117930209748445,0.325003876286252,0.005278392689354774,0.35349602343015685,0.11336629538815465,0.5398938852898378,0.39972100800072374,0.19250654249908525,0.45858332769078725,0.36055786904158144,0.15893600473334749,0.06594669205791173,0.01971418553111971,0.006147042891772507,0.2305116915376857,0.13713098368607463,0.047974168686778285,0.3260257338219054,0.030602640160267983,0.4023023610942136,0.13853894797017954,0.44080196550515705,0.3794422218690423,0.2946979826400224,0.383634732,0.33569293,0.246569056,0.050473035,0.027920249200000004,0.013798656060000001,0.160683756,0.126377612,0.086641564,0.32196557266666664,0.030730646753333337,0.3759279799370726,0.124567644,104.47258911132812,85.51684265136718,85.01057586669921,105.23955688476562,85.75758666992188,111.20673065185548,91.59169464111328,86.86179656982422,111.9669189453125,87.61043701171874,108.94630201484392,72.9609012736739,71.5334303025804,156.94872668082726,103.76818258492742,90.55400177062286
IN Brain-0042,0.25732383,0.74267614,1,15,0.5702390961524895,0.40721112,0.93852633,0.88229114,A,34,male,20-39,A,0.3629401770641414,0.20729891908834808,0.10304681351180267,0.020432939669054545,0.05686543603037336,0.6758273904609289,0.23100326414219535,0.36233506580053043,0.5727805769491262,0.2105703244731408,0.30546962977015707,0.060115063070410195,0.14718379864402126,0.678530642728741,0.24210500149192277,0.36707332528143966,0.5798452493383769,0.21793913431086281,0.3055079185674645,0.01199789796483294,0.0035865291439802203,0.00458857412096216,0.41472050824016327,0.9344003170967102,0.8799255380392074,0.3677641007389014,0.00672433374325844,0.5698791565515481,0.7430154544586937,0.6921910320853734,0.18983285841378184,0.3798200879464162,0.4856605185152138,0.1715002562671194,0.3208773926272646,0.064264306475186,0.006635053583551387,0.008964776876246293,0.5218614237383008,0.9529177278280259,0.8734268546104431,0.32601272246986596,0.026621378978327892,0.5234240732126011,0.7827353353922566,0.6741721828283769,0.3104150438923424,0.42088921456822226,0.534680746,0.24884292279999998,0.322239998,0.058553975999999994,0.0409041982,0.0437399022,0.40290552599999996,0.9065645119999999,0.851046678,0.3685878889333334,0.04773269213333333,0.5927905710532451,0.7201722386666667,119.55056915283204,96.1357421875,93.4680191040039,120.3624542236328,94.25147705078123,118.49022827148436,101.37935638427734,94.14915313720704,119.36500549316406,94.99153900146484,140.10749457894966,90.1144639390718,86.36066924909441,197.4738043837546,135.42935278337657,112.76926924436512
IN Brain-0044,0.5274118,0.47258818,1,15,0.6916436112477486,0.63365376,0.38306975,0.40104103,A,23,male,20-39,A,0.631705548441213,0.059938062806535686,0.007074826401593182,0.021293677470318628,0.0724756989517854,0.6569823936540096,0.6655469381541866,0.6734315163391398,0.6499075672524164,0.644253260683868,0.6009558173873544,0.03361473427456574,0.026323322647355485,0.6613034039074105,0.6625345473056368,0.6732125319807563,0.6451908356462256,0.6314876579767587,0.5976673424918323,0.00936910660356808,0.01230944801857886,0.00423126729945236,0.6255075793266296,0.3769167828977108,0.400496661235392,0.6247819453716055,0.008636607307199767,0.6910514210396432,0.4676403411532442,0.5899992902451274,0.686959594919364,0.6777559435996103,0.540260015498321,0.6501253488317209,0.572908196425231,0.015100003436981202,0.02160989201433563,0.015272925274817295,0.7231024041771889,0.4444355644285679,0.4125011142343283,0.5877645202517576,0.017327606908711376,0.6917228920584259,0.5266796942800284,0.6750727740619731,0.6675650211295058,0.6704552539998105,0.576921048,0.548515132,0.564480712,0.0935539732,0.10536165280000001,0.0444875952,0.5947767020000001,0.387387268,0.39388742079999994,0.5633056306666667,0.08113440706666668,0.6897292273753131,0.45868379693333333,103.33092956542968,83.4146942138672,83.08834686279297,104.11900634765624,83.79897766113281,123.12383575439452,103.30957641601564,94.84362030029295,124.0450881958008,95.6716812133789,103.7447438137998,68.51636481814501,68.05122964195346,198.86365829530985,136.74772675053256,111.37778945811728
IN Brain-0045,0.6178549,0.3821451,1,15,0.6651045014044572,0.24224925,0.6263465,0.27783954,A,33,male,20-39,A,0.5751444936715162,0.089960007732941,0.008760387624065502,0.05645681416850623,0.014780872863227157,0.5536587644076405,0.6608715300724415,0.5909012611902659,0.544898376783575,0.6044147159039353,0.5761203883270387,0.026666024885266298,0.06329399011936443,0.546835750206974,0.6751046559745284,0.5929964792978125,0.5320510880157854,0.6018896773203745,0.574451917604737,0.00660278767186436,0.01652718290674872,0.0025490021414207,0.23634978694319725,0.5946935842692851,0.28004570543766016,0.5694642276469656,0.008559657573344594,0.6591486063381609,0.3703630255500475,0.5618173580643708,0.6622494824002062,0.5612861503723984,0.531451270673893,0.5893223178429035,0.5333587148075198,0.011878714876863105,0.022995505867647804,0.015370144082110727,0.24952922854572535,0.6236489787697792,0.24904736895114182,0.5513774344414387,0.016748121608873876,0.6610889974032552,0.3740751920888821,0.570942549815401,0.6773495580419284,0.5942795950651396,0.5072148439999999,0.5508625119999999,0.550036154,0.0569020866,0.090234989,0.0309091268,0.257988624,0.588640446,0.28140948,0.5360378366666666,0.05934873413333333,0.6620784401648689,0.37601285,101.13311614990236,83.44560394287109,80.78863525390625,101.9365737915039,81.57338409423828,106.47731018066406,88.934326171875,81.4183578491211,107.26340789794922,82.25373840332031,105.64938173010373,70.24672621405202,64.80001966806877,142.57495245420483,92.57234668419756,78.11219586725885
IN Brain-0046,0.9371143,0.0628857,0,15,0.23483489111636613,0.038316,0.02737683,0.12296428,C,25,male,20-39,C,0.20845687857847514,0.026378012537890988,0.003974002293070572,0.010028391235415102,0.021473680646992788,0.16255486735067307,0.12550204731596323,0.3727897952442676,0.1585808650576025,0.11547365608054813,0.3513161145972748,0.011825358058492821,0.01455265555592447,0.16505985966533032,0.1328425873476586,0.3704291106522828,0.159093943999648,0.12065888839057495,0.3478163729019859,0.0022266496630992403,0.0017676707339936801,0.0017603121801103,0.039095809838362,0.029455007639597137,0.12176609740331763,0.20918973509740293,0.00191821085906774,0.23632695234756085,0.06343897162709226,0.23276560584442596,0.14986010221792143,0.249925704710739,0.21065091279938195,0.1396522530496654,0.23783542574923539,0.00793164693826579,0.004685453355735289,0.006452115990108792,0.06212156224064529,0.03444230587920174,0.06857058620080352,0.1960461971994276,0.006356405428036623,0.2131096340456965,0.05504481810688352,0.22754485986020118,0.15339117020219414,0.3908051675735471,0.187581612,0.12936953639999998,0.346854352,0.0339803816,0.0122937041,0.0228368938,0.060209965600000005,0.0355066582,0.13233697000000003,0.22126850013333332,0.02303699316666667,0.26893421404213924,0.0760178646,98.9872833251953,81.11314239501954,81.16451263427734,99.62149047851562,81.7343536376953,113.39492797851562,92.2170639038086,91.94549255371092,114.13344268798828,92.57499542236329,98.73879512647898,66.1270520784155,66.02003630647238,168.19474920045175,108.1742797022418,105.3602519410682
IN Brain-0047,0.35940787,0.64059216,1,15,0.6530767279543709,0.7708392,0.47297826,0.67795885,A,26,female,20-39,A,0.5473028620208154,0.10577386593355553,0.0391483348600824,0.12650951829396084,0.05077841235529579,0.5382603048937149,0.6916861184981979,0.6283984281798723,0.4991119700336325,0.5651766002042371,0.5776200158245766,0.07214542183644634,0.033628456290978215,0.529574608226849,0.692504413399853,0.627239738491846,0.4827223915780475,0.5782311859616536,0.5747167690963917,0.009252175385828901,0.014226563552426899,0.00388101243644694,0.7778827927947044,0.48207474642097947,0.6795080249428749,0.5452234488786977,0.009119917124900912,0.6495933235044526,0.6464885213861862,0.4899187367423202,0.6895727978837812,0.633722469664401,0.4198746408894277,0.5910577465405696,0.5876116383343015,0.023746572069431916,0.05013958087724677,0.015518185929099149,0.8074365362524987,0.5422499816864729,0.670642814040184,0.5328480085880997,0.029801446291925947,0.6317134193469266,0.6734431106597185,0.5666676080844029,0.6907704549669496,0.6441993819777935,0.492929292,0.538937056,0.56318439,0.036150908800000006,0.0471402228,0.0382362542,0.7460180700000001,0.465541024,0.6551512159999999,0.5316835793333333,0.0405091286,0.6629584937995139,0.62223677,106.49378204345705,86.07752838134766,84.87829132080078,107.47074432373049,85.84881134033203,105.12250518798828,86.17923736572266,76.46513061523437,105.98151245117188,77.3611572265625,113.63602377079894,72.3157125642816,71.1220365183932,140.17027678545605,89.04539815845091,69.10846501276806
IN Brain-0048,0.9787194,0.021280607,0,15,0.10298199848754493,0.025819007,0.016036859,0.021985956,A,50,female,40-54,A,0.09049040526525363,0.012491593222291292,0.00795013841138728,0.007524269965711844,0.020804433353920765,0.11989371141308656,0.08218575671514639,0.10567058939854787,0.11194357300169928,0.07466148674943454,0.0848661560446271,0.012092947243673297,0.0003986633093702452,0.12351465089578643,0.08893398591913881,0.10809666315636737,0.11417593038051596,0.07965616616345819,0.08663279089413704,0.00146556136024768,0.00134078514815587,0.00051332248253054,0.026821814270922877,0.017696611187775817,0.02262771608987818,0.09348829581270374,0.0011065563303113634,0.10717018035683754,0.02238204718285896,0.10640099382983911,0.09840657699132116,0.07959727626441018,0.09765610361479589,0.09102467957882125,0.06445947349737123,0.004743658837682178,0.0041996211620435545,0.002179265080062926,0.022178640562924557,0.02009447791497223,0.015411136030161287,0.08438008556366279,0.00370751502659622,0.09501956249252269,0.019228084836019357,0.1468170642598127,0.0984207664397784,0.11472132625218724,0.1275465512,0.0840257773,0.0905369468,0.011582989200000001,0.00600773634,0.00410485984,0.0335331782,0.020098128479999998,0.024405437920000002,0.10070309176666666,0.007231861793333333,0.12059453536813344,0.0260122482,104.76727294921876,83.0730484008789,82.79694366455078,105.39442901611328,83.39957427978516,104.80164337158205,87.50974884033204,81.29319610595704,105.52754821777344,81.9630340576172,115.8117921733652,70.22692943911355,68.86685815795929,139.91355002446713,94.14610502814362,78.80571537237189
IN Brain-0050,0.28869984,0.71130013,1,15,0.6009834471136929,0.66612,0.59430945,0.87347096,A,27,male,20-39,A,0.5022017627501244,0.09878168436356849,0.010910401263927061,0.13006536579361305,0.04429782228301127,0.6368924050890219,0.6752516375207294,0.37973483498117366,0.6259820038250948,0.5451862717271163,0.3354370126981624,0.06175786311351713,0.037023810664242096,0.6398659645713671,0.6691077693337515,0.3833822771785929,0.6196681885968726,0.5397567380571733,0.3360195309285801,0.0096165796941032,0.013374452533218239,0.0033750011431858,0.6617528594136238,0.6091928424775601,0.8715746943235396,0.4984814858608753,0.00878867779016908,0.5983724103272907,0.7141734654049079,0.5902353798772437,0.5914562379586101,0.4409457097432475,0.5425177644863949,0.4661808028539278,0.3736006221526026,0.02289295864809766,0.050724646442423846,0.019776028434920618,0.7228562951087951,0.7215785630047321,0.8392292752861976,0.4607663964976418,0.031131211175147375,0.5496679768983653,0.7612213777999083,0.66223238085307,0.6801074063720793,0.42733160579017143,0.561595772,0.495776296,0.350592637,0.092412925,0.0693891914,0.032828348800000004,0.623682834,0.580569834,0.8473189399999999,0.4693215683333333,0.06487682173333333,0.6239277470118405,0.6838572026666667,102.61053619384764,85.65291595458984,83.88203887939453,103.42321472167968,84.78194885253906,102.96216583251952,86.3444320678711,81.48088836669922,103.89631652832033,82.4382308959961,105.13474325831642,73.43029010675754,68.91015456581098,131.26080014079724,89.03762595568506,78.07611032096528
IN Brain-0052,0.48425758,0.5157425,1,15,0.6926514308536906,0.25608367,0.5228153,0.76832837,A,45,male,40-54,A,0.5255408793507139,0.1671105515029767,0.08112681348919282,0.02140761989537887,0.12315752419104936,0.568920576011613,0.6921057459607995,0.54128827365535,0.48779376252242024,0.6706981260654207,0.4181307494643007,0.07523065252520701,0.09187990729439366,0.5691497037299394,0.6925838853051656,0.5438023551616094,0.4891115299435908,0.6588516601136687,0.4189202073583022,0.00759149359672438,0.013943639491717,0.0035704103917274,0.2562986459851265,0.5167807848393917,0.7662210246324539,0.5222944658051872,0.008368514493389594,0.6928039133253212,0.5131001518189907,0.600376613282691,0.6878610654467412,0.5699929099712713,0.46662129320550855,0.6337800717622539,0.4300976697768063,0.04528643878100038,0.03219785012645253,0.029793189060725388,0.28802809296175835,0.5513653296977281,0.742908283509314,0.5101663449148562,0.0357591593227261,0.6916411864378393,0.5274339020562668,0.5786214978893631,0.6931229317995118,0.5631803498106744,0.462429646,0.599903688,0.41918311199999997,0.052862417800000006,0.077822423,0.033754772,0.26539194000000005,0.503481994,0.7492292199999999,0.49383881533333335,0.05481320426666667,0.6930743511952788,0.5060343846666666,104.73121337890623,86.48463287353516,86.05352325439453,105.57035675048829,86.87379455566406,111.103173828125,92.35692901611328,86.80471801757812,111.90674743652345,87.60942687988282,108.97580409801056,73.35514203420162,73.18611944081411,155.24771571042766,103.18577356511078,89.45478906152024
IN Brain-0056,0.29576847,0.7042315,1,15,0.6072362061366586,0.4619154,0.88968056,0.76109856,A,40,male,40-54,A,0.42346638755766824,0.18376981857899038,0.10025916323498574,0.04737076239754151,0.16920731210641587,0.6902434951337262,0.34718257381111983,0.5498103314671019,0.5899843318987404,0.2998118114135783,0.380603019360686,0.10561241257964771,0.07815737270267897,0.6912756730796235,0.3544871513611739,0.5456056715125424,0.5871563280309142,0.30153699994071015,0.38424850261510735,0.01542913526519608,0.00660148085372776,0.006585636922683981,0.46941945328116413,0.8861512656211854,0.7646964667141438,0.42431394352891055,0.009538751013869274,0.6050310482374547,0.7067557285388311,0.6908045295584644,0.3492608475271444,0.5259441871535548,0.489690247863276,0.30205884533361277,0.41164418087328103,0.07697924176231331,0.02396152972590786,0.04591431905674424,0.5342112634330988,0.8886825993657113,0.7807601444423199,0.40113109135672326,0.04895169684832181,0.5786792422646128,0.7345513357470433,0.688973538673824,0.39586155504789167,0.5661505211933704,0.542748284,0.31651417,0.380271289,0.0679293584,0.0315648224,0.0289667228,0.45435007,0.864957252,0.746497408,0.41317791433333334,0.0428203012,0.6202150024316802,0.6886015766666667,100.9487564086914,81.65079956054687,82.92574768066406,101.84512329101562,84.0003875732422,104.49197692871094,84.69703979492188,81.59382629394531,105.48701171875,82.74179077148438,104.02401014552292,65.98285178690482,67.6344540004455,133.89699642224406,84.7606658418297,79.20439561366078
IN Brain-0057,0.8959047,0.10409524,1,15,0.3339891102821395,0.15772155,0.05074786,0.103816316,A,31,male,20-39,A,0.3116440988301366,0.022345011452002905,0.007666030473239938,0.010087643697788362,0.017286006554323996,0.4358722981557234,0.20071139987648065,0.3333882791835581,0.4282062676824835,0.1906237561786923,0.3161022726292341,0.011679893575117431,0.010665083187691715,0.43812408322205,0.20699663371176982,0.33167715771213463,0.4239722379091635,0.19364124819481784,0.3125772539609769,0.00738123151306604,0.00320838698700952,0.00141235462730038,0.1590697469487786,0.05291021449537945,0.10302406102232634,0.31006358002165274,0.0040006577091253135,0.33593508754872925,0.10500134082216146,0.36490807449213114,0.3153282585567292,0.27460058550792976,0.3341249156001495,0.2880527782777089,0.25477713380610406,0.017530637346122528,0.014349883018402362,0.0032449997752449196,0.11899013958754949,0.09560981877148152,0.0783012025989592,0.29231827589465414,0.011708506713256602,0.31985239765968704,0.09763372031933007,0.4734186552992411,0.23427425465557272,0.3485197345564731,0.4135943,0.2057107286,0.31709399400000005,0.053398466199999994,0.0192714898,0.015417778400000002,0.18133955799999998,0.062678308,0.110960952,0.31213300753333334,0.02936257813333333,0.36357688877499805,0.11832627266666668,99.17721557617188,82.1591567993164,80.57180328369141,99.9089614868164,81.29145965576171,107.07081146240236,91.28093719482422,84.45437469482422,107.92017059326172,85.30284118652344,101.39272319990656,67.58830402727986,64.13228277788664,148.50446998458744,101.91248800278537,87.53004863288814
IN Brain-0058,0.07075293,0.9292471,1,15,0.25558219870787824,0.94830084,0.93180025,0.9076401,A,52,male,40-54,A,0.22525962611727465,0.030322572590603586,0.02440686096353445,0.021248234341210703,0.038975424121539315,0.20348825042962299,0.24895708413210993,0.3079640632163755,0.17908138946608854,0.22770884979089923,0.26898863909483617,0.028210173142094824,0.002112403958275888,0.21423000289799615,0.27028956108884233,0.3164072201150082,0.18669378670858747,0.24151838802893186,0.27457583120909623,0.00323789055110962,0.0052738317976305195,0.00291626681834714,0.9445605753660203,0.9234386626958848,0.9039094054460526,0.23426266864887188,0.0038093297223624266,0.26896565317961224,0.9239695478359858,0.18884011303875306,0.25082954727278706,0.30793334431533753,0.1458907635494044,0.22754061098031783,0.262075488350187,0.0069271039508062,0.007840515746054632,0.01286810248956593,0.9532473996281624,0.9310826018452645,0.9076535299420356,0.21183562095996974,0.009211907395475588,0.2519253196739112,0.9306611771384875,0.2661636513049263,0.3182354844400217,0.3528830287566697,0.21605101,0.26079316659999996,0.28950531,0.028853365799999996,0.0354838042,0.024403146719999998,0.9250878699999999,0.903092028,0.886931522,0.2554498288666667,0.02958010557333333,0.31387212649268115,0.9050371399999999,102.83808288574218,83.56691436767578,84.167041015625,103.7427536010742,85.14635925292968,103.15723724365236,86.24890899658203,78.61878204345703,104.174755859375,79.76981048583984,103.34500708552298,67.90986821209567,68.51947143262205,126.92706503970108,86.60075769157186,71.76101732009744
IN Brain-0059,0.9633831,0.0366169,0,15,0.1570392579380481,0.049818136,0.025262207,0.034770355,A,55,male,55-69,A,0.14342933489933876,0.013609923038709337,0.003719934251369905,0.0042135758851272465,0.028575959194563474,0.19797941004129227,0.11786604925751036,0.15095201473027428,0.19425947578992236,0.11365247337238311,0.1223760555357108,0.012169823110353542,0.0014400782204617713,0.20179436990255065,0.12712228386899452,0.1536392156958325,0.1952810638592662,0.12072341747159879,0.1240897245497484,0.0027828346879524997,0.00215076151402702,0.00081714946514706,0.05111810577958818,0.02783172253021034,0.035581805596267765,0.14669806862687113,0.0019169152223755266,0.16210732009612439,0.0381772113020221,0.17095055900525732,0.1575322895637884,0.11208474583769501,0.15941544510326272,0.1490955034928255,0.090339346663438,0.005816342179057976,0.0050354293798905965,0.0026711131030912514,0.04094965858821524,0.03676778110675514,0.023693490464938804,0.13295009841984207,0.004507628220679942,0.14772500228381058,0.0338036433866364,0.24136264312341493,0.14161282990739688,0.16169199226191866,0.21417729999999996,0.1272498048,0.1286924526,0.0241537272,0.009950784399999999,0.00591422032,0.0653204554,0.0319958236,0.038048560919999995,0.15670651913333333,0.013339577306666664,0.18389249944922628,0.04512161330666666,103.44946899414064,84.6236801147461,83.27397766113282,104.1405303955078,83.94700775146484,109.1451644897461,89.13047637939454,81.77812347412109,109.87635803222656,82.54284210205078,107.95153222725114,71.14479523794537,67.8525872335827,155.63119166948633,100.89110066967795,80.94246893091601
IN Brain-0060,0.056240786,0.9437592,1,15,0.21649611212955738,0.9021603,0.9645112,0.96460617,A,27,male,20-39,A,0.19695199629666,0.01954411583289739,0.01248572698390027,0.011779189576227894,0.011540069804784336,0.3203102961954569,0.15333222679494724,0.15301845226448826,0.30782456921155665,0.14155303721871934,0.14147838245970393,0.011934995454970834,0.007609129234304207,0.323965782237462,0.1687797342076124,0.15670439680349857,0.30790173989255276,0.1519105667809451,0.14342884218733606,0.0044142555968447,0.0037863739061628,0.0014154358343328,0.9005078026294708,0.9597367928028108,0.9634854547500611,0.2010803829536113,0.0032053551124467668,0.22353260638459227,0.9412433500607809,0.25728809784054246,0.13885349303671551,0.15786758846193044,0.2404816258013076,0.12180920677182963,0.14309425685026556,0.006872980305945858,0.005366826329182607,0.00220233778758714,0.9285833358764648,0.9688103511929512,0.9631294995546341,0.1684616964744676,0.004814048140905202,0.18805445748462948,0.9535077288746834,0.3912372872498539,0.23435053461118333,0.19954132653221493,0.33624115,0.18499725,0.171597428,0.0429349846,0.035228222399999995,0.0169407786,0.867433112,0.9372934900000001,0.9496510839999999,0.230945276,0.03170132853333333,0.28332289336492356,0.9181258953333333,99.80249328613282,82.11883697509765,82.60861511230469,100.86603393554688,83.79349822998047,103.35186614990236,83.56509857177734,82.52977905273437,104.46051940917968,83.82922058105468,99.57691153480512,67.01697981613081,67.60147519591614,129.9866139196791,85.33982752531858,83.40551760217961
IN Brain-0061,0.9431447,0.056855325,0,15,0.2182256926389044,0.09413229,0.049007542,0.027426133,A,38,female,20-39,A,0.19526265701803547,0.022963035620868932,0.02239052217358317,0.007508674704988227,0.017569039956498972,0.31199559848495434,0.1955825818633679,0.12567802754085455,0.28960507631137117,0.18807390715837968,0.10810898758435558,0.015822745611690125,0.007140289179406845,0.3196499869327095,0.20468545378832936,0.12799877581748065,0.2946423950792486,0.19362213833461417,0.1095854264080188,0.0038165728837504,0.0033602017532717,0.00072741882161712,0.09754272115677591,0.052111274366639516,0.028078705059783483,0.1992833199406272,0.00263473115287974,0.2248829206543561,0.059244233527732976,0.33801333257151644,0.21926095047625085,0.09569128220311474,0.2877245221602083,0.206577682304632,0.08226678784993616,0.01877385575247381,0.0059379658904737285,0.0015736076097208798,0.10597353251650929,0.057224363007117064,0.019399117011926138,0.19218966410492547,0.008761809750889473,0.22934283260377114,0.06086567084518416,0.3479879429059708,0.23688652656437764,0.1386922670755849,0.298165864,0.20543260659999998,0.11600987939999999,0.0309923352,0.023073963280000002,0.0060707656,0.1107055602,0.0636469618,0.0311427366,0.20653611666666669,0.020045688026666664,0.24973739142925733,0.06849841953333333,108.54629669189453,86.7845443725586,85.92912445068359,109.15404357910155,86.52039947509766,113.134521484375,94.64120483398438,88.22024383544922,113.88766021728516,88.90540313720703,123.34536450110082,77.26217031660832,75.1935646777917,170.65008642310713,114.84538290034833,97.08880017691442
IN Brain-0062,0.06523665,0.9347633,1,15,0.2411396237439304,0.9254268,0.94903314,0.9298301,A,56,male,55-69,A,0.22606991134459295,0.015069712399337437,0.005097173917746167,0.015293417862282194,0.02214121162751534,0.2653109434843503,0.2013523544755667,0.25407823948140557,0.26021376956660414,0.18605893661328451,0.23193702785389023,0.014177267802514567,0.0008924574916138184,0.273156196499036,0.21057570746051318,0.25928171593627736,0.26474669335397594,0.19031450944899278,0.23371367346625394,0.0035541538939555797,0.00416491394818622,0.0032667165682388997,0.9222836373806,0.9458437877893449,0.927804358291626,0.2295916254230742,0.0036619281367935665,0.24849409398674085,0.9319772611538569,0.22751394094340244,0.18510822425894757,0.2932500208636359,0.21460570971798112,0.1678367081043323,0.2572673623652681,0.0043496161674066395,0.0061157206485341845,0.013575894906414986,0.9398012861609459,0.9544794753193855,0.9139721781015396,0.2132365933958605,0.008013743907451937,0.2376084265689824,0.936084313193957,0.3326101642663168,0.2635058301272595,0.30665474189855024,0.29387522600000004,0.22041133400000001,0.25802729680000003,0.033583375799999995,0.0272937932,0.0248873093,0.896544338,0.9261420539999999,0.9082122,0.2574379522666667,0.028588159433333333,0.3018442702035463,0.9102995306666667,105.1525375366211,88.4951171875,85.62674865722656,106.05026245117188,86.66231842041016,102.8128890991211,81.66469268798828,78.45330657958985,103.79855041503906,79.6814971923828,106.91983719596928,74.37969929957349,71.11717917022047,127.40144805900148,77.64031518348118,72.48565378853462
IN Brain-0063,0.7768021,0.22319789,0,15,0.5309257203413711,0.23938361,0.32873684,0.101473235,A,50,male,40-54,A,0.4460042051847978,0.08492151515657331,0.02121627917177893,0.13119608208051914,0.02153186404419044,0.5503683664399803,0.6332804859065124,0.328307988504389,0.5291520872682014,0.5020844038259933,0.3067761244601986,0.05798140843216284,0.02694011659644957,0.5494490304247018,0.6361292189117311,0.331180372193034,0.5226759764944442,0.5033641290166915,0.3080545698630514,0.00992784058258048,0.00997827501478674,0.00184355709965336,0.2385898600593209,0.33277896663248535,0.1027946315977722,0.44469822512472906,0.00724989089900686,0.532818749875076,0.22472115276319282,0.6365799970319284,0.5920350085945896,0.26433178268717483,0.49027598288723,0.5034387251364034,0.23452658577794167,0.0808423241240235,0.044140894333512516,0.005363258529026196,0.3334283334203064,0.27903016237542033,0.07418486202368513,0.4094137646005251,0.043448825662187406,0.537920846919173,0.2288811192731373,0.5727557076918293,0.6343564541667526,0.3430077394828116,0.4828597419999999,0.47995874600000005,0.308351058,0.07349399920000001,0.0516028348,0.014828869540000001,0.259712234,0.330251292,0.1083291686,0.423723182,0.04664190118,0.5425948811446274,0.23276423153333334,109.3741729736328,87.15706481933594,87.64376068115234,110.12624969482422,88.33655853271485,118.60957183837893,92.64482421875,87.08192901611328,119.41917266845704,87.84059600830078,120.60841163079957,76.92680596840653,77.10141079063902,172.4193941299952,106.64020959034256,91.7396126621072
IN Brain-0064,0.024031913,0.9759681,1,15,0.11334069682409578,0.9769166,0.9868207,0.964167,A,57,female,55-69,A,0.10233786575725498,0.011002831066840801,0.006635255147343325,0.002705301383806105,0.018067655539829364,0.10980787777964002,0.07014684411951219,0.15446708744359156,0.10317262263229669,0.06744154273570609,0.1363994319037622,0.009136070690326265,0.0018667478122731535,0.1181182871985224,0.07902318070053319,0.15863121462017285,0.10972288054319698,0.07460654862701435,0.1388671598153314,0.0017675444528881998,0.00138411995213034,0.00149345511300346,0.9746687159061432,0.9847268115758896,0.9628952213287352,0.10773219632851423,0.001548373172674,0.12019881541619354,0.974096916270256,0.08132457181629364,0.07793669919718543,0.15892891336100118,0.07524530416280649,0.0745640675414547,0.14207276714753944,0.001514440635758324,0.0017371356058598852,0.0033748623175160414,0.9841719970107079,0.98498704880476,0.9628037601709366,0.09729404628393355,0.00220881285304475,0.1082899665362646,0.9773209353288015,0.14760692661294195,0.11220119615767404,0.19829317866658885,0.1292290384,0.096115395,0.164005621,0.011922002099999999,0.01309618354,0.0162966914,0.9662315679999999,0.976275188,0.9500753980000001,0.12978335146666667,0.013771625680000002,0.15437808792310215,0.9641940513333334,101.75390167236328,79.89180145263671,82.19367218017578,102.7665771484375,83.36567687988281,104.05956573486328,88.90514678955078,81.72056427001954,105.06139221191408,82.90200958251953,101.2695805504006,63.948707640129214,66.14466299984568,131.4829097349371,96.76300081233305,77.9140991604135
IN Brain-0065,0.837097,0.16290306,0,15,0.4444525697641417,0.20372269,0.161799,0.12318746,A,51,male,40-54,A,0.42282152808125506,0.021631041682886654,0.017047288528393767,0.007884593121737782,0.027992654690712826,0.5055200454875355,0.4426410306319754,0.37322804446509855,0.4884727569591417,0.4347564375102376,0.3452353897743857,0.017641512113614793,0.00398955451668731,0.5111744912675743,0.44396593460685385,0.37165857767394633,0.48846413695595403,0.42921941053547874,0.34046511018469355,0.007501747260811641,0.008288054339972959,0.00306369628674992,0.20791008363366123,0.16260591930747031,0.12238927447684107,0.4193828858920421,0.006284499295844841,0.4467348262404188,0.1643017591393242,0.5423696526745563,0.5258874829724502,0.28009125221787196,0.46552583508608125,0.4928399366179807,0.2509031311240739,0.02916044598683192,0.024896841927469514,0.009517861267595412,0.23257548678666354,0.21919521475210785,0.08054204925429076,0.40308963427604527,0.021191716393965613,0.4674856476547629,0.17743758359768738,0.5272285271142481,0.474295054578705,0.39143172833548634,0.46434450400000005,0.41901269399999996,0.342420236,0.049186366999999995,0.0478177304,0.0227962346,0.22025342600000003,0.181921752,0.1326704242,0.40859247800000004,0.039933444,0.4687781758653127,0.1782818674,100.66155548095703,83.8156021118164,83.03305358886719,101.36060333251952,83.69588012695313,115.3943115234375,92.4269760131836,86.72991180419922,116.15524139404296,87.52933349609376,99.15117565315091,68.32473715611664,67.22751304939416,171.09699161404558,104.88025186450729,90.66634571467392
IN Brain-0066,0.9860252,0.013974764,1,15,0.07355594134169165,0.004718284,0.011784634,0.025421372,A,48,male,40-54,A,0.06295511010421478,0.010600831237476863,0.0013859517449651484,0.003591581539338952,0.018633810753245078,0.02997972877138247,0.06404999494999726,0.11844695062881379,0.02859377702641732,0.06045841341065831,0.09981313987556871,0.007870448012516393,0.0027303584766166095,0.031793125355489574,0.07016735226378613,0.12043054605283943,0.02991640460374718,0.06530121146688682,0.10098454293307509,0.00044535450348005996,0.001058933260501,0.00056023396723272,0.005059398167510459,0.013184090013126782,0.025966993848886323,0.06540071966790302,0.0006881739104045934,0.07677888192694862,0.014736827343174521,0.025339538387597754,0.08818644293353964,0.09447437105306425,0.02402455916542767,0.08272364075790353,0.07807611948118376,0.0007179634282788172,0.003390256756041859,0.001189660494421333,0.003866598585591419,0.01751074268395314,0.019089558413543272,0.06160810646817166,0.0017659602262473364,0.07147949337551285,0.013488966561029277,0.04066683275891282,0.07885211609615285,0.1305086707780637,0.0363865824,0.0702587026,0.10799083760000001,0.0029091952599999997,0.00495578834,0.0054769790799999996,0.00679043942,0.01523214242,0.0287894523,0.07154537420000001,0.004447320893333333,0.08586755213286784,0.016937344713333333,102.66803283691408,83.88879699707032,82.6718032836914,103.2794464111328,83.24539794921876,109.56991271972656,89.25525360107422,84.65281372070312,110.24415893554688,85.26834716796876,108.1252185354665,71.78099603586138,68.42653204704845,151.90895652810963,99.11539973418236,85.64748898864859
IN Brain-0067,0.44263443,0.55736554,1,15,0.6865510607116012,0.35534775,0.6568932,0.6598557,A,41,male,40-54,A,0.555500142670861,0.1310509180407402,0.03839061136540467,0.04975610745222625,0.18025308019659747,0.6506943979482553,0.643074725401164,0.6411311036773921,0.6123037865828507,0.5933186179489377,0.46087802348079465,0.08946659967140946,0.041584297837267026,0.6534485726669755,0.64360703597135,0.6410591288815428,0.6073378591863798,0.583809475917494,0.4644713570196787,0.009773568323926441,0.01298215048206262,0.00463789620867146,0.36005280816555024,0.6560712977528572,0.659964338850975,0.5518728973745175,0.00913120500488684,0.6862407908116979,0.5586961482564609,0.6594914452040009,0.6077685365225733,0.6769362016969769,0.5532710528845264,0.5425645300182698,0.5057292876474013,0.04365555671810073,0.03547323952925374,0.023127766470281752,0.37101078205741944,0.7036168470978736,0.5897863827645778,0.5338549568500658,0.03408552090587874,0.6871279901001439,0.554804670639957,0.6545097784594263,0.6646157580015551,0.6539724988906601,0.547299982,0.5458382079999999,0.460770242,0.080338114,0.0840204054,0.037882858799999995,0.361910968,0.6188676259999999,0.639033078,0.5179694773333333,0.06741379273333332,0.6899538161962342,0.5399372240000001,98.11285095214843,82.10055389404297,80.31219177246093,99.00226745605468,81.30641174316406,108.25679321289064,89.58592071533204,81.2740478515625,109.15288391113282,82.41606292724609,92.85365296761664,63.85184237632143,61.56385775773534,146.7644954345146,97.61112869092952,79.14576392388899
IN Brain-0068,0.21056657,0.7894334,1,15,0.514706372083869,0.91793203,0.64233917,0.80802906,A,28,female,20-39,A,0.42784190272812883,0.08686446935574021,0.013195330762960977,0.052062145192979026,0.07613673345712835,0.2837912369426896,0.6520604310696453,0.48906824958512,0.2705959061797286,0.5999982858766663,0.41293151612799167,0.04713140313768945,0.03973306765772383,0.2915219237844541,0.6597563005600822,0.49050958893711955,0.27473398602416277,0.601726719097105,0.41051841794010385,0.00392073549335248,0.015778122639576682,0.00485175417933816,0.91470201587677,0.628486461019516,0.8070239624261856,0.4289930410204572,0.008183537437422441,0.5225655564439844,0.7834041464408238,0.270934464604927,0.6460198457016144,0.47069229395099343,0.24444128512831745,0.5931616194840462,0.40230561464858033,0.007392752343229175,0.026422982210304945,0.013414194377614874,0.9231794759631157,0.6522862747311592,0.8204619452357292,0.413302839753648,0.01574330964371633,0.5022784791138158,0.7986425653100013,0.34895188999181986,0.6701849915121839,0.5244933876958902,0.30145435,0.553891448,0.411734706,0.03451969,0.07916346599999999,0.0440910936,0.888831272,0.606737738,0.7818994260000001,0.422360168,0.052591416533333324,0.5520506716297757,0.7591561453333334,107.2896011352539,87.80228424072266,84.31328125,108.17377014160157,85.24071197509765,100.59059143066406,80.8028549194336,74.50670471191407,101.44996337890623,75.51339721679688,109.16420837138908,75.16406182489197,69.03357105342805,123.73220507608715,78.28710108994719,65.94264185631914
IN Brain-0069,0.1053251,0.89467496,1,15,0.33662825045400646,0.8660368,0.91288424,0.9051037,A,28,male,20-39,A,0.3142396865129355,0.02238856394107097,0.014717315291570165,0.013358447119613481,0.03259246037768082,0.3938518118264294,0.2958134720284213,0.3137219984728204,0.37913449653485926,0.2824550249088078,0.2811295380951396,0.02022274092962149,0.0021658565138094055,0.39992845888486084,0.3302985239685119,0.3143784555716539,0.38117895112532785,0.30743907249667096,0.2787721703697246,0.00499973446000952,0.00845577150972154,0.0032755478852383004,0.8627562007427215,0.897611982679367,0.904812422823906,0.32246339799724116,0.0055770179516564525,0.3498609138340978,0.8883935354153316,0.32302647086565917,0.27228545957176536,0.3496087049005707,0.29660345074526384,0.2546378508203849,0.30716601346488664,0.007630297020389648,0.010074243494422253,0.007601455836603731,0.9009337440133095,0.9226352736353874,0.8885150790214539,0.2861357716768451,0.008435332117138544,0.31614124454587833,0.9040280322233836,0.45655719549600876,0.3843957094792822,0.36410361575208744,0.39794744200000004,0.316506725,0.30241877400000006,0.046113932,0.0535924944,0.0282945036,0.829576434,0.87104482,0.881411298,0.33895764700000003,0.04266697666666667,0.403731685795918,0.8606775173333333,100.70652770996094,82.5529067993164,81.66809539794922,101.53238983154296,82.55261840820313,102.03362121582032,82.52904052734375,77.0200912475586,102.87462005615234,78.03348693847656,100.27203020044512,65.25449370596559,63.901271243891735,129.22970763867468,77.0840916237278,67.39789180431012
IN Brain-0070,0.97279197,0.02720799,0,15,0.1248987374676119,0.039184954,0.018959614,0.023479398,C,60,female,55-69,C,0.11570920596594926,0.009189531501662643,0.00690551780133436,0.0011297332907783814,0.01543196245094769,0.16534518408470922,0.09396201913947928,0.11128762821671975,0.15843966628337486,0.0928322858487009,0.09585566576577206,0.007822404514353476,0.0013670829067472662,0.16845981955087297,0.10118132037246019,0.1129131339615855,0.159495775916413,0.0982016933402626,0.09669657969579742,0.0022207021797682803,0.0018856316147838601,0.00061748407768624,0.04016236812639978,0.02081164957610886,0.023916549036093,0.11813134965082435,0.0015746059574127935,0.12877108898205203,0.02829685557953388,0.1543884760340457,0.1460758605945802,0.08285139766780264,0.13657464087718196,0.13672094886979988,0.07034719258773806,0.00412943484559334,0.005305361630260272,0.001706104313111348,0.035809103143401445,0.033312878070864825,0.016198752853961197,0.1145475941115733,0.0037136335963216527,0.12927778257595318,0.028440244689409155,0.21164580644640485,0.12458170744004808,0.1242023777592535,0.180727532,0.111631255,0.10359689759999999,0.023648527199999998,0.0116892056,0.00565596252,0.0545308238,0.0271194033,0.02701350508,0.1319852282,0.013664565106666665,0.1557432412005095,0.036221244060000005,99.00771484375,83.48900451660157,82.29551544189454,99.70935363769532,82.94252319335938,104.69152221679688,86.57223358154297,75.52003784179688,105.4515396118164,76.31654357910156,97.88337011591868,68.68916163560947,66.88737540403281,135.4658533756705,91.35731852125406,67.39364312546881
IN Brain-0071,0.4716811,0.52831894,0,15,0.6915423896194755,0.81959087,0.43628034,0.3290855,A,64,male,55-69,A,0.4505803015991934,0.24096208802028207,0.0792556618811382,0.0996162519277416,0.2599343174591713,0.4720133536691906,0.6850046756636721,0.6335291067327686,0.3927576917880524,0.5853884237359305,0.37359478927359735,0.14626874375601703,0.09469337408630907,0.4835274672368584,0.6808006163586271,0.6323332405607716,0.4010954316028651,0.5726256456477948,0.37497049880564665,0.00787304201204302,0.01757883688555094,0.0034299494826221,0.811851252734661,0.42159187738671894,0.3274155482454225,0.4495638586854355,0.009627276126738686,0.6923238926602424,0.5202862261222675,0.3964034713004665,0.6919018605766942,0.631100763559307,0.309472503251394,0.5454517349290844,0.3082294301958636,0.02526683881040732,0.07871771255484537,0.014512622567337125,0.8646652460098266,0.5249479754362255,0.325712684757309,0.38771788945878066,0.03949905797752994,0.6828081110415014,0.571775302067787,0.5207229653041524,0.6821132915265823,0.6326576986765517,0.40632809400000003,0.5423261659999999,0.373880167,0.051754683,0.0644403692,0.0256216332,0.784832698,0.425860784,0.32786689100000005,0.44084480899999995,0.04727222846666667,0.6928167214092801,0.5128534576666667,108.7091293334961,85.56700744628907,85.4459732055664,109.37301330566406,86.2172348022461,109.20559844970704,89.45670776367187,84.69146270751953,109.95038604736328,85.5274444580078,121.9364483829052,74.33718923911314,72.79707733541237,150.8450357799943,97.30729517395602,85.83768851562154
IN Brain-0072,0.982352,0.017647978,0,15,0.08873858464478898,0.02848382,0.007840182,0.016619932,A,65,female,55-69,A,0.07862793490025108,0.010110649744537903,0.004537124807102222,0.0023532565651113724,0.01705531305861316,0.1294316115114484,0.04582243791586989,0.08457544970426169,0.12489448670434619,0.043469181350758515,0.06752013664564853,0.007981898143608918,0.0021287479156765626,0.13403483157699903,0.048567520295649126,0.08440068114622251,0.12771284631641075,0.04541535317706122,0.06708548446074195,0.0018122095036231002,0.00076673094874838,0.00040980303754318,0.02979671894097698,0.00841150878551992,0.01657711519595466,0.08007122798473797,0.0009962478299715535,0.09119491280050099,0.018261780974150522,0.123959046742574,0.06760590214466074,0.060875609806857925,0.11778631586305058,0.06465381220266038,0.049228489578722175,0.005582728113340848,0.0017216072757705286,0.0010911859075243293,0.026945636479649693,0.012593690663925372,0.01107293429740821,0.07722287254814438,0.002798507098878569,0.08559698304069552,0.016870753813661092,0.16767004479531938,0.06409687230881989,0.09275136428990083,0.146139004,0.0557103566,0.07253454499999999,0.017025319,0.005595446079999999,0.0033529506,0.039913781800000006,0.011795219039999999,0.01865347252,0.09146130186666666,0.008657905226666667,0.1111935268304591,0.023454157786666666,103.57379608154297,85.88845977783203,83.0506591796875,104.21820526123048,83.65072937011719,104.73937225341795,88.65202178955079,82.60303955078125,105.4594985961914,83.26619415283203,106.31301010190572,73.58675433711832,67.99104634659875,137.43207766583757,95.65978547407391,80.43097796088018
IN Brain-0073,0.8641804,0.13581966,0,15,0.3973017292837205,0.084705934,0.19136871,0.13138433,A,64,male,55-69,A,0.3783064563732568,0.018995272910463656,0.001977266851381332,0.01721986362842365,0.013209878141572706,0.29011505941160054,0.48820152361613356,0.3890097947134139,0.2881377925602192,0.4709816599877099,0.3757999165718412,0.010802336207125895,0.008192962937341786,0.2923469591492992,0.504018492579615,0.3923027706545343,0.28717001319007246,0.4760811790158407,0.37529622693564385,0.0038848908669558,0.013896905907344001,0.0037565814665995604,0.08564606805816288,0.20262391194030638,0.13313484759591515,0.379515806380519,0.007179459413633121,0.40581263175076376,0.1404682758647948,0.3502010210405531,0.6140613989443278,0.3000705269654622,0.3320639062054784,0.554568237147731,0.28468438066272117,0.008877245881633068,0.04770006130680145,0.007059682304292342,0.11177048161625862,0.3038140656426549,0.08893657918088138,0.3904388413386435,0.021212329830908955,0.45297854302095714,0.16817370881326496,0.32897175177249044,0.5179607657197779,0.41918213874303134,0.297417872,0.447196262,0.371439252,0.029634729,0.057609462599999994,0.0354463046,0.101777809,0.21304312000000003,0.1479760048,0.3720177953333333,0.040896832066666666,0.43003747260051284,0.1542656446,107.99464416503906,88.2774642944336,85.81709899902344,108.81481323242188,86.55302734375,107.11036834716796,84.45565795898438,78.31969146728515,107.91310424804688,79.10580596923828,114.90880838768794,77.66033533498538,72.75639081502314,142.23119686735654,82.04489812167864,72.53290449202186
IN Brain-0074,0.9014365,0.09856346,1,15,0.32191509076740493,0.026396245,0.03534118,0.23395295,A,37,male,20-39,A,0.2394915685715139,0.08242352219589102,0.003460104223252644,0.005772218643845084,0.09112894469287702,0.12198279125323881,0.1528443738059709,0.5440088082153067,0.11852268702998617,0.14707215516212582,0.4528798635224297,0.03345375585332492,0.048969732811500355,0.1269121763657798,0.15786873251595718,0.5447614210785736,0.12152726549631225,0.14976789309109323,0.44892211727268183,0.0019923714840551,0.00254899783617634,0.00395136435273442,0.027772611340880344,0.03687085108412423,0.2345884250883013,0.24007242528669578,0.0028309112243219536,0.3245200370412744,0.0997439625044353,0.17457546574030605,0.2540493045511899,0.5357608079778572,0.1628845074044121,0.22924487233066787,0.37103148302824984,0.0029206737348961035,0.019639842526492014,0.009945548938469948,0.04210444479249418,0.07015871676849202,0.22711011088686064,0.2543869542544433,0.010835355066619354,0.35299824958503223,0.11312442414928228,0.15220366599583068,0.17919494252212928,0.5468492619345807,0.1354373012,0.161017506,0.432819792,0.0128905772,0.012641006599999999,0.033622883400000005,0.035147585599999996,0.043591550800000003,0.2363613082,0.24309153306666667,0.019718155733333336,0.33600395474702766,0.10503348153333333,98.48706359863282,83.37884216308593,81.44315338134766,99.24705200195312,82.17901916503907,102.1638412475586,85.35593872070312,79.32747497558594,102.90408172607422,80.06939849853515,98.63323530135447,68.69455001991332,65.39458839578174,134.8496022307773,89.66563946419106,75.25956380735809
IN Brain-0075,0.2654492,0.7345508,1,15,0.5786798042069009,0.8878253,0.9147285,0.40109855,A,71,male,70+,A,0.3707955957633021,0.20788420844359878,0.0920559258644233,0.015986693197638346,0.09552214756847655,0.3510380100407028,0.2914589776099683,0.6734545662697735,0.2589820841762795,0.27547228441232996,0.577932418701297,0.0678549222101794,0.14002924507448578,0.3633678511370864,0.3208383703336374,0.671336813166735,0.26692020978683545,0.2960456407896941,0.5729675106267564,0.00508722433507054,0.00763188588156658,0.00626273408095942,0.8817777843952179,0.9019224041461944,0.39595352924913163,0.3786444537344287,0.006327281432532181,0.5866589633636641,0.7265512392635146,0.25497262762199974,0.3243171929363501,0.684635974442669,0.17768555257049035,0.29636951668140776,0.5299785674581201,0.01419804028561851,0.013709274475216127,0.02267176254522333,0.9294836163520813,0.9003482148051262,0.43485772609710693,0.3346778789033394,0.016859692435352656,0.5568915513562728,0.7548965190847715,0.39744808830923983,0.3940362051404962,0.6713980117459618,0.27841258999999996,0.317432,0.546358598,0.03565542,0.06534855640000001,0.0474937734,0.864101254,0.8659379399999999,0.396098532,0.380734396,0.04949924993333333,0.6033004006937805,0.7087125753333333,108.65272064208985,88.23365631103516,82.39963073730469,109.36746215820312,83.130029296875,117.33486785888672,93.54278869628908,88.38838653564453,118.1604736328125,89.23050537109376,118.0533291716019,77.57966455204644,67.54492693984388,172.4517721279504,104.00033532910204,96.5312991582923
IN Brain-0076,0.5194448,0.48055512,1,15,0.6923908034525119,0.4529913,0.35594675,0.6327273,A,35,female,20-39,A,0.5850467931865925,0.10734401026591944,0.06696198833313705,0.023994195194701584,0.15116300268582772,0.6887210096484765,0.6510503913153513,0.657488164809616,0.6217590213153394,0.6270561961206497,0.5063251621237883,0.08070639540455544,0.02663759009578115,0.6921237812603458,0.6536442970425684,0.6563435159551507,0.6239830051765823,0.6152250789087391,0.5076927900380296,0.01517798917161996,0.01762101781819174,0.00370658847515262,0.47738308004438873,0.3603935565382242,0.6348144944369792,0.5823002913744504,0.012168531821654774,0.6929802276911439,0.4908637103398641,0.6926441823743651,0.6928615044594906,0.6504207375150259,0.6225778693133722,0.6314680776827136,0.5119347708199925,0.030856254636330016,0.049423843444134176,0.02285029166725292,0.5158573932945728,0.4880490817129612,0.6451109385117888,0.5886602392720262,0.03437679658257237,0.6882043224431691,0.5496724711731076,0.6880294826567326,0.6532460856705781,0.6662936868201865,0.56093271,0.568972176,0.494076896,0.0787415068,0.0653345412,0.0378852368,0.449458128,0.359701206,0.615352176,0.5413272606666667,0.0606537616,0.6918803094548256,0.47483717,106.23706817626952,87.18418579101562,85.80860443115235,107.09258880615236,86.70094146728516,96.62249298095703,81.22850799560547,74.79657897949218,97.43426513671876,75.70464477539062,109.39819464416594,74.2089067257814,71.86533199981126,114.8763688648005,75.8950548545952,63.68872105088902
IN Brain-0077,0.67313194,0.32686806,0,15,0.631938422374156,0.3493911,0.3596714,0.2715417,A,50,male,40-54,A,0.5649759959108202,0.06696242646333583,0.03573397772399267,0.0620548024954537,0.09236727168427439,0.6470688927219308,0.6532288969179256,0.5847862499963247,0.6113349149979381,0.5911740944224719,0.4924189783120503,0.06338535063457358,0.003577090585155873,0.6475192106539884,0.6541730102015203,0.5871412164767509,0.6013335195438335,0.5905202971200796,0.48736883024448974,0.01022752550125618,0.01901862819213702,0.0035925844476854805,0.3501172815024852,0.3613184445887804,0.27394289701879015,0.559740882302801,0.010946246047026228,0.6330823350586612,0.3284595410366853,0.6728274501745813,0.6866956719528718,0.5557363833218356,0.6169847767624904,0.6148543200300188,0.4177881457174914,0.02061367359462877,0.04873086518617844,0.0062811865745660556,0.3995467212051153,0.4432654310017824,0.24407909698784352,0.5498757475033336,0.025208575118457754,0.654728413689684,0.36229708306491376,0.6508650313031497,0.6525047382824085,0.5873161395569682,0.546150588,0.541288364,0.47208488800000004,0.07856088800000001,0.0627422988,0.0368282174,0.355634534,0.35842178599999996,0.274122442,0.5198412800000001,0.05937713473333334,0.6337478775038471,0.3293929206666667,104.84557800292968,85.23332824707032,85.25527496337891,105.52237396240234,85.97866516113281,98.40201110839844,81.9662582397461,77.79203948974609,99.20086975097657,78.62179260253906,107.47995897256088,71.24454245274165,70.72793106352454,115.97838617514658,78.54768630339075,68.70398818308621
IN Brain-0078,0.4728189,0.527181,1,15,0.6916688501630127,0.918604,0.2513343,0.41160488,A,50,male,40-54,A,0.3954798409994001,0.2961890091636126,0.03392257163920118,0.07556228913529517,0.22747497493949936,0.2821657080680111,0.5637962987652202,0.6774373518789647,0.24824313642880994,0.488234009629925,0.44996237693946534,0.11231994523799856,0.1838690585764191,0.2966857807529935,0.5639312256130081,0.6745511908376719,0.25881318881816356,0.47988963170743615,0.4538401607624364,0.00446929450066974,0.01229860457727688,0.0053814516313271405,0.9125125716447829,0.25145796851962804,0.40387396183535457,0.39751432709601203,0.007383116903091254,0.6921239700920627,0.5226148339999219,0.23784473362495454,0.5613726456282746,0.6471297515119583,0.19828320368270308,0.5024228733190949,0.48053085355507663,0.006268769583654922,0.021086680423826932,0.03059594497371837,0.935996250808239,0.24912575231865047,0.3494890250032768,0.3937456435189582,0.019317131660400073,0.6928809517624651,0.5115370093767221,0.35972899340250264,0.5781086864072017,0.6720874106438565,0.284623886,0.43548108800000007,0.43610329800000003,0.0462553714,0.083645139,0.0541779216,0.8835809299999999,0.2648888976,0.39774661,0.3854027573333334,0.06135947733333333,0.6926724478527111,0.5154054792,109.4656753540039,93.48458251953124,89.41635284423828,110.39477233886718,90.34506683349608,112.27646331787108,95.59931030273438,87.77592315673829,113.32111053466797,88.6087890625,120.4767372864814,88.9536549323379,80.40501477351108,156.53471626041005,112.30738903175492,92.16135154527667
IN Brain-0079,0.977167,0.022832967,0,15,0.1088686483591558,0.032733936,0.01023433,0.02553064,A,54,male,40-54,A,0.09372635295250094,0.015142295406654863,0.006655849638678046,0.004611429370912738,0.027595150997780746,0.144120787962646,0.05707555619616225,0.11884514470606608,0.13746493832396794,0.052464126825249514,0.09124999370828533,0.01295414333579051,0.002188134209476847,0.14822276546356264,0.06415700347821345,0.12108019257531351,0.13947954289146902,0.05818974462275104,0.09231741650806669,0.00190564125412994,0.0009224590107594766,0.00064661191470134,0.03395220602247856,0.01180879998421,0.02614640067776196,0.09666223467409558,0.001158237393196919,0.11310811701123502,0.023969135561483505,0.1374670656007964,0.0828347237225165,0.0795938014542035,0.13021126357314133,0.07680849173682255,0.06097273641118003,0.004245354818915621,0.003838876679807359,0.00318772882401402,0.030786930659087376,0.016194692590943305,0.015410300168878167,0.08933083057371465,0.0037573201075789997,0.10112608214148162,0.02079730780630295,0.17505545759443486,0.07221531448175801,0.12999302821828262,0.15441418899999998,0.061982583800000005,0.0975471262,0.0144278586,0.00489345486,0.005482939920000001,0.042258156199999994,0.013660651579999999,0.028643011079999996,0.10464796633333333,0.00826808446,0.1283833533394921,0.028187272953333335,103.22596893310546,85.89608764648438,83.13324279785157,103.91400146484376,83.77760162353516,104.33076324462893,85.08828735351562,80.67194061279297,105.0558364868164,81.455029296875,106.71570527577492,74.80584937190733,67.36834346186801,136.55928715185723,84.21281618094126,74.65752161297526
IN Brain-0080,0.94382083,0.056179184,0,15,0.2163223182457996,0.08661505,0.03933857,0.04258393,A,54,female,40-54,A,0.19506292934571778,0.021259388900081805,0.0071270337829703045,0.009323423550773757,0.034903464062101486,0.2946355281021425,0.16583636610823943,0.17607081522261703,0.2875084943191722,0.15651294255746567,0.14116735116051554,0.017117973798615183,0.0041414296847299414,0.3044127681562752,0.17809999035896765,0.1781419701496125,0.291891854649611,0.16535944590141471,0.14214472370414105,0.004362498788799419,0.00356580941325748,0.0010864753940082999,0.09081212498545642,0.04323749284734946,0.043251049219071816,0.19979867475172228,0.0030049278653550664,0.22448454137828497,0.059100222350625904,0.3074141782093891,0.23100010762304465,0.11896288570189231,0.29481751861641,0.21570410489623973,0.0937860510583544,0.011409564794704874,0.008430151673761196,0.003933843990401048,0.09211942987749352,0.06147250956855714,0.025562974251806737,0.20143589152366803,0.007924520152955706,0.2261917230552172,0.05971830456595247,0.341345992301149,0.1943007971832714,0.19070013912349673,0.299231672,0.16990747,0.1476178796,0.0363640486,0.014447655539999998,0.00903736154,0.107542358,0.0485759915,0.04737094032,0.20558567386666668,0.019949688559999998,0.24798869294873122,0.06782976327333333,107.34400634765623,90.58548431396484,85.87794494628906,108.01891784667968,86.54370727539063,99.9464096069336,81.75543365478515,77.21978759765625,100.68775482177736,78.01956787109376,114.93177888728552,82.86701204626509,72.90332009770489,125.0164352132879,79.57388545196014,70.08919031561388
IN Brain-0081,0.40182576,0.5981743,1,15,0.6737449917608653,0.85993785,0.492971,0.44161385,A,45,male,40-54,A,0.45656775897046215,0.21717723279040319,0.08088449801612513,0.14226634133898508,0.19158417960077917,0.4050762088216216,0.6930483631223048,0.6863137239233494,0.32419171080549647,0.5507820217833197,0.49472954432257027,0.1382450063186298,0.07893221831853925,0.41364794001847216,0.6925356590514999,0.6836986360032373,0.33160490588857583,0.5470039786981366,0.4932228588244073,0.0058088753881185605,0.01755917944178566,0.0045320230723585805,0.8551629218578338,0.48251576645337035,0.43137511922344557,0.45727724780370654,0.009300025967420933,0.6769731349038588,0.58968460251155,0.3637124626040197,0.6859310674415702,0.6861464201197783,0.2695121366101322,0.6073966214899095,0.4785379037214025,0.02013152098862666,0.051342382328683864,0.023290750980434545,0.8816062122583389,0.5599947452545166,0.44090512609109284,0.45181555394048134,0.031588218099248354,0.6602717712827033,0.6275020278679828,0.45573272282523064,0.6921885753683448,0.6840696368796129,0.342283766,0.5166195499999999,0.48110605800000006,0.043677262,0.0680126548,0.037084496,0.8300967800000001,0.478110518,0.43273171999999993,0.44666979133333334,0.04959147093333333,0.6801907690764333,0.580313006,104.80656433105467,85.27682189941406,84.25703277587891,105.50283813476562,84.96865997314453,103.50951385498048,90.10563659667967,79.8304229736328,104.27318115234377,80.61736297607422,112.93598108231356,72.67510613472334,70.45427330295715,138.11788907572554,100.69778071596576,75.89018088833535
IN Brain-0082,0.96384734,0.036152624,0,15,0.15551805102863928,0.041651454,0.039716776,0.027089646,A,65,male,55-69,A,0.1437182811475446,0.011799769881094685,0.009307933418103043,0.007285706162580785,0.01692719037197131,0.17315750523533918,0.16704300568488634,0.12447516247506343,0.16384957181723614,0.15975729952230555,0.10754797210309212,0.01117360998421838,0.0006261330044214086,0.17554245345939817,0.17792911555972016,0.12585569354334478,0.16418264243469977,0.16723167680459397,0.10807264953629148,0.00226394003434396,0.00322904097915402,0.00076026528529954,0.0424143019661307,0.04318232770939352,0.027475934193562656,0.14649565625852842,0.0020844154329325063,0.16053481165185077,0.037690854623028965,0.1726872637896875,0.1985513532337388,0.09376701448358465,0.16205647080899566,0.18655411153416165,0.08021071509509481,0.00680105103846399,0.007377266640325361,0.0015901444930190192,0.04150158860720694,0.05001226429594681,0.01891021488554543,0.14294043247941737,0.005256154057269456,0.15766368223810673,0.03680802259623306,0.2009949668945905,0.19218329883630642,0.1376784723992633,0.17746415299999999,0.17204408000000002,0.116352367,0.014530685599999999,0.0127549008,0.0060506903,0.05084470919999999,0.0478660284,0.030848237,0.15528686666666666,0.011112092233333334,0.17794149928518493,0.04318632486666667,107.10500030517578,87.2623794555664,82.97244415283203,107.74933624267578,83.58757934570312,109.29720916748047,88.877978515625,84.49458770751953,109.9935317993164,85.17473907470703,115.6462023043442,76.89051420668066,67.9181747810434,150.9616378168386,95.6162782069789,85.62017132305232
IN Brain-0084,0.42530662,0.57469344,1,15,0.6819470746177664,0.73367995,0.6368682,0.35353208,A,35,female,20-39,A,0.5842059290117899,0.09774114560597646,0.025887394606974423,0.07341484526458986,0.03244881820327972,0.5795642140924292,0.6551988805132662,0.6496057505045185,0.5536768194854548,0.5817840352486764,0.6171569323012388,0.04391701935828133,0.05382414326223939,0.5833010648713596,0.6540034651069951,0.6528575493223909,0.5522142019413687,0.5728949619405808,0.6168553344242858,0.008216703092121181,0.01200477929250938,0.00235595604125028,0.7299575423717499,0.6389788514196872,0.35902913805842396,0.5806548327687451,0.007525812808626946,0.6815538011834026,0.5759885106166204,0.6022266015988262,0.6137342562108102,0.6460925217275455,0.5548702744035138,0.515055719546661,0.6072924311277257,0.018468603875010016,0.05034437883418282,0.02211606226036601,0.7099163085222244,0.6965800192207098,0.3478292951360345,0.5590728083593001,0.030309681656519618,0.678703837103886,0.584775207626323,0.6122546861933506,0.6712203012787727,0.6488559524440435,0.530015352,0.54714231,0.5853478360000001,0.060668928,0.0717170998,0.0348221952,0.698351408,0.604321958,0.35229530000000003,0.5541684993333335,0.05573607433333333,0.6878009156880407,0.551656222,102.86226348876951,83.82512512207032,82.64765167236328,103.80980834960936,83.61911163330078,109.88341522216795,88.84819183349609,85.79649963378907,110.79883117675782,86.92148895263672,108.59447831638536,70.77576369798123,68.69405717726434,156.08042326055246,97.52349856871078,90.7415786608402
IN Brain-0085,0.92828196,0.07171801,1,15,0.2580604258129262,0.0941409,0.08125353,0.039759595,A,40,female,40-54,A,0.2356805068905989,0.022379918922327297,0.008087712052670726,0.013016219459990763,0.0328692885201827,0.3120150764720423,0.28182029794632324,0.1671793662862754,0.30392736441937157,0.2688040784863325,0.1343100777660927,0.017991073344281395,0.004388813801198432,0.31675320222822684,0.28593802427207105,0.16760517028513122,0.30357847725833426,0.26874941708244277,0.13414649700139097,0.0049590625831518395,0.004465308099303999,0.00084597005215084,0.09624501299411053,0.08295923796463754,0.03989338465132748,0.2354914637807227,0.0034234469115355594,0.2614134901169138,0.07303254520335851,0.3090572862755635,0.3456411318444132,0.12197284288908593,0.28486831483686526,0.31374915232167966,0.0989676996456701,0.009587567701728911,0.017227598490559038,0.003612480456665461,0.09283891250379384,0.10958229501266033,0.02639348658703966,0.23252838893473834,0.01014254888298447,0.2695674292573288,0.07627156470116461,0.3487699282620377,0.3093197798980307,0.179732996477464,0.311515796,0.274636196,0.1416923644,0.030627668000000004,0.02147669348,0.00732514118,0.111081217,0.0929541034,0.043765890800000005,0.24261478546666668,0.01980983422,0.2850749690948222,0.08260040373333334,106.42227172851562,89.05262145996093,84.59967193603515,107.110009765625,85.28719024658203,109.8427749633789,88.83445281982422,85.21616821289062,110.56941528320311,85.98106689453125,113.0922318976594,79.5964912228483,70.17498566050645,151.27724869996518,95.78361213141942,85.3763039184621
IN Brain-0086,0.15277503,0.847225,1,15,0.42749258058844997,0.74161816,0.96719205,0.83286476,A,22,male,20-39,A,0.3530858762733023,0.07440670431514768,0.030166634017986915,0.007981952542642223,0.06963727207230141,0.5713575876806,0.14437126663526853,0.451314633136969,0.541190953662613,0.1363893140926263,0.3816773610646676,0.03592861954431018,0.03847809998178858,0.5670321819624666,0.15616772978680984,0.4524177348029042,0.5317478384172636,0.1447787070019059,0.3792022509822123,0.008029049897060641,0.00287294099817168,0.00472079642560674,0.7456794334292411,0.9636493135929107,0.8321768226623535,0.3519095988004606,0.005207595773613021,0.427589291503214,0.8471685232281685,0.4519428698791723,0.157410652058758,0.4415549877815449,0.37303323111746717,0.14567829350895223,0.38366440667842816,0.021113582613139097,0.0038299344393894624,0.013507679618206894,0.8324732065200806,0.9632694602012635,0.8388602703809738,0.30079197710161587,0.012817065556911818,0.3704941563213862,0.878200979034106,0.6065520787706243,0.22858081250582535,0.5000682421853946,0.519222836,0.18411177920000002,0.386229556,0.0623241846,0.0363618328,0.051661262799999996,0.705018386,0.9394125680000001,0.80024093,0.3631880570666666,0.05011576006666666,0.4790532797212485,0.814890628,111.83816223144532,91.37569732666016,89.0688461303711,112.8312774658203,90.13611907958985,110.07410888671876,94.50213317871092,86.29226989746094,110.91837158203126,87.2936798095703,111.55446251838794,79.15793993772118,75.6349538919035,144.2587180106997,108.32461739778468,86.59627742973314
IN Brain-0088,0.52621675,0.47378322,1,15,0.6917719220555607,0.20241177,0.54447424,0.6744637,A,35,female,20-39,A,0.49469241424852073,0.19707950780703998,0.00541922851315485,0.11907915350607667,0.2153104956573625,0.5037277416218859,0.6891860382175915,0.630972340582679,0.4983085131087311,0.5701068847115148,0.41566184492531655,0.11326962589219801,0.08380987515378535,0.5036948575933143,0.6918670705260289,0.6308597244342764,0.49037233999453456,0.564989001340761,0.4173264248912544,0.00771186175709358,0.01114532951187674,0.0036841250296046,0.20238780364990233,0.5252939094781875,0.6746182337760925,0.49089592207551663,0.0075137720995249735,0.6910245003494735,0.4674333156347275,0.6343663032960571,0.6846395558055459,0.638733039438611,0.5324633034834655,0.5577078352130906,0.4956268322958257,0.04890256932476696,0.09369548185128854,0.024493939267349604,0.33026522253639995,0.565128606185317,0.6634315945208072,0.5285993236641273,0.055697330147801705,0.6923779987884751,0.5196084744141748,0.5390450277543839,0.6910151403654401,0.6391641718827394,0.46162232000000003,0.5257582519999999,0.41266152719999993,0.07305642300000001,0.0618027004,0.028870626,0.22980865,0.532638356,0.662794954,0.46668069973333326,0.054576583133333335,0.6919047182271678,0.4750806533333333,112.32055358886718,88.62707214355468,88.3457275390625,113.04684753417968,89.11101531982422,116.23903350830078,92.5940933227539,89.23910522460938,117.09219970703126,90.06685333251953,125.66731017112072,76.64558064960984,77.74616853711814,173.422542493933,106.2997353136538,97.0258370107274
IN Brain-0089,0.24966036,0.7503396,1,15,0.56196171247032,0.83769226,0.7674141,0.64591265,A,23,male,20-39,A,0.4801908272392104,0.08177088523110959,0.008946355890947,0.059467806464802375,0.12681256629667292,0.4434768816784534,0.5423820922634398,0.6499402364281603,0.4345305257875064,0.48291428579863743,0.5231276701314874,0.0650755762174741,0.0166952705134098,0.45495880977587644,0.5546202165499883,0.6516758817180301,0.44029291700539996,0.4861065160120715,0.5243629050019586,0.0061221993204717,0.01214678014885274,0.00642052565293532,0.830584117794037,0.75690594471097,0.6429943328768015,0.4835874460064767,0.008229835040753253,0.5693696346785342,0.7434947984606027,0.3902503859606923,0.5170129019700604,0.6697855926221199,0.3641952996903645,0.4687788932564267,0.5443604526697314,0.010611886321565877,0.020040180495990333,0.013065144863218048,0.8679578542709351,0.7876810811460018,0.6076547536998987,0.4591115485388409,0.01457240389359142,0.5574143706837554,0.7544312297056118,0.5003490743037295,0.5890493428195579,0.6625983598282293,0.44312355200000003,0.468214852,0.502792682,0.0491962856,0.074295438,0.058096373,0.8000384799999999,0.724089496,0.622956198,0.4713770286666667,0.06052936553333333,0.5969736566095216,0.7156947246666667,103.90051727294922,81.024951171875,82.08465270996093,104.7374984741211,83.01793212890625,106.53192749023438,85.19828491210937,81.71627197265624,107.39673919677736,82.71343994140625,104.7167443687516,62.223447774571966,64.57399688829933,141.7926016717518,86.28173526938085,79.54644392506165
IN Brain-0090,0.74228096,0.25771907,1,15,0.5706575686986239,0.5769092,0.07929339,0.116954625,A,38,male,20-39,A,0.41068201358155615,0.1599755551170678,0.02471162476412536,0.007310276403439675,0.05505535765084507,0.6812700491749828,0.27704019017463766,0.36081306021345827,0.6565584244108574,0.269729913771198,0.3057577025626132,0.029025752939470035,0.13094982554813206,0.6825796043935523,0.2945975069968934,0.3684680880309677,0.6498481499180921,0.28222844482680126,0.3122554276822723,0.01003409520003084,0.0045201989713132395,0.0020215493963793,0.5725613493144512,0.08659891038164491,0.12077590774893757,0.4147773408090552,0.005525281189241127,0.5730346603397618,0.2599787224816779,0.6395232409238775,0.3577973651487119,0.2945006366054118,0.5556876759710256,0.33555267908598296,0.2276989270564846,0.04736813567886261,0.010040354252555955,0.011228834952164781,0.6622626718133688,0.11546819387003779,0.08655779649561737,0.37297976070449773,0.022879108294527783,0.6004382562604511,0.28809622072634133,0.6885365412140576,0.33316078351004447,0.3727006441212294,0.582683172,0.283449042,0.306346888,0.088624216,0.041912078799999995,0.015246558720000001,0.547976812,0.10371081099999999,0.12291890520000001,0.39082636733333337,0.04859428450666667,0.5711680376069768,0.2582021760666667,101.1958236694336,85.49452362060546,81.72272644042968,101.97535095214845,82.63302307128906,108.04827575683592,95.10270690917967,83.12011413574218,108.95502166748048,84.18140411376953,102.16433546518115,72.50543585844176,65.59250925786577,144.73854985524622,115.26925630977412,82.83494591332655
IN Brain-0091,0.7610079,0.23899212,0,15,0.5499153620807149,0.39927465,0.21199472,0.10570699,A,16,female,<20,A,0.48667218493648334,0.06324317714423155,0.010517931016664428,0.03259199595618556,0.02362209573373264,0.6727164678678069,0.516587562992775,0.3374445466554508,0.6621985368511425,0.4839955670365894,0.3138224509217182,0.022244007568860875,0.04099918697068239,0.6675230407232421,0.5174293067656881,0.34145432844326984,0.6488970367372391,0.4790715397945,0.3153133127124552,0.009500272547986379,0.01015096407248184,0.0028165248521996402,0.3872957078814506,0.21263677204102271,0.10759356072787189,0.4810939630813981,0.007489253824222619,0.5462395204788534,0.23584201355011508,0.6906181747195015,0.5509700230125306,0.26725674912079883,0.5965428761818474,0.5003150931603142,0.23421869959818178,0.036089218304687545,0.03017695817169863,0.012859493453310295,0.5355448530986905,0.2399046741425991,0.07534755134256557,0.4436922229801145,0.02637522330989882,0.5963204174931461,0.2835990261946184,0.672060489689112,0.5405342057889204,0.3567655819061756,0.5786732299999999,0.45294703399999997,0.31391958400000003,0.084959399,0.0624395964,0.0198260068,0.39768174,0.23104355199999999,0.1149620566,0.4485132826666667,0.0557416674,0.5600115963453135,0.24789578286666666,108.53179931640624,87.30754699707032,85.42882537841797,109.2273727416992,86.11754913330078,109.89243011474608,89.45137481689453,82.89099578857422,110.63844451904296,83.6901870727539,121.9414388939784,75.87637234399841,73.23184568072993,152.8635990178216,96.35097896302202,83.63251531748048
IN Brain-0092,0.97797656,0.022023447,0,15,0.10581283599222802,0.009874727,0.026291287,0.02990433,A,38,male,20-39,A,0.09476395845545467,0.011048877536773347,0.0021174167738453042,0.009215260230601818,0.01581390647241561,0.055425091954846364,0.12160391656915712,0.13440945031922324,0.05330767518100106,0.1123886563385553,0.11859554384680764,0.009048861158954244,0.0020000273795272444,0.061157875792539715,0.1271072616721624,0.1365846069921071,0.058115121196875785,0.1161481949175216,0.11982264169619208,0.0008856922661256799,0.0016365533133991202,0.00063088840045948,0.01113581025893794,0.02782749501076754,0.03053141863574272,0.09802865260352982,0.0010510446599947601,0.11011308799835538,0.023164907968482733,0.05349770841980535,0.15639409025383233,0.1054396381230774,0.05124317853560341,0.14542806258457167,0.08992736112233116,0.0012916321935876897,0.004180284628558697,0.001470203157114562,0.009458395230467431,0.0364197718561627,0.021925122779794037,0.09553286741416873,0.002314039993086983,0.10799640641074384,0.022601096622141388,0.07783621866681195,0.14683325888024512,0.14796930653211715,0.068574877,0.1257598217,0.12704935420000002,0.00735368946,0.010949835299999999,0.0064253934,0.0149889388,0.033537996540000004,0.033876533400000006,0.10712801763333335,0.00824297272,0.12582676274723673,0.027467822913333332,119.31754302978516,89.64321899414062,88.3240737915039,119.9923858642578,88.90956420898438,113.26807556152345,93.9376937866211,90.28833618164064,113.92267150878908,90.88621978759764,139.40534935575317,81.05734452095244,78.48909938559618,169.12062020386088,110.04112608038416,101.87177258316812
IN Brain-0093,0.91192406,0.08807594,0,15,0.29806350411373306,0.07892446,0.134067,0.05123636,A,62,male,55-69,A,0.2618772294845201,0.03618627462921298,0.007849646640652852,0.04476602748553793,0.034072367535251114,0.2761346387722984,0.3940454180191836,0.20213967332352006,0.2682849921316455,0.34927939053364565,0.16806730578826895,0.028896013887147298,0.00729026163192259,0.27773069037767534,0.3864387252689344,0.20248976829465704,0.2666658274765429,0.33913562546827203,0.16767338448103072,0.00385987972854464,0.00812732867621306,0.00108884620087674,0.07957522268407043,0.13002736634379247,0.051356362543161935,0.2578249458086152,0.004358684868544813,0.2955092465686172,0.08698631719034161,0.3887865688991038,0.42871275791222774,0.16264533972189793,0.3477962049474791,0.3664604440119871,0.13071905538052603,0.03203449384073302,0.034618995935213545,0.0027496482980153203,0.13126616664230822,0.1534884632914327,0.038344074146880305,0.28165856811333073,0.0231343793579873,0.34167853483617106,0.10769956802687375,0.31755267553321015,0.4180645517957463,0.21596633090151168,0.279605874,0.3387202168,0.1746630826,0.030564755199999998,0.0363868436,0.00915121376,0.096602302,0.1473385114,0.056053057,0.26432972446666664,0.02536760418666667,0.3250784839989991,0.0999979568,107.67164916992188,88.83471984863282,84.9509048461914,108.34271087646484,85.61186065673829,106.14737243652344,89.5210678100586,81.56253509521484,106.96441955566408,82.30123138427734,114.04704935182669,78.99791994825321,71.1211801714812,144.33344659410164,97.47496735004516,79.07304827556905
IN Brain-0094,0.83949417,0.16050579,0,15,0.44050767482107384,0.35913962,0.014021896,0.108355835,A,65,male,55-69,A,0.34720888671114364,0.0932987881099302,0.014530415867066937,0.002681472907183527,0.010903402030332576,0.6529215498011813,0.073756449747722,0.34306395138911056,0.6383911339341144,0.07107497684053847,0.332160549358778,0.00937176360152768,0.08392698225818657,0.6520184656938763,0.07824915865991981,0.34149263236741045,0.6280284657055543,0.07458151456328155,0.32877834763038544,0.0092017366917912,0.00098122722748174,0.0016310366771796598,0.35758917255699635,0.0150876809417968,0.10761166733577845,0.3437961092997404,0.003938000198817533,0.4398293227799449,0.16009617361152387,0.6731478892850324,0.08247547589147951,0.3150701284426371,0.6074641749803922,0.07777661354635394,0.29831000124898277,0.028447221213026407,0.0038767822666511895,0.0032714710023453164,0.40033654738217594,0.016107273570378312,0.09549497431144119,0.3278502632585763,0.011865158160674303,0.4569094700497489,0.17064626508799846,0.6646205189589609,0.1330013412753462,0.38458255218065074,0.489182088,0.1056765082,0.337156334,0.16804481,0.0240156094,0.038797560200000004,0.381142196,0.029500441199999998,0.129053014,0.31067164340000003,0.07695265986666666,0.47123961909415213,0.1798985504,123.34312133789062,99.25519714355468,99.46353149414062,124.21184844970703,100.20525512695312,110.1672821044922,98.2665557861328,95.20121307373049,110.86820678710936,95.85642547607422,145.1377396803603,99.01538142455146,99.01325012888756,167.30040581253482,128.95590008500966,118.9130175172682
IN Brain-0095,0.9741004,0.025899539,0,15,0.12018600604364024,0.012316791,0.015905375,0.049476452,A,37,female,20-39,A,0.10844627337312239,0.011739732670517852,0.0004572004678005809,0.0031054704585155996,0.016108222509268605,0.06639499591123353,0.08164392325876414,0.19697079438495432,0.06593779544343295,0.07853845280024854,0.18086257187568572,0.0065569644785282615,0.0051827213840383995,0.06904684809982904,0.08705928202478425,0.1962287665409669,0.06759611019187413,0.08255337444514162,0.17902616487862172,0.0009668208491823199,0.00129264828570292,0.0009463794647993001,0.01292504344275216,0.01723142686579372,0.04922561365813014,0.1097252165052125,0.0010686161998948466,0.12221523438941811,0.026460694655558673,0.06981989614199975,0.12462655338766969,0.15707486684320926,0.06773367162004458,0.11758622332931443,0.1388974161833907,0.0013494062484220594,0.0040131291860110285,0.0024016046055424373,0.013103633740684018,0.027131930890027432,0.036627795937238264,0.1080724370442499,0.002588046679991842,0.11917451066885251,0.02562112018931657,0.10389119391528859,0.11348746592839751,0.21397422670620256,0.0899627968,0.0986668556,0.18909257399999999,0.013498681600000001,0.01192176828,0.010030366260000001,0.0215184394,0.024071536600000002,0.055349244799999996,0.12590740879999998,0.011816938713333334,0.14719744108860416,0.03364640693333333,109.9822006225586,88.23138275146485,87.49849243164063,110.75386352539064,88.14201965332032,119.47668914794922,97.85701904296874,87.13043060302735,120.15975952148438,87.76666259765625,117.76957592507615,77.70071708568443,76.19308319787162,183.37738593305792,124.55518541229551,94.50389071119676
IN Brain-0096,0.8713198,0.12868021,0,15,0.38387013822289284,0.036064714,0.17031458,0.17966135,A,68,female,55-69,A,0.34488255616516844,0.0389875820577244,0.0024011336091056823,0.022524674401805722,0.0229200695371512,0.15522928025917979,0.4563846765468521,0.47087958923753603,0.1528281466500741,0.4338600021450464,0.44795951970038483,0.015948625849354203,0.02303894681986629,0.1671185347625676,0.4655424767524037,0.4713954326404912,0.16234495252516107,0.43646993272561285,0.4465460973659269,0.00238515467126514,0.00702837107299332,0.0017426875310033202,0.03974049078337844,0.17617425960749383,0.18000128323882816,0.34845366087223356,0.0037187377584205934,0.39011829965520967,0.13197201120990015,0.16109074436088322,0.5608316455334342,0.41881875744059094,0.15540223867360634,0.5009856723424333,0.39832222034105336,0.00480433229984985,0.037577295035874016,0.005841734312744229,0.03786256839521229,0.24863597778603436,0.14776852286886424,0.3515700437856977,0.016074453882822696,0.41350339321271246,0.1447556896833703,0.19789317779351193,0.48000527479082766,0.4795742613337596,0.174853288,0.42047424400000005,0.43770296799999997,0.020642797600000002,0.0404483914,0.0205845776,0.0497888916,0.185752622,0.1854611628,0.34434349999999997,0.027225255533333336,0.405569737610756,0.14033422546666668,106.69686584472656,87.36814727783204,85.82801361083985,107.4228515625,86.51916809082032,115.75967864990234,94.41277770996092,92.0818359375,116.55262145996092,92.84230346679688,112.93363642334884,75.99696334394136,72.82902321580688,170.39173222270847,109.4863308412766,103.24446086188848
IN Brain-0097,0.14982314,0.8501769,1,15,0.42240217815632497,0.8615905,0.9435439,0.74539626,A,28,male,20-39,A,0.34126479379296265,0.08113738436336232,0.025394908857765963,0.013802290161259972,0.12351366138543868,0.4020658280055849,0.2171028360387749,0.5673365777389927,0.3766709191478189,0.20330054587751492,0.44382291635355403,0.05423695346815487,0.026900406024029266,0.3997118164475658,0.23004472614927265,0.5521422537736892,0.3718321273060129,0.21082348952749347,0.4426490312253512,0.00545232935366912,0.00470267407221886,0.00467553307044148,0.8628740134954453,0.938877605819702,0.7590763588607311,0.34176821601961915,0.004943512165443153,0.4163969180997836,0.8536093260586262,0.3663979567604398,0.2200020717874322,0.5581017032080278,0.3375058102713837,0.20301575813687855,0.4606830399512683,0.011232081909253344,0.00857928550733079,0.016370078411165452,0.8802643522620202,0.9425108939409256,0.753817941248417,0.3337348694531768,0.012060481942583195,0.40701959254699893,0.8588643958171208,0.4668358295241243,0.27947296076864664,0.5901037597137552,0.39233528800000006,0.23749959199999998,0.44269954800000005,0.0522244684,0.0280995758,0.0402502178,0.82298568,0.91971169,0.72299354,0.357511476,0.040191420666666665,0.4685047974783172,0.82189697,101.05177764892578,83.24888610839844,83.4466537475586,102.04015502929688,84.5396240234375,104.0166259765625,83.56403045654297,79.80186004638672,104.89262237548829,80.9517837524414,100.39890095818087,66.34963433215319,67.85589848638824,124.76689117396492,77.52475341877478,72.33041150140888
IN Brain-0098,0.9803273,0.019672723,1,15,0.09676263375110569,0.012376197,0.011586704,0.035055272,A,43,male,40-54,A,0.08444216311559635,0.01232047063550934,0.0024214919098869275,0.0036292535923128227,0.022347479954541227,0.06665530431810103,0.0631716518867935,0.15189775859863552,0.0642338124082141,0.05954239829448067,0.1295502786440943,0.009466075152246992,0.0028544293042216534,0.06979357867356761,0.06578288097954074,0.1527417646845844,0.0663385783221916,0.061264205489117894,0.1295693711641853,0.0009706741550835,0.00075202638470806,0.00061166780148182,0.01309754442768168,0.0121773627594928,0.03531015190724278,0.08572405165849827,0.00077812278042446,0.09879712775218495,0.020195019698139086,0.052929580513570024,0.07640884274272991,0.1274686934546484,0.050622234856364655,0.07290396329806004,0.10489670918750527,0.001323763468953281,0.0017186576595440927,0.002008381403555224,0.00933642404852435,0.014648839988512918,0.027929260052042083,0.07614096911397665,0.0016836008440175327,0.08735598482274588,0.01730484136302645,0.08319764706072638,0.07841430138199632,0.16722559918909935,0.0754255944,0.069489988,0.1386099016,0.00558617778,0.00507442782,0.00788645142,0.01628312476,0.01512721388,0.039774112400000006,0.09450849466666666,0.00618235234,0.11221360529638857,0.023728150346666664,110.84354400634766,86.44333190917969,87.98375854492187,111.49000549316406,88.5682586669922,112.84161376953124,92.74066009521484,89.61229858398437,113.48456420898438,90.2101547241211,129.0070362826767,75.97018117591578,79.00047948545497,177.90202584873003,110.30157851500849,102.7476500693754
IN Brain-0099,0.4069705,0.59302956,1,15,0.6757369007482961,0.6246725,0.4694271,0.6849889,A,40,female,40-54,A,0.5866455183413061,0.08909138240699,0.01137688415814786,0.0599568649549328,0.14478822373788225,0.6617303187840747,0.6912766098378895,0.6230515992529169,0.6503534346259269,0.6313197448829567,0.4782633755150346,0.07204065761698764,0.017050751463931757,0.6736755117835056,0.6899514765822101,0.6245755163359183,0.649628123344978,0.6167433894790267,0.4802128257433437,0.01682801079866562,0.01695124392136018,0.0064702026139298995,0.5983487540304661,0.46004816431105133,0.6830155169248581,0.5821947795224495,0.013416485777985232,0.6801395796629799,0.5804708117554586,0.6566053917359427,0.6899743956403606,0.5661488004642794,0.5804562320217657,0.6372109483794118,0.46337639782156526,0.04109679171115528,0.03363777021977998,0.024246212079427162,0.6343399994075298,0.46019153371453286,0.7464990012347699,0.5603478594075809,0.032993591336787476,0.6670749431333185,0.6136768447856108,0.6765472966062991,0.6891694122315093,0.6349533433500967,0.5865887040000001,0.562067922,0.461105234,0.081959952,0.085217391,0.0398193756,0.59085105,0.455432684,0.66890222,0.5365872866666667,0.0689989062,0.6828215932329327,0.5717286513333334,106.1874008178711,82.6755355834961,83.75006866455078,106.98261413574218,84.70703430175782,106.76446228027343,84.7167953491211,82.37030334472657,107.69351196289062,83.4434097290039,113.01223623445824,69.01177673183062,69.60519184185259,134.82693736968776,85.98492877305934,80.43104070522705
IN Brain-0100,0.78887945,0.21112055,0,15,0.5154375309614427,0.16447397,0.35081863,0.118069015,A,56,male,55-69,A,0.4527317966996374,0.06270573426180531,0.04249555368100982,0.02155607284699612,0.0357796275118859,0.4470148013850368,0.6479519369130244,0.3630599058407429,0.404519247704027,0.6263958640660283,0.327280278328857,0.03327708467996395,0.029428634966176037,0.4529498119841041,0.6419784864698571,0.3661369655311026,0.4062452756971801,0.6047678094349465,0.32728161913152903,0.0064916749409332395,0.019170164763735502,0.0034313448888481,0.16815573720596727,0.3414285556226969,0.11960486155003305,0.4460982347545519,0.009697728197838948,0.513598347054475,0.20972971812623242,0.528040077061491,0.6786945631341887,0.2631054491928299,0.39228713567505,0.6056490723295964,0.22625732128163664,0.029537478520173355,0.045121503477998856,0.0071939556843769025,0.22089632963761688,0.41519771218299867,0.07369969526480417,0.40806450976209435,0.027284312560849705,0.5471265804384402,0.23659791236180658,0.47152223910132995,0.6505772447122051,0.38421380696322,0.390744652,0.5539451339999999,0.327827046,0.0436011248,0.0805268036,0.02348177146,0.1800849256,0.355151198,0.1288599756,0.42417227733333335,0.04920323328666667,0.5286306359189206,0.2213653664,100.40943756103516,85.16261444091796,82.54560852050781,101.171337890625,83.2944320678711,109.38915405273436,85.10186157226562,82.51261749267579,110.21475677490234,83.42802581787109,98.29195355831015,71.93805827926943,66.81226965060463,154.61958751425107,85.04797251287258,81.86515122440713
IN Brain-0101,0.9798225,0.020177424,0,15,0.09872887308858086,0.003642851,0.00591866,0.050970756,A,65,male,55-69,A,0.06648865805195886,0.032240215036622,0.0012965403822172705,0.0032079261287627017,0.05774580375258215,0.024090776038640117,0.03626173663259291,0.20136373174820565,0.022794235656422846,0.03305381050383021,0.1436179279956235,0.02075009008785404,0.011490065985236178,0.025083724945397703,0.04446236825508088,0.20240355639407961,0.023373154924294058,0.0397238805810135,0.14355830667754982,0.00032343284683145995,0.0006740450725360041,0.0006791089062262599,0.00382056831920632,0.00756026523624308,0.05132680297261098,0.06888511406095245,0.000558862275197908,0.10153117737341996,0.02090254550935346,0.019060292451204754,0.05911716994989632,0.14406000063695862,0.017812965425965464,0.053845570163892645,0.10215121484635534,0.0005638573482164667,0.0038965064949239786,0.005436263129554589,0.002766918031920795,0.010683047532802447,0.032715984584501714,0.05793658347873781,0.0032988756575650113,0.07950378236630559,0.015388650049741652,0.03197026341280974,0.044354973314116926,0.21020315514245902,0.0286388388,0.03833283352,0.14655777600000003,0.002034488694,0.002289710798,0.00754119088,0.00509295906,0.00753825234,0.05402601638,0.07117648277333334,0.003955130124,0.1065540524211894,0.022219075926666665,109.47678985595704,84.68496551513672,86.73991088867187,110.2917495727539,87.52944793701172,106.36074676513672,82.52117614746093,81.00791625976562,107.1634048461914,81.89668273925781,118.80917024440473,72.00390340289266,74.24062129226638,134.309245624062,78.72451897881103,73.64690012755736
IN Brain-0102,0.9866979,0.013302104,0,15,0.0706760874563741,0.017765207,0.008499637,0.013641466,A,58,female,55-69,A,0.06428378793535919,0.006392299521014916,0.0053647742807513416,0.003122034036963428,0.008991801798455365,0.08920936817824802,0.048987405054276845,0.07213320068972283,0.08384459389749668,0.04586537101731342,0.06314139889126746,0.005826203372056711,0.0005661130830529881,0.09312755989614306,0.05160757787023011,0.07346066038588395,0.08639060853563583,0.047766102669237684,0.06384020338455623,0.0011307915728118,0.0006835530355318,0.0004503570974885754,0.01874846414201888,0.00905393744925964,0.01395238842921094,0.06599897152980992,0.0007549005686107251,0.073315311559679,0.013918263340163153,0.07633703531265287,0.07816526433273743,0.04777275667137916,0.07150212338830723,0.07366738690407677,0.04144506033468942,0.0030228770685808426,0.0036674537689908816,0.0008801066976602951,0.014631780463969336,0.015067607405944728,0.008245231231194338,0.06220485687569114,0.0025234791784106733,0.06784357407959335,0.012648206367036135,0.10789825125182981,0.06654715739250729,0.08524048979276598,0.0954179904,0.0573796152,0.071626499,0.007047658300000001,0.0054618815799999994,0.00468791866,0.0225750434,0.012351508399999999,0.01678311608,0.07480803486666666,0.00573248618,0.08708002145247243,0.01723655596,104.63275299072264,86.66029205322266,85.28025817871094,105.23074188232422,85.85581970214844,102.24054412841797,86.93734893798828,83.32001342773438,102.90225372314453,83.94070587158203,110.6815039142962,75.42659773477078,72.71540416434402,133.24051820046805,91.2229785589133,81.78329015224509
IN Brain-0103,0.973956,0.026044022,0,15,0.12070961674270399,0.0038709664,0.021949898,0.052311204,A,55,female,55-69,A,0.10438008305877539,0.0163295336839286,0.0011090970253070792,0.00904920554579973,0.012863970135597869,0.025363782577925816,0.10553372529636768,0.20526501400873734,0.024254685552618737,0.09648451975056795,0.19240104387313947,0.007674090902234892,0.008655456373681342,0.026485051358007855,0.11118844875116639,0.20585026397072442,0.025037199277501178,0.10036714439443857,0.19186323033161407,0.00034334761482946,0.00162576461466548,0.00099301514074264,0.0040739290654426,0.02345279600754724,0.05251337738446886,0.1057558580011846,0.0009873757900791934,0.12300508291591167,0.02668003415248623,0.020971650152360903,0.14461226964334306,0.1382462328179404,0.01963992539634975,0.13389030214000736,0.12564853928136102,0.0005910967901946524,0.005333000141373946,0.0026922574799936342,0.003094763735498418,0.032879182041506284,0.031013063716818577,0.09305958893923938,0.0028721181371874106,0.10696977619354427,0.02232900316460776,0.03619379027761359,0.12591241607047515,0.22331504583730238,0.0321673459,0.10738823800000001,0.199923574,0.00286321084,0.00829825994,0.01095394188,0.005905401879999999,0.027491839400000002,0.0586782358,0.1131597193,0.00737180422,0.1371388593697782,0.030691825693333334,106.08572540283204,85.15339508056641,85.84711608886718,106.74167938232422,86.43960113525391,111.11890258789064,90.48390350341796,86.53957061767578,111.84573364257812,87.19732666015625,113.58052229270648,72.90471799655651,73.7226790091521,153.8721459533179,99.75874172503345,88.00242901190006
IN Brain-0104,0.073457316,0.92654264,1,15,0.2624915483220206,0.86929643,0.977742,0.93258965,A,35,female,20-39,A,0.22602897716640327,0.036462571155617324,0.027622614922246547,0.008390511178824028,0.027211602670811158,0.3877218629597763,0.1067014830267825,0.24688831428453273,0.36009924803752974,0.09831097184795848,0.21967671161372157,0.021074909590627244,0.015387651326669,0.3895367575786568,0.11691255768049752,0.24273628838471334,0.35882427940379935,0.10571247365439365,0.21383733643261263,0.005330866019228881,0.002113804088538635,0.00217610918454926,0.8683365021944045,0.9749984417915345,0.9341624901771546,0.22612469649693523,0.0032069264307722587,0.26428801215623476,0.9258324780543644,0.3143928952741339,0.12586535905722124,0.22736371488058818,0.28715364916237307,0.11234089270473253,0.19924180097025662,0.010127394632898334,0.005425786515166201,0.011636485954980423,0.9048060104250908,0.9725213557481766,0.939855943620205,0.1995787809457874,0.009063222367681653,0.22954315293179092,0.9390611032644908,0.4698811187810471,0.16571255046669905,0.2981412835423822,0.37860571,0.132923078,0.248140872,0.06829656419999999,0.021349828300000002,0.0244553342,0.8209951600000001,0.96070017,0.91189078,0.25322322,0.038033908899999996,0.32975532429595217,0.8978620366666666,102.14757843017578,82.28270263671875,81.66165618896484,103.1044418334961,82.79507446289062,106.61060638427736,83.52828063964844,84.15739288330079,107.60761871337893,85.41478424072265,100.23039274260309,65.00731554331244,65.83516731693744,138.6220663506428,84.8947790772796,87.74433528935441
IN Brain-0105,0.81917626,0.18082377,0,15,0.47264029323574763,0.21190338,0.0651289,0.26543903,A,48,male,40-54,A,0.4204833259063731,0.052156967329374526,0.01095263391077339,0.009845701555140501,0.053741370039252834,0.5164676279308761,0.24085262870110183,0.5786694265923082,0.5055149940201027,0.23100692714596133,0.5249280565530554,0.024846568501722243,0.02731041901926068,0.5148297180888934,0.2629167510295948,0.582345363779906,0.49556571880364614,0.24841406417163422,0.5238546942086547,0.009253164944637921,0.00448319446721486,0.00365483044246324,0.21065993075370787,0.07362516244333231,0.26908372775614253,0.42261149239464507,0.005797063284772007,0.4780839029258249,0.1844562736510609,0.6221881380376815,0.3264260269175545,0.5583764399424223,0.5351826360866062,0.3040316804595712,0.5085441692591747,0.040092880714544143,0.014661929472815565,0.0069019781025699,0.3139031727798283,0.10061219590716064,0.24642770641949027,0.44925282860178406,0.020552262763309872,0.527305546405852,0.2203143583688264,0.554769088693108,0.28516644629594345,0.5836006280277537,0.458007746,0.247580866,0.499508296,0.088061809,0.0289764672,0.03551343999999999,0.24322517000000002,0.082638404,0.2703439374,0.4016989693333333,0.05085057206666666,0.4986449196790671,0.19873583713333334,107.53929290771484,87.84698486328125,85.19511413574219,108.31506042480468,86.02819213867187,105.70038604736328,89.78987121582031,82.8972900390625,106.50105590820311,83.84999237060546,111.0275310374282,74.83249672684818,70.31493940595078,139.4642502129674,98.28045600406728,83.1924693497389
IN Brain-0106,0.8958595,0.1041405,0,15,0.3340864983127647,0.1428882,0.10741405,0.062119238,A,46,male,40-54,A,0.3020067271568202,0.032079771155944514,0.019703314619914813,0.03714498380372522,0.02113716740130725,0.41017195644786814,0.34107439809558826,0.23275929275195137,0.3904686418279533,0.30392941429186304,0.21162212535064412,0.025995155274982428,0.006084590882335761,0.428317607221493,0.3578469567162971,0.2317890410494926,0.4022794735633159,0.3114843142383181,0.20844464126167755,0.00808343971568256,0.00732443705886132,0.00154253306651506,0.15325716309174892,0.11549255189001557,0.061762216191738786,0.3074028096877705,0.005650136613686314,0.3468719601142463,0.1101706437245011,0.5359145338351758,0.378500037347405,0.19447450692282542,0.4431311630527248,0.32233129876753097,0.1751886164105672,0.04316736281910259,0.023126508435461258,0.003147000829224117,0.22723566861823202,0.12589084103237838,0.048634397058049214,0.31355035941027437,0.023146957361262654,0.39377166797900837,0.13392030223621987,0.4512563822315687,0.3669509657800411,0.2516446958197356,0.379862992,0.2998874924,0.219726358,0.054125404599999996,0.0298115532,0.012773286,0.16709902000000001,0.12001303700000002,0.0692307962,0.29982561413333336,0.03223674793333333,0.3644890643554597,0.11878095106666667,109.43787078857422,87.67121734619141,87.26211547851562,110.15791473388671,87.97479400634765,101.89140167236329,84.44365692138672,79.806640625,102.61814575195312,80.6037094116211,114.68777779119232,74.47684918085118,73.6162053379251,132.61945377001393,85.42697045781945,75.30688105685293
IN Brain-0107,0.91416806,0.08583195,0,15,0.2927868936839483,0.049432416,0.09364812,0.1144153,A,38,male,20-39,A,0.2720322598023799,0.020754633881568396,0.0039871545665556285,0.027158807962973097,0.016143999341629633,0.19684062326513013,0.31089795011748456,0.35564816789568326,0.1928534686985745,0.28373914215451146,0.33950416855405363,0.015763320623719452,0.004991312506799517,0.19700879446890063,0.331561678908945,0.35610030470067705,0.19066445694647322,0.29463685520622657,0.33734914529599846,0.00251688695219348,0.00664160942799458,0.002540447825157,0.04948931029569355,0.10297070619268336,0.11463636025451121,0.2742168191495661,0.0038996480684483532,0.3002927774068173,0.0890321255809627,0.22556375225141712,0.34525876159698654,0.3140368953634097,0.21248842912844043,0.3104930133837063,0.2955564519656706,0.003189427629106789,0.017296250019248872,0.0053214393783091365,0.059490660997107626,0.10939986212179065,0.0950359585462138,0.2728459648259391,0.0086023723422216,0.29782866189984475,0.0879754938883707,0.24350536087019972,0.3675606214388519,0.37879321195686744,0.213141336,0.2877242512,0.339116968,0.0260858506,0.052463059599999994,0.0243108838,0.06612771440000001,0.1203192646,0.126042188,0.2799941850666667,0.034286597999999995,0.33413502130400585,0.10416305566666667,104.99438934326172,84.55334930419922,84.62431335449219,105.70597229003906,85.2320068359375,103.38553924560549,89.53421325683594,84.84951782226562,104.10402069091796,85.47684936523437,110.37682992088008,72.1836771336925,71.8511010639873,138.8432503625381,100.59404071771031,88.28498000893123
IN Brain-0108,0.119692296,0.88030773,1,15,0.3663114374836083,0.9383281,0.91755503,0.7850399,A,27,male,20-39,A,0.2871557616410168,0.07915567584259148,0.012233659111421241,0.023603299296224622,0.13939412412947966,0.23154324836121373,0.28470044479023426,0.5204546743087278,0.2193095892497925,0.26109714549400964,0.38106055017924817,0.058410360845708505,0.020745331480467755,0.23720921508139242,0.29922765168818966,0.5188075771314327,0.22182074890196873,0.26971143659036473,0.38049873587874233,0.00337617639475334,0.00568425424052824,0.0045720835087418804,0.9362329740524291,0.9114253368377685,0.7863078554034233,0.29067697379035856,0.004544171381341154,0.3709132600751306,0.8779887220978736,0.2192287679671024,0.3350529149981357,0.5157925383540296,0.19214339266461128,0.3050162060302137,0.4105557944660788,0.004521124837938187,0.012746434869011536,0.010377765776046429,0.9427871227264404,0.8954099208116532,0.7886099733412266,0.30257179772030124,0.00921510849433205,0.375596402902156,0.8756023389597734,0.2875277503466582,0.34947991765509123,0.5458132276246499,0.25076317000000004,0.291182606,0.385980604,0.0249006034,0.0355541868,0.039687762,0.91637795,0.8885771160000001,0.76452029,0.30930879333333333,0.033380850733333335,0.41128115365185447,0.8564917853333333,100.77230987548828,84.49955749511719,82.81281890869141,101.6521209716797,83.77505187988281,102.2553207397461,78.95481719970704,74.891845703125,103.18905487060547,76.03210906982422,95.10563274615714,68.31449965722581,65.59220715437586,118.94228702709624,73.25961154760395,65.47397178396834
IN Brain-0109,0.046666645,0.9533333,1,15,0.18858090826412333,0.93681324,0.9390421,0.9841447,A,35,male,20-39,A,0.16832546719148855,0.020255441072634772,0.00980887253482754,0.01652322080040669,0.01537141504276919,0.23564734457895958,0.2295951800751185,0.08143738529839105,0.22583847204413204,0.21307195927471181,0.06606597025562186,0.013901169459334473,0.006354283716633186,0.23971365754291094,0.26068046027852576,0.08399045453686582,0.22642493072867992,0.2355837523921064,0.0674802186630236,0.00313802043127302,0.00703462377196204,0.0007423866101449601,0.935298073720932,0.9272556923627853,0.9835232804059981,0.1764963005946033,0.003638343604460007,0.20234768966748073,0.9486923488299052,0.1781287097203384,0.2609556769060564,0.08473531319397642,0.15522635009981178,0.23607406778944462,0.0696619265500742,0.0046801580621633615,0.01185447126293209,0.0024292056634846156,0.9567532330751419,0.9271475300192833,0.9833408772945404,0.1536541148131102,0.006321278329526689,0.1812318326413638,0.9557472134629885,0.29980740847508613,0.2987031594147191,0.10700747923625295,0.26197692,0.247183626,0.0838172798,0.029801678399999997,0.0332172282,0.0077466452800000005,0.911176474,0.9116501939999999,0.97766102,0.19765927526666668,0.023588517293333333,0.24450080208039998,0.933495896,102.80525665283204,78.87112426757812,83.04308776855468,103.74964752197266,84.15236358642578,100.76307830810546,80.8698501586914,76.44942321777344,101.76084442138672,77.5810043334961,102.3425670256262,64.81164458237788,67.13965818712776,124.09949283825476,76.91518063635047,66.78968169771619
IN Brain-0110,0.6720058,0.32799423,1,15,0.6327490701647651,0.6739921,0.20721355,0.102777004,A,51,male,40-54,A,0.4271500835330837,0.2055989866316814,0.03262342734170165,0.09181842247833355,0.06680679028933711,0.6313153647055534,0.5102413581792502,0.3311421678238199,0.5986919373638517,0.41842293570091665,0.2643353775344828,0.0637495467031241,0.14184942510465254,0.6417720487296433,0.5148280590535932,0.33076151695036726,0.6034207053699585,0.4178038219988892,0.2620821970611047,0.00939510047977914,0.01075647153471174,0.0021193959678484802,0.6588853547751904,0.21065867481827735,0.10260139701790169,0.42776890814331753,0.00742365599411312,0.6298835064085483,0.3240484755371231,0.5530786558711194,0.522614755542239,0.21474519443622542,0.4651758129988308,0.4443960622210087,0.1652494866107435,0.017465172430230203,0.037437950420946296,0.009203002798001732,0.758258818089962,0.2166341258212924,0.05562123375493684,0.35827378727686104,0.021368708549726074,0.643332818760688,0.34350472588873043,0.657589275763454,0.5253429720698031,0.3438067021370192,0.5520569200000001,0.395844694,0.26510493479999997,0.082795108,0.05887278,0.0156453364,0.63254133,0.21876701020000003,0.10870855014,0.4043355162666667,0.05243774146666667,0.6268737013202654,0.32000563011333333,108.06563720703124,92.0615219116211,84.81108703613282,108.81336059570312,85.67752227783203,101.48919067382812,84.00827026367188,80.94271087646484,102.4265151977539,81.9539291381836,111.15127538018685,82.81646882372368,69.1273576442479,121.56972172844846,82.40396820921184,77.34219108774337
IN Brain-0111,0.97014326,0.029856758,0,15,0.13424387617189765,0.029976744,0.014031504,0.04556202,A,56,male,55-69,A,0.12086177093593571,0.013382105235961936,0.00536855709311132,0.004841058188925634,0.020898183114892832,0.13466131102633055,0.07379731249206375,0.18523448768634262,0.12929275393321923,0.06895625430313812,0.1643363045714498,0.010369266132309929,0.0030128498508014134,0.14314056150218765,0.08348535786623859,0.1878714552569959,0.13605427264730807,0.07681558302030637,0.1657797861627271,0.0020935900377738,0.0015136299035501202,0.00119100614769906,0.03244483750415964,0.01635331488796504,0.04643170534279194,0.12621654727678053,0.0015994086963409934,0.14075073738135221,0.03174328591163887,0.20165132946422248,0.10515424698836721,0.1400324854709562,0.1873123807718637,0.09827479698322776,0.11952668161884242,0.011126673193594453,0.003990262245199143,0.001494598535287378,0.051069147000089285,0.02185001404432114,0.031533346763171724,0.13503795312464464,0.0055371779913603245,0.15110868143795952,0.03481750260252738,0.17586981044539876,0.09811646690795156,0.19914664054021639,0.1514730048,0.0836021588,0.171725392,0.01883257,0.00860655766,0.008128730800000001,0.042519371,0.02001987854,0.050214601600000006,0.1356001852,0.011855952820000001,0.16019045485830105,0.03758461704666667,112.01586303710936,88.20927734375,88.42911224365234,112.7238021850586,89.04952850341797,115.5725326538086,91.76546783447266,86.07221221923828,116.29045715332032,86.75948181152344,122.0016915841909,77.57442334619616,77.75060643642357,166.7947160821711,105.99598136920858,89.50028050703602
IN Brain-0112,0.98202217,0.01797784,1,15,0.09006127779065817,0.009682655,0.0033116904,0.040939175,A,55,male,55-69,A,0.07719877794826588,0.012862499842392294,0.0005079972495736634,0.0013732703228635304,0.014194978415570103,0.054538156355465904,0.022216934075990236,0.1709174894013488,0.05403015910589224,0.020843663753126705,0.1567225109857787,0.005358748662669099,0.007503757243197531,0.055953731944834495,0.02403843362059769,0.17184050966510175,0.05469190729849451,0.02226293843386526,0.15675161279260244,0.00071403763170516,0.0003157380400754267,0.00072237834713826,0.00998959832489486,0.00363352538326576,0.0412321816157549,0.07790215284165407,0.0005840513396396155,0.09128781970196194,0.018285101774638504,0.05206031764988821,0.031358866744264025,0.1466666735828739,0.05059211817565016,0.029479765472389473,0.13222906185189415,0.0007885855663903096,0.0013994270164290287,0.0018633944803856412,0.009150468400912359,0.004977302016413887,0.03348844306310639,0.07076698183331126,0.0013504690210683265,0.08150651196478767,0.015872071160144212,0.07557176558403689,0.02881705448952714,0.18504931325197632,0.0683543006,0.025597634940000003,0.164132144,0.00674623412,0.0016578337999999999,0.0076918452,0.014450270900000001,0.00450197154,0.0455011666,0.08602802651333334,0.005365304373333333,0.1037615009614386,0.02148446968,103.57368927001951,82.96485748291016,84.16582794189453,104.19335632324218,84.74567413330078,113.75687408447266,88.10073699951172,87.44842529296875,114.45165405273436,88.09023590087891,109.33668106170384,69.13004502092835,70.95891445563959,164.34713600110564,94.95429384920952,91.31814107578764
IN Brain-0113,0.9515362,0.04846386,0,15,0.1939670494793621,0.090853706,0.015521808,0.03901606,A,25,male,20-39,A,0.17656474827566482,0.01740230120369729,0.0019641135033045543,0.004544006505675796,0.013167571036021064,0.30450855375875907,0.08005695113156863,0.16480443098166814,0.3025444402554545,0.07551294462589284,0.15163685994564707,0.006558563681667138,0.010843773254241212,0.30184207584722367,0.08235225146417784,0.16431752265183136,0.2964358062926677,0.0767199188190898,0.15025024962260447,0.0038036059520804204,0.0010181072927485282,0.0007861127343561,0.08969952238947147,0.0160773152225825,0.03886418766947458,0.17446865824478733,0.0018692753263950162,0.19322154375390937,0.048213675093842855,0.32557847083593555,0.10014065999893308,0.11862295335976858,0.3097285156877222,0.09517123001249295,0.10691349256416198,0.00941621163299473,0.0017001619905011283,0.0017131304472502052,0.10022563925012946,0.02054189873742871,0.02546965265646577,0.1706044127547924,0.004276501356915354,0.19480542971820963,0.04874573021467465,0.36512354839927424,0.11123517112815333,0.18144807312029573,0.313105286,0.0938781522,0.1602258854,0.049318766400000005,0.01154804156,0.0087119825,0.11909779499999999,0.02346532628,0.0443231832,0.18906977453333332,0.023192930153333336,0.23323732848982187,0.06229543482666667,105.45242919921876,86.93273010253907,85.57952575683593,106.07767181396484,86.15742950439453,116.85887603759764,96.35733642578126,94.4970458984375,117.7156753540039,95.18583221435549,110.51626455347584,75.06821330911495,72.42444390709956,174.3775424078819,117.26058373798146,111.73815218131976
IN Brain-0114,0.908212,0.091787964,0,15,0.30665514496124957,0.15075429,0.0738222,0.05078741,A,55,female,55-69,A,0.2679405521150656,0.03871459284618395,0.027042782557869294,0.010933990489107592,0.04645947710431428,0.4240152481823356,0.2634154146290648,0.20082724368508761,0.3969724656244663,0.2524814241399572,0.15436776658077334,0.028145416717097055,0.010569154792401836,0.43878475744418266,0.2811141904628355,0.20263961520826854,0.4099986190905476,0.26438139523159065,0.15513973239598128,0.00695489233226988,0.00515910266013738,0.00078625061284764,0.15946686249431216,0.0809626359576359,0.05140775535949502,0.27650658223937313,0.0043000818684183,0.31906304508018785,0.09727908460381436,0.4716409751033301,0.32287253408169564,0.1473361249104414,0.416453874513979,0.30024954747140287,0.11483462916423141,0.034662338386152236,0.011668575743360565,0.004110219717983768,0.18016327298246324,0.09899653929751366,0.033687718907458475,0.27717935038320446,0.016813711282498856,0.3343919876635928,0.1042825103958118,0.45393951412564215,0.3044867858597415,0.21031992707115604,0.38737107000000004,0.26337026799999996,0.1598745976,0.0429542302,0.029557622,0.00687006934,0.16877564120000002,0.0908442568,0.0540668122,0.2702053118666667,0.02646064051333333,0.33499312662294933,0.10456223673333334,105.3582748413086,86.77365264892578,84.1969985961914,106.09419097900393,84.9433364868164,111.10550994873049,89.64212951660156,85.64488830566407,111.89812927246092,86.47888946533203,107.71189171685926,74.90123407741457,69.77061878508273,148.4726394585942,95.99736618613656,85.71401556421915
IN Brain-0116,0.9761896,0.023810403,0,15,0.1125191842457134,0.0155968815,0.014612475,0.04122185,A,44,female,40-54,A,0.09637511126995868,0.016144072975754722,0.00910816745521019,0.004724768969604762,0.025473797294791073,0.08036831419732267,0.07625574658994971,0.1718080067422097,0.07126014674211248,0.07153097762034495,0.14633420944741862,0.013102244573202007,0.003041841441078885,0.08428917823079245,0.08402142420220093,0.1732979797458974,0.07427379699672813,0.07763770691311406,0.14670786957188192,0.00090825940392204,0.0013254655904774801,0.00084012588526784,0.01654981184060448,0.0164842935666907,0.04169625816089094,0.09953979116057471,0.0010246169598891201,0.11657740667368406,0.024910121189395375,0.07652825480464716,0.09741330379231927,0.11930934673836646,0.06647880299405375,0.09221024899605458,0.10008238511757495,0.004776343006931368,0.00280760714883617,0.0029663356418194106,0.014677219709847122,0.01983936834731139,0.02565818708608276,0.08625714570256109,0.003516761932528983,0.09826575792936308,0.020058258381080427,0.10230250599003557,0.09617170998692715,0.1824001896731069,0.0843608158,0.0837867418,0.15201354220000002,0.0081611063,0.007076602060000001,0.00624004646,0.02110331454,0.01952168378,0.044633596340000005,0.1067203666,0.007159251606666667,0.12920463470620497,0.028419531553333332,103.95781555175782,85.25762023925782,83.782470703125,104.67703857421876,84.48442230224609,112.4415283203125,92.00106048583984,87.68095703125,113.20777893066406,88.41175537109375,106.74855155878826,72.3727301280871,69.27020309158642,160.64714908535657,103.49481298676936,92.11924005598613
IN Brain-0117,0.8985175,0.10148255,0,15,0.3283282730481589,0.026834851,0.14461763,0.13299516,A,45,female,40-54,A,0.28962532078493797,0.03870295226322096,0.0021490300840855403,0.02779134951572848,0.03004418594965169,0.12356147427784672,0.41325806832546536,0.3920409853009676,0.12141244419376118,0.3854667188097369,0.3619967993513159,0.019994855183155236,0.018708130949683266,0.13312335038722656,0.4236977363274973,0.39682986678781834,0.12879128311870944,0.3905169238069864,0.36492078098251823,0.0021607418310855197,0.0064777653990794794,0.00138929400335586,0.02953537284643386,0.15057069284263994,0.13556478932686145,0.29474299596940473,0.0033426004111736193,0.3364111320167974,0.10522361833864509,0.12503849115466845,0.48216173274100593,0.3383769657634156,0.12008285567328661,0.42228498021574196,0.3078377108657827,0.003424025179025192,0.034661675666330403,0.009562143576359724,0.027247082255780698,0.18721659400034696,0.10614412048598751,0.2834018489182704,0.015882614807238443,0.33991930073658644,0.10686926558070506,0.1669260370474973,0.4332050887041822,0.403133333544791,0.145576661,0.377163318,0.357804638,0.0190409064,0.0296076028,0.01683,0.0396800638,0.1561351194,0.1389941324,0.29351487233333334,0.021826169733333334,0.34985394494922767,0.1116031052,107.34214630126954,87.70374908447266,86.89603576660156,108.0417221069336,87.56638031005859,113.86407623291016,92.0626205444336,90.4453628540039,114.61816864013672,91.17769012451171,115.1811917890518,77.02457380591582,74.47040881629864,167.10354631735217,104.2502052661118,99.2001308850921
IN Brain-0118,0.979184,0.020816037,0,15,0.10119820933967127,0.02520926,0.013337767,0.023901088,A,57,male,55-69,A,0.09002592349887796,0.011172285840793314,0.008697149384858743,0.005714785194254904,0.016868303349549862,0.11767259120140476,0.0708296348301132,0.11285578239377941,0.10897544181654602,0.0651148496358583,0.09598747904422955,0.01042674597622117,0.0007455514641808991,0.12571677622630764,0.07689862719481799,0.11386460465476014,0.11577956490580414,0.06973348149326546,0.09628692369814067,0.0015876194084335,0.0011395575462128601,0.0005694910987201,0.02743699247348118,0.01476532741094412,0.02417346067298198,0.09393332336573675,0.0010988893511221533,0.10619881944226042,0.022125260185802426,0.09921383350443763,0.08380165369671276,0.08943702716313899,0.09109811702527482,0.07882990560228972,0.07462789707128666,0.0042684882863350425,0.003136974639782907,0.0012915491834524044,0.020302440019440836,0.01643056499597151,0.017821966295014136,0.08151863989961707,0.002899004036523451,0.09088877512570416,0.018184990436808827,0.14280501554714492,0.08542436993949168,0.12385097867196568,0.12285473,0.074023087,0.10328640339999999,0.01074540532,0.00507234032,0.00489830962,0.03234605472,0.0168283056,0.0269155104,0.10005474013333333,0.006905351753333334,0.11823509073464494,0.02536329024,107.86049041748046,84.39751434326172,85.11001434326172,108.47744293212892,85.69122924804688,110.72238159179688,88.52051544189453,87.91150207519532,111.35850982666015,88.52518157958984,122.43260255728003,72.58727889025388,73.22424210748851,162.40999751616178,97.36045414641973,95.02400174279956
IN Brain-0119,0.79874986,0.20125012,0,15,0.5021305946284287,0.38663715,0.026646446,0.19046678,A,60,female,55-69,A,0.3837966465017919,0.11833394812663678,0.05882009909657493,0.011323433110585812,0.05546990968482063,0.6672200452797392,0.12288425360583166,0.4868990825117862,0.6083999461831643,0.11156082049524585,0.4314291728269656,0.041871147297327126,0.07646279099077263,0.6664969096674866,0.13071366701719175,0.49105521960556753,0.6033704942247244,0.11716426269082443,0.43159757626524387,0.009719808555275999,0.0017386066478202,0.00298354275830926,0.3850811800032854,0.028847731379885177,0.19335771423820403,0.3840441110602642,0.004813985987135153,0.5037511794150584,0.20242887520712485,0.6901244120790964,0.15936782017628856,0.3419427887001292,0.5125771095162663,0.14740616711435547,0.3017465914109379,0.05000170487886861,0.005627488042816034,0.019218127225044047,0.538856926932931,0.03733121499972185,0.10782458126195707,0.3205766226805199,0.024949106715576232,0.536853575478086,0.22800424106486997,0.6660120672555087,0.1490549521732076,0.4937721956348346,0.545159096,0.1245233286,0.414952796,0.0787448644,0.01148775792,0.026143841140000002,0.38405006999999997,0.03420103032,0.1952680782,0.36154507353333337,0.03879215448666667,0.506586502515229,0.20450639284,99.63541870117189,81.59089050292968,81.41134185791016,100.28861236572266,82.05761108398437,112.53110198974608,92.82858123779296,90.88597106933594,113.26737213134766,91.6099411010742,99.77107618310738,65.26901796138134,64.87045342829465,172.52537683146082,110.55761335629512,103.74719195604682
IN Brain-0120,0.9412553,0.058744725,0,15,0.22349953078944168,0.10243945,0.017338092,0.056456637,A,65,male,55-69,A,0.198345474771576,0.02515405601786569,0.012313724242030422,0.005296860778756171,0.022357812636825708,0.33041015476218466,0.08749025541290953,0.21710441179724604,0.31809643052015424,0.08219339463415336,0.19474659916042034,0.0133227992192041,0.011831250236042007,0.34396415382599654,0.08859357838679283,0.21729134406639156,0.3256347240909593,0.08126385386368629,0.19371156444772739,0.00506756714843944,0.0026000559151009655,0.00126416419582278,0.10878339829407628,0.01761191093438896,0.05652302952697498,0.200203380800791,0.0029772624197877285,0.2296358127972492,0.060972779585146734,0.39478413081771924,0.08987547191655201,0.15669848099259331,0.36392809186964925,0.08313288805868477,0.13342428428205474,0.02365778579270015,0.003116190852592068,0.0027563228843644136,0.134463354293257,0.01793140727568243,0.03651273772120476,0.1934950880701296,0.00984343317655221,0.2350603109889826,0.06296916643004806,0.37625648768013986,0.1101766912751886,0.2330110618280305,0.323571722,0.09460544754,0.2008624776,0.041497666,0.0085241627,0.01042201972,0.1247361876,0.023181908266,0.06221201120000001,0.2063465490466667,0.020147949473333333,0.2537511146654987,0.070043369022,101.1136749267578,81.6850814819336,80.20460815429688,101.73241577148436,80.82008056640625,112.9201919555664,89.4800796508789,83.63186798095703,113.67571411132812,84.32107086181641,104.81377286180084,66.56600144347217,64.31313591824313,158.70514222656217,98.98455409430832,83.15705646884678
IN Brain-0121,0.43133143,0.5686686,1,15,0.6836865491626416,0.7625453,0.27705082,0.66640973,A,31,male,20-39,A,0.49185842355738113,0.19182812560526047,0.044214350977835104,0.04486173899333845,0.21031530453169567,0.5481282388875863,0.5901463091216127,0.6366921171658138,0.5039138879097512,0.5452845701282742,0.4263768126341181,0.09979713150095641,0.09203099986199592,0.5482488697530069,0.6071601672976726,0.636270334590864,0.5026666656458803,0.5523703981523441,0.4303412383187003,0.00864430842494416,0.014213291101400799,0.00417134349591598,0.76244185410738,0.2956808633312583,0.6670180434942246,0.49512610070564156,0.00900964767408698,0.6818404211138567,0.5750469203109543,0.6499806642403061,0.6814357206048169,0.6756038312348408,0.5257630605650734,0.5857364672787082,0.46750209993289404,0.03611507749058377,0.06476744020228295,0.036074857687199764,0.6458453468978405,0.4236270053312182,0.5933823246508837,0.5263338759255586,0.04565245846002216,0.6872418479947369,0.5542848922933141,0.5836327694084507,0.6043046760960722,0.6490472346172724,0.48981238200000005,0.505940866,0.43005541799999997,0.055212176599999996,0.0656889732,0.0351362856,0.729623688,0.29242040999999996,0.6473902340000001,0.4752695553333333,0.05201247846666666,0.6867539906404396,0.5564781106666667,102.5899444580078,86.76955718994141,83.89034881591797,103.50609436035155,84.90350494384765,106.518896484375,91.0956817626953,82.65050048828125,107.28900756835938,83.55228881835937,102.49432090581756,74.4692429083358,69.35665281513398,140.27915354809517,99.19870583058136,77.54394045708905
IN Brain-0122,0.9628082,0.03719186,0,15,0.15891461374952592,0.04344671,0.012767223,0.05536165,A,78,male,70+,A,0.13176395040603323,0.027150663343492698,0.008199003903470448,0.0062916055065977555,0.05133595426114629,0.1787473692123718,0.06836162037894679,0.2140094252979956,0.17054836530890136,0.06207001487234903,0.16267347103684932,0.02194218789040483,0.005208525655631291,0.1917181183646055,0.07894723293071296,0.21730285688887896,0.18030084566132215,0.0707601424031508,0.16501187434540432,0.00256362318399246,0.0013352189347739,0.00091930500638466,0.04771055401638144,0.01525496185550578,0.05652711950601076,0.13869095413662577,0.0016060490417170066,0.1674062974467646,0.03983087845929933,0.1889309270023645,0.09424313294193076,0.17510981466250772,0.17109507390113815,0.08826180492349267,0.12861604373242636,0.009669857736211035,0.003648780464034344,0.004192411885377924,0.046782724419608714,0.019030882060178556,0.04227557517879177,0.12932430751901905,0.005837016695207768,0.15511430684959257,0.036029727219526346,0.22659560061805667,0.08710568178061717,0.22294202759693385,0.192379796,0.073401168,0.1665858428,0.0256200892,0.006483753720000001,0.00730216872,0.05986488999999999,0.01724290258,0.05854388419999999,0.14412226893333333,0.013135337213333334,0.18418422341761692,0.04521722559333333,102.81630096435546,80.31956329345704,82.8445541381836,103.68160400390624,83.7264907836914,105.01729583740234,88.92566528320313,82.84894104003907,105.8830795288086,83.75454711914062,110.55609648528775,65.41281839089066,69.1572222396948,133.88212169943273,96.42919305080322,81.65848675660757
IN Brain-0123,0.7081537,0.29184628,1,15,0.6037965407773515,0.31233564,0.11351685,0.44968635,A,24,female,20-39,A,0.4798273265974856,0.12396921417986584,0.0241260813315054,0.01968456400163554,0.17954533583615184,0.620956709219272,0.3538055795627279,0.6880756721797499,0.5968306278877666,0.33412101556109236,0.508530336343598,0.07445199372309759,0.04951722100315936,0.6157486811609972,0.3517128726973257,0.6875764533524935,0.582540674220767,0.32630792503788186,0.5057389387243465,0.01014498685993652,0.006306823901315481,0.0038654239203576198,0.30586082274913784,0.1125011589961126,0.44727251587361094,0.4715291793276652,0.00677241156053654,0.600843601669508,0.28854483253962043,0.6894337146250993,0.5213452349412182,0.6735365037081336,0.5128942184654492,0.4697675282649687,0.4518634974462644,0.06788803757851941,0.041325340852789626,0.012042910960900332,0.45693686585873367,0.21564870006404818,0.40130312871187923,0.4781750813922274,0.04041876313073645,0.652237106390243,0.3579628982115537,0.6283007119335933,0.3843871679944282,0.686279367376271,0.536090306,0.33604554000000003,0.495980242,0.0736329852,0.0312951504,0.0315072178,0.321909898,0.1289507086,0.44146763099999997,0.456038696,0.04547845113333334,0.6086819503213026,0.29744274586666664,112.90968627929688,88.62313232421874,88.05528106689454,113.6222640991211,88.80888061523437,114.39419097900392,92.31973876953126,88.5465087890625,115.13744354248048,89.29552612304687,128.518254070204,78.30320905395261,77.90258090306389,170.91113555623107,104.63009120704092,95.2920313070944
IN Brain-0124,0.2882199,0.71178013,1,15,0.6005500845803642,0.8573596,0.40781727,0.87016344,A,26,male,20-39,A,0.43819710090705966,0.16235298367330453,0.006884308691684382,0.07321314867690887,0.07716911378948976,0.4097277110541004,0.6760542460331169,0.38607591679204467,0.402843402362416,0.602841097356208,0.3089068030025549,0.05242219038602767,0.1099307883039094,0.4177445886343991,0.6797891671238054,0.3880035409289046,0.4047609250580745,0.6040281243399297,0.30852578066660485,0.00659179588508028,0.02298619474313814,0.00531116309415278,0.8528436631202698,0.4184572878539562,0.8691477776765824,0.4391049433548697,0.011629717907457066,0.5990036129957853,0.7134829095502694,0.3658367070011655,0.6922433286158629,0.3598528455140814,0.3232493640113878,0.6178689963947928,0.31115921618930453,0.00949349442026196,0.044527722226917435,0.013447941762278889,0.8805455014109611,0.5212553475052119,0.8835198134183884,0.41742585886516165,0.022489719469819428,0.5490269514917658,0.7617735541115205,0.47138073712092077,0.6739355198073949,0.4248165480375262,0.41846324799999995,0.5480470399999999,0.3202111746,0.0468699932,0.0710339076,0.031107193299999995,0.820008408,0.402305802,0.848781698,0.4289071542,0.0496703647,0.6188080667084978,0.6903653026666667,104.22442626953124,86.32342224121093,84.24216156005859,105.17797546386718,85.27162017822266,100.05509643554689,84.73679656982422,75.78639068603516,100.90032348632812,76.76050415039063,104.8780659380794,72.5682354360704,69.17284394192832,122.34253095555869,85.08123866167527,67.29078513116373
IN Brain-0125,0.8341629,0.1658371,0,15,0.4492235948839701,0.13067806,0.107527696,0.25930554,A,56,male,55-69,A,0.38541918297244065,0.06380441191152947,0.007330940598624214,0.026193811795841515,0.11153560058209577,0.3876736448797411,0.3413149744014383,0.5723292826127041,0.3803427042811169,0.3151211626055968,0.46079368203060833,0.048353450992187165,0.015450961057410784,0.40008286984001473,0.3461099684207087,0.5688111792127746,0.3826356544575395,0.31247152768827213,0.4554491998300273,0.01016300075798974,0.00799845092193498,0.005882359697604,0.13732780872173606,0.10980620432253922,0.255981119300425,0.38351879399194627,0.008014603792509574,0.45222853770702054,0.1677050441149001,0.5489997958682244,0.3670784630560855,0.610180191012712,0.4265010373000801,0.33038096664763816,0.3469822127283548,0.05814820741415409,0.025955716474257335,0.035279436463514516,0.23820308605208992,0.12007704153656959,0.29919442129321394,0.36795473889202435,0.03979445345064198,0.5258404351690011,0.2191581829606245,0.4445518942121984,0.39143693850604727,0.5735591431726523,0.37370077,0.3146425,0.44122229399999996,0.0645506674,0.0515179806,0.0329689918,0.162963724,0.1326731992,0.260480728,0.37652185466666666,0.04967921326666667,0.4794431087840531,0.1853725504,98.73319244384766,81.90325622558593,80.71946868896484,99.52932586669922,81.43244781494141,104.46182861328126,89.32847442626954,82.66442565917968,105.23060150146485,83.41761627197266,95.99996336357648,66.06399531636465,63.33754838447948,137.2172854412383,98.39620085766336,80.43678122115789
IN Brain-0126,0.072728746,0.92727125,1,15,0.26064085574951834,0.85440207,0.9834663,0.9439453,A,40,male,40-54,A,0.22190570555865946,0.03873515019085888,0.014559792792140036,0.007241790937830464,0.027671948748536263,0.4149965828958,0.08422319854646186,0.21597086771222326,0.40043679010365996,0.0769814076086314,0.188298918963687,0.016491177492835588,0.022243953138361278,0.4168076791611056,0.09654095047620494,0.21335627819538708,0.3977458742410318,0.08654221533429693,0.1861594966258842,0.006554896998958939,0.00162908729368058,0.00204747960530584,0.8533762387275695,0.9803839791297912,0.9448684012413026,0.22348252873373764,0.0034104879659817866,0.263335133319743,0.9262095396995544,0.3336268544898496,0.0797935019487192,0.20513484354982975,0.3004943120691888,0.07284266071178538,0.18382414272688363,0.012052909771319236,0.002114769955950379,0.005192982491472193,0.8960729643702507,0.9845416441559791,0.9477337256073952,0.1857203718359526,0.006453554072913936,0.2192409418580617,0.9427827780445417,0.46577653494468596,0.11498537076195055,0.2532526553795954,0.414379512,0.0977919206,0.20932878800000002,0.0379658514,0.00894918698,0.015335136800000001,0.823673948,0.9755229419999999,0.9301492720000001,0.24050007353333336,0.020750058393333333,0.3030417807958553,0.909782054,99.46427917480467,83.64187622070312,81.76985778808594,100.42255249023438,82.84395294189453,109.41899719238282,85.55381927490234,82.67016143798828,110.31118774414062,83.7839584350586,96.73857684269328,69.69223300674227,64.73694245755574,145.48093418867307,86.29801910601869,80.79082540749883
IN Brain-0128,0.9763072,0.023692776,0,15,0.11208209814873729,0.02677637,0.009879147,0.034422807,A,71,male,70+,A,0.09931179356332345,0.012770304585413839,0.0030553088579439586,0.0030030919848001852,0.024598184962556335,0.12335140373864363,0.05544545792787409,0.14979510482875313,0.12029609488069967,0.0524423659430739,0.1251969198661968,0.01021886193510016,0.00255142979218112,0.1296553671610896,0.05611964658163024,0.14971073971946242,0.12457809630597372,0.0523998956449777,0.12449222549907053,0.0019238975558719,0.00077923806623318,0.0007828127607238999,0.02854723450224842,0.01002571109987324,0.03439750735331324,0.10049007248334065,0.0011619827942763266,0.11441892041245294,0.024323484318478302,0.11465146832161609,0.08015227344959706,0.11368269069432771,0.10865847436049278,0.07611356397187559,0.0918925208895405,0.004935952851543843,0.0023077056086347864,0.0020150230949780496,0.024386499245883896,0.015544781976495869,0.02412428241077578,0.09222151974063629,0.003086227185052226,0.1032546635831427,0.021351854544385183,0.1620674350800299,0.06792725173448051,0.1633218801573756,0.142103216,0.0607240392,0.1329478768,0.016827169,0.003970289720000001,0.00709086358,0.0381648506,0.01266741284,0.0385542313,0.11192504399999999,0.009296107433333334,0.134030579741923,0.029795498246666666,102.44446258544922,84.06941528320313,82.58903045654297,103.1978988647461,83.28076782226563,103.80110626220704,86.97217407226563,80.05739288330078,104.52738800048829,80.79981384277343,103.75423717043196,70.87850224103245,67.30913034079232,136.47856504087943,91.85101251886638,75.48797416116138
IN Brain-0129,0.9707215,0.029278534,0,15,0.13222524941181046,0.022780698,0.0151198385,0.04993506,A,65,female,55-69,A,0.118690337240783,0.013534912171027466,0.0023619455002083234,0.005666663913464251,0.021280095052306935,0.1086722157937615,0.07838350428862104,0.19832399610594595,0.10631027029355318,0.07271684037515679,0.177043901053639,0.009769568155326503,0.0037653595509438698,0.11292514980327248,0.08174042895476306,0.19881903427398798,0.10921400610750993,0.07494596282193922,0.17677267490990892,0.00132323696240016,0.0009820846289221399,0.00096256677779592,0.023919788760971263,0.01592877305881116,0.05010321252783756,0.12031088127978602,0.0010892961230394066,0.13468628469656713,0.029983924782539993,0.09938669851688148,0.09754634229769721,0.15293113489249632,0.09449110998665658,0.0914410020063855,0.13034694767251592,0.0022991633579880198,0.003387875815111774,0.0032739037400883035,0.020347045944072308,0.019873488033772445,0.03536741888383403,0.10542635322185268,0.002986980971062699,0.11762406375952808,0.02519598428722626,0.1372094753589346,0.09107334682291335,0.21097697304757812,0.123430438,0.0805361148,0.18313311520000003,0.011536669,0.00460350234,0.00791128288,0.030712280800000002,0.01823127788,0.054296572,0.1290332226666667,0.008017151406666667,0.1497636571654702,0.03441337689333333,109.82455291748047,86.18013458251953,85.66287231445312,110.48204498291015,86.32558898925781,115.55384521484376,94.83442535400393,90.45318298339843,116.26077575683594,91.1466567993164,126.24932419037142,75.88597307564851,74.04119192087595,177.55808963704158,115.56089506766712,101.4867306330661
IN Brain-0130,0.86884147,0.1311585,1,15,0.388583075925913,0.09169207,0.1276724,0.17411101,A,45,male,40-54,A,0.35231027330825987,0.036272802617653144,0.005866378095885916,0.03777560488408388,0.05014568128834923,0.30643527198687187,0.38193798769274373,0.4623452245134829,0.30056889389098596,0.34416238280865985,0.4121995432251337,0.03126255475610634,0.005010213304985245,0.32042021596451353,0.3858404621909969,0.46124931163271954,0.3092534903695823,0.34289130120935396,0.40964353257536495,0.0058722826926732195,0.007076139461261059,0.0030917425899615403,0.09788922401964659,0.1297128399985842,0.17340814172718672,0.35392944138476706,0.005346721581298606,0.39330427871519597,0.13367006858180583,0.5166035103191844,0.41433647745963004,0.34258976043363853,0.38654181068070326,0.37457001954382885,0.2994723009940198,0.10516788121916362,0.013657745823409183,0.009061423862520426,0.21200686757219955,0.14522517963778228,0.10813097554782872,0.35352804373951735,0.04262901696836441,0.4314900980132018,0.15512100758593686,0.3541651902775738,0.4146050584712888,0.4712099673510246,0.310615944,0.333146732,0.400962492,0.0387412932,0.0437773006,0.0224226014,0.11369189399999999,0.145376754,0.17987900539999999,0.3482417226666667,0.0349803984,0.4162650273081238,0.14631588446666666,102.21107788085938,82.8145538330078,82.66033020019532,102.98459930419922,83.36646728515625,114.88323516845703,95.6590133666992,90.27048950195312,115.72484741210936,91.0249038696289,105.90107793736829,68.99642231373842,68.54367242621979,166.8823225076801,115.94523627024068,98.5735936181092
IN Brain-0131,0.91396296,0.08603704,0,15,0.2932718033150996,0.108790055,0.051550914,0.097770154,A,60,male,55-69,A,0.27803781280895,0.015233990506149597,0.003782723850382752,0.01132870016086901,0.017965719152703674,0.34397814773108026,0.20305673819340483,0.32015569566632046,0.3401954238806975,0.19172803803253582,0.3021899765136168,0.011025714387985145,0.004208277334249555,0.3442125882286477,0.21867790185605243,0.3223920771205298,0.33567598635909,0.20445224735616682,0.30312804872499144,0.004522515287233341,0.0029114037087309003,0.00124183058562806,0.10890155300125477,0.057016411946807025,0.09877910291850563,0.28108542748008275,0.0028919165271974333,0.2984289509393284,0.08823235595552247,0.3829080085307923,0.2675737985691187,0.296592187931215,0.32071868506447077,0.25623154845587226,0.27802189108638553,0.05180169263448697,0.005181024734211964,0.0052840216267407095,0.12817778286989778,0.07547404733486474,0.08744751596823334,0.28499070820224287,0.02075557966514655,0.3185147228930908,0.09703311539099863,0.41518112876766444,0.26230119935365165,0.3400175894664744,0.34404504,0.216580406,0.304688004,0.0677857936,0.0352543788,0.018509415,0.14570221319999999,0.0733822526,0.1069155652,0.2884378166666667,0.04051652913333333,0.3437185919582455,0.10866667699999999,112.53098754882812,86.83524017333984,87.80802612304687,113.2227783203125,88.48074188232422,119.8472412109375,102.38892517089845,93.2722396850586,120.66217651367188,94.00662078857422,131.46816648976792,76.1763484014245,77.9288483745947,187.16345345419344,134.9382473657684,107.62635572500233
IN Brain-0132,0.9791755,0.020824512,0,15,0.10123083396332286,0.0183588,0.020300742,0.023813996,A,43,male,40-54,A,0.0903032338893058,0.010927600074017052,0.0029734281675046353,0.006208804037000554,0.02322908792760045,0.09158121999955392,0.0992072548686374,0.11253254693183175,0.08860779183204928,0.09299845083163685,0.0893034590042313,0.010803773377368547,0.00012384912381924185,0.09460779948725358,0.10901755539590574,0.11633056882156459,0.09021452655226862,0.10096387230794193,0.09202689639207753,0.0012698264021204799,0.00162092538618602,0.00058032211790658,0.01912343695042652,0.022872622868616542,0.02484283801681588,0.09440176508409603,0.00115702463540436,0.1067831348490958,0.02227963261195298,0.1038229060809931,0.1308240522963946,0.08192526121412164,0.09992950178342826,0.12353677334864002,0.06523899919150182,0.0026686508206711047,0.00419154830321945,0.0017421235567531591,0.02150055137462914,0.028879127476830035,0.015973611943263678,0.09623509144119002,0.0028674408935479047,0.10617041610969201,0.022117763598240952,0.1152725395796332,0.12071547608763077,0.12067452307830252,0.10359677519999999,0.105510411,0.094481516,0.00895295754,0.008451238199999999,0.00388545378,0.0245550166,0.0260456372,0.02603432964,0.10119623406666667,0.00709654984,0.11889741998821103,0.025544994480000003,106.29312896728516,84.803759765625,83.8881607055664,107.02160339355468,84.54268798828124,108.7857650756836,89.32735290527344,82.99406433105469,109.466552734375,83.68621978759765,114.66871695118576,73.18730362659866,69.97740795020366,152.13827283955382,99.74989554583053,82.35597687967183
IN Brain-0133,0.955209,0.044790983,0,15,0.1828820712015476,0.045799796,0.0325251,0.056048058,A,54,male,40-54,A,0.16902943983435825,0.013852631367189339,0.007737387418007224,0.00986123379243345,0.02063539071230483,0.1859571459580946,0.14341296933215714,0.21595221613556848,0.17821975854008737,0.1335517355397237,0.19531682542326365,0.012744670640915168,0.001107963964958797,0.19483718236008912,0.14914708301226917,0.214607899363525,0.18486345229631684,0.13742201996982667,0.19279280520616934,0.00274327467163646,0.0021863071657161203,0.0011487827354523,0.04875641756672408,0.034228612070367634,0.055572761110495715,0.17169275915743762,0.0020261215242682934,0.187127983463223,0.04618593024919582,0.16451509382844973,0.16698428524427578,0.15431156093836657,0.15706094828274778,0.15711540410240493,0.13293487733890638,0.005679460987268051,0.005010243868996957,0.0023236300447175215,0.03892578970408067,0.03969834532763343,0.03578574901039246,0.14903707657468637,0.00433777830032751,0.16197635197186744,0.03813662801403552,0.22996069249865503,0.18050935765412374,0.23320561407996374,0.19876193,0.15132755879999998,0.20256986459999998,0.0239326936,0.017513864900000002,0.01108609212,0.061091636000000005,0.0440178626,0.0622837392,0.18421978446666665,0.01751088354,0.21524477399044345,0.05579774593333333,101.72700805664064,81.39365844726562,81.15206604003906,102.43449401855467,81.76866455078125,111.9236343383789,93.59508514404295,87.96947326660157,112.71182403564453,88.68599395751953,105.06638616075293,66.81161399502795,66.22643348592507,169.73147635498765,112.42146271536105,96.06091442574998
IN Brain-0134,0.8885391,0.11146094,0,15,0.3495589104721868,0.13895726,0.06236372,0.13306184,A,70,male,70+,A,0.3232164593896881,0.026342451082498664,0.00855495766058717,0.014585673460676601,0.03586446749418093,0.40306608579061354,0.2334224337461734,0.3921659572477221,0.39451112813002637,0.2188367602854968,0.35630148975354115,0.019668366205148235,0.006674092821915112,0.4065841652371671,0.25152914222754874,0.395399050779236,0.3921920159410277,0.23242835690613833,0.355162617750441,0.00620576947718224,0.0045871904255456,0.004512131470847799,0.1408946217961609,0.06918633388131852,0.1347938428558409,0.3265943301992023,0.005101697124525213,0.35675784547620915,0.11495826617777344,0.4911770372068723,0.2757513215109586,0.3190592306179286,0.4502506320617502,0.2595225593825035,0.29023538601909127,0.022298672679819064,0.011004700636669112,0.007886953334291869,0.19344301680102943,0.07876852102344856,0.09727737242355942,0.3333361924877816,0.013730108883593347,0.3731799737236741,0.12316297008267914,0.4399666241539091,0.2736107606404695,0.42780789080825143,0.388022622,0.233324202,0.35387752800000005,0.044770121600000004,0.026036572600000002,0.0445349342,0.1601790248,0.0779002102,0.15295915799999998,0.325074784,0.03844720946666667,0.3870441577955712,0.130346131,107.31597900390624,91.53204650878908,86.8095703125,108.00288543701171,87.49754333496094,106.80961456298829,90.28384857177734,85.43680877685547,107.6089111328125,86.18741607666016,117.68031834988446,86.06276209479695,75.10307860327978,140.72025002116976,99.79740520499548,86.49477975944762
IN Brain-0135,0.7704866,0.22951342,1,15,0.5386877236513268,0.13073595,0.42155915,0.13624518,A,41,male,40-54,A,0.4524971876110435,0.08619053604028326,0.01180004980993582,0.07451760498082938,0.022852780449987287,0.38778331531455534,0.6807902669095118,0.3980884158498158,0.3759832655046195,0.6062726619286825,0.3752356353998285,0.036390145080250826,0.04980041167467736,0.39278335457496566,0.6780607242758354,0.39920576936540353,0.3756315336836108,0.5962942918960714,0.3732909835117063,0.00712697063807254,0.0150418895236487,0.0033358889891101596,0.1333915136225521,0.4133673409312963,0.1368510402752086,0.44840560303046284,0.008501583050277133,0.5366897591054682,0.227869964943019,0.5365050270417353,0.6899885416204226,0.2838692999559001,0.47523838700657633,0.6083671789895843,0.25723977052727043,0.0383511513206104,0.04149366229073823,0.007732508942911965,0.22771864542737602,0.4602802827954292,0.08210029924521223,0.4469484455078103,0.0291924408514202,0.5695765684448937,0.2566997424893392,0.4143155018596235,0.6775142698709096,0.4151046413155606,0.37202261000000003,0.5463343679999999,0.369217688,0.0316683232,0.0764330026,0.0232975766,0.1452133464,0.41182042,0.1456589728,0.42919155533333325,0.04379963413333333,0.5443382780756538,0.23423091306666668,99.73040161132812,81.32112426757813,80.16828918457031,100.45549926757812,80.77881927490235,109.48516998291016,93.16182403564451,82.11300811767578,110.23047790527345,82.83868713378907,99.4712961064224,66.15639561228313,63.901350024484046,151.54254341790192,106.50606723242906,80.39501886214299
IN Brain-0136,0.9805261,0.019473907,0,15,0.09598453396018279,0.0065513276,0.0073731197,0.044497274,A,42,male,40-54,A,0.08104286242572016,0.01494167153446263,0.001732896856466215,0.0021355230873865427,0.018003047440055486,0.03947046854064959,0.043547260065783217,0.1819823260546359,0.037737571684183374,0.041411736978396674,0.16397927861458042,0.007290489127969414,0.007651178741792761,0.04210389837578527,0.046549362869035535,0.1816163546390395,0.039684451876854834,0.0436878644264673,0.16271089897064156,0.00064283556012636,0.000587536643781861,0.00075861261872516,0.007079921678430359,0.00799065286006074,0.044377993291988896,0.08202773842465456,0.0006629949408777936,0.09732289048027296,0.019816189276826667,0.03039668908898975,0.06140077113296913,0.13457676038441063,0.029389446751453985,0.0582878489578752,0.12006896555290977,0.0007370861652243092,0.0018216357517396129,0.0017815498286432251,0.0047963181961677035,0.011189980385825037,0.029952426871750502,0.06924875375407964,0.0014467572485357156,0.07918861260715405,0.015312908484581082,0.05852372650308343,0.05755617869693635,0.1959862782297342,0.05105486620000001,0.0509736258,0.1712478548,0.0057544119800000005,0.0041735535599999995,0.00801526598,0.01055217668,0.01033957854,0.04914374,0.09109211560000001,0.0059810771733333325,0.11078683612314476,0.023345165073333334,104.43978576660156,85.59586791992187,85.45093841552735,105.06557769775392,86.06308441162109,114.15398406982422,93.85350646972655,91.28340759277344,114.99249572753908,91.95794830322264,112.57419809856458,74.98020316426864,74.27997986999057,171.62102363554862,113.03475791341027,103.28288404073724
IN Brain-0137,0.9766268,0.023373138,0,15,0.11089131057929996,0.016938074,0.019180987,0.03400036,A,56,female,55-69,A,0.09464465913562657,0.01624665144367339,0.0028988347061619096,0.006874081144278066,0.03538188698626171,0.08587051207637902,0.09483431510392114,0.14838395306328125,0.08297167737021711,0.08796023395964307,0.11300206607701954,0.015051600945567229,0.0011950072368856757,0.08883747878927618,0.10179502129580079,0.14916206074914148,0.08450764661345471,0.09312662653389818,0.11308173626477092,0.0012515256606373,0.00152009328823424,0.00059628150945434,0.0176725878159515,0.020971163987606938,0.03423309669473668,0.09690533647070794,0.0011226334861086267,0.11430371371819185,0.02429228283276504,0.07930995924084197,0.16476827251588883,0.1223819025985737,0.07629615274006497,0.15003150075539973,0.09277745464827092,0.002157524252296458,0.00778373920423424,0.001997764178936731,0.015342059696558863,0.03900477624410996,0.026506935110955965,0.1063683693812452,0.003979675878489144,0.12397920486463165,0.026951257017208262,0.11003575687477922,0.11195204930959017,0.15776291649508947,0.09841046099999999,0.09800317439999999,0.11942189240000001,0.00894298766,0.00665235384,0.00528617158,0.023144243000000002,0.0236578131,0.03683842424,0.10527850926666667,0.0069605043600000005,0.12729435634145964,0.027880160113333333,108.42133941650393,89.097900390625,85.18261108398437,109.09960021972655,85.82323303222657,111.15379486083984,90.2501495361328,88.86041107177735,111.86057586669922,89.5415054321289,117.35216362004752,80.95068053194612,72.07752089092199,157.3847582686838,101.0625154271733,96.20517538297663
IN Brain-0138,0.61717373,0.3828263,1,15,0.6654307843141403,0.48999262,0.20217156,0.45631474,A,70,male,70+,A,0.5882305151195227,0.07720026919461753,0.014001051139852616,0.024122161476436865,0.08285575375263021,0.6929468720571441,0.5033981313408799,0.689325508329464,0.6789458209172915,0.479275969864443,0.6064697545768338,0.040326322122973234,0.036873960510600434,0.692409525773996,0.5002141180229631,0.6897580642767275,0.6681899836426679,0.466078833291457,0.6010683216959721,0.011351330718916978,0.011815821651032201,0.004759108188147119,0.4807974820673465,0.1998642078571021,0.4588582581400871,0.578445712876699,0.009308753519365434,0.6639857360290025,0.3798399826881786,0.6881228765782914,0.5420601768347395,0.6768004071118819,0.624883391855239,0.49586478796687616,0.5477489947141742,0.03167886034624749,0.029135058232259925,0.013552761899422427,0.4499206440523267,0.2323164138942957,0.40984040522016585,0.5561657248454298,0.024788893492643283,0.655699392741183,0.36402582105559605,0.6921316506271744,0.5236587542022904,0.6875206465254866,0.6140602100000001,0.45309891799999996,0.5796789840000001,0.0671086086,0.049153664,0.0360744954,0.477470174,0.217447846,0.44700956,0.5489460373333334,0.05077892266666667,0.664377798397222,0.38064252666666665,100.43933715820312,82.40045166015625,80.1762908935547,101.27882537841796,81.00718383789062,104.45974731445312,85.57050323486328,79.42551879882812,105.21537017822266,80.26791229248047,99.71659169114886,65.65909710604697,61.83689651610998,134.48982490743947,87.75225473659238,71.64146447209747
IN Brain-0139,0.5854331,0.41456687,1,15,0.6784776696378957,0.10501603,0.66445696,0.4742276,A,40,female,40-54,A,0.4521563809724322,0.22632128866546347,0.019654604987058732,0.051230817717520916,0.23846498787325054,0.33596656069476005,0.6380348313758684,0.6918181614244985,0.3163119557077013,0.5868040136583474,0.45335317355124793,0.10311680352594339,0.12320447816191804,0.34238417967657403,0.6465978051598709,0.6916250177464989,0.3188952725407147,0.5836926165195544,0.45739924570515367,0.00463411532331106,0.013487459843672282,0.00367094050191024,0.10803356612548227,0.6513645966529846,0.4724192972350865,0.45332904492180753,0.007264171889631194,0.6770782857403095,0.41060582000451784,0.42039037905385956,0.5916248297749984,0.6738325478016487,0.3466696802943817,0.5321570777752264,0.42967581517054987,0.03208794222515883,0.04671684399763285,0.03334210767605481,0.14866728635970503,0.7214014455676079,0.4020460386178456,0.43616752441338597,0.03738229796628217,0.6815619993181035,0.4240382568483862,0.3709281324519392,0.6570724314966525,0.6907315564313103,0.319620052,0.549327252,0.44433302799999996,0.0335959824,0.069505792,0.028497839199999996,0.12201881399999999,0.633489364,0.4652604086,0.43776011066666665,0.043866537866666666,0.6757189883553871,0.4069228622,107.34563751220703,87.44520263671875,86.6397933959961,108.07594146728516,87.35843048095703,110.3692611694336,93.7975616455078,87.5759048461914,111.16889038085938,88.3274154663086,114.0026562423974,75.72462199473532,73.84637564924984,150.49605268783847,107.1975226701674,90.16766813666266
IN Brain-0140,0.021436278,0.97856367,1,15,0.10357746962808016,0.96927565,0.98327714,0.9831384,A,40,male,40-54,A,0.09705871822382997,0.006518751404250192,0.003963051832079928,0.003157705352469023,0.009509324795074048,0.137251246400887,0.08499510156219671,0.08555988868802919,0.13328819456880708,0.08183739620972769,0.07605056389295514,0.005543360659874333,0.0009753791422364294,0.14105376242967074,0.09212088382621292,0.08680942274097378,0.13505574176449223,0.08740037467327955,0.07652986608827764,0.00213341222794214,0.00145753937541404,0.00064076018479884,0.968168016242981,0.9815054489135744,0.9828303359508516,0.09966199417534981,0.0014105705960516732,0.10761057559175866,0.9775012670358022,0.10272206551632385,0.09432918668069164,0.09400106415986696,0.09584393238642053,0.08975908984205323,0.0836481661855461,0.002119790786087805,0.00297082437979979,0.0016680211176027977,0.9787872642278671,0.9809472873806954,0.9810304924845695,0.08975039613800662,0.002252878761163464,0.09704497595900109,0.9802550146977107,0.18342536178767188,0.15018698656974588,0.11577658456051537,0.1639990028,0.12250085399999999,0.0976077066,0.015779985500000003,0.0237793876,0.009059918699999999,0.955031346,0.9654595880000001,0.975307982,0.12803585446666665,0.016206430600000002,0.15083015038060074,0.9652663053333334,97.6942581176758,75.86339569091797,78.55217895507812,98.7273666381836,79.84762420654297,112.53053283691406,95.72665100097656,88.68251342773438,113.69280548095703,89.87688751220703,89.02305483243765,55.92717334996347,59.08098803687018,159.58555316577582,117.7042518537582,96.30551179163518
IN Brain-0141,0.9574122,0.042587783,0,15,0.1760828442672354,0.041723303,0.020392183,0.06564787,A,71,female,70+,A,0.15999843091135532,0.016084413355880067,9.266578426406213e-05,0.005677158654327719,0.029412134497453918,0.17338275338868697,0.09956152180991348,0.2422329764715112,0.1732900876044229,0.09388436315558576,0.2128208419740573,0.011727319645348566,0.004357067753185367,0.17707046330976822,0.10411050520959922,0.24072838305369998,0.17428303787494195,0.09703676948441849,0.20987757898843507,0.0026695965196378802,0.00132984571674578,0.0010161840205327398,0.04290548051930958,0.021575915009248943,0.06508226708769795,0.16039912878259852,0.0016718754189721334,0.1779463405462483,0.043187887538752155,0.27982532843389796,0.12500262549992783,0.18988469372559985,0.23048291969822438,0.11838579237535385,0.1606089094245199,0.028189518020415156,0.003223665535500337,0.002666985395037237,0.08043287359178067,0.027237050951225684,0.0470995078649139,0.1698258738326994,0.011360056316984243,0.20317000195747703,0.051589810802640086,0.21764452757725522,0.12382520280108987,0.25389169892384844,0.19490676599999998,0.108008777,0.2170600974,0.022608164,0.00954939688,0.0089959279,0.0566485502,0.026908326299999997,0.07009774090000001,0.17332521346666666,0.013717829593333333,0.20208667341038988,0.0512182058,108.93951721191408,85.55651245117187,87.94158935546875,109.58512420654296,88.53255462646484,115.14452819824218,93.0202178955078,93.22608337402345,115.92332153320312,93.84679870605468,119.7979575897884,73.8330003774744,78.39306219246755,175.9475354604352,110.2447294325594,110.33559046654378
IN Brain-0142,0.9668712,0.03312878,0,15,0.1454553197748746,0.01933745,0.049678784,0.030370107,A,50,male,40-54,A,0.1329569785444617,0.012498341230412907,0.003711046953881872,0.008420657562036,0.018041327572268923,0.09544925628279044,0.1975683603163903,0.13602635112239123,0.09173820932890857,0.1891477027543543,0.1179850235501223,0.010057677362728931,0.002440647523863526,0.09821799869477811,0.2068339090694186,0.13815760719154496,0.09330468717740582,0.1950381922984247,0.1192505690515939,0.0012260897412978001,0.0033235208690196604,0.0007790239991217,0.02004597830567502,0.05285381785165514,0.030987317451043023,0.1358644828424748,0.00177621153647972,0.15048203507376312,0.03462903786945772,0.07997061395713767,0.23390158002649775,0.10387983043043693,0.07676879785911501,0.22175711440367157,0.0881269486392006,0.002313235344098115,0.005591169641387378,0.001646050426622399,0.015501006442354992,0.06254059576895088,0.021515462454408406,0.12888428696732906,0.0031834851373692976,0.1456472424956857,0.033185688221904756,0.12016060363562527,0.22736401842385573,0.14776918351943064,0.10705914679999999,0.20197064119999997,0.1253400202,0.009523105,0.016844503599999998,0.005722950440000001,0.0258925494,0.060144166799999996,0.033816821600000005,0.14478993606666665,0.010696853013333334,0.1677889617688076,0.039951179266666664,108.04816131591797,85.31361236572266,83.58048553466797,108.69713287353515,84.1897689819336,111.97425231933592,92.4297882080078,86.77215576171875,112.72674255371092,87.43276519775391,116.37209884808874,73.17543955191398,69.25531423976335,157.74839198250498,106.71577095390364,91.33792400780138
IN Brain-0143,0.009662752,0.99033725,1,15,0.05444602567232788,0.9808222,0.99728376,0.9929059,A,27,male,20-39,A,0.04907431358124959,0.0053717120910782915,0.0028864893004485748,0.0009840624227055589,0.004664144587516503,0.09482203664509387,0.01876170043759714,0.04217389997172842,0.09193554734464529,0.01777763801489158,0.03750975538421192,0.0028448987702235453,0.0025267766141136017,0.09786978362512744,0.021433020766342622,0.04282511881902126,0.09355728928237797,0.01994143799248842,0.03770235325252136,0.0013923299540022599,0.0003635891544690942,0.00038154025695582,0.9800434967041015,0.9968251660823823,0.9927738768577576,0.05040036017579591,0.0007124864551423914,0.056548344501753556,0.9898808465480805,0.06280028009732742,0.021920091084364712,0.04115144814946826,0.058581334123681925,0.02064002568068509,0.03696163538487729,0.0013483955692765275,0.0005604317261204909,0.0006167146183122289,0.9884967520833016,0.9967402517795563,0.993112213909626,0.03872766506308143,0.000841847304569749,0.04277984416582313,0.992783072590828,0.13253899329799324,0.03434131627999877,0.06334256222999556,0.11848253,0.029264822200000002,0.0533026098,0.0114411428,0.003716461,0.00564757468,0.97063182,0.9944537999999999,0.988374842,0.067016654,0.006935059493333333,0.08002114154838874,0.9844868206666667,97.80440673828124,73.62866973876953,78.87570037841797,98.83305206298829,80.19313507080078,99.14134063720704,79.63509674072266,75.98734588623047,100.17447814941406,77.27885437011719,92.05090550061736,52.56827610042088,60.17201586374565,120.06048307584108,75.75653875788787,68.1693954246612
IN Brain-0144,0.97835004,0.021649895,0,15,0.10439262347452793,0.027148101,0.010923236,0.026878351,A,50,female,40-54,A,0.09361563802544712,0.010776985449080817,0.005038534373432685,0.00386980270973903,0.018848920630430213,0.12468442765952492,0.06020211959751562,0.12371762453290273,0.11964589328609224,0.05633231688777659,0.10486870390247252,0.009252419237867309,0.0015245055110548605,0.1273747544194493,0.06342374259688272,0.1248665311520885,0.12014173644370549,0.058542617934769225,0.10516612461807742,0.00207529808089892,0.0008110729928924601,0.00063351476369624,0.027902800149377398,0.01164343324073704,0.027198996234591998,0.09461682633218405,0.00117329527916254,0.10666504209684695,0.022248409874902144,0.12185364458136946,0.0777439255704721,0.10721551269336546,0.1154519958069791,0.07301149202794963,0.0876001645454427,0.0044352362932919,0.0027192465602099204,0.001439360396968494,0.026360454241512343,0.014966891219955869,0.022394050707225686,0.09202121746012382,0.0028646144168234383,0.10282829893092295,0.021240465389564634,0.17041863989688227,0.07798388178614017,0.13751026477554087,0.1444453632,0.0676827412,0.113855538,0.0204924343,0.00585227676,0.00635321206,0.040781103,0.0150242299,0.030799455120000003,0.10866121413333334,0.010899307706666667,0.13078585680191848,0.028868262673333332,108.5267120361328,89.35075531005859,85.26860656738282,109.1808578491211,85.89304809570312,109.33007354736328,92.64253845214844,87.18390197753907,109.97351684570312,87.8018783569336,117.41950353821689,80.8728689217919,72.19824042916413,154.33476916346095,110.80282273573118,93.42743863416618
IN Brain-0145,0.9785497,0.021450292,0,15,0.10363094892766354,0.027656704,0.010567945,0.026126232,A,58,male,55-69,A,0.09053367728283043,0.013097271644833111,0.00509151990797399,0.003844349383471564,0.025565443707006433,0.12649980883752623,0.05859531497816601,0.12100722103125103,0.12140828892955224,0.054750965594694445,0.0954417773242446,0.011500437666150663,0.0015968472035176734,0.12956585518749125,0.06216794651183323,0.12197781473470548,0.12279220569244835,0.05741960381904978,0.09574207855885786,0.00156887041008242,0.0008088643979118199,0.00055491912230546,0.02852186039946968,0.0113614632344222,0.026394864645297576,0.09198462935678532,0.0009775513100999,0.10607554693439677,0.02209272942639649,0.11198171326897545,0.07891462767802021,0.09836748083279989,0.10704567648189489,0.07357202827688017,0.07776729538802075,0.00396990900023333,0.0033047136867229766,0.0015956423599546305,0.02366578739602119,0.015247138607082888,0.020084420421335382,0.08612833338226528,0.0029567550156369793,0.09673553222384042,0.019665782141479817,0.16243849821174655,0.07409063709104875,0.13198865173305588,0.141956551,0.0649328476,0.10317012619999999,0.0158441902,0.0050647088399999995,0.0052925687,0.038279896,0.01410052452,0.029210975379999997,0.10335317493333333,0.00873382258,0.12485986260102305,0.027197131966666666,102.79728393554689,85.36440582275391,82.89568939208985,103.4135955810547,83.5250244140625,110.37535400390624,92.87151947021484,86.96472473144532,111.05135498046874,87.64987182617188,112.67238019542368,77.53192855598782,69.81674550429575,159.6798480021292,107.9856617448722,91.97595760288704
IN Brain-0146,0.54323876,0.4567612,0,15,0.6894033319548669,0.6372363,0.23556025,0.49748707,A,47,male,40-54,A,0.5743427822834389,0.11506054967142798,0.006836276069428937,0.005001564472084774,0.15916819268706994,0.6549917664137943,0.5459080627810756,0.6931345508840306,0.6481554903443654,0.5409064983089908,0.5339663581969607,0.05700201107619455,0.05805852505794684,0.6612495445703304,0.5466899298003858,0.6930871084009375,0.6434348650865855,0.5324651765873372,0.5325063054065117,0.01046399081923502,0.009657259247494,0.00697964233034328,0.6256125241219997,0.23622548785209654,0.4945195366933941,0.5694687823601448,0.0090336307990241,0.6885550015804602,0.4521191828891634,0.5819881059562605,0.5945688220263686,0.6931193560276117,0.5242795569879778,0.5644117036138038,0.49409815779658117,0.019562782652795617,0.023850116040939874,0.023888419105678037,0.7312734641134739,0.28171824645251037,0.5037298977375031,0.5275964727994542,0.022433772599804513,0.6930850432319732,0.5055738694344958,0.6720013713648062,0.5767626540091719,0.6927389005986189,0.587146218,0.48698277799999995,0.509252778,0.07983551019999999,0.0863013692,0.058020443399999996,0.602460566,0.26357452800000003,0.485713216,0.5277939246666666,0.0747191076,0.6882550725256966,0.45058276999999997,107.85640106201171,90.83021240234376,86.90327453613281,108.5353775024414,87.63843841552735,121.0932861328125,104.42760620117188,93.00030212402343,121.90543060302734,93.77289733886718,120.85380835583908,82.26500577392525,75.44930277736216,201.42311005322836,143.85620948230246,109.8419001563105
IN Brain-0147,0.100055546,0.8999444,1,15,0.3252050290023468,0.8472291,0.9174673,0.9351369,A,39,male,20-39,A,0.2879738405566064,0.037231188445740415,0.02653382642340918,0.025988711313505553,0.03609728405292126,0.4274854757265073,0.2849118920846566,0.24014397564849127,0.4009516493030981,0.25892318077115106,0.20404669159557,0.029539940596611997,0.007691238269219192,0.42677407100648757,0.2910725587823513,0.24312365343085837,0.39629983843214545,0.25987310403946146,0.20560387830425567,0.006071937471384,0.00532953993313128,0.0019417756272162002,0.8476440363526343,0.914891328883171,0.9340163849115373,0.28725894025862087,0.00444775101057716,0.327601184915591,0.8988505833824476,0.39853228523028494,0.2896154331048947,0.24776661854552567,0.36407699997468607,0.24598519158325222,0.21447709033801568,0.012461085827733986,0.016415924434505316,0.006330163886567017,0.8635143399238586,0.9155038706958294,0.9322549596428871,0.27484642729865133,0.011735724716268775,0.31674707354293413,0.9037577234208584,0.49295793213371986,0.35968494903576687,0.2902304017310706,0.41046621200000005,0.292627172,0.2345071188,0.059528894,0.043628368,0.0238624664,0.80530617,0.88360266,0.9152456000000001,0.3125335009333334,0.042339909466666666,0.3900740546820377,0.8680514766666666,104.48880310058594,86.3322998046875,84.9098907470703,105.56057586669922,86.04342193603516,108.23280334472656,90.70447998046876,86.21473846435546,109.11051177978516,87.33079376220704,110.062676853589,73.58564939854864,71.46722934854445,145.46805177978553,100.83043198562152,88.08590244512261
IN Brain-0148,0.93034834,0.06965168,0,15,0.2527369995275528,0.08503677,0.06165886,0.062259383,A,60,female,55-69,A,0.2278899163988922,0.024847083128660602,0.012689935869013236,0.02270124677499888,0.03648814930671432,0.29090177345828205,0.23150775162725737,0.23313955606186362,0.2782118375892688,0.2088065048522585,0.1966514067551493,0.02395977731690881,0.0008873023566515759,0.30274227044458635,0.236982451895409,0.23501075938517674,0.28423904217554996,0.21162871012199203,0.19726936483051621,0.00484631181996216,0.0031462800004098805,0.00141818031338216,0.09008838690333063,0.06368264377145091,0.06295081552378828,0.23104570570935276,0.003136924044584733,0.2593965385174971,0.07224061539952327,0.37927259598064433,0.2940107250230252,0.17504766340348796,0.33200099200642763,0.2686472943227931,0.1432645855125777,0.03523251660423014,0.010768803193852036,0.0045223419259109165,0.1262898943386972,0.0863500063365791,0.042255658711656,0.24797095728059948,0.01684122057466436,0.2907316681978107,0.08496518646231076,0.32753984058550023,0.2649778495289034,0.24742501493030356,0.28829894200000006,0.21955500479999998,0.20160489080000002,0.0286264364,0.02227190986,0.010451207600000002,0.10112133719999998,0.07444100888,0.0676148008,0.2364862792,0.020449851286666668,0.28134834789054974,0.08105904896,104.0271713256836,83.90703582763672,82.29982147216796,104.66195220947266,82.95213928222657,106.88541107177734,90.9043472290039,85.11179809570312,107.65162506103516,85.83974151611328,109.6459429968897,72.75205233047026,67.63388474223916,145.48077927303223,102.08728898114666,86.00006275200097
IN Brain-0149,0.2576538,0.74234617,1,15,0.5705885561201495,0.49958524,0.85682565,0.8706277,A,51,female,40-54,A,0.444315305386846,0.12627325073330348,0.05384812951214113,0.0207443660426907,0.08148435426972034,0.6931468365396465,0.4106842243879759,0.3851917050574676,0.6392987070275054,0.3899398583452852,0.30370735078774724,0.052025616608184055,0.07424759141708959,0.693128575731726,0.4259112570984227,0.3866704357137241,0.6356591380757136,0.39773685156953226,0.3032926678718059,0.00980394259601688,0.00871207964025548,0.0028567137508332405,0.4969500235378742,0.8481462016344071,0.8698506922125816,0.44556288583901726,0.0071242453290352,0.5748113430793498,0.7383156391282877,0.6663912296514103,0.4182042227032057,0.41073455129533876,0.5535723467455504,0.38965338268129057,0.3232592308705862,0.03262165941211179,0.017413211817961394,0.010994426597881388,0.6151443850249052,0.8525819182395935,0.8567975431680679,0.4221616534324757,0.02034309927598486,0.533360064828392,0.7748412821441889,0.6925168842157178,0.47896355267055346,0.4306704200682705,0.561700058,0.405089806,0.32517474,0.0931205748,0.0559708156,0.0339496998,0.4822494519999999,0.81495116,0.8453620560000001,0.43065486799999997,0.061013696733333324,0.5983595065084653,0.7141875560000001,110.48980712890624,94.65407257080078,90.1121551513672,111.39544830322264,90.95104675292968,110.17218627929688,93.8570999145508,83.60708465576172,111.11485443115234,84.55780487060547,121.81665197469768,90.34862851187694,80.73777762350389,147.8361840571791,108.17645423180592,81.83963476878048
IN Brain-0150,0.12034113,0.8796589,1,15,0.3676041111433151,0.873683,0.862792,0.9025016,A,34,male,20-39,A,0.3412140895219077,0.02639002162140741,0.008868060562900626,0.043808979912084434,0.022419727401726264,0.37932513559434006,0.39986254760036755,0.3195513532477267,0.37045707503143943,0.3560535676882831,0.29713162584600045,0.025032255958903776,0.0013577803090267238,0.3828446807373166,0.4022642131064194,0.3229531445435406,0.3693876290765742,0.35308392800148136,0.29808849726478615,0.00541282453687936,0.00896915279396034,0.00324897724845902,0.8718552465438842,0.8614819256901741,0.9009669559717178,0.3401866847809472,0.00587698485976624,0.3706908759307219,0.8781013760685921,0.3471510032493262,0.36442765130247257,0.36270087424061537,0.3284018890156568,0.31683265512229447,0.33023060209169036,0.008407345476018329,0.014177058789085165,0.009014214737756853,0.8896957352757454,0.8812496915459633,0.8821094542741775,0.3251550487432139,0.010532873000953449,0.35816406235092124,0.8843516270319621,0.4446879436116564,0.47226267643416703,0.37760207322130207,0.38990795800000005,0.37559190200000003,0.32270459,0.0461000622,0.0621181524,0.033655113,0.8369531179999999,0.8194260520000001,0.8745720520000001,0.3627348166666667,0.047291109199999994,0.4335667886485205,0.8436504073333333,103.94399566650392,83.38441467285156,84.13633880615234,104.86090698242188,85.16125793457032,101.4140365600586,82.50192260742188,77.3215118408203,102.34696350097656,78.48763427734374,111.22974645761312,67.27416166350955,70.02088610393339,116.51863286466136,79.29809618075669,68.33154908546264
IN Brain-0151,0.90172917,0.098270886,0,15,0.3212669780220427,0.1308603,0.038890824,0.12506153,A,54,male,40-54,A,0.2698332148956821,0.051433763126360554,0.003071261856176455,0.011096312585172463,0.10564445219837781,0.3880188472457725,0.16440296573296131,0.37688985834803934,0.38494758538959606,0.15330665314778885,0.2712454061496615,0.039937342213242244,0.011496464060620326,0.3908078407069941,0.1779280903817274,0.3806067530981049,0.38292111306167814,0.1636442677477829,0.27550329067329027,0.00518482800264642,0.00304394367631404,0.0018582570693800398,0.13233839154243465,0.043181996813137044,0.1269807941788807,0.27402289049425044,0.0033623429161135,0.32691100779452253,0.10083372751148413,0.4618636095541473,0.3213695726381845,0.3028161358955371,0.4343330764170451,0.25318397024045136,0.19551520893847957,0.014170406444590255,0.05284175851730012,0.007749244446870807,0.1738018491305411,0.09831715496256947,0.09012033063481795,0.2943440851986587,0.024920469802920397,0.36840959717264693,0.1207464449093095,0.41983587124069105,0.19562456732732575,0.3836360996116651,0.38114698,0.16767110540000002,0.269759954,0.0361513018,0.0159287527,0.01571146314,0.148349762,0.049021702,0.1285578942,0.2728593464666667,0.022597172546666665,0.34366901369606323,0.10864311939999999,102.68731689453124,83.78741912841797,83.69326477050781,103.43565826416015,84.43204803466797,104.48062438964844,87.49972839355469,81.14957427978516,105.28335876464844,82.05439758300781,102.22761185419878,68.42669694666336,67.63049017968135,136.5483671168083,93.72473638703056,78.83672848007508
IN Brain-0152,0.36568367,0.6343163,1,15,0.6566184322091572,0.82156575,0.45181346,0.6295698,A,32,female,20-39,A,0.4833169912534409,0.17330144095571626,0.03442073062638534,0.15032301276475268,0.18199654436117407,0.469010946242764,0.6884960774672915,0.6591842378025795,0.4345902156163787,0.5381730647025388,0.47718769344140544,0.12224676258410404,0.05105466982158724,0.48379937879431983,0.6834667002401322,0.6624892180469277,0.44176618951854474,0.5277460423653075,0.48235364805184855,0.0074054387056127794,0.03492328621002624,0.00693305032023892,0.8116651999592781,0.4305406502556056,0.6231733622282742,0.4839552933119003,0.016420591745292645,0.6631795045317979,0.621793070814386,0.490133283611386,0.6024009751834174,0.6484494206487459,0.4156887059339523,0.4398971852225214,0.4760801679486925,0.02399071805824022,0.12099053968415685,0.0560641813137565,0.8072868131101132,0.7097213697503321,0.6483706817030906,0.4438886863683888,0.06701514635205119,0.5912519570451336,0.721792954854512,0.5153902756503428,0.6886933476935233,0.6663974935693532,0.44100693599999996,0.508630884,0.467650346,0.0442384064,0.06020688440000001,0.033941876999999995,0.7889153,0.45284484799999997,0.615131028,0.47242938866666667,0.04612905593333333,0.6645691547870742,0.6189637253333333,100.51909942626952,79.5949920654297,81.23040924072265,101.1744400024414,81.99895935058593,103.32189483642578,86.75017852783203,79.94823608398437,104.08258972167968,80.72771606445312,106.64405737317028,62.41816622791422,65.55292365044963,140.67351002158287,89.69557555228215,76.62912479652168
IN Brain-0153,0.252696,0.747304,1,15,0.5652776540649893,0.9571295,0.4807817,0.80400085,A,48,female,40-54,A,0.3589720258576099,0.2063056282073794,0.008615885397699391,0.1769240865532724,0.10172007385996157,0.1769620152873393,0.6924083124351097,0.49480579566131405,0.1683461298896399,0.5154842258818373,0.3930857218013525,0.09575334860364444,0.11055231889557848,0.17879078361262235,0.6930435512903281,0.49837288134281366,0.16701216155380863,0.5048547599547665,0.39558028188245353,0.00251187675017036,0.02201990119062788,0.00175191279850304,0.9565392495393754,0.49280188601464037,0.8014591966509819,0.35581573446367615,0.008761230246433759,0.5620418698548139,0.7502667774016659,0.1451910619801358,0.681991851447093,0.5071723850639738,0.135195093612167,0.4537217362569879,0.39478345179448393,0.005804542098229748,0.125453133899394,0.01347004288636922,0.9669495165348053,0.5745445723936428,0.7950618706643582,0.3279000938878796,0.04824257296133099,0.5283571281203242,0.7788519865309353,0.2973678734600015,0.6905682671353157,0.5317792774200081,0.22865693399999998,0.48043641800000003,0.407088346,0.0614319592,0.0596979052,0.0391101594,0.9122214380000001,0.46410643700000004,0.776116612,0.37206056600000004,0.053413341266666664,0.5953162454550004,0.7174814956666666,116.22503814697264,96.58119659423828,89.99031677246094,117.01576080322266,90.7771224975586,109.60730590820312,88.75543060302735,82.9070816040039,110.4109100341797,83.74823913574218,130.19738796790685,93.187312467961,81.41490612656509,151.64448241772658,93.49604921609044,80.4673629859154
IN Brain-0154,0.019286651,0.9807133,1,15,0.09524979274835858,0.96703416,0.9888344,0.98627156,A,41,male,40-54,A,0.08390053432672721,0.01134925842163137,0.011137163111528237,0.003833422787790225,0.01202998538813587,0.14490526100848317,0.061291568683840066,0.07250534457531274,0.13376809789695493,0.05745814589604984,0.06047535918717687,0.009000190429151443,0.002349015453831496,0.15097861479056632,0.07061862947582807,0.07581590628556137,0.13780401493097527,0.06460424331664372,0.06260116715070756,0.0022643664488983203,0.00166307905750216,0.00061648681601382,0.9652216413259506,0.9867112407684326,0.9854918821334839,0.08833647513277552,0.0015146441074714335,0.10136135843310644,0.9791415880759557,0.11088876321916821,0.07745351342217432,0.06763706791937729,0.09535170643785669,0.06460101979797958,0.058115296329029696,0.0015288252438188884,0.004335191525303727,0.002272078982374655,0.9766275316476822,0.9851024329662323,0.9873991638422013,0.07268934085495532,0.0027120319171657567,0.08594718979860219,0.9830430428187052,0.19588420349531865,0.10430899022004318,0.10243547280987977,0.1659668252,0.0859596498,0.0812995244,0.018807996799999997,0.0135659304,0.00942395778,0.95089071,0.978372032,0.978862024,0.11107533313333333,0.013932628326666667,0.13690833227099405,0.9693749220000001,104.1437759399414,78.28604888916016,82.4510498046875,105.15201110839844,83.69276885986328,104.28521423339843,86.45658264160156,79.45348205566407,105.32944793701172,80.70429992675781,101.67044832838005,63.34264112397274,66.91771373921821,126.8559460047386,88.9981083196064,73.9613219436176
IN Brain-0155,0.9533833,0.04661667,0,15,0.18843007763117317,0.09376239,0.016802961,0.029284652,A,52,female,40-54,A,0.16836561462784577,0.0200644630033274,0.005889805242206891,0.0029587012234944254,0.01477986266997744,0.3111572669937167,0.08532125766739357,0.13224668835810585,0.3052674617515098,0.08236255644389914,0.11746682568812841,0.007876123045226252,0.012188332656187545,0.3107622430748678,0.0914125477061745,0.13360836684116853,0.3001459160471218,0.0870571806826234,0.11775763531859336,0.00462719733288072,0.00137458270960164,0.00087057071015066,0.09358833890929814,0.0183164220357313,0.029674355377466384,0.16832024401611287,0.0022907835842110066,0.19016586696239865,0.04719303877416527,0.24037624700869298,0.13976269065055896,0.08974861010083178,0.23163689798078782,0.1304056452449475,0.0781701401698062,0.006067085224116036,0.007417188018664073,0.0018363700276339463,0.0649501777254045,0.03145459659863263,0.017899723564914892,0.1467375611318472,0.005106881090138018,0.16186295028152858,0.03810149929631734,0.35315839527648424,0.10846628496809461,0.1470980106084505,0.31399080599999996,0.096846019,0.1261775736,0.0345781618,0.00850390346,0.00694436284,0.113202209,0.022725929,0.033616797600000005,0.17900479953333334,0.016675476033333334,0.2172686805250284,0.056514978533333336,104.53780059814451,85.71732025146484,83.26433410644532,105.19025268554688,83.88092803955078,110.51427307128908,92.97706909179688,87.48271026611329,111.22015075683592,88.15094299316407,110.5038679990209,73.2681586154471,68.59153030094667,156.5373360461306,107.90217971910891,93.0703069783706
IN Brain-0156,0.670764,0.32923597,0,15,0.6336362411720682,0.45103273,0.24425092,0.29242426,C,25,female,20-39,C,0.5723066902604282,0.06132955091163994,0.03722671081394879,0.04616337127480741,0.04827235641689054,0.6883439011625747,0.5559305233281869,0.6043080847961697,0.6511171903486259,0.5097671520533795,0.5560357283792792,0.043887479501882244,0.01744206760419076,0.6869927912671305,0.5683806798509141,0.6091619023026767,0.6451124101669296,0.5142804453253278,0.5560248033531043,0.00948325325368706,0.01304768720065878,0.00364856908685756,0.4445845085203647,0.25557803804725404,0.29800202130526304,0.5718058862817873,0.008726503180401133,0.6360892509660432,0.33272152262429394,0.6898147455711727,0.6427391932392597,0.5648237677061316,0.5665454613582719,0.5333776116616897,0.5198882456483845,0.0313923753322272,0.05039830206400573,0.01278093826411827,0.5407966397702694,0.34259109208360317,0.2522778108716011,0.5399371062227821,0.03152387188678373,0.6633523855773953,0.3785551809084912,0.686441887925201,0.5738043573966767,0.6058952477584078,0.5866005879999999,0.46716482,0.527806122,0.0723133212,0.0712589446,0.0345842748,0.44216276200000004,0.260715864,0.294229334,0.52719051,0.05938551353333333,0.6358438731868976,0.33236931999999997,104.97696075439453,85.2554718017578,84.79401397705078,105.77985534667968,85.58779449462891,115.07842254638672,95.95618133544922,87.83462219238281,115.9098861694336,88.78853302001953,105.84703054360423,71.09908275378396,70.54882280526085,159.61947280946492,112.33849941381398,90.63702557745007
IN Brain-0157,0.90156776,0.09843219,0,15,0.32162447140616773,0.07002364,0.093730606,0.13154234,A,48,female,40-54,A,0.30478181575934726,0.01684265564682047,0.020200284096195703,0.0023986258326828547,0.017149027989371235,0.25370009163667645,0.3110851523738227,0.38930814118579243,0.23349980754048075,0.30868652654113987,0.3721591131964212,0.013249312639416597,0.0035933029190124977,0.25022702208460246,0.31526048274231677,0.3889180361151473,0.22919268182859737,0.3089760718180998,0.37026222587651275,0.0024548033464244596,0.0036757576903505796,0.00140964361968918,0.06868612409848715,0.09557965811491008,0.1313357442498207,0.30281032650773665,0.00251340155215474,0.3218495007434965,0.09853384215440597,0.34162561639119815,0.38151377504459294,0.34883549619283966,0.2802623357078303,0.3687000844895162,0.32280090956072616,0.04052018511089671,0.006611147973384179,0.004238419043476699,0.1076745426049456,0.12745177876204253,0.11111274634022265,0.3239211099193576,0.017123250709252528,0.3576850179811498,0.11541302256907025,0.3298314282761664,0.3727324786850113,0.4206481226049563,0.253751882,0.318661962,0.372206686,0.057307896000000004,0.051383197000000005,0.035337782,0.10217297780000001,0.12293510599999999,0.14881503199999999,0.31487351,0.048009625,0.37607106509744925,0.1246410386,165.3650909423828,116.59701385498047,111.32477416992188,166.24680786132814,112.14690399169922,149.59485778808593,117.46175231933594,110.4985565185547,150.5742645263672,111.3851821899414,237.9642287802504,136.3231279266025,125.52796026507728,295.6043165151499,185.64019343252693,165.5010522996582
IN Brain-0158,0.055601317,0.9443987,1,15,0.21468877083357107,0.9259304,0.94492406,0.9623415,A,48,female,40-54,A,0.1999372888418484,0.014751481991722687,0.002529380757748334,0.0221692115892336,0.013158192469660268,0.26404070949484876,0.21319804605582776,0.16042989579151082,0.2615113287371004,0.19102883446659416,0.14727170332185055,0.012618928272214067,0.0021325960120363863,0.27143982281944884,0.2253463576336654,0.16364155065372651,0.2651272172362291,0.19853972219038124,0.1487559927360836,0.0038459858162240997,0.00435722001637808,0.0015445981782780801,0.9229761058807373,0.9405880679130554,0.9613463387489318,0.20414097738756465,0.0032492680036267534,0.22243974915658185,0.9416368375142415,0.2561111536819188,0.19700890482062203,0.1910658246194178,0.23945606989616355,0.18073918590193744,0.17244804643367764,0.006263877570829968,0.004264487709850151,0.0036690774446358,0.9290415421128273,0.9505106523633003,0.952507159113884,0.19754776741059288,0.00473248090843864,0.21576059292162933,0.9440197845300039,0.32622792665648,0.271966824639296,0.20777614319182966,0.29401096200000004,0.22267284520000002,0.17550300800000002,0.029836368800000002,0.0266978844,0.017621272200000003,0.8994782219999999,0.922763776,0.94681932,0.23072893840000006,0.024718508466666667,0.271329707411107,0.9230204393333333,102.89401397705078,85.60736083984375,82.63693237304688,103.80543975830078,83.71481018066406,106.28700408935546,89.67072448730468,82.90758361816407,107.23433685302734,83.99501342773438,100.060912844247,71.56783048517934,65.45517282835901,139.58585952828804,95.99066756089287,80.5143968461947
IN Brain-0159,0.8289195,0.17108053,1,15,0.45759540001563753,0.43067867,0.027731618,0.05483132,A,33,female,20-39,A,0.3252109171879335,0.13238448282770404,0.01752084896448347,0.00847340692906931,0.02114684777515702,0.6835052501433254,0.12676639181543176,0.21250221327375302,0.665984401178842,0.11829298488636245,0.191355365498596,0.015713701222903265,0.11667078467615771,0.6816988876918626,0.13019298174792338,0.21536233309343947,0.6553794413949088,0.12044285848933552,0.1929103617778984,0.010056102519455278,0.0013200331777653,0.00100635955387158,0.4244866305887699,0.0286997714709956,0.05583931250651366,0.3229108872207142,0.004127498417030719,0.4553708879129383,0.1696752381887597,0.6930661762324687,0.16799364951136903,0.15713013820448768,0.6046417172636293,0.1575023664914324,0.13522122856020313,0.038816775544773606,0.0061967618133312915,0.00294099280678155,0.4936359548941255,0.04001557712326757,0.03664470163275837,0.2991217707717549,0.01598484338829548,0.48636611359034787,0.19009874455005046,0.6817734565621316,0.16201225901689326,0.23166129225698806,0.582848794,0.1370528412,0.19910879880000001,0.08660687119999999,0.01574329068,0.012068516,0.42473202,0.0381477532,0.061715268999999996,0.30633681133333335,0.038139559293333326,0.4635170678639526,0.17486501406666666,100.67643280029296,83.27256622314454,81.93102111816407,101.34419097900393,82.53756561279297,118.4488311767578,99.8963119506836,91.50936431884766,119.22304840087892,92.18511657714843,102.77886372842686,70.67840971470068,67.20336722381205,196.57802390117047,132.25279015048565,107.29105477281348
IN Brain-0160,0.015250609,0.98474944,1,15,0.0789290480055158,0.9759243,0.996383,0.98194087,A,72,male,70+,A,0.07052962671821732,0.00839942128729848,0.002591925836134157,0.0010245373752555235,0.012629270482764465,0.1135029198471157,0.02394542612858382,0.09038626787310657,0.11091099401098155,0.022920888753328296,0.0777569973903421,0.005415244564718049,0.0029841659653311176,0.11874153582415578,0.025779001774846093,0.09309485182843052,0.11434697213789018,0.024276163718279297,0.07971577604283184,0.00178935924685136,0.00039538797939596616,0.00074363608680362,0.9744978038311004,0.9960540942192078,0.9812597997665404,0.0727796372996671,0.000976127771016982,0.0822923929993937,0.9839372326056162,0.07586457322262827,0.02847666420523018,0.09526326144074827,0.07160070537669903,0.026793772923167574,0.08276345494127431,0.0014172558122706209,0.000729770887569589,0.0021899512027193707,0.9854803442955017,0.995560996234417,0.9807099103927612,0.060385977747046966,0.0014456593008531934,0.06828491358826386,0.9872504169742267,0.16629871617387046,0.054575983545826164,0.1273594286003367,0.1455712632,0.044265938,0.10299949500000001,0.01812014,0.009203852,0.012098512,0.96051665,0.9903091700000001,0.972101516,0.09761223206666665,0.013140834666666665,0.11942825529670474,0.974309112,100.05390167236328,78.53807220458984,80.172119140625,101.06849212646485,81.44981842041015,113.22295532226562,98.03602905273438,88.7978286743164,114.2310073852539,89.97175598144531,97.34930305808128,60.20639312532119,63.2123291979899,166.9193987069454,125.1351110248007,97.64584672869164
IN Brain-0161,0.405393,0.59460706,1,15,0.6751378101587193,0.8041612,0.5206088,0.45905104,A,38,male,20-39,A,0.46887119320264486,0.20626661695607446,0.16980388747582525,0.15118613599703346,0.14906304398471637,0.4945793670411971,0.6922974927051788,0.6897897873191339,0.32477547956537184,0.5411113567081454,0.5407267433344175,0.15668435581919168,0.04958227642521196,0.5120684462555811,0.6931316595140443,0.6885192577379388,0.35061422565833966,0.54450428542547,0.5421945076915167,0.00954071872271776,0.01514881586477348,0.00404608211685796,0.7914205571949482,0.5027857643116265,0.4519334878459572,0.4791043395917754,0.009578538901449734,0.6796228100233166,0.5820466031175106,0.4805471165751075,0.6924908743577747,0.6779844443117728,0.3541774034231592,0.5460011155210606,0.5468725000906934,0.05020024693825642,0.054749487355049656,0.041697778362339386,0.8138804346323013,0.518113014800474,0.41314971586689353,0.48235033967830443,0.048882504218548485,0.6797326062518176,0.581714388433223,0.5379238649498547,0.6931458596292914,0.687431585988425,0.34669781200000005,0.511982442,0.520823708,0.0584537262,0.0593928036,0.0405311404,0.771116396,0.49918731000000005,0.44659261800000005,0.459834654,0.05279255673333333,0.682656216507428,0.5722987746666667,108.77911529541016,90.05199279785157,87.4741439819336,109.55654907226562,88.17809600830078,115.22166595458984,97.2275146484375,90.9656509399414,116.0465850830078,91.70716400146485,122.91185932311296,83.36982115346665,77.68444478403624,165.41310461227567,118.1982049045022,99.58416995575485
IN Brain-0162,0.18101902,0.818981,1,15,0.4729351554676059,0.8532278,0.9013685,0.7023467,A,50,male,40-54,A,0.4101828923236759,0.06275226314393001,0.015326813742241818,0.03277226454666732,0.0693498535155177,0.41706911402962465,0.3220656273231457,0.6088628674226839,0.40174230028738284,0.2892933627764784,0.5395130139071662,0.03914964393480894,0.023602641564244575,0.4225573624328026,0.32640021046289835,0.60281514374778,0.40240869126996914,0.2879849344721198,0.5336487129525165,0.00595693189603054,0.00668612207521826,0.00549378389469006,0.8500874526023864,0.8993995897054672,0.709257526242733,0.40801411289820183,0.006045612621979619,0.4720274507084133,0.8195815228501956,0.43384261136862157,0.2959754678199924,0.6337209416928717,0.38322443293684627,0.271035949448306,0.5683393005577646,0.032383710331058926,0.009293757347357674,0.01810166368791512,0.8434867165982723,0.9128152698278427,0.6706449627876282,0.40753322764763894,0.01992637712211057,0.48769525603377883,0.8089823164045811,0.4817744019697279,0.4012187637312362,0.6300551755680623,0.414182632,0.319672916,0.5247024760000001,0.053662699999999994,0.0528986164,0.0485043882,0.813047064,0.8620531939999999,0.675717864,0.41951934133333335,0.0516885682,0.5223058779554897,0.7836060406666667,102.28086547851562,84.8327423095703,84.17812652587891,103.18211822509764,85.12520751953124,106.70727081298828,90.52716827392578,86.63419342041016,107.58440246582032,87.6608901977539,105.54124814160453,69.70137498863276,69.45632849407251,140.96732898253785,99.84564270160396,89.22071301449313
IN Brain-0163,0.32184586,0.6781541,0,15,0.6282530113842848,0.8085886,0.78791213,0.43796164,A,65,male,55-69,A,0.49598948047087865,0.13226353091340615,0.01913526879427585,0.07677936656671203,0.10651953356578225,0.48826299758596003,0.5167098202859159,0.6854297924675301,0.4691277287916842,0.4399304537192039,0.5789102589017479,0.06747805630892338,0.06478545345976572,0.48389808959031744,0.5159665709298441,0.687529530130393,0.45916125828259824,0.43693584279474074,0.5800336544991861,0.0066519452335391995,0.00855106766271696,0.0026210207955502398,0.8115976197123528,0.7884777468681335,0.4470513305559754,0.492043585192175,0.005941344563935466,0.6250658388762771,0.6823755657121539,0.4718022190414658,0.504540554684439,0.6660001547732713,0.4335452798671497,0.43583563781540774,0.5565793659992326,0.019525968613827098,0.03317495472057164,0.018441288297068103,0.8197302870452404,0.796994685381651,0.38402485551778226,0.47532009456059665,0.02371407054382228,0.6363407806748318,0.6669166093148912,0.5487955054243119,0.557780510746591,0.6824029696625116,0.460970294,0.43780477199999995,0.539080546,0.0707777858,0.055839178,0.055168568800000005,0.7619725660000001,0.754104758,0.426836908,0.47928520399999996,0.06059517753333334,0.6488965135998331,0.6476380773333333,102.8558349609375,84.4773681640625,82.52359619140626,103.68446044921876,83.52990112304687,109.09650115966797,91.16527404785155,85.04368133544922,109.92366638183594,86.0766372680664,107.40196297665224,72.4969359765851,68.6169945397183,146.49610631583778,101.489088329766,84.78150326051453
IN Brain-0164,0.9248407,0.07515935,0,15,0.26678457829153834,0.1456472,0.03615229,0.043678574,A,64,male,55-69,A,0.2249546169317785,0.04182996135975983,0.028271919827709935,0.013231077507359967,0.03369748396362801,0.4150838103354738,0.15551691498437797,0.17946360677418172,0.3868118905077639,0.142285837477018,0.1457661228105537,0.02506682709956597,0.016763180794545418,0.42261497778404095,0.16370840214105392,0.1804419874422751,0.39004037637961836,0.14824065086477017,0.14642505364718789,0.006344444782956859,0.00231662785496304,0.00096730114862876,0.1499457520909607,0.03867446513772006,0.043995977812772556,0.22823536029719213,0.003209457928849553,0.2727165551350029,0.07753873168048445,0.5557069185327856,0.22126228167147496,0.14748305198620953,0.47095344831268726,0.20613604889215412,0.11628861543347384,0.059488629165743726,0.00934250283781668,0.002748762561531211,0.24405303383246063,0.0579403416137211,0.033731503479066303,0.26445937087943844,0.02385996485503054,0.35048657842181513,0.11190829297508269,0.4476255685447584,0.18260079671711738,0.19165993984333363,0.381225896,0.15531085579999998,0.1526022506,0.0438174544,0.013496317000000002,0.00744194306,0.16485005400000002,0.0446990934,0.047691121860000005,0.22971300079999998,0.021585238153333335,0.29258532392047876,0.08574675642,106.00311584472657,85.29505920410156,83.8180145263672,106.65209197998048,84.4332992553711,111.8458755493164,94.1885543823242,88.06073150634765,112.55070190429689,88.71656188964843,116.80483404438915,74.01188446160123,70.35065397316147,164.27003501295204,112.60174031812828,94.27359838829452
IN Brain-0165,0.10098774,0.89901227,1,15,0.3272478486497208,0.952752,0.9424246,0.80186015,A,30,female,20-39,A,0.26040244959662134,0.06684539905309944,0.001980991226995188,0.025294679433096323,0.09990415911570433,0.1903310544226474,0.22024327612669597,0.4978128480163166,0.1883500631956522,0.19494859669359965,0.39790868890061226,0.04239327659193195,0.02445212932551788,0.19313643210641768,0.24071911273352464,0.49922159685546064,0.1886294832897648,0.2089210306100055,0.399166906869388,0.00260765551651388,0.0047609613582269604,0.00372412811913666,0.9518148570537568,0.9349212116718292,0.8008501554012298,0.2655724735897194,0.0036975816646258332,0.33408094235495167,0.8958620747089386,0.15917848979379692,0.23268521395081468,0.47280161765649775,0.1505872997950596,0.20657201700029942,0.389435608126361,0.004251552499390948,0.01154978709624998,0.014436735100479265,0.962727028131485,0.9379080504179,0.8190694347023963,0.2488649749739067,0.010079358232040064,0.3104067289440584,0.9065681710839272,0.25509560886590366,0.3025811275772645,0.5242246536188331,0.22634448000000001,0.2306733076,0.395776942,0.026750228199999997,0.0426584024,0.0323661654,0.9294359200000001,0.9099812820000001,0.782109804,0.2842649098666667,0.033924932,0.37901676224419595,0.8738423353333334,103.11092071533204,81.2176742553711,83.24001770019531,103.94947509765623,84.18088073730469,114.8378890991211,93.06724548339844,88.76217041015624,115.7153091430664,89.82676696777344,106.46532019224664,63.422137847686166,67.86630161078838,162.27707190737198,104.79780085385472,95.8270886440449
IN Brain-0166,0.92436993,0.075630024,0,15,0.26796446405471025,0.12351511,0.028390516,0.07498443,A,61,male,55-69,A,0.220978645613471,0.04698581844123925,0.02325968872991563,0.013234185406193283,0.06988827086220883,0.3738705900672906,0.129102127345236,0.26634536442620416,0.350610901337375,0.1158679419390427,0.19645709356399532,0.03546071499943925,0.01152505198738435,0.3811882232488453,0.14338935098439431,0.269924812404178,0.3504982766015484,0.1270526003921965,0.19846430894806402,0.0063521349857595,0.001968546634728,0.00133439146181862,0.12728261179625983,0.03251813884736032,0.0764149135338142,0.22533839531393632,0.00321835769410204,0.2756776222664855,0.07873855472581145,0.42632027136371387,0.191734794754008,0.18110167052298537,0.3984365801579747,0.17717486736544347,0.12728409680206595,0.022501456391312725,0.008565237183441815,0.007670929914457237,0.15209170640446246,0.04771612459444441,0.04421043089114392,0.23429851477516137,0.012912541163070593,0.2820285755354274,0.08133942063001692,0.4044095841341975,0.14732678974002125,0.2779488360517047,0.34859616,0.1252481254,0.201063151,0.034705016,0.00838297678,0.01156375906,0.139695082,0.0336849376,0.0796643518,0.22496914546666666,0.018217250613333333,0.28926262853373635,0.0843481238,105.15905151367188,86.72004547119141,85.25918884277344,106.00353393554688,86.10767364501953,102.31861724853516,87.37854614257813,81.78066864013672,103.15121917724608,82.71371002197266,110.26058904919276,74.93670014708964,71.39158819149495,127.44949980099682,91.125502816206,76.60224981631958
IN Brain-0167,0.90658224,0.09341774,0,15,0.3103747348845357,0.14617585,0.07637851,0.057698857,A,55,female,55-69,A,0.2894444708806287,0.020930264003907018,0.006451337677648716,0.009717653675024585,0.021937966301612988,0.41601795067590874,0.2698340808219184,0.22058833879834527,0.40956661299826,0.2601164271468938,0.19865037249673229,0.012702319218095429,0.008227919194896793,0.41592383625742113,0.2824064128328907,0.22342883873704128,0.4035598986097414,0.26773267151678753,0.19965298269907375,0.00573791475734488,0.0051012545154261,0.0016979144758695601,0.1461225277245044,0.08149534278213974,0.05871924454104149,0.2903151842752009,0.004179027916213513,0.31495934152992633,0.09544570501589522,0.5181607241230523,0.355833527519715,0.16177396626332508,0.49060673756447504,0.33035413617271525,0.14177530289020415,0.016014073759595494,0.02036745902443703,0.003263733373147419,0.2131962014362216,0.1145058989757672,0.0380739418003941,0.32091205887579816,0.013215088719059983,0.37074364002407045,0.12192534740412762,0.44848205028858773,0.3062632356867351,0.24299518438952677,0.400709578,0.27093509400000004,0.20856479639999997,0.042105615400000004,0.0264611722,0.014311354599999998,0.165378532,0.091617062,0.065935145,0.29340315613333334,0.027626047400000003,0.341560133526692,0.10764357966666666,101.89419708251953,87.03450469970703,83.78996887207032,102.5633758544922,84.42930297851562,109.26631622314451,89.5738754272461,85.97768859863281,110.08272705078124,86.71058807373046,105.22021029219336,77.71481666277495,69.74416865710484,151.322615736297,98.02066328270236,89.00842193753112
IN Brain-0168,0.9629322,0.037067782,1,15,0.1585107166231324,0.044229925,0.008278147,0.058695275,A,53,male,40-54,A,0.14146661419321555,0.017044102429916858,0.005039788380102939,0.0032154826143756185,0.019799155367353438,0.18116158168485919,0.047930353324868676,0.2233623339317507,0.17612179330475625,0.04471487071049306,0.20356317856439726,0.009351475453943998,0.00769263951618504,0.18301285879579524,0.05019441170451643,0.22268601014856249,0.17560268314407287,0.04625981387081462,0.2014724973564511,0.0024160525077015,0.00067747087934764,0.0015405089990180201,0.0448337322922423,0.00875405234358036,0.058451741458009895,0.1411116647904462,0.0015446774620223867,0.15941751959993375,0.03734650869794419,0.1566590701382296,0.07431401625899517,0.1615915939388466,0.148132424297324,0.07055778720811386,0.14236166440785464,0.00631597475187175,0.0016934072336487304,0.003846901639387633,0.036500696773873645,0.014153140626149252,0.038017482902796475,0.12035062530443084,0.003952094541636038,0.13319924105164763,0.029557106767606457,0.21544002163638992,0.06309142806908326,0.24116374810807334,0.192743044,0.054780134599999995,0.209969558,0.0180479318,0.00466379568,0.011811561920000001,0.055866788,0.01156866436,0.06524572528,0.15249757886666668,0.011507763133333335,0.18115277568056742,0.044227059213333336,105.3924774169922,86.3277603149414,85.96177978515625,106.0584274291992,86.60811157226563,107.09043579101562,89.759521484375,85.94475860595703,107.81838989257812,86.64252166748047,112.04440744290665,74.7273024101502,73.66941496732694,149.3441433253811,101.74104642545532,89.2755397252731
IN Brain-0169,0.056591716,0.94340825,1,15,0.21748467766495086,0.9813262,0.9471942,0.9017045,A,45,female,40-54,A,0.17660422767505604,0.04088044998989482,0.014236127338361992,0.009719714256431977,0.06708039629878443,0.09283200873248984,0.2066952563884762,0.3213216557977805,0.07859588139412785,0.1969755421320442,0.25424125949899606,0.030345412631192798,0.010535012997469229,0.09643865695742163,0.2218148008726626,0.32472253708213955,0.08041728488263897,0.20750266737112497,0.25665991168395513,0.00112669762856386,0.00419695091465396,0.00144567277049132,0.9804101259231567,0.9418613983154296,0.9001639736175537,0.18152662131257302,0.002256440437903047,0.22472786870407382,0.9408118326187134,0.05651660622669903,0.2872475293452864,0.3262133319466871,0.04889859321105226,0.2710553246345224,0.25264376090301355,0.0018276250155242694,0.0112444412612698,0.011319562063444331,0.9898877710103988,0.9164949581027031,0.8994848817586899,0.19086589291619607,0.008130542780079466,0.23973734958101162,0.9352892036239306,0.1456639659273352,0.2898195858334761,0.3625971065179946,0.11109776060000001,0.2380927336,0.27758676699999996,0.019560553,0.0393474496,0.024379374000000002,0.966809352,0.9154181720000001,0.882161008,0.20892575373333333,0.02776245886666667,0.27518197995504223,0.921462844,109.5726821899414,89.87872924804688,86.50728759765624,110.52292938232422,87.5519027709961,115.9886688232422,96.37799987792968,89.40384674072266,117.06996154785156,90.4799560546875,118.39674268952324,81.10670087002143,74.31774583749153,164.65331337691595,112.22297366183352,94.12966217026391
IN Brain-0170,0.96027446,0.039725564,0,15,0.16707097242368582,0.062289394,0.0051438236,0.051743478,A,55,male,55-69,A,0.14822789078395124,0.018843081639734582,0.007539397588769675,0.00168588351902026,0.015167463580508578,0.2332209524122313,0.032238308078181704,0.20361715654973922,0.22568155482346164,0.030552424559161444,0.18844969296923064,0.008130914896099505,0.010712191688682787,0.24082666227526606,0.033713708729395025,0.2056733049624737,0.2304570083815401,0.0315162866797612,0.1893799604517953,0.00354894312615166,0.0005144056502914055,0.0009212462083459799,0.06511915171779688,0.0054255085996962795,0.05245221699438986,0.1504510851710322,0.0016615316615963486,0.17110600218389593,0.04099895910396101,0.2869891551698343,0.047945782650402155,0.17509203633749337,0.2653068249861635,0.04565514014129844,0.1618304419279136,0.011780771877925266,0.001083350732570951,0.001703456261981802,0.08339722220553085,0.008281371414341265,0.04226987776637543,0.15759746901845853,0.004855859624159339,0.18244888007208457,0.04464949046208252,0.29195518906624457,0.04530766729898351,0.22168277590495206,0.24650278,0.03961806394,0.195705476,0.0379740416,0.0036303312720000003,0.0109688692,0.085480698,0.00773398882,0.058091203800000005,0.16060877331333334,0.017524414024000002,0.19979495932517743,0.050435296873333334,96.78880157470704,80.81184387207031,79.97419738769531,97.41442108154295,80.5584716796875,101.05159606933594,84.78760223388672,80.67735443115234,101.86014251708984,81.35291595458985,92.17173734970648,63.25608354966503,61.86523218096219,120.43116532678488,83.16056577348495,74.38447326207219
IN Brain-0171,0.97981995,0.020180063,0,15,0.09873904625832654,0.02004407,0.006598614,0.0338975,A,53,female,40-54,A,0.09079924997109186,0.00793979628723468,0.0013917969086015558,0.002182349108760903,0.009985988490441966,0.09821057671763918,0.03970774997872377,0.14803955772471705,0.09681877980903762,0.037525400869962866,0.1380535692342751,0.004520044835934808,0.0034197637879492815,0.10098497098767716,0.04149295206272111,0.14758750771716317,0.09810377117516447,0.03870379668778922,0.13671140753991065,0.0014864948324843402,0.0005838744902677599,0.00074440586377694,0.02076068233670664,0.006956553336535521,0.03376264216890554,0.09117299180095478,0.0009382583955096801,0.09995276128268937,0.020493292614049235,0.07308063265003738,0.05027676684589304,0.12050662558911783,0.07025897872435319,0.04834583540182656,0.10953966329602047,0.001671927830305718,0.0011836245358499212,0.001567521322225078,0.013863207295071334,0.008771469311614054,0.025987985916435717,0.07604815914073342,0.001474357896126906,0.0828875377689079,0.016207554174373702,0.129682260195346,0.05293146751553414,0.16370112002625647,0.11629249700000002,0.046642951,0.146382255,0.012364245999999999,0.00385284626,0.0076750233,0.028554859199999998,0.009336828600000001,0.0386721988,0.103105901,0.00796403852,0.11881111048318835,0.025521295533333332,112.46976776123049,85.10712432861328,87.44971313476563,113.07661590576171,88.03629760742187,118.87933959960938,98.18191986083984,92.88326873779296,119.59102325439451,93.51723785400392,137.59068532145096,73.94022656441693,78.86449316381113,187.02406159890955,122.03752608943545,108.90055185116609
IN Brain-0172,0.879757,0.120243005,0,15,0.3674088897288197,0.22048545,0.07655891,0.06368469,A,44,female,40-54,A,0.32780284473788257,0.03960604499093712,0.003570141664764326,0.008090887607969999,0.039723585266401296,0.527521672588398,0.2702835159477534,0.23698796021663207,0.5239515309236337,0.2621926283397834,0.19726437495023078,0.01712820484637854,0.02247785186823298,0.5345105543298236,0.28237595785838304,0.23982903444289858,0.5228959902898296,0.26822243124060074,0.19839008435623642,0.0081266051333518,0.006375369767380219,0.00172157651264518,0.22609166204333303,0.08148276995383198,0.06474512699302282,0.3298361686288889,0.0054078504711257335,0.37502787191716824,0.12410651966339593,0.5271955053774346,0.35404346929885555,0.17470839454287881,0.4922317429683603,0.33264291654941425,0.14555824133285086,0.014004927094367913,0.016311575544872392,0.003980393097660143,0.2202273067086935,0.11363262969534844,0.042146994834183715,0.32347763361687515,0.011432298578966818,0.37742277922078343,0.12533564374607523,0.5487129767197177,0.3082164146241829,0.2543543702769113,0.492516966,0.274091844,0.204335974,0.053662133599999995,0.027262187,0.012882830279999999,0.23795651600000003,0.09247037500000001,0.070276806,0.3236482613333333,0.03126905029333333,0.39311328979920934,0.133567899,102.11589965820312,86.09276885986328,82.6085418701172,102.86567840576171,83.31188507080078,105.51554565429689,85.81952819824218,78.12286529541015,106.3661651611328,78.97277069091797,103.98462492492617,73.35063284859669,66.47186051828668,129.13090510601614,86.99287832084714,70.07489127023172
IN Brain-0173,0.9440667,0.055933308,1,15,0.21562804057739435,0.038744368,0.042736746,0.08631881,A,36,female,20-39,A,0.20154365792814657,0.014084382649247773,0.0022171534485321276,0.011358715989323226,0.016209449562794742,0.1639329414035929,0.17654621775016296,0.29393713363133395,0.16171578795506078,0.16518750176083974,0.2777276840685392,0.009928439666883365,0.004155958316236247,0.1719722035168463,0.177470641171176,0.29483935873984846,0.16792872778594187,0.16462654307508123,0.2768157215162722,0.00231793552476058,0.0018706429219866,0.0016042855119876998,0.04127404366713014,0.043034431467950315,0.08670159709136929,0.2031236641257651,0.0019309546529116268,0.21864127302691366,0.05700335740881658,0.17478305726924923,0.20598973486827554,0.2084060738073834,0.16546580640133185,0.19595459977628318,0.1962749272836419,0.005998534525618529,0.00404743785140087,0.0034228204214135126,0.04217090040910989,0.05256159949349239,0.053399615577654914,0.18589844448708562,0.004489597599477637,0.1966778558421305,0.0493773718267524,0.20401684510961998,0.21057017289732213,0.31424508781940597,0.18224366399999997,0.180737838,0.27998461799999996,0.019856813600000002,0.018092604800000002,0.0174947068,0.05188097300000001,0.0541542772,0.0951283611,0.21432204,0.018481375066666667,0.24595243235461048,0.0670545371,104.02345275878906,86.7961639404297,84.77654724121093,104.63396606445312,85.35448913574218,113.0723114013672,94.81049041748048,91.61665954589844,113.83535308837892,92.29715881347656,110.20848282656463,75.53753239130342,71.69913388855765,168.38376426813068,112.50944259757404,103.51797271214411
IN Brain-0174,0.17949666,0.82050335,1,15,0.4706293789099815,0.88943547,0.77128464,0.80079,A,37,female,20-39,A,0.3802659955817095,0.09036338332827204,0.007551501954673412,0.09887873290983573,0.13749057662583414,0.3476940224104581,0.5377194604367397,0.499305315388274,0.3401425204557847,0.43884072752690395,0.36181473876243986,0.08130693716344777,0.009056434278948144,0.36039516034471375,0.5534668311047217,0.4950710503121607,0.346321718931119,0.4517896390763279,0.35858714167106054,0.0060132848642386,0.01238049456018256,0.00418678353891622,0.8832519893646241,0.7579189783990383,0.8038128438174725,0.3855661665595025,0.00752685432111246,0.47889914052484495,0.8149946038603783,0.3228764207662743,0.5575081422683101,0.5138787459164202,0.301787668433917,0.4837825416715501,0.3915483927231011,0.0065438510872090514,0.023458895643468924,0.007160928986244796,0.901001700758934,0.7543476663529873,0.7900588065385818,0.3923728676095228,0.012387891905640923,0.47868932662834074,0.8151360578835011,0.41407961449656383,0.5772990940975383,0.5310530152348976,0.364302568,0.43242923600000005,0.36882857199999997,0.0419396638,0.06482016160000001,0.0516184954,0.8549196840000001,0.73590269,0.776700022,0.3885201253333333,0.0527927736,0.5150488304640451,0.789174132,101.39326324462893,82.0840850830078,82.14138488769531,102.38198394775392,83.27884826660156,104.50387573242188,86.95091705322265,82.36649627685547,105.3936492919922,83.33506317138672,96.2820079434357,66.38443843765424,65.78701879681118,128.6508431696389,88.57970934954054,77.78983924115552
IN Brain-0175,0.12745066,0.8725493,1,15,0.38151166125981006,0.8975353,0.82368964,0.89642304,A,32,male,20-39,A,0.3372162801146582,0.04429538114515186,0.008814550545890698,0.061030951054390215,0.04759493269133902,0.3304649670898266,0.46575234648734554,0.3328719610584223,0.3216504165439359,0.4047213954329553,0.2852770283670833,0.039146811430539975,0.005148540756555964,0.3316082561405084,0.4900900418870249,0.33982090224822364,0.3184811733814281,0.4235045236362655,0.289045597549598,0.00515723325421232,0.01080815036997826,0.003073628919096,0.8970077753782272,0.8073169977664948,0.8931770751476288,0.34367709818909725,0.00634633751442886,0.3942301540643918,0.8658339494307835,0.38329672812468774,0.4358319223224355,0.3059016505065261,0.3197287689209767,0.3891749628199467,0.2636757427008541,0.04067485516271801,0.02889139320342929,0.012171152277315375,0.871619363874197,0.8423025518655777,0.908540491759777,0.3241931581472592,0.027245800214487557,0.37841287243130917,0.8741541358331839,0.39584153141982786,0.5161226937970577,0.3773739259375441,0.348187176,0.412683946,0.3015797252,0.0390142168,0.0523731618,0.027057885799999997,0.864968034,0.78835906,0.8746895,0.3541502824,0.0394817548,0.43521207998796985,0.842672198,102.6590805053711,86.1121826171875,83.4296630859375,103.53197479248048,84.36516723632812,108.71424713134766,87.71102905273438,83.59422454833984,109.54431762695312,84.56907806396484,101.34194041938744,72.45106344263941,67.04739327473206,142.93641629017748,90.81289136567769,80.53650555623045
IN Brain-0176,0.08031689,0.91968316,1,15,0.2795425957780179,0.94919366,0.8963542,0.91350144,A,51,male,40-54,A,0.2534700988962796,0.026072496881738294,0.0027710395547958233,0.03718511368655558,0.027897638045248363,0.20088255851354223,0.3330205319735089,0.2943609974883874,0.1981115189587464,0.2958354182869533,0.26646335944313904,0.02261793042886659,0.003454590904589827,0.21026971090986996,0.3596330387950463,0.29676417268128175,0.20439874107254735,0.3133624380770239,0.2670324756260575,0.00319768287519802,0.00742622217714918,0.0034379781093218597,0.9459507328748703,0.8836282678484917,0.9124791350841523,0.2615978849252096,0.00468729438722302,0.2931384658034152,0.9140193786025048,0.18046906272763244,0.3261335000260087,0.2974791140261729,0.1709427989564934,0.29758349654003585,0.26804568201611795,0.00361683451170261,0.010774987249975072,0.009203539316259654,0.9559952273964882,0.8995213061571121,0.9121739149093628,0.24552399250421572,0.007865120359312446,0.2724633715909116,0.9225634828209877,0.25923821408999725,0.4008166210253319,0.34800247295007947,0.23314609600000002,0.323086938,0.291182208,0.0238790334,0.045215692599999996,0.029056208,0.9278213940000001,0.86227254,0.8892874660000001,0.28247174733333336,0.032716978,0.33992694623040576,0.8931271333333334,101.17442932128908,83.20138549804688,83.2126953125,102.13509979248047,84.28746337890625,98.53780975341796,83.46043548583984,76.89567413330079,99.50327606201172,78.06673431396484,101.04030810123469,65.34649726603087,67.02062158905657,115.25854987520415,81.82435225629324,68.68784769126482
IN Brain-0178,0.10369786,0.89630216,1,15,0.3331328291472358,0.9360523,0.8418437,0.9110104,A,55,female,55-69,A,0.3087088319842048,0.024423997163031008,0.0051356517532412105,0.015331983325841236,0.02789396501536212,0.23769425385269094,0.4365998782453104,0.3001939639490578,0.23255860209944973,0.42126789491946914,0.27229999893369566,0.016120533364814855,0.008303486168447505,0.24236294743649178,0.4465061914655868,0.295936284838915,0.23425622663715595,0.4226764490815268,0.26711128053940203,0.00327938104685448,0.0101874304478655,0.00413662936886056,0.9343031821489334,0.83583875977993,0.9128319533109664,0.30801465208602824,0.005867813621193514,0.3373770139998291,0.89432463174661,0.20566135538477642,0.4638725780306632,0.30450956966451614,0.19449772809533297,0.4303462855250821,0.2782550310734918,0.00473315542806414,0.017608566750703936,0.008683663031682722,0.9475519120693207,0.8249057337641716,0.9091458514332771,0.30103301489796896,0.010341795070150267,0.3383514963900003,0.8938678324222564,0.30235988697614297,0.5056607813803191,0.3563179591788973,0.267455502,0.43300402,0.296330182,0.0298874348,0.06184575640000001,0.031529097,0.910076892,0.796174056,0.88525714,0.3322632346666667,0.04108742940000001,0.3979383962057149,0.8638360293333333,106.20582275390623,86.22358093261718,85.63719787597657,107.12983093261718,86.67662658691407,107.5826416015625,91.35895690917968,86.20047302246094,108.46354217529296,87.21900634765625,111.342884837455,71.7197762966949,71.81830949695942,150.24702502825426,104.57051866370008,89.97114941433793
IN Brain-0179,0.27637118,0.7236288,1,15,0.5894932907616445,0.56159604,0.86139745,0.7478929,A,30,male,20-39,A,0.4520922390188816,0.13740105174276285,0.0030251955847879763,0.06241393294088382,0.23088058341890577,0.6855397235407485,0.402418497131589,0.5646382083288848,0.6825145279559606,0.3400045641907052,0.333757624909979,0.0987732373148592,0.03862780785013209,0.6856187376146523,0.4226962008389744,0.5636032069234354,0.6710753330991037,0.3521266293671973,0.33983588633213896,0.01134283404464646,0.0074842767062023,0.00325780639646884,0.5612761430382729,0.8500074292302132,0.7488425112307071,0.45434594959948,0.0073616390491058675,0.5929136193917078,0.7200420278330645,0.6103895668816953,0.367785641043445,0.5801934084074898,0.533300020475368,0.3189468770690714,0.39540368393544434,0.0348955598099006,0.02198641212326801,0.0382010762157264,0.7005594134330749,0.8795675963163376,0.7330580957001075,0.41588352715996124,0.031694349382965004,0.5379902894385787,0.7710617018165067,0.6895805157520886,0.4492481165887946,0.5783292996249376,0.6340388100000001,0.349672614,0.344502195,0.0531679272,0.038175495,0.0249556796,0.542204398,0.834147718,0.734894848,0.442737873,0.038766367266666664,0.6076542481530023,0.703748988,102.02595977783204,85.66270294189454,83.5986328125,102.76502380371092,84.36090240478515,109.00825958251951,89.18843383789063,82.15049285888672,110.03879089355468,83.12794647216796,102.34897854494976,71.735442667801,68.47613528886026,144.81057147358638,92.1674992392608,77.1280490500782
IN Brain-0180,0.027338745,0.97266126,1,15,0.1253660424197967,0.96275425,0.9928231,0.96240634,A,45,male,40-54,A,0.10839131222695057,0.016974730192846135,0.0037951288135624484,0.0024984115226482986,0.03042465804912431,0.15909008522003845,0.04258233959393384,0.16021971025221446,0.155294956406476,0.040083928071285545,0.12979505220309015,0.012239399461778351,0.004735351086708445,0.16737073887978704,0.052163719240062904,0.16692242365139878,0.16119861261990315,0.04807597204746298,0.13531261926831945,0.00235565290041778,0.0009143451259102672,0.00111717179578986,0.9601802942991258,0.9908274539470673,0.9603210701942444,0.11486240131189518,0.0014623899407059692,0.1331990795808972,0.9704429394801458,0.1183686800943841,0.05051008360975852,0.1479787340600719,0.11332610137681617,0.04693309646913206,0.12663016827531356,0.0020757426953820477,0.0016607717359462648,0.004188293994025762,0.9746000900864601,0.9911791473627091,0.9661206528544426,0.09562978870708727,0.002641602808451358,0.10836888167512848,0.9772999634345373,0.21976242256837009,0.07229588575254846,0.19819829386423296,0.192333646,0.060750097520000004,0.1552419276,0.0234751764,0.00833883358,0.01469091468,0.942596552,0.986320518,0.9501076019999999,0.13610855704,0.015501641553333334,0.16897599000399627,0.9596748906666667,99.9794906616211,76.3526824951172,81.16809387207032,100.92372131347656,82.30023193359375,105.4750259399414,88.70958251953125,83.6900619506836,106.43974456787107,84.88314971923828,99.03306462471176,58.21167971389923,64.96589222349003,130.4778424959183,89.9393906319899,81.95676116800425
IN Brain-0181,0.09324989,0.9067501,1,15,0.30999310980120093,0.8895136,0.9500782,0.8806585,A,34,male,20-39,A,0.28318259014353053,0.026810519657670395,0.00665447256916496,0.0162133486893751,0.039011240177956374,0.34753104204776064,0.19828488488277213,0.36561090493655535,0.3408765694785957,0.18207153619339703,0.326599664758599,0.020626353812165477,0.006184138143053408,0.3536583266656995,0.2104937155740195,0.37081542774684545,0.34116094332368413,0.1893167624456829,0.32732874931370726,0.0058353132181178605,0.00413238212384012,0.0040711643300467195,0.886554779291153,0.9458724514245986,0.878038288784027,0.28593548502769145,0.004679619890668233,0.317349620397215,0.9034885064999262,0.3194862120550234,0.21190242929102565,0.36465635578467936,0.2863948446256453,0.19546733923064247,0.329350202032664,0.016566139011050352,0.006502794090679195,0.00679653294666774,0.9025308772921562,0.9453791975975037,0.8811355546116829,0.2704041286296506,0.009955155349465762,0.30327322755040076,0.9096818765004476,0.42070013689764696,0.2596739992673867,0.42387431985334423,0.36723714,0.2158092452,0.342499465,0.047356075,0.026811387600000004,0.0429429748,0.85115514,0.92765066,0.8493272199999999,0.3085152834,0.03903681246666667,0.3747329716883249,0.87604434,98.91960754394532,83.250390625,80.31640014648437,99.81782684326171,81.41652221679688,110.3790008544922,86.7546875,82.7229248046875,111.33643341064452,83.89872894287109,97.71371844488472,67.06215589807839,63.20480992913541,146.81246869236426,90.76214945569328,81.29631083015596
IN Brain-0182,0.95443815,0.045561906,0,15,0.18523407460535554,0.034878016,0.054085664,0.04772204,A,56,male,55-69,A,0.15889844153276161,0.026335633072593928,0.01287482442284918,0.024879971845642723,0.03898592453825023,0.15130965539027028,0.2103738879505624,0.19175250206419436,0.1384348309674211,0.18549391610491966,0.15276657752594414,0.025580240268914044,0.0007554489444768497,0.15706559721910543,0.22197923272284334,0.194007989607877,0.14173967987103195,0.19335266765939968,0.15399573960235402,0.0019347250098619,0.0031091128659187202,0.00088697996237524,0.036624960905965384,0.05819765447154638,0.0484775984053034,0.16302936237759522,0.0019769392793852866,0.19188628233536426,0.04776673792760506,0.15471825568432196,0.3018669153145438,0.14396788878746516,0.14252991637798437,0.2723032566081676,0.11083024184444486,0.008677136688730047,0.0229818437818393,0.003619781716303813,0.03590929025085643,0.08971024179190863,0.03268878934759414,0.17522113827686558,0.011759587395624388,0.2065903312368627,0.05276944046345307,0.1903260621738193,0.23854105096228723,0.20479821980034194,0.1577490686,0.19569953739999998,0.1596082698,0.0192522088,0.0177701147,0.00849173806,0.047246355899999995,0.06426352020000001,0.052150153,0.17101895860000002,0.015171353853333333,0.21171004699146567,0.05455334303333333,100.44444274902344,83.58143768310546,82.94630432128906,101.11902618408205,83.65265808105468,109.5841796875,92.99819488525392,88.68647766113281,110.32427673339843,89.42718658447265,103.65834701681923,71.42850758912245,68.6685497933435,152.70157337528417,105.30344828880808,93.68627031237229
IN Brain-0183,0.9821014,0.017898642,0,15,0.08974425465581061,0.007404135,0.011291894,0.034999892,A,43,male,40-54,A,0.07777227083121123,0.01197198382459938,0.0010791039303220534,0.004533718949595644,0.018340765872957798,0.043699244754962605,0.06185703003138894,0.15171412646015764,0.04262014082464055,0.057323311081793296,0.13337336058719984,0.007984529584291833,0.003987474129350632,0.045079229619685156,0.06659888409165853,0.15240824461520885,0.0434091111313116,0.06083280654348475,0.13328278648264524,0.0005155179852352,0.0010091616096599798,0.00069300608239582,0.007686960378487059,0.01236331527812284,0.0352093636674806,0.07917490138581386,0.0007392285590969999,0.09182416460689398,0.018419879774696835,0.03671952824125666,0.1013037322985996,0.12304585949132361,0.03555915425029304,0.09341742635334224,0.1050234353163276,0.0010065418578087814,0.005258048212287721,0.001916578045716058,0.006008139965706505,0.02084344131872058,0.02669137175253127,0.0780000053066543,0.0027270560386041865,0.0895399871138171,0.01784765101231945,0.06298962865062173,0.07383052188928477,0.16383315254224784,0.0559703752,0.0649869236,0.14007088799999998,0.00589198058,0.00397206658,0.0063321374,0.011545782020000001,0.014039314419999999,0.0387132966,0.08700939559999998,0.005398728186666667,0.10356411721626714,0.02143279768,102.93141326904296,85.21187896728516,85.62501678466796,103.59677276611328,86.21753845214843,106.9514663696289,86.36723480224609,85.3756591796875,107.65744171142578,85.99199829101562,110.88887331111756,74.66997466385172,75.35079729459166,141.00903321814485,90.47218323631542,86.38248893544497
IN Brain-0185,0.98531646,0.014683564,0,15,0.07655492331088579,0.010168722,0.004519371,0.029362598,A,45,male,40-54,A,0.06855805268793877,0.007996870622947017,0.001604102403873417,0.0017062412108927484,0.009221329742603826,0.05677540468143759,0.028910954268252423,0.13251947247149629,0.05517130227756417,0.027204713057359674,0.12329814272889246,0.0041772244524566635,0.0038196656065441897,0.05978948947003225,0.031600302176799565,0.13349964745415957,0.0572425682303492,0.02928767775625824,0.12342400245517667,0.00081438410461258,0.0004482774063185693,0.0007371244968363,0.0108317462468752,0.00502291364676488,0.02964318484514946,0.0699847494805947,0.0006665953359224832,0.07857600644793783,0.01516594824626318,0.05098160060839124,0.03369272271427673,0.09896837322162873,0.04995156020324576,0.03191218827006441,0.09084519976063218,0.000786674599867604,0.0011143748225887727,0.001505036164726589,0.008920833334559574,0.00542148179229116,0.020239145992673003,0.057569649411314115,0.001135361862394322,0.06290672075726993,0.011527153706507913,0.08544432496549866,0.03871306167919749,0.14832011252212118,0.07407754879999999,0.0341061438,0.1323414074,0.00965074896,0.00262954931,0.007223389219999999,0.01683321148,0.006400844179999999,0.0339812838,0.08017503333333333,0.006501229163333333,0.09440432669196326,0.019071779820000002,107.28975982666016,84.2215087890625,84.16833953857422,107.9722671508789,84.77185821533203,111.18722229003906,88.59451293945312,86.1873764038086,111.92770080566406,86.8311767578125,119.87428420149388,70.96012439052086,70.65631617037128,156.320111145805,94.87037425985343,89.95127347855995
IN Brain-0186,0.65601337,0.34398663,1,15,0.6436444405954038,0.45009208,0.35371047,0.22815737,A,38,female,20-39,A,0.5766495916609187,0.06699484893448515,0.027368869596071432,0.0424494209432158,0.07514383274529118,0.6881572702113088,0.6497133592927019,0.5370402687633237,0.6607884006152374,0.6072639383494861,0.4618964360180325,0.04832070776152614,0.018674146991127683,0.6848428663836602,0.6529932799792322,0.5426051742464265,0.6509045611894283,0.5996720119433311,0.4634818077388297,0.01233439508137596,0.014248372913722402,0.0038504294951113597,0.4356521119773388,0.3592635317742824,0.2327728613000363,0.571352793623863,0.01014439916340324,0.6427207743972767,0.3425628350172191,0.6809246871306358,0.6633168205542521,0.4625360469344878,0.5208523303198802,0.6194803737320269,0.3824903851468007,0.050738744682303626,0.03223833518326393,0.021809294400096286,0.5780147910118103,0.3784834537655115,0.17423361381515862,0.5076076963995693,0.03492879142188795,0.6625314491735336,0.37691061953082683,0.6860458368721865,0.651196220620858,0.5401984112107394,0.598454966,0.552738314,0.44506575880000004,0.0665982842,0.0668275886,0.026531463999999998,0.44048312,0.35619289600000004,0.2307644706,0.5320863462666666,0.05331911226666666,0.6426668653015346,0.34248016220000005,99.05185089111328,82.95743103027344,81.1930160522461,99.8185317993164,81.9547134399414,108.6148239135742,89.9373779296875,86.50769348144532,109.42775421142578,87.30358123779297,96.56452384087974,66.57845903000666,64.07491896120519,147.10054243751026,98.775809355139,88.88151138126915
IN Brain-0188,0.9862693,0.013730687,1,15,0.07251486584738286,0.006833098,0.010307583,0.02405138,A,68,male,55-69,A,0.06235184378851504,0.010163022058867814,0.0016735051306448062,0.002992327543837471,0.01998102204094432,0.040879369740468366,0.05741018579698622,0.11341283054351714,0.03920586460982356,0.05441785825314875,0.09343180850257282,0.008215618238475532,0.0019473864757102721,0.04231920204323026,0.06291398986669844,0.11441505170094737,0.04008764632267248,0.05872176640861794,0.09384669374135488,0.0005353000661768,0.0011312546015051599,0.00053615037275556,0.007123502824129479,0.011528786706336499,0.02432243637305214,0.06421870215754844,0.0007342350134791733,0.07504187178219258,0.014324908634506039,0.03254997460542282,0.07858069247912476,0.086610698468174,0.031151244215497316,0.0743777683626621,0.07168194592928052,0.0008016965331012468,0.002439964550638006,0.0011545758300472945,0.005203086559777148,0.015167071083851624,0.017120581155177207,0.059070319502479984,0.0014654123045955158,0.06718339119808571,0.012496912932935327,0.05758433981530469,0.07608325791961909,0.12391993067838676,0.0509278516,0.0666840762,0.100618552,0.00497848206,0.0060517112,0.00477642236,0.01034575276,0.01457152816,0.026934731,0.07274349326666667,0.005268871873333333,0.08727180331950142,0.017284003973333333,108.0519073486328,82.41458435058594,82.39437713623047,108.72354278564453,82.97978515625,108.25267028808594,90.55380249023438,86.13691864013671,108.94257354736328,86.7794189453125,124.2789487983378,70.32778739946126,68.24041730514591,152.4069301845703,101.67428775700594,89.38821407253029
IN Brain-0189,0.40649495,0.5935051,1,15,0.675557398030467,0.8674652,0.57940924,0.33364075,A,26,female,20-39,A,0.5004903934318375,0.17506700459862945,0.04067037406686819,0.05469313030564926,0.11155122333150158,0.39117692113205027,0.6804819535673745,0.6367270333001066,0.3505065470651821,0.6257888232617252,0.525175809968605,0.06897157590133968,0.10609540207515344,0.40525033640037494,0.6849780851282781,0.6344985912700772,0.3594708404182664,0.619138199755869,0.5213138252139415,0.00671926047293622,0.0177309811469049,0.0063288745766924,0.8598419232845307,0.5638232965976,0.3304524500831961,0.4999742884626923,0.010259705398844507,0.6787275620868208,0.5847058899884422,0.32730782794608504,0.6656714915258422,0.5446560667032565,0.27049281795232516,0.5975015047975467,0.44244520934847265,0.014382372064219124,0.04699276039993779,0.036665037575405894,0.8989848271012306,0.6166685774922371,0.23449935527169147,0.43681317736611486,0.03268005667985427,0.6791761275064523,0.5833842532883864,0.4532883522545066,0.6880992684574744,0.6336093015599347,0.367296178,0.558083596,0.496347054,0.0485832278,0.0924714812,0.040526712,0.8316324099999999,0.550196676,0.32919812,0.47390894266666667,0.06052714033333333,0.6832181679944469,0.570342402,101.23111572265626,85.18110961914063,82.02488708496094,101.89847869873049,82.6851303100586,112.184326171875,97.05687103271484,84.91413116455078,113.15180053710938,85.76979217529296,103.47115083872492,73.01385163962614,66.95285015927013,156.83942485533478,115.79889833208463,85.84525657931411
IN Brain-0190,0.97975886,0.020241171,0,15,0.09897620079748645,0.014284057,0.009163204,0.037276253,A,55,male,55-69,A,0.08230565652116868,0.01667054427631777,0.004160714139221949,0.002798165097786194,0.03230223257130943,0.07486895259017429,0.05211997140645137,0.159189157375198,0.07070823845095234,0.04932180630866517,0.12688692480388858,0.01308703726943919,0.003583535586166184,0.07838075607253253,0.057769219936382524,0.15944399907736376,0.07298012883179979,0.05375783475887932,0.1263030012395963,0.0010716783610342998,0.00095406011733572,0.00064321258208606,0.01511918155089948,0.01038630730361324,0.03735465788245198,0.08434698827675846,0.00088965035348536,0.10172667101983061,0.0209533822456549,0.0621167167549998,0.07396864407835453,0.13225641650257783,0.05938955626366656,0.06904403002673863,0.10110976070848876,0.0020294340776986124,0.0030869698587136793,0.0023754912557787536,0.011349993746262044,0.014071809308370575,0.029287431154443766,0.07651444899963132,0.0024972983973970153,0.09109380942397924,0.01823641140302546,0.10470926085577459,0.06630265022454851,0.17035569786227678,0.0894818958,0.058841213399999995,0.134006179,0.0108989841,0.00443690006,0.006279932720000001,0.0217330418,0.01229573372,0.040761173,0.09410976273333334,0.007205272293333333,0.11665023630187542,0.02492998284,114.65770568847655,89.99832611083984,86.2457763671875,115.34159698486329,86.94444885253907,115.40303802490234,88.03522186279297,86.21908569335938,116.14684600830078,86.93670501708985,132.75134499678614,82.46131736784363,74.48354086035036,176.79134897016723,94.60900127824388,91.16814428360934
IN Brain-0191,0.12015954,0.8798405,1,15,0.36724271035503314,0.8831564,0.8888356,0.8675294,A,55,female,55-69,A,0.3184708752620725,0.048771835092960625,0.03474451080163987,0.03167580126110747,0.07875488619107218,0.36058853607388874,0.3489428987554465,0.39105638921070185,0.32584402527224887,0.317267097494339,0.31230150301962967,0.048391732751273175,0.0003801248490272191,0.37513631555730587,0.38065012009667676,0.3983600752030265,0.33642702940105695,0.34058684616305296,0.3158687718362253,0.005545427388099359,0.0080523831757322,0.0036871135696077,0.8758379777669907,0.8729967104673385,0.8636076692342758,0.3309608824667784,0.005761641377813087,0.38483616402049825,0.8708141191562017,0.28247099126722325,0.3818052846735435,0.40128113190091474,0.23471634661481885,0.35027695376156703,0.325492275466956,0.010817241870580651,0.02076659438471027,0.01745146292060997,0.9184779942035675,0.8723966300487518,0.8620191559195518,0.30349519194778063,0.016345099725300297,0.35827329081452414,0.884297926723957,0.4151682643377661,0.4150324448506445,0.42068065241437425,0.349465882,0.340265474,0.3234335512,0.035848695,0.0450394212,0.02057140634,0.8543050600000001,0.854381834,0.851166314,0.3377216357333333,0.033819840846666664,0.416969399135802,0.8532844026666666,100.3961395263672,82.01951904296875,82.0670181274414,101.24432525634764,82.93414764404297,110.067626953125,92.92947235107422,85.26614379882812,110.9421615600586,86.13890075683594,99.38640381495404,65.61021346310766,65.79867491523108,148.66193754374837,106.9535694842392,84.09512703792825
IN Brain-0192,0.8821027,0.1178973,0,15,0.3627144451849358,0.2558331,0.05001559,0.047843233,A,63,female,55-69,A,0.3024815507797238,0.06023289440521201,0.024859656125691854,0.005256083668931988,0.021769072361941838,0.5686531792405691,0.1985611571081597,0.1921151281470082,0.5437935231148773,0.1933050734392277,0.17034605578506637,0.017294937385521892,0.04293799146753724,0.5650373568270002,0.20213402852476514,0.19054177219472523,0.5339947988339755,0.19359922705177243,0.16800501159663556,0.00833044447035816,0.00333047627667798,0.00110265465051156,0.25247448967397207,0.0512344293227419,0.04731818302231836,0.29853301249412784,0.0042545251325159005,0.3609230351758811,0.11700903400634412,0.6450761231131845,0.20677338932914655,0.14813415263210558,0.546077159987276,0.19652081411268935,0.12505048904162935,0.034319773024381287,0.005484656015753367,0.0035097723189813994,0.3462214283645153,0.052832848706748335,0.03392574386962224,0.28921615438053155,0.01443806711970535,0.41274057101712014,0.14432667364696197,0.5888518340231478,0.2532107770584105,0.206999092026881,0.489158404,0.216513233,0.17729008,0.08183649800000001,0.0311465308,0.00894105498,0.275705906,0.06983455320000001,0.052911066660000006,0.2943205723333333,0.04064136126,0.3917071674359043,0.13281717528666667,102.1384048461914,83.722900390625,82.7249526977539,102.79391784667968,83.31299896240235,109.58676147460938,94.27313995361328,84.09308471679688,110.3417465209961,84.80702056884766,105.50868709894004,72.39298688832629,68.74727641592703,153.81791332324067,110.906441318832,83.63188632545794
IN Brain-0193,0.9579611,0.042038936,0,15,0.1743707073921233,0.050929856,0.02590634,0.04928062,A,45,male,40-54,A,0.15208498202862367,0.022285725363499626,0.01440997115545986,0.007812280780272671,0.03936912102345949,0.20124409895224304,0.12021062089710866,0.1963915991957113,0.18683412779678318,0.11239834011683598,0.15702247817225182,0.020530457653064008,0.0017552912473508542,0.21056161984188737,0.1316026034916894,0.2004801277249436,0.19299341906112644,0.12152289293754633,0.15998360335655837,0.00268628803210718,0.00202029695261132,0.00107165034792188,0.05415128690525883,0.029100849213660664,0.050668913356820056,0.1581666384517437,0.00192607844421346,0.1824208791702922,0.04464034982524652,0.18841601786134438,0.16962447785001664,0.14463554686114638,0.16908241972894744,0.1576574240438761,0.11340734119682667,0.012448993099441693,0.008218837146568838,0.004419697240913832,0.04661201245326083,0.040529874779167585,0.0328860659908969,0.14671572832321675,0.00836250916230812,0.1679737588866042,0.040009317741108434,0.2356543455513765,0.14211445179232046,0.2091025772063539,0.20248582480000002,0.1246184688,0.1635001048,0.019976675399999998,0.00941527928,0.008493211919999999,0.0631893254,0.03214304518,0.053642073400000004,0.16353479946666669,0.012628388866666665,0.19750744817257387,0.04965814799333334,106.32308044433594,87.68694458007812,82.79118499755859,107.0362319946289,83.6015411376953,107.85081481933594,91.01912689208984,84.60314483642578,108.61979675292967,85.44452209472657,115.35845044872568,77.5922567602967,68.05939833077056,148.53396427991314,101.21280383435644,85.10069957639747
IN Brain-0194,0.10974955,0.89025044,1,15,0.34599139292918246,0.9734737,0.82676727,0.8705104,A,23,male,20-39,A,0.2762167028035097,0.06977469012567278,0.014900640286126865,0.037383004048166524,0.08790850884799178,0.12245161954877645,0.4609753140938483,0.38541532795018946,0.10755097926264959,0.42359231004568176,0.2975068191021977,0.04673071772742839,0.023043974128341138,0.12525847186494146,0.483624170274096,0.3895340948174387,0.10916827560268635,0.4361327729130223,0.301467389765787,0.00185739007848528,0.01007547677205938,0.00207278804764598,0.9726913678646089,0.8117851024031639,0.8683379137992858,0.28225614609383193,0.004668551632730213,0.3583271120088032,0.8842714613556862,0.08832735240428,0.5558776350359289,0.38496320301935655,0.07603093599409412,0.5071966134658432,0.2814984193055124,0.002343499368818018,0.027215893422067816,0.015116728895333534,0.9824542596936225,0.7557959131896496,0.8707475326955318,0.28824198958848324,0.014892040562073125,0.3870213199707375,0.8696659018596014,0.18905946044806793,0.5378836625933949,0.4312413686487669,0.1452543846,0.416009444,0.31276753,0.026487190799999998,0.0873244344,0.036194013000000004,0.953174628,0.7711494919999999,0.845025688,0.2913437862,0.050001879400000004,0.4113559083720353,0.8564499360000001,118.74947509765624,93.46369018554688,92.51268310546877,119.54549560546874,93.60945587158204,111.57562866210938,95.2758331298828,86.98209381103516,112.58646392822266,88.04991455078125,130.4584956497557,86.33743511116884,84.8237056966263,158.2095687329955,112.22411635356946,89.73811089926451
IN Brain-0195,0.8514275,0.14857246,0,15,0.42022489997847257,0.26324886,0.06249707,0.11997144,A,58,male,55-69,A,0.37017993915631725,0.050044960822155315,0.0036853722907864706,0.009025910225539141,0.05382847881065511,0.5764277852857561,0.23378371512676366,0.3668680783834125,0.5727424129949696,0.22475780490122452,0.3130395995727574,0.022179920442326907,0.02786499991458119,0.5746288659786211,0.2536665596827995,0.3691616421971711,0.5619552405331761,0.24077709171067804,0.3135873370868465,0.009083448117027399,0.00437165786380426,0.00213769498642984,0.2615085111141205,0.0700106752812862,0.12112557696336874,0.3721065564435669,0.005197600322420499,0.4242352479812972,0.15088158778625846,0.6387004441310957,0.31439919062796184,0.27371497455082133,0.5522970765361402,0.29625621309288214,0.22600172345217598,0.04989698427908336,0.01446878251320215,0.00526673156464075,0.33652038164436815,0.09519678528886288,0.07794238616479561,0.3581850043603994,0.023210832785642083,0.45570622675427996,0.1698865176993422,0.5911139126144968,0.26586110365031274,0.3792284927645655,0.5266627479999999,0.237067886,0.3126024774,0.061548733599999995,0.020533025400000002,0.0166581718,0.278062304,0.07479180599999999,0.1262670934,0.35877770379999996,0.03291331026666667,0.4391838116139709,0.1597070678,102.64354553222655,84.35449829101563,83.29925994873047,103.37554016113282,84.01931762695312,109.18673400878906,90.00763854980468,83.62790069580078,109.92449645996092,84.41585540771484,102.6133809118805,70.00977730835082,67.69695028518629,150.0398804368936,98.47848512996362,83.31637777966537
IN Brain-0196,0.9247074,0.07529257,0,15,0.2671188920450036,0.1561918,0.02228705,0.047398873,A,45,female,40-54,A,0.23380184120407538,0.03331705084092823,0.010712799688580132,0.00587040785276291,0.012907115572719258,0.4333007003579816,0.10681118680027969,0.19078395956802713,0.4225879006694015,0.10094077894751678,0.17787684399530787,0.009830107704687433,0.023486929628726644,0.4262749045481764,0.11153772066868178,0.1914197921609289,0.41152116765160784,0.10410966500887069,0.17722567535293005,0.005100177285539921,0.00163172866062516,0.0011747750649118399,0.15206530565470455,0.023546510213217638,0.04761093972763044,0.23095216933780285,0.0026355603370256404,0.26489360067859424,0.07440758519851753,0.3951293312864843,0.14279851985887274,0.129351296397628,0.36908963420200247,0.13502391106804296,0.11802845465198611,0.01347694455415489,0.005397790384625484,0.001751980509971289,0.13464882015250623,0.0323441433312837,0.02846106588258408,0.20738066664067714,0.006875571816250555,0.24091241811748432,0.06515134312212467,0.48082691325748583,0.12983616206008547,0.21193744819011728,0.404266608,0.11449748400000001,0.1879533992,0.067475337,0.0093341598,0.0119037771,0.186309284,0.0285985048,0.0546330852,0.2355724970666667,0.0295710913,0.30218359671700906,0.089846958,105.0201644897461,86.24495697021484,85.12474975585937,105.69259338378906,85.73390350341796,112.57376403808594,92.73392333984376,87.29886169433594,113.35676879882811,87.99547882080078,109.038182850085,73.66642718568536,71.35583161379971,161.69130615886814,106.30536155221108,91.82092135639807
IN Brain-0197,0.97877437,0.021225633,0,15,0.10277147854080075,0.02564073,0.013355399,0.024680773,A,52,male,40-54,A,0.09530749782904357,0.007463980711757176,0.003094858676601017,0.00281168841066394,0.014057550670551255,0.11924584691321527,0.07090550283890816,0.1157352414928235,0.11615098823661425,0.06809381442824422,0.10167769082227225,0.0066546992526054045,0.0008092832957665025,0.12364051101593976,0.07540257896291024,0.11562157271248473,0.11848143079694928,0.07140953045950468,0.10088770704455334,0.0018937987571778,0.0010616823890884201,0.00054415679720966,0.02685686615570444,0.014410216243774598,0.02464986255606632,0.09692622276700243,0.0011665459811586267,0.10561882001437675,0.021972314985181787,0.21879761076509946,0.09472309443886602,0.09762770812878933,0.13506816976043007,0.08945637515126867,0.0843005780600865,0.04570343380837864,0.0028981348712836448,0.0010875929909094795,0.05705908415839076,0.01915272377373185,0.019894363060302567,0.10294170765726174,0.01656305389019059,0.14174771259701063,0.03203539033080839,0.15589897527960617,0.08917426232392821,0.13139640773263947,0.13680270239999998,0.079960471,0.11201981859999999,0.0156545661,0.006278720539999999,0.0068157926,0.0362687162,0.01775645874,0.0290420788,0.10959433066666664,0.009583026413333333,0.12661506435947373,0.027689084580000002,133.86563873291016,91.0314483642578,89.75918579101562,134.52514038085937,90.34810791015624,119.8539779663086,91.04039001464844,90.03146057128906,120.49893646240234,90.64928436279295,182.8506256197435,86.66375400497917,83.50432543997941,186.89701771187669,101.46083563225008,99.9326699476845
IN Brain-0198,0.08883174,0.9111683,1,15,0.29982651193408766,0.7816516,0.9747699,0.9770833,A,47,male,40-54,A,0.2342604626154642,0.06556604931862345,0.0328099736835919,0.00923689442959029,0.00691324255989248,0.5248096191002032,0.11774874368580737,0.10918313573345678,0.4919996454166113,0.10851184925621708,0.1022698931735643,0.01632003689102489,0.049246056359758594,0.5130654775493758,0.12248045957080078,0.11094079021982559,0.47726612028800003,0.11110648634091431,0.1028271549743908,0.00775856192539324,0.0021677077357914,0.0009803395846223,0.7906716095566749,0.973465710401535,0.9766135917663574,0.23039992053443503,0.00363553641526898,0.29416723448973936,0.9135836372415225,0.4576071667444476,0.13403187006573983,0.12348594480123992,0.39233437736505217,0.12428725738097798,0.1147064374665046,0.041781694949729345,0.005268855542734254,0.001472572646501067,0.8289120133966208,0.9702041313052178,0.9731861785054207,0.21044269073751157,0.01617437437965489,0.26863778627244034,0.9241007744024198,0.5761175087110806,0.18738119642047144,0.14750108982170632,0.469243566,0.1480787326,0.129062921,0.07573274919999999,0.0270662676,0.0122392193,0.737052382,0.953730414,0.96626312,0.24879507320000002,0.0383460787,0.35544905965019485,0.885681972,99.49891510009766,82.35025024414062,80.5796112060547,100.51964111328124,81.76492767333984,111.84890747070312,91.7156707763672,90.7782211303711,112.7128890991211,91.91678314208984,91.42234182011018,62.98661542665923,61.54892113914385,155.97068035823992,103.63736540910772,100.85983805661836
IN Brain-0199,0.16271846,0.8372815,1,15,0.4441503505803676,0.69724,0.91754466,0.8970599,A,41,female,40-54,A,0.3651922762345787,0.07895807434578889,0.034706350593978974,0.037131677179398304,0.06199076941921322,0.6131847179055177,0.2847255492509064,0.33149535873990266,0.5784783673115387,0.24759387207150807,0.26950458932068944,0.044609599064196835,0.03434846097293348,0.583316121312538,0.31722791578212794,0.3385096797288364,0.5331643091492364,0.27026723070119407,0.2733577956161636,0.029673415661210078,0.00617103039304934,0.00275488751014142,0.7299424006640911,0.9035429138898851,0.8937935847282409,0.3589297784888647,0.012866444521466945,0.4356245298987579,0.842426299760739,0.4217985659169636,0.31539072860323913,0.31325172090840453,0.30206241335738937,0.2777230867237198,0.25776468965422883,0.059487041372348025,0.02353118205969018,0.01437558073563886,0.8505242951214314,0.9043623775243759,0.9053121313452721,0.279183396578446,0.03246460138922569,0.35329187729110645,0.8867329346636931,0.6433365198017351,0.34547680713681284,0.3798590091102367,0.5331772960000001,0.27363859879999997,0.29371945200000005,0.08486503479999999,0.0349498103,0.0303212628,0.65648956,0.890496126,0.873406704,0.36684511560000005,0.050045369299999996,0.4908334963127229,0.8067974633333334,100.68955688476562,82.75521545410156,82.47854461669922,101.5835952758789,83.44344482421874,106.79924621582032,90.70982513427734,83.88539276123046,107.58773193359374,84.85723876953125,100.62694560100826,68.76568071865138,66.92529427681382,138.31526304878707,101.25748227149782,81.62008888171651
IN Brain-0200,0.03475679,0.9652432,1,15,0.15090691937236297,0.97041243,0.94247854,0.9828385,A,35,female,20-39,A,0.130336497319763,0.020570422052599985,0.009638483514327556,0.024458896433164262,0.015067254339146213,0.13330557408765661,0.2200924613687329,0.08677609078953745,0.12366709057332906,0.19563356493556863,0.07170883645039124,0.016388211428879345,0.0041822686244092355,0.15381623736620942,0.2383848160842065,0.08910832668834051,0.14104345756085307,0.2124429845401059,0.07289835739889158,0.0036218452147320406,0.00874510176892236,0.0006635222671802147,0.9643645337343216,0.9357948019266129,0.9822599694728851,0.14212826649995017,0.004343489750278205,0.1653727307224104,0.9608064350446065,0.09819555476933199,0.27287835074311895,0.07049117786762046,0.08791502936805556,0.20646051535421303,0.060908580783949416,0.004383890389757681,0.052395290267170005,0.002391013206141882,0.9799597918987274,0.9223959177732468,0.9867408215999603,0.118428041835406,0.019723397954356525,0.15818499662128027,0.9630321770906448,0.18727003996363206,0.28126932504284224,0.11265151837782154,0.157879253,0.230969052,0.09021938399999999,0.0198749066,0.0291826606,0.00791548274,0.9537671440000001,0.918973494,0.9761539579999999,0.15968922966666665,0.018991016646666668,0.19959874905740377,0.949631532,101.1345947265625,79.28067321777344,82.21158447265626,102.13799285888672,83.3487060546875,104.9051498413086,83.51037139892578,81.8970458984375,105.8534439086914,82.9669418334961,100.67572243707195,66.57137827760975,67.23463462838848,133.8145205759371,78.84731470694192,77.493824070475
IN Brain-0201,0.7198016,0.28019845,0,15,0.5931406127677369,0.37804312,0.123186305,0.33936593,A,49,female,40-54,A,0.526592018519769,0.06654859424796788,0.03390907084304762,0.005928227117017126,0.05732442687872885,0.6630980091703589,0.37322576482595987,0.6406140064017816,0.6291889383273113,0.36729753770894275,0.5832895795230527,0.032387241612931196,0.03416138651583045,0.6608292018119742,0.40025797960722986,0.6431116743617651,0.618360302439171,0.3839202192972282,0.5800527993197105,0.008939025341999179,0.00941769059469202,0.0040514788787168,0.3735715649664402,0.13742311891168352,0.34316370147168634,0.5274444403520365,0.007469398271802666,0.5973556142422819,0.28471946178327,0.69303876817902,0.4745717096942066,0.5931593852068096,0.6492272133030814,0.41145051681144607,0.5185008771188746,0.028499449728141623,0.0520259331904583,0.01817649815365513,0.4926376476883888,0.18210584963671864,0.2802183105610311,0.5263928690778007,0.03290062702408502,0.6255970885222919,0.31832060262871287,0.6652049076589939,0.42690127735234207,0.6400111157511861,0.558202802,0.364702576,0.54553108,0.083178533,0.056732850599999995,0.0440057878,0.382354282,0.1524300952,0.33846358,0.4894788193333333,0.061305723799999996,0.6031182279979141,0.29108265240000003,103.69729309082032,84.068408203125,82.9128173828125,104.50935974121094,83.85744171142578,113.39710235595705,91.97552642822264,89.96779174804688,114.19412536621094,90.81719207763672,112.27148800135178,69.31960518692574,68.01646043066087,158.30519579145897,102.10446831530996,96.83199224986863
IN Brain-0202,0.043191314,0.9568087,1,15,0.177956954947725,0.980423,0.9391221,0.9508809,A,33,female,20-39,A,0.15434914050867432,0.02360781443905069,0.010448201698261397,0.023782800548343863,0.02439923194794219,0.09638819349244315,0.22937621585842632,0.19591324636970087,0.08593999179418176,0.20559341531008246,0.17151401442175868,0.019543411398182484,0.0040643968997554625,0.1010370631568461,0.24543312256531707,0.19956619635497963,0.08917131625605416,0.2158242899397227,0.17313949334504286,0.0012588230653375,0.004888780446706599,0.0016550374398596399,0.9792257991075516,0.9331425879955292,0.9496426163196563,0.15937836651360657,0.0026008803173012463,0.18655351115441254,0.9540036678075791,0.07225106672583922,0.24103001587064732,0.21015416410730023,0.0638842118736181,0.21586915195868756,0.18578507454540114,0.0019691016339352207,0.007686859964947612,0.004853097146548328,0.9863309934735298,0.9348045021295548,0.9459910959005355,0.1551794794592356,0.004836352915143721,0.18134964737383072,0.95570886383454,0.1525373300804458,0.294587926953216,0.23564165797873032,0.12163197160000001,0.23684241099999997,0.19387778900000002,0.020559136999999998,0.0317058996,0.01565847232,0.9647516379999999,0.9134051559999999,0.93681538,0.1841173905333333,0.022641169639999997,0.23155424960101167,0.938324058,105.57975463867189,80.93649444580078,83.55792388916015,106.53202209472656,84.74064636230469,116.75639495849607,92.20449371337892,88.5770492553711,117.90833129882812,89.7405792236328,112.38562563983656,65.50193027739537,70.2196738986539,179.93444996006792,105.4622951763256,94.1804246245787
IN Brain-0203,0.027584055,0.972416,1,15,0.12624106059200074,0.97482187,0.9716322,0.9707939,A,42,male,40-54,A,0.11323282592320122,0.013008234668799523,0.009709760450560809,0.011147971190484718,0.017996355211243598,0.11755898058038677,0.1290220240063598,0.13197156003514626,0.10784922012982597,0.11787405281587507,0.11397520482390266,0.012951362284096374,5.68572536355505e-05,0.12152808063421348,0.13981645088453826,0.135274445504046,0.11063743301610658,0.1256182951225042,0.11613810230315975,0.00167283907848498,0.00243870236146752,0.0011203919754132802,0.9737297063350677,0.9685297161102294,0.9698467592000963,0.11746461014725684,0.0017439778051219267,0.1322932027633332,0.9707020605484645,0.09665813852249945,0.16583884418513006,0.14296741208757394,0.08501309585483613,0.15253013580491748,0.12412269619397347,0.001745322097255793,0.0071620172103240174,0.0028062560923951692,0.9803540140390397,0.9606606528162956,0.9676061481237411,0.1205553092845757,0.0039045317999916603,0.13633661565480992,0.9695402716596921,0.16537397537540172,0.19284693864788816,0.16959169775200922,0.1393138068,0.15457972839999998,0.13940663,0.0167023868,0.024859190800000004,0.01310069566,0.9608060460000001,0.95191186,0.959480484,0.1444333884,0.018220757753333334,0.1761225075327329,0.9573994633333334,99.36775665283204,80.117919921875,80.92142791748047,100.29044799804689,82.04953002929688,108.9210205078125,93.16270599365234,89.8100341796875,109.81434631347656,90.87759399414062,93.8256268911756,61.736131828338486,62.36615420793296,156.05775884952916,109.93341381289464,100.21996254915352
IN Brain-0204,0.032386903,0.9676131,1,15,0.14294380242715637,0.9603074,0.96775514,0.97477674,A,55,female,55-69,A,0.1344617500890106,0.008482052338145779,0.00753171202579192,0.006514825538901453,0.00971895141951365,0.16696588108106053,0.1424611194659372,0.11772373870424105,0.1594341690552686,0.13594629392703575,0.1080047872847274,0.007921829661402341,0.0005602550311902543,0.17014745867762593,0.1567422210898116,0.11874192964556453,0.1604026114773171,0.1477251651038452,0.1079081918851434,0.00211442482489296,0.00279087241898676,0.00101512716530608,0.9593047410488129,0.9634738971710204,0.9744976957321168,0.13867865615543523,0.0019734748030619336,0.14918919612664758,0.9657587779839834,0.12728735075143582,0.16664035492200757,0.11781999635142047,0.11781452447368523,0.15914412828968247,0.10741975474003343,0.0017245797942747442,0.00460771902889508,0.002318020546990747,0.9721218124032021,0.9604095593094826,0.9747504010796547,0.12812613583446705,0.0028834397900535237,0.1378778063662432,0.9690939242641131,0.24196103370193348,0.2127962251493423,0.1620101121483833,0.20254223200000002,0.178259182,0.1364103876,0.0317870918,0.028277434400000002,0.01502829128,0.934454506,0.94506538,0.961852912,0.17240393386666666,0.02503093916,0.20689715260009509,0.947124266,105.10211486816408,84.75432586669922,83.80399627685547,106.04325103759766,85.03002014160157,106.63257446289064,91.26116638183592,84.6965103149414,107.6282455444336,85.79308013916015,104.00556104775646,69.50263959966098,68.30404641480804,135.3661295027253,98.48673079130302,82.83277562685801
IN Brain-0205,0.9848511,0.015148835,0,15,0.0785046191263074,0.015278791,0.0043064486,0.025861267,A,46,male,40-54,A,0.0680950014351867,0.010409617691120712,0.003443717936694582,0.0015862200146202973,0.01753583552995451,0.0790465225735036,0.027757150809838427,0.12004710440348745,0.07560280463680902,0.02617093079521813,0.10251126887353294,0.007521924493756463,0.002887652008860306,0.09025002569308614,0.02936809045415833,0.11999206537306656,0.08548752693817388,0.027301885470257258,0.10181522042635949,0.0017359669247204597,0.0003999673477540851,0.00055241803469024,0.0180250351041904,0.00460425386395504,0.025846100775338658,0.07153487761159688,0.0008961174357215949,0.08268589784692519,0.016158463247828034,0.08551579225793621,0.03792853061239851,0.09714162899185022,0.07900392627915079,0.035838949018964075,0.08114001002461138,0.005719842215823281,0.0011374592206051897,0.0010999873678804845,0.016850784420967102,0.006245712646341417,0.019769741001800865,0.06532762844090874,0.0026524296014363187,0.0748888096044368,0.014288746023036461,0.10891434771292727,0.03570462543000372,0.13233172453285996,0.0945598496,0.03180705356,0.1103401342,0.011030554000000001,0.002099621906,0.0056038626000000005,0.0228451396,0.0058101246920000005,0.0293089447,0.07890234578666666,0.006244679502,0.09538625599257683,0.019321402997333332,105.01021881103516,82.86917114257812,82.36505737304688,105.6502670288086,82.94519500732422,107.06705627441406,88.1387222290039,83.6041275024414,107.79059295654297,84.23340148925782,109.87047447781356,68.25209738071422,67.41412383561294,148.75793704639864,93.41853079768754,82.57318491445672
IN Brain-0206,0.65765727,0.34234276,0,15,0.642577186645149,0.65999186,0.15940839,0.20762806,A,50,male,40-54,A,0.5076548931289648,0.13492229351618412,0.023051060288006964,0.005721636388967721,0.03878809862218502,0.6410409043632448,0.4386875525629285,0.5107970177598808,0.6179898440752378,0.4329659161739608,0.4720089191376958,0.0225202650997199,0.11240205786414381,0.6484772658633589,0.44395500647962627,0.5110713595538773,0.616568954572034,0.4262203895069082,0.46637340464034993,0.01061248187490044,0.012263395314159821,0.00615624073646372,0.6483251670122147,0.16259925170764322,0.20783299329169092,0.5030542495730974,0.009677372641841327,0.640760361736624,0.33958580400384963,0.5593441488827846,0.5252894447492105,0.41511539536360753,0.4815385877575255,0.48264848738950183,0.3781804272850193,0.03434995550134036,0.030767075393872457,0.013011712034487144,0.7527047216892242,0.21872496167197825,0.14566505183756817,0.4474558341440156,0.026042914309899984,0.6602023403728443,0.3723649117329236,0.6639193651298938,0.47968344076378766,0.5213352433270768,0.5637877039999999,0.41745895199999994,0.447332834,0.0842427858,0.0580485158,0.0367590372,0.620295326,0.185534956,0.215640962,0.4761931633333332,0.05968344626666666,0.6413602313304485,0.34049041466666663,104.6617431640625,83.53994598388672,81.52064819335938,105.36725006103516,82.36226196289063,107.8478012084961,89.9440933227539,83.61587371826172,108.62010040283204,84.54253692626953,111.22271257083462,68.8098646202907,65.71125480147558,150.54820765353492,100.77976482481908,83.475500515405
IN Brain-0207,0.9710806,0.028919391,0,15,0.13096557145769538,0.04926496,0.010432,0.027061213,A,40,male,40-54,A,0.1142456331380832,0.016719938319612188,0.004933416265204271,0.0022109684368328067,0.02881461020669894,0.1963452435821642,0.05797733492392992,0.12437331581689148,0.19141182731695994,0.05576636648709711,0.09555870561019254,0.011986331636245339,0.00473359543268928,0.20222946487480764,0.061771342165072615,0.12526778927444182,0.19435351707396814,0.05850617404683041,0.09574009738077696,0.00296311909737298,0.00099067594412334,0.0005693000519002001,0.05126713076960292,0.01127273864599406,0.027311239997751497,0.11619992950052517,0.0015076983644655066,0.13456960637712861,0.029950369804449494,0.16524675277843423,0.07754654757889227,0.08372254593896852,0.15687753113939967,0.07395738985657307,0.06467291915664992,0.005820432606404968,0.002355940245295397,0.002181526985659913,0.0391541941819014,0.01491976669494761,0.016411235737541573,0.09850261338420756,0.003452633279120093,0.11134603425753631,0.023495065538130196,0.23700439444124444,0.07451908099694506,0.13209815005648906,0.21008768,0.06669034730000001,0.1003614795,0.022560349200000003,0.005313308,0.00404193204,0.063690807,0.01420148404,0.029242233700000002,0.12571316893333334,0.010638529746666667,0.1540669494788531,0.03571150824666667,106.36204528808594,86.32951507568359,84.515283203125,107.02765655517578,85.13760986328126,106.5976821899414,87.22729797363282,83.14423828125,107.2899398803711,83.83127288818359,116.56381302969584,75.65458695309336,71.71307474351153,147.77623317606523,93.70231197807648,83.41955461708662
IN Brain-0209,0.97490126,0.025098749,0,15,0.11726841334240082,0.03644653,0.013910067,0.024939653,A,60,male,55-69,A,0.10492816460574665,0.012340248736654166,0.009496815632467653,0.006742833219937891,0.015423646456354329,0.15648171959911364,0.07328038591701237,0.1166856836098738,0.14698490396664599,0.06653755269707448,0.10126203715351947,0.010554431769586625,0.001785824318984372,0.1603271056893487,0.07713516654855308,0.11811227205795144,0.14839188712572166,0.06928829866260607,0.10193245780298373,0.0024179455889000003,0.0009306240286879521,0.0005779033633434,0.03762676371438424,0.014821664221674979,0.02532963615115726,0.1065375478637705,0.0013088243269771174,0.12028200319955482,0.025926021362405495,0.16943688995168746,0.08685561461538521,0.09644333721794004,0.15716960935485957,0.0799436444467518,0.08161719098761777,0.006682473566955218,0.003722482105934173,0.0013051161356732927,0.04047060725279152,0.01718107803390012,0.019591070179012605,0.10624348159640971,0.003903357269520895,0.11963431886819148,0.02574758515523475,0.19550354502491063,0.08609527863854861,0.12808706176210222,0.166536346,0.0742310204,0.1084682664,0.0194085822,0.004548878868,0.0051191814599999995,0.0489808942,0.01699344232,0.028103617799999998,0.1164118776,0.009692214175999999,0.13943599828144232,0.031359318106666666,107.72555541992188,86.77680969238281,86.09579010009766,108.36508026123047,86.6896484375,112.81689147949218,91.8858627319336,87.83690338134765,113.46695861816406,88.44002227783203,120.53427448435772,77.53776352111399,74.84679209826548,165.04864538274694,105.4485099750898,93.4538775459824
IN Brain-0210,0.06122666,0.93877333,1,15,0.2303294685030916,0.8616031,0.99023277,0.9644842,A,23,male,20-39,A,0.19290489565352217,0.03742457284956943,0.01049221502324943,0.0026492528888271763,0.01853724503644641,0.40204269947741933,0.05492935574685114,0.15342134468481916,0.3915504844541699,0.052280102858023966,0.13488409964837275,0.010559570982841006,0.026865021901450598,0.40937215241378927,0.0641379984338016,0.16052694347419044,0.3909606245543492,0.05989518846312988,0.14038488156359694,0.00916973989265952,0.00119633224499934,0.00158709294582506,0.857557791340351,0.9881954927921294,0.9623115738630295,0.19708023152702533,0.003984388361161307,0.2377766728806425,0.9360216193318366,0.31993390883103473,0.056492042447457154,0.17551198275615076,0.30193413853814566,0.05342246419920812,0.15372346784434493,0.009774436094371569,0.0013919121129556636,0.00525465248367722,0.9023296222090721,0.9898931294679642,0.9575954735279083,0.16969335686056622,0.005473666897001485,0.19869361297894647,0.9499394084016483,0.4662197285297139,0.09242730017616024,0.19528502076109333,0.40586130200000003,0.078275255,0.162482738,0.049371428,0.011300824919999999,0.0153444478,0.8233862439999999,0.981428256,0.9510927600000001,0.21553976500000002,0.02533890024,0.28208875682330037,0.9186357533333334,104.2945053100586,83.88284301757812,84.08963623046876,105.20882263183594,85.15748748779296,109.19356842041016,89.136865234375,83.38538513183593,110.08433227539062,84.48906555175782,107.90151423892011,66.03706131125075,68.93007850260992,141.4367924046841,96.31298748819536,81.90938263392913
IN Brain-0211,0.45940164,0.54059833,1,15,0.689847106136769,0.7883034,0.5465623,0.28692946,A,23,male,20-39,A,0.5322701530550338,0.15757695308173525,0.028481010703771015,0.12941568618215393,0.04967301462107743,0.5161959447845187,0.6888047910659116,0.5993794348216737,0.4877149340807477,0.5593891048837577,0.5497064202005962,0.06918990383566746,0.08838704741242676,0.5186219128812151,0.6843052237364879,0.6099266222308379,0.4841921004161134,0.546647504273535,0.5580528700389134,0.008452440795062941,0.014687971864968879,0.00311218311517358,0.7864503194332123,0.5663922656297684,0.29889675184935327,0.5296308249095206,0.0087508652584018,0.6880217899330316,0.550579778970778,0.5126406248195958,0.6746996496372136,0.5742319306159296,0.4554847056197596,0.5967818433657534,0.4777285414849025,0.03079819891511148,0.04551640060084514,0.029108561716335524,0.79099106118083,0.5957439597696066,0.2611265236977488,0.5099983634901385,0.03514105374409738,0.688280829100851,0.5492871815493952,0.5690329711950125,0.6918952272010539,0.6054410178953259,0.47415811799999996,0.510496026,0.513465356,0.071240908,0.086734843,0.049771779599999996,0.743810902,0.525014304,0.293710913,0.4993731666666667,0.06924917686666666,0.6922778694791295,0.520845373,102.78575897216795,81.79766998291015,82.40922241210937,103.82618408203123,83.54245300292969,105.51021423339844,90.50037231445312,83.80211944580078,106.4823272705078,84.89530944824219,109.0653359797432,67.95983389255805,69.05820085363113,137.79953227625043,101.08687311243568,82.98672514386877
IN Brain-0213,0.22154836,0.7784516,1,15,0.5288607105023637,0.62473315,0.9390987,0.77152294,A,40,female,40-54,A,0.4231681688760347,0.10569254162632902,0.030643139773852468,0.02180691571628418,0.10661449647506366,0.6616994000749977,0.22944007432861013,0.5374295841896967,0.6310562603011453,0.20763315861232595,0.430815087714633,0.053021517321733436,0.05267098676986365,0.6588928418890982,0.2386074604450009,0.5353509747416318,0.6212467885309921,0.2116828099856866,0.430099150735397,0.011265518179817439,0.00430697900065842,0.00599738556464396,0.6301180137813092,0.9357116828918457,0.7732242682218551,0.42100958308402525,0.007189960915039939,0.5273067933866393,0.7796846549650033,0.6507867503769118,0.21461659658330026,0.6136731618155942,0.5678494751142924,0.19617333439978385,0.47615033285174524,0.052812953311805175,0.005733521741717715,0.021632465423518082,0.6444971080869436,0.9444241687655449,0.696653517242521,0.41339104745527383,0.026726313492346995,0.5489284617895829,0.7618582646983365,0.6749129941141179,0.3168668659146109,0.573144160018308,0.574024906,0.24821708400000003,0.427022616,0.07728659,0.046500997599999996,0.062285100999999995,0.595192136,0.90370423,0.739916574,0.41642153533333337,0.06202422953333333,0.5663949320949986,0.74627098,102.8845001220703,87.92551116943359,86.37346954345703,103.6840835571289,87.34113006591797,104.3069061279297,88.55936584472656,83.60205383300782,105.17525024414064,84.67415313720703,103.96070855073224,74.69668990806747,72.26818611192397,135.82769472886872,96.843875273087,84.01816829074139
IN Brain-0214,0.020962825,0.97903717,0,15,0.10176297871970007,0.9743044,0.9918227,0.97098434,C,50,female,40-54,C,0.09221526902695891,0.009547709692741158,0.0060429947109263416,0.0018982172856351134,0.013608826272797594,0.1194452922743384,0.04744700002872844,0.13130355304716895,0.11340229756341205,0.045548782743093326,0.11769472677437136,0.0071833460897863495,0.0023643670238727293,0.12628002481590425,0.05312864817071389,0.1331097674095671,0.11830972445283834,0.05012875176135666,0.11829425408867619,0.0018967972754831003,0.00090662393360956,0.00110233820817928,0.9724050174236298,0.9906208772420882,0.970468516612053,0.09557757676762373,0.0013019198057573134,0.1063627092737397,0.9778314704259237,0.07420272566110978,0.05253132736808105,0.12178202016051062,0.06693424862661171,0.050027734874717976,0.11031817284584775,0.0014369965419696296,0.0012876891156025992,0.002530159139552548,0.9858730792999267,0.9907488718628883,0.9736593887209892,0.07576005211572581,0.0017516149323749256,0.08438341560283172,0.9834271132946014,0.1643105621968855,0.08368437074695552,0.17279599124831452,0.143237018,0.0710111356,0.1451677596,0.0149696634,0.01081180194,0.0144705304,0.961137982,0.9835980899999999,0.958463776,0.11980530439999999,0.013417331913333335,0.14253529613287322,0.9677332826666666,99.79737701416016,77.68084716796875,78.79495239257812,100.7430145263672,80.02670288085938,109.1673812866211,93.80197143554688,83.60114288330078,110.1337661743164,84.7096954345703,100.98469934940154,57.934093476016685,60.97149312369417,148.98724041686265,108.11311184879756,82.80862874479628
IN Brain-0215,0.3077673,0.6922327,1,15,0.6173025526760815,0.817274,0.5779717,0.68145245,A,19,male,<20,A,0.4651017680922812,0.15220078458380026,0.09733741355930253,0.11214839648063357,0.17741892380717422,0.47550201375681017,0.6809382363812104,0.6257697879859333,0.37816460019750764,0.5687898399005769,0.4483508641787591,0.12896824461570344,0.023232548881484516,0.48544702147120355,0.6829228931200325,0.6275046375938619,0.38585648931072736,0.5682792047973149,0.4505398243623285,0.0068983078739653396,0.01154449072645382,0.0035171758492766395,0.8105344889342785,0.5713771472349762,0.6791551563322544,0.46822517282345694,0.007319991483231934,0.6214625178794264,0.6870222641671698,0.4362196272417212,0.649003056724138,0.6149580438601798,0.3312247057996778,0.5707943079774438,0.47417844278142274,0.020331722163666,0.05081857958620366,0.03373199518453217,0.8420710295438767,0.6474629253149032,0.6951012462377548,0.45873248551951473,0.03496076564480061,0.5850293890322337,0.728211733698845,0.5411471803197991,0.6865677989422017,0.6360906840793294,0.39326070199999996,0.530679912,0.446205608,0.08029904880000001,0.07089150400000001,0.030634363200000004,0.768446058,0.5572928420000001,0.6672764179999999,0.45671540733333327,0.06060830533333334,0.638115790184886,0.6643384393333334,106.12537384033205,88.28301849365235,84.58848724365234,106.85159606933594,85.29820251464844,107.39287872314452,91.89845428466796,85.59738311767578,108.25145721435548,86.32553558349609,110.35094860955864,74.96625378003908,70.53363547660786,145.15062224809913,104.23791949229954,87.95284970742519
IN Brain-0216,0.98297584,0.017024195,0,15,0.0862200027064354,0.007176332,0.02076388,0.023132375,A,45,male,40-54,A,0.0745466421640669,0.011673360542368505,0.002536547951691205,0.0048168981817507395,0.02257508657499499,0.042579835111844516,0.10099729152187256,0.10999133256692056,0.04004328716015331,0.09618039334012182,0.08741624599192557,0.009976177569478979,0.0016972194322032036,0.04421021163901322,0.10668239101258893,0.10998674179647715,0.04119377713670496,0.09998900871040439,0.08700213202253695,0.0005363393102521799,0.0016889227621968198,0.0003728775228675,0.00750860132218798,0.02225299604129974,0.02313114745747292,0.0760616392898821,0.0008660465317721666,0.08866999087213412,0.01763091494032021,0.03212373228990656,0.1303982299850704,0.09034363522305974,0.030069885158671185,0.12129905400137635,0.07115914539320438,0.0011186837717122853,0.005599173186257506,0.0011572309979933418,0.005122069665776508,0.02875806901138276,0.018048454214294907,0.0741760281844173,0.0026250293186543777,0.08737492693996957,0.017309530963818057,0.05713344379980446,0.12509051517871855,0.11949461223415905,0.050140694,0.11037202360000001,0.0935042716,0.0043589927599999995,0.0095102847,0.00439561314,0.01024699372,0.0272616348,0.02570914186,0.08467232973333333,0.006088296866666666,0.1021845936803168,0.02107259012666667,112.39624481201172,82.18566284179687,84.31622772216797,113.00889892578124,84.88712005615234,115.9975570678711,86.8822006225586,86.36519165039063,116.81996612548828,87.0274887084961,127.26308149720153,68.91598466316864,72.12924983317046,161.70255116464247,90.06365163546133,87.92448218031322
IN Brain-0217,0.40947923,0.59052074,1,15,0.6766684581869428,0.5154717,0.74165756,0.514433,A,32,female,20-39,A,0.5588193089903181,0.1178491491966247,0.012772591055612903,0.06071044914843249,0.20677392989264248,0.6926683576930976,0.5713160418350841,0.6927304975394605,0.6798957666374847,0.5106055926866516,0.485956567646818,0.0934189900322293,0.024430156986611218,0.6928018718066082,0.5805984233305576,0.6927086271233545,0.6698451861770757,0.5148347409381848,0.48657657891601447,0.01033073395441236,0.01009925245113254,0.00302070869957616,0.513139044970274,0.7326567605257035,0.5148069126278163,0.557085502010425,0.007816898368373687,0.6779783761023614,0.5868675727079312,0.6342118504119771,0.5853252676465274,0.6897512477152135,0.5471310856368723,0.5341246271171134,0.46266143065370535,0.03454673759001161,0.028092531635080364,0.009858662284504988,0.669953091815114,0.7279112912714482,0.45881695142015816,0.5146390478025636,0.024165977169865654,0.6646030794278883,0.6188937781689068,0.6931450729322348,0.6073472246410528,0.6930687813745384,0.61884419,0.49764321,0.47075002,0.06447626279999999,0.0636703064,0.030097314800000004,0.49897344600000004,0.704103492,0.506260876,0.52907914,0.052747961333333336,0.6833770268170107,0.5697792713333333,101.55238800048828,83.38046264648438,82.89080963134765,102.29160003662108,83.66858673095703,110.98019561767578,92.73511505126952,87.83756103515626,111.78451232910156,88.64222869873046,99.94427046854332,66.79328986052569,66.12016236684458,154.05169175494893,102.76456207857746,91.03566130794232
IN Brain-0218,0.0949691,0.9050309,0,15,0.31388619039576193,0.8748167,0.92924976,0.9110262,C,38,female,20-39,C,0.25900559770172776,0.05488059269403417,0.05831555899542873,0.03136302512392411,0.06616360499581403,0.3771266624979752,0.255575236215284,0.300157083507091,0.3188111035025465,0.2242122110913599,0.233993478511277,0.05194739637172229,0.0029331930601280143,0.38436442778482,0.2775733063405501,0.3017926320058783,0.3221246910382978,0.2389286059047866,0.23449301277086426,0.00515127794674002,0.0049843615566392396,0.00129866543092744,0.8710611952662468,0.9204890531778336,0.9103218131542204,0.26518210323798286,0.003811434978102233,0.323709692785115,0.900624020532767,0.3168436589472875,0.2624069338026129,0.2948114577907587,0.2586920149246484,0.2327882661011207,0.22543695654627277,0.013378517176134277,0.019208987799989037,0.007331447136634123,0.9037145942449569,0.9265760466456413,0.9133102521300316,0.23897241252401394,0.013306317370919146,0.2919212264594292,0.9145336310068767,0.4619273461596008,0.34218295103485485,0.34817819531822136,0.34881734600000003,0.25824243139999997,0.260422904,0.0718136366,0.050590746799999996,0.028707519000000004,0.826157262,0.8920617359999999,0.889203108,0.28916089380000004,0.050370634133333335,0.38801693811008675,0.8691407019999999,114.62625885009766,93.0821258544922,90.33602447509766,115.44856567382811,91.281884765625,116.18544158935546,99.12439727783205,91.2209930419922,117.15955505371092,92.1806411743164,127.18969908368554,85.87305392521898,81.65953740357614,158.82052481873114,116.67557690186408,97.09213038884675
IN Brain-0219,0.9187536,0.081246376,0,15,0.28180295088911494,0.144598,0.03837058,0.06077055,A,50,male,40-54,A,0.24628548206807188,0.03551746882104306,0.020808907993801307,0.011855450830723868,0.033515587979182054,0.41322320305203464,0.16273072768815044,0.22908246226773782,0.39241429505823333,0.15087527685742658,0.19556687428855576,0.02205998226790241,0.013457490510921544,0.42580025156824053,0.1704466986380219,0.23438096287062998,0.39987552312954555,0.15572048418100812,0.19950780914386365,0.00627147988164786,0.00308228390857768,0.0015572167349284,0.15178927472233766,0.04078998857138208,0.06271776124252934,0.2517012721514724,0.0036369935083846467,0.29104960989946055,0.0850990081787497,0.43738383553366694,0.22024732479081474,0.17262528104091013,0.4144209249951277,0.2052211515246376,0.13833812886008515,0.021270515083638187,0.008418781727712113,0.0034372798134103266,0.1586256411159411,0.057576817239169034,0.04148184815130662,0.25266006845995015,0.01104219220825354,0.29293548663265756,0.08589476883547226,0.44169422428357763,0.19143713114328154,0.24402887361498524,0.385555476,0.1641610994,0.20096946520000003,0.038291299200000004,0.014558457720000001,0.01082678428,0.16122414300000001,0.047616727399999996,0.0663255537,0.2502286802,0.021225513733333336,0.30650422653615883,0.09172214136666666,104.48663482666016,84.4257583618164,83.91544342041016,105.10885772705078,84.59188842773438,105.47718200683592,89.41460876464843,80.23029174804688,106.220556640625,80.94678955078125,116.63185289092829,71.22923974862815,70.64084411049322,143.35703671797086,97.11865909337804,75.12165447526158
IN Brain-0220,0.12551789,0.8744821,1,15,0.3777767166343069,0.8269371,0.8778189,0.9186904,A,35,female,20-39,A,0.3214690712072776,0.05630764542702932,0.009731444734438488,0.05138260222583846,0.08839313160586024,0.4607097579264073,0.3712482604356728,0.2819563738258898,0.4509783131919688,0.31986565820983437,0.19356324222002955,0.0498357261887124,0.0064718940768427324,0.47953395056169745,0.39423246644540794,0.2880684681463503,0.46111314650859914,0.333405118794005,0.19932123239284685,0.009083925876091739,0.0099627222485454,0.0017188467346767,0.8145660766601562,0.8658327092885971,0.9161519586563109,0.3312798325651503,0.006921831619771279,0.39482086911095327,0.8655169148683548,0.3810759905494414,0.3915727602083262,0.272771398808716,0.33683289744730704,0.33282274024014563,0.19327721332070014,0.017807474384955835,0.026650768461614665,0.019358003936473026,0.8727756768465043,0.8672544479370117,0.92243911921978,0.28764428366938427,0.02127208226101451,0.35173165336852713,0.8874897480010986,0.5166515448130194,0.4240464882025238,0.30993222166780604,0.45650801799999996,0.3358397072,0.2103948654,0.05173803540000001,0.0385012238,0.01541479584,0.787956542,0.84922764,0.906776868,0.33424753020000003,0.035218018346666664,0.4261849783595896,0.8479870166666666,100.25677642822264,77.72042694091797,81.84031219482422,101.23395538330078,82.88508453369141,113.55689544677736,86.23062438964844,83.25073699951172,114.38302612304688,84.24776458740234,101.5223360982394,60.39538529757594,65.58123931052482,147.15370684377933,86.7747949623824,79.73272390416042
IN Brain-0221,0.9754842,0.02451579,1,15,0.11512809551347167,0.028073132,0.013361713,0.03211253,A,48,male,40-54,A,0.1041575002463258,0.010970595267145875,0.008994392786079303,0.0026679815339501894,0.016787356016783522,0.12797902563270008,0.07093267109600197,0.14201053434708835,0.11898463284662078,0.06826468956205178,0.12522317833030483,0.009483243445604339,0.0014873385465534045,0.13406670143019128,0.07717043434840377,0.14393260717242473,0.12323769958177677,0.07286741255615829,0.12600968748357788,0.00159784539395288,0.0013802392447056,0.00087312019242074,0.02980586919048798,0.014830068430351059,0.03267837458043354,0.10737159987383765,0.0012837349436930733,0.11972097059941311,0.025771437400424195,0.10001096768883919,0.09865010337477112,0.095367377691251,0.09488401859166007,0.09389883582947514,0.08292636365850076,0.0028996085304423365,0.0027337213420236027,0.0013086823927205068,0.0205083463457413,0.020157154873595574,0.019316595882264663,0.09056973935987866,0.002314004088395482,0.098015887416697,0.01999403236720051,0.16335195849153747,0.096190506775837,0.15976915402103561,0.13793030480000001,0.0843879964,0.1351904156,0.015845258100000002,0.00879975946,0.00860110306,0.0385635833,0.0195264833,0.0374547722,0.11916957226666668,0.011082040206666666,0.14110940735160477,0.0318482796,102.16295166015624,85.06629486083985,83.07326812744141,102.76112213134766,83.64503173828125,100.9476333618164,86.75254974365234,79.94910278320313,101.71530303955078,80.6503921508789,103.50925111611264,72.02196010319821,67.98394350251132,123.52472659445702,89.77268484065283,73.61969210473282
IN Brain-0222,0.14879799,0.851202,1,15,0.42061839955009495,0.8399704,0.8428029,0.87083274,A,28,male,20-39,A,0.3810926666044003,0.03952573294569467,0.015402356927713523,0.05330065299131154,0.04753121133949406,0.43971896309326064,0.4349926752547413,0.3848005827237181,0.4243166061655471,0.38169202226342974,0.337269371384224,0.038744740419506374,0.0007809772757100819,0.44700974207901334,0.447894221306973,0.3886675201359493,0.4259915901432221,0.3884301622477438,0.33734272006490357,0.00651440135498732,0.008584898718871841,0.0033354930165981804,0.8355291604518891,0.8349843127489089,0.8687968192577362,0.3839214908186232,0.006144931030152447,0.4288404104208977,0.8464367641528447,0.38834159714600747,0.481643712626937,0.39937845667379923,0.33185674572634244,0.4326552554005702,0.3463834127386064,0.015374811126023069,0.02675654086575452,0.012455097418903448,0.8689691632986069,0.8131359547376633,0.8630551740527153,0.3702984712885063,0.01819548313689368,0.42549723258593697,0.8483867640296618,0.5000664796732648,0.4916340918016024,0.4296956022454494,0.43585727199999996,0.390609596,0.349764138,0.052208912399999995,0.053557268000000005,0.0328457654,0.8002421999999999,0.8062366400000001,0.845935184,0.392077002,0.04620398193333333,0.47520623032906273,0.8174713413333333,103.9419403076172,86.16788940429687,85.15393829345703,104.8248794555664,86.1323959350586,110.54562683105468,91.839697265625,83.66784362792968,111.50062255859376,84.69696960449218,99.85399837584984,70.5775373578172,68.98493063588685,141.9890429837692,96.5465744313721,78.83033534405641
IN Brain-0223,0.978907,0.021092948,0,15,0.10226278735532233,0.037025794,0.0067841946,0.019468857,A,53,female,40-54,A,0.088689035080236,0.013573752275086337,0.007350595649277425,0.0030126888722537756,0.018543986722881003,0.15837393689923968,0.04063569737466247,0.09596474221121803,0.15102334124996225,0.0376230085024087,0.07742075548833703,0.009635757081470735,0.00393793766542698,0.16208897044151457,0.04489896801244025,0.09794239337272152,0.15271236952604592,0.04098580605309534,0.07865763511191363,0.00209931915903334,0.0006198833520827411,0.0004632857716044012,0.0381715244295075,0.00764989198928228,0.019975151948817,0.09078527023035161,0.001060829427573494,0.10546647586308025,0.021932189455868927,0.12065203207120831,0.059680004206079176,0.07011559016512554,0.1136171472677854,0.05547158995408156,0.05621511431335716,0.005445961932189901,0.002941300613795076,0.001700981220599794,0.02602812022669241,0.010807499787188136,0.013172096757079999,0.07510128384507471,0.003362747922194924,0.08477656398713977,0.016669238923653514,0.18823554048038016,0.05198629669802163,0.10421795994295982,0.16647684199999999,0.045225438800000003,0.08280160119999999,0.014649083000000002,0.003316654274,0.0035732351,0.046552228699999997,0.00913467096,0.021604091,0.09816796066666666,0.007179657458000001,0.11969273183580413,0.02576366355333333,105.96544494628908,84.1384292602539,83.65342254638672,106.6554946899414,84.2812255859375,105.82275390625,88.92586364746094,85.22638702392578,106.53215637207032,85.86839599609375,112.45169306219654,70.70369986053184,68.94350148430365,140.22838094497143,97.82681962106632,86.00770245876126
IN Brain-0224,0.25885585,0.7411441,1,15,0.571856787344057,0.9219216,0.52639,0.77512074,A,22,female,20-39,A,0.4355114399077677,0.1363453474362893,0.05425980570548711,0.02962550823686605,0.1083992896185807,0.27405080123197134,0.6917536659896224,0.5330144560626431,0.21979099552648423,0.6621281577527564,0.4246151664440624,0.06409486785364461,0.07225046264218582,0.2901502852530232,0.6894612572698087,0.5307135531425076,0.2350540789801049,0.6462753398981428,0.4230597728328992,0.00474682810734408,0.01725713771469728,0.00401305540100874,0.9152792673110962,0.5429033354341983,0.7769721745252609,0.434796397237049,0.008672340407683367,0.5677065119642188,0.7450515924235185,0.28607301466746615,0.6675615671922515,0.5275512130269534,0.18720825790285597,0.6225393059219388,0.437303204910651,0.02113532022104739,0.03550054958017308,0.008263944026785295,0.9169845730066299,0.6126202680170536,0.7794911727309227,0.4156835895784819,0.021633271276001925,0.5396401841293783,0.7696986712515355,0.32250672425201443,0.693035116043313,0.560498606950058,0.244562444,0.5875360900000001,0.42226722599999994,0.0269791874,0.0835706592,0.045630237,0.9011690339999999,0.50748533,0.75166495,0.41812192,0.052060027866666664,0.5928527627427395,0.720106438,110.60353546142578,87.24268188476563,88.48515319824219,111.48956146240236,89.4946533203125,113.29097137451171,89.50487213134765,85.46941223144532,114.06997833251953,86.38347778320312,114.61590830421164,74.46807911106876,75.7708498421133,148.426454448802,94.44292430724244,83.02906277572595
IN Brain-0225,0.08559389,0.9144061,1,15,0.2922233697494987,0.8811717,0.90450156,0.9575451,A,38,male,20-39,A,0.2599989595476399,0.03222441020185879,0.016474767455691486,0.05377967019247609,0.005079525304188759,0.36458398318189905,0.31507792628761816,0.1756689321257588,0.34810921572620757,0.26129825609514207,0.17058940682157003,0.02511132098411878,0.00711308189510973,0.3909884460718747,0.318324922344658,0.1795064671535215,0.3701828853003579,0.2618336934837591,0.17181510930605948,0.008299263449008821,0.00772259675669464,0.00257337235622916,0.8675655428647996,0.9030519542694092,0.9563075378656387,0.26794389603005886,0.00619841085397754,0.30490287979690456,0.9089750116666158,0.30462963244920255,0.31807418481982636,0.2217911985140972,0.26386552007761876,0.2646884867276048,0.20628130477479095,0.009786095202861247,0.01718255696039924,0.0035533583644754953,0.9090937167406082,0.9031642794609069,0.9418698728084565,0.24494510386000487,0.010174003509245327,0.28352412911495795,0.9180426230033238,0.4258381643723241,0.3696837005605259,0.23556665846319297,0.368305864,0.28025024260000003,0.20541187880000003,0.040905535,0.0346262226,0.023762227599999998,0.84818869,0.8786108340000001,0.9368431919999999,0.28465599513333334,0.03309799506666666,0.3509230086130105,0.8878809053333333,103.33618469238282,85.97747497558593,85.08057861328125,104.32832794189451,86.20027008056641,91.1910842895508,76.70658111572266,72.09337768554687,92.17548370361328,73.25977630615235,102.5638002495274,72.12061717256118,69.72284946999972,96.32715212467647,68.90661738278288,60.48866137861413
IN Brain-0226,0.95560133,0.044398654,0,15,0.1816797815462414,0.022512015,0.05716902,0.05351492,A,55,female,55-69,A,0.16430131873309445,0.01737846281314695,0.0076497667942379,0.011136448787894493,0.02381380458202703,0.10766066971590071,0.2191058582816675,0.2087374483658745,0.10001090292166281,0.20796940949377302,0.18492364378384746,0.014200006721386474,0.003178437730737893,0.1122173380663439,0.22703596350215605,0.20998435395343873,0.10320129919344193,0.2118540925601075,0.18511312654597628,0.0014245981403386801,0.0038936773175049398,0.00125135501381684,0.02372915457384658,0.06002487574350086,0.05394960590321566,0.16672283943317523,0.0021898768238868198,0.18626499372106464,0.04590121207352103,0.10725375124646398,0.2256851163376609,0.16067488093789856,0.09650497986785929,0.21432670715430038,0.14106021775032312,0.004458727236361213,0.005336072618241719,0.0036542818467242347,0.022404177227872423,0.05953463015612215,0.037734094927145634,0.15063063492416093,0.004483027233775722,0.16759748145191106,0.03989096743704674,0.13355205566296247,0.2766385039175893,0.22612340618538207,0.115190434,0.2280478908,0.19275648039999999,0.0106316827,0.0360490666,0.01094432018,0.029658209400000003,0.0791296468,0.05969352299999999,0.17866493506666667,0.019208356493333332,0.2162695027129549,0.05616045973333333,99.97986145019532,81.80578308105468,81.2018051147461,100.63563995361328,81.79360504150391,114.064990234375,95.6200424194336,91.16937103271484,114.84224700927734,91.8383773803711,100.84855373963909,66.99136944750515,65.20326668538729,165.74129679353217,114.86242955298742,101.88297351254424
IN Brain-0227,0.8805674,0.11943266,1,15,0.36579304974278504,0.17315082,0.13573748,0.049409673,A,37,male,20-39,A,0.3331376688852188,0.03265538085756625,0.01324993307815625,0.02439633924575596,0.017710988316751025,0.46084723467947725,0.39714966032013865,0.1967733722967036,0.447597301601321,0.3727533210743827,0.17906238397995258,0.01845242021355441,0.014202981877877885,0.461504412683634,0.39506693716674357,0.19785561877674465,0.4409816978655141,0.3652000421713564,0.17928360754987321,0.00729855268185778,0.00895223305877192,0.00092388015909468,0.17357155353277914,0.13461528591141098,0.049776155528705526,0.32848844919558123,0.00572488863324146,0.36556994131592063,0.11932099832429857,0.44368342105622427,0.4988079553132549,0.15128406511036813,0.4104342066251032,0.43691799071240345,0.1328118810505515,0.012344148165788372,0.030091494384074668,0.0020934474502073627,0.1624336127191782,0.19885280523449184,0.03487030655669514,0.32672135946268605,0.014843030000023467,0.3902693960813258,0.13205224150345504,0.49559603620329834,0.4425663436197116,0.21655305175337414,0.425710558,0.362728232,0.1879141982,0.0580796598,0.0582959068,0.0116337649,0.19655972,0.16175360119999999,0.05626098068,0.32545099606666666,0.042669777166666666,0.4016667804605776,0.13819143396,101.6791778564453,84.76252136230468,81.91190338134766,102.34368286132812,82.52741241455078,103.8460189819336,89.66502838134765,77.56862182617188,104.51832122802736,78.26497497558594,99.6218817760687,71.08939497081123,66.0751623007105,127.78014390819024,95.48858656758031,70.71720779536534
IN Brain-0228,0.9759241,0.024075951,0,15,0.11350378534824206,0.01680429,0.0123496,0.043073963,A,45,female,40-54,A,0.10262283713772044,0.010880948210521615,0.0008015600927591404,0.0029393245640669807,0.017849304950005973,0.08532666526313187,0.06653879537467722,0.17759324038218427,0.08452510517037273,0.06359947081061024,0.1597439354321783,0.007196729868944031,0.0036842430604984433,0.0901455863066781,0.06985250972075657,0.17719466965858185,0.08810255166323948,0.06592854034676245,0.15837874884496755,0.0012886873195468,0.0009203147502269201,0.00075152761607126,0.01799891573945056,0.01311118076286506,0.042945490094646765,0.10413661361832316,0.0009868432286149933,0.11575150233849267,0.024685195532320795,0.06630094006584636,0.09431918533713565,0.15611348118466786,0.0637523652099535,0.08922947455389649,0.1360690251023677,0.002069876935623874,0.002958027104783486,0.0016703616442212243,0.012295343820005656,0.019050175094162115,0.03633413584902882,0.09635028828873922,0.0022327552282095284,0.1078411277357168,0.02255988492106553,0.12469890066052262,0.08508154762253625,0.19539503592039958,0.10902351399999999,0.0755538354,0.16979992800000002,0.0151081682,0.006259530420000001,0.009740181320000001,0.0271521444,0.016744079680000003,0.048944315999999995,0.11812575913333334,0.010369293313333333,0.1380182512414719,0.03094684669333333,110.2691146850586,91.56535034179689,89.65529937744141,110.91917266845704,90.2425765991211,112.76295776367188,92.72686614990236,92.46891479492189,113.45911865234376,93.06975860595703,126.54291407447812,87.8095954672597,83.19156900094688,165.34621196484997,107.7664853687074,106.45889014746108
IN Brain-0229,0.9685633,0.03143668,0,15,0.13970128670429197,0.02564024,0.023383226,0.045286577,A,68,female,55-69,A,0.12207244011428763,0.01762884659000434,0.006520022085366867,0.013352305137852308,0.02847902410384448,0.11924407205199135,0.11092891306727752,0.18439568655065766,0.11272404996662448,0.09757660792942521,0.15591666244681318,0.01611711710902122,0.0015117266182991529,0.12934480912622365,0.11615451822672837,0.1878126843832032,0.12066878032669137,0.10132980649199082,0.15835216629258117,0.0020594831372625,0.0014645978769038,0.00107304535710836,0.028459228325169485,0.02479488115038834,0.04641226055128496,0.12678358437042112,0.0015323754570915535,0.14577007695103125,0.033222123342280925,0.10519655240840939,0.14137662342963916,0.1396047184090394,0.09827691154945342,0.128966225191594,0.11305375421063672,0.004391601802714687,0.005678114155833294,0.002401030091703094,0.021861143531714332,0.03192657006584341,0.03140851377393119,0.11343229698389472,0.004156915350083692,0.12913120296184996,0.028398742457162975,0.15398044521896687,0.13417261957124177,0.19867244049442623,0.13231661720000001,0.10897899339999999,0.1634044252,0.01495457674,0.0099213946,0.0084997557,0.0356852654,0.029836285640000005,0.05005339799999999,0.13490001193333334,0.011125242346666666,0.163227795236206,0.038524983013333326,102.81207580566408,83.53776245117187,82.26952667236328,103.4454132080078,82.90597991943359,108.74859161376952,91.78754119873048,88.77557983398438,109.44143676757812,89.43020477294922,110.064562318008,71.27324204281,67.82770222206311,159.89731316663327,104.34157996745635,96.42091670478388
IN Brain-0231,0.96629125,0.033708755,1,15,0.14740671883931133,0.030097866,0.03727833,0.033750076,A,45,female,40-54,A,0.13320714812917905,0.014199570710132281,0.004243951996139084,0.015727915014341287,0.022230142108074585,0.1350821926294503,0.1591959065216284,0.14754535435501342,0.1308382406333112,0.14346799150728712,0.12531521224693884,0.014067336372851652,0.00013224232258424173,0.13955816197301765,0.16766076590569842,0.148408404242995,0.13393522763407026,0.1499864075821478,0.12557943582496833,0.0015095553695904601,0.0020446579963483602,0.00075911900157224,0.0313949364596046,0.039910864221653866,0.03400766338463868,0.13650035701372878,0.0014377774558370201,0.1520608813536432,0.03510448802196572,0.12198721971637527,0.1926174223819847,0.10772315157544815,0.11191701441042254,0.17867451086314978,0.08975142559192006,0.008993200143568325,0.008407298470722075,0.0029485059793824707,0.026397471502423286,0.048011283003143036,0.022528587140550373,0.1267809836218308,0.0067830015312242906,0.1426907863437827,0.03231244721537223,0.1671364599144162,0.18150959705109235,0.15956107219270943,0.1486305124,0.153448833,0.1318954142,0.014382951,0.01149212362,0.0062984778200000004,0.0397461192,0.044343219159999996,0.0373906945,0.1446582532,0.010724517480000001,0.16950886572135077,0.04049334428666666,108.28628387451172,85.00189666748047,85.99370727539062,108.8981185913086,86.62784271240234,110.4820327758789,91.86268463134766,89.68157653808593,111.21907043457033,90.37848510742188,123.37550295827783,73.40281788569975,74.49021349399273,163.32685914868176,105.0809198109802,98.42987630203169
IN Brain-0232,0.012042077,0.98795795,1,15,0.06518738131061567,0.9833366,0.99690264,0.9836346,A,57,male,55-69,A,0.05514669304307344,0.010040688267542237,0.005354194580246885,0.0009595593421633866,0.017520287259510922,0.08475244892182457,0.020986477918658035,0.08353519347065891,0.07939825434157768,0.02002691857649465,0.06601490621114799,0.007944680393973731,0.0020958865557660356,0.0887964271313895,0.02577847744963839,0.08531646314577887,0.08195830519576289,0.024146323418187222,0.06686660776774858,0.00119263235971308,0.0004382099609120785,0.0005386527365862851,0.9823376286029817,0.9960541890144349,0.9831982167482376,0.057657078793899565,0.0007231650190704812,0.06851853214735451,0.9871966781218846,0.0518341329388279,0.026216949347913503,0.06934409435804917,0.04747862212501185,0.024601550936813484,0.056633270396787075,0.0007960583587274881,0.0008195072415949405,0.001908289413737082,0.990897785127163,0.9959747716784477,0.9870063543319703,0.0429044811528708,0.0011746183380198368,0.04997189264373354,0.9912929703791936,0.12400540246855468,0.0404712429018916,0.11169564844601965,0.10646548120000002,0.0343493526,0.0855398958,0.012229018,0.0050493957,0.009213128,0.9730414379999999,0.9932487699999999,0.9764110819999999,0.07545157653333334,0.0088305139,0.09451380741668162,0.98090043,100.5328598022461,74.96444091796874,80.65165863037109,101.48770751953126,81.89275512695312,109.99028778076172,89.37811737060547,86.37550811767578,110.97767486572266,87.54999237060547,97.06582435359864,62.2948419280671,64.87102186765763,151.52190624065116,98.9525813907475,89.38725197324159
IN Brain-0233,0.9854958,0.014504186,0,15,0.07579932717487321,0.0062682615,0.0066626957,0.0305816,A,52,female,40-54,A,0.06283993187680607,0.012959395298067139,0.002152466822336753,0.002489278434808978,0.021668112653806887,0.03804280119254983,0.0400287590815036,0.1367580932673174,0.03589033437021308,0.03753948064669462,0.1150899806135105,0.008769952636984206,0.004189433772449694,0.04005436378786851,0.04336499837615828,0.13864618407014523,0.0373903474449914,0.040126761531374996,0.11607181309607764,0.00048098281098841994,0.0005977074720945578,0.00064693890888006,0.006667812501615819,0.00733596229924148,0.03112933164252894,0.06452964069081468,0.0005752097306543459,0.07806810821788081,0.01504436881446208,0.03188852191119801,0.049217992224082074,0.10628449556882638,0.029627554120509686,0.04614800997816389,0.08717859576979715,0.0011127259455457703,0.0017346224743776215,0.0017720010798660541,0.005077466919101425,0.008548117732425453,0.02214787712873658,0.05431805328949024,0.001539783166596482,0.0646685830491081,0.01192448726008782,0.05263832893955993,0.05147783030381077,0.1476401107207279,0.0462186172,0.0452471771,0.12213434539999998,0.00426664578,0.003321977888,0.00540969478,0.00927402858,0.00902631396,0.0337783267,0.07120004656666666,0.004332772816,0.08757690808532248,0.01735955641333333,106.2157943725586,84.10792846679688,83.8134750366211,106.8624053955078,84.46005249023438,114.83744354248049,95.2555374145508,90.82220153808592,115.52767944335938,91.50931243896484,117.72160032784254,72.37023757157893,70.78538546483477,174.87875411879313,115.60448034962197,102.14974566979146
IN Brain-0234,0.19785993,0.80214006,1,15,0.4974213147019268,0.8882825,0.942654,0.5754837,A,35,female,20-39,A,0.37388220978157993,0.12353910492034686,0.026552729256192065,0.026770997804383884,0.07643024922042174,0.3500912334369443,0.21960145021738353,0.6817079219714097,0.32353850418075225,0.19283045241299965,0.605277672750988,0.04325132542699923,0.08028774393433663,0.3473430997406195,0.23113622298706388,0.6804806241346704,0.31823592397526285,0.19972998850464407,0.603026619815713,0.004609477641282901,0.00388804015033904,0.00352285308441902,0.8896036983728408,0.9384775451421739,0.5794134272813797,0.37366417743187336,0.004006790292013653,0.4969195854264837,0.8024982235987981,0.2695979311094346,0.22335874039993395,0.6826573318453606,0.24961094024903457,0.19605038424553423,0.6189982266805825,0.008304860778146721,0.011893534184801536,0.008519292500960462,0.9237162053585053,0.9413060188293457,0.572294944897294,0.35488651705838375,0.009572562487969572,0.4826669169039969,0.812439056361715,0.4339395608171903,0.3041713530042132,0.6878462580472688,0.34901483200000005,0.2282432668,0.559487038,0.061878293200000004,0.044728938600000004,0.069695622,0.843429152,0.9092926379999999,0.551437094,0.37891504560000006,0.05876761793333333,0.5416182883374312,0.7680529613333333,101.52114410400392,82.32487640380859,82.9665771484375,102.32000427246092,83.9834213256836,110.2268325805664,91.93746643066406,87.54118957519532,111.12303466796877,88.63410949707031,106.71100378554708,68.80309784140064,69.87732258784806,148.45673146765935,101.36920507453188,91.08919699075952
IN Brain-0235,0.29554424,0.70445573,1,15,0.6070415568074707,0.92514,0.3706091,0.81761825,A,28,male,20-39,A,0.39434280020078527,0.21269875660668547,0.0064496689818689945,0.104239780444219,0.10657978031079474,0.2660327205654395,0.6592790591979298,0.47498585057586934,0.2595830515835705,0.5550392787537108,0.3684060702650746,0.07242307657896091,0.1402756792955253,0.2737112224531071,0.6575685075732096,0.47850416786319444,0.2631520985297189,0.5529930260447633,0.36899255197175945,0.00401009449990798,0.01621265998342422,0.00343452833910404,0.9220591325044631,0.3674204381480813,0.8152608154177667,0.3950458921820805,0.007885760940812081,0.6095195116338789,0.7015801286901037,0.27916920780579724,0.6862070350810878,0.49318754446673796,0.2533802302801848,0.5946372990282913,0.3751585009481636,0.005450544782280809,0.04303347436908163,0.009189900556281614,0.9198362156748772,0.44116091709584,0.8051443889737129,0.4077253434188799,0.019224639902548017,0.5910094305775477,0.72204717391481,0.3542183416248299,0.6581278094671021,0.5089181045241957,0.299445242,0.498034976,0.37433901999999997,0.048125204,0.08483803240000001,0.0436992612,0.886282222,0.368454122,0.7937704240000001,0.3906064126666666,0.058887499200000006,0.6247135656491445,0.6828355893333333,95.43729858398436,80.23905792236329,78.83930816650391,96.47754364013672,80.00615844726562,101.60846252441408,84.82373352050782,76.84259185791015,102.57537994384764,77.92435302734376,89.32717470706514,66.37773643535198,62.25640476537266,123.33645678433318,85.70400456300021,68.67709168831851
IN Brain-0236,0.45732644,0.5426735,0,15,0.6895006925620513,0.36961094,0.6159231,0.6424866,A,38,male,20-39,A,0.5764430986192778,0.11305759394277348,0.08917880205253415,0.032508936250039366,0.12573006516442597,0.6587482860668823,0.6660247171759802,0.6519740960819704,0.5695694840143481,0.6335157809259409,0.5262440309175445,0.0824726011556665,0.03058498279505817,0.6577508728855235,0.6751905930107048,0.6538863851722435,0.5729365415244636,0.6314940099636186,0.529000000412893,0.009405657947719399,0.014932519081194279,0.0050596966103299,0.3677565481729805,0.5944691689193249,0.639183759087324,0.5778101839669917,0.009799291213081193,0.6908601294134473,0.5338031587265432,0.6735161275151267,0.6638293376972553,0.6710464273426997,0.523452872585066,0.5865838698070944,0.5392700742834661,0.05431783754679206,0.053307293107024645,0.019820688501040053,0.4012522066012025,0.6204786099493503,0.6047316871583461,0.5497689388918755,0.04248193971828559,0.689589010619247,0.5421541679029663,0.6583874901395776,0.6790516305070209,0.6612581533932551,0.53143421,0.5793695480000001,0.519420342,0.056498522399999994,0.0768130934,0.032939011000000004,0.368936964,0.5837531979999999,0.625595756,0.5434080333333333,0.055416875600000005,0.6917846316104123,0.526095306,102.68779907226562,86.19161682128906,83.19110565185547,103.51520690917968,84.0575164794922,111.04831237792968,93.84133605957032,87.38642272949218,111.92157897949218,88.28085021972656,105.65291515814911,73.38171890788672,67.67004490836061,157.24131772106804,107.52637460521366,91.8232308347483
IN Brain-0237,0.040765878,0.9592341,1,15,0.17037056087866256,0.9384454,0.9877955,0.9514616,A,35,male,20-39,A,0.15210985295328483,0.018260707925377734,0.0050883926736285945,0.0035953027736773946,0.02630206551543149,0.23122393160439503,0.065902580295338,0.19418880792285895,0.22613553893076643,0.06230727752166061,0.16788674240742746,0.011661920320912492,0.006598772057476582,0.23346056259169656,0.07640333697402159,0.19402754076514822,0.2254072272438683,0.07079126435394625,0.16637069139473698,0.00329241410699814,0.0014525748309674202,0.00160926808255052,0.9376222165584565,0.9853524682044984,0.9515158339500427,0.15418972766418385,0.00211808567350536,0.17373733795120216,0.9581635062376659,0.17495904653284772,0.0704651225004804,0.17086048932534564,0.16415991477840355,0.06477116649712926,0.14876706087286112,0.0050765878098181835,0.0019875723391003216,0.005750238880324545,0.957772733271122,0.9867468670010566,0.959078899025917,0.1258993807161313,0.0042714663430810165,0.1420830859170451,0.9678661664326985,0.29781532253491105,0.1008573307835506,0.23385304581948615,0.261802212,0.0864957854,0.1912849318,0.03065162,0.01030318744,0.015724483,0.91203021,0.9792724319999999,0.9374773300000001,0.17986097639999998,0.018893096813333333,0.21883760279861714,0.9429266573333333,102.92119140625,81.45021514892578,82.74090270996093,103.78771209716795,83.84085388183594,109.79540100097655,89.53375244140625,85.79079895019531,110.7202392578125,86.89071502685547,105.39598955491716,63.83371851715346,67.36465260554951,146.19534592173005,96.70914766449084,86.17913611845748
IN Brain-0238,0.16332836,0.83667165,1,15,0.4451480706280038,0.79101294,0.8352148,0.88378716,A,52,male,40-54,A,0.4111190271001615,0.034029043527842306,0.007234496009881908,0.0663405622041855,0.012510503189941624,0.5126115167926997,0.4475203136956184,0.35931081221617545,0.5053770207828178,0.3811797514914329,0.3468003090262338,0.028695187134669675,0.005333875591306658,0.5249682422917625,0.4560362949452526,0.3769156795413333,0.508270478701506,0.38330046041181615,0.3559704918291783,0.00911060408492062,0.00953844971688948,0.00580642805762294,0.781527189218998,0.8299053285241127,0.8749252052545546,0.41584714364750014,0.00815182728647768,0.4578060974661866,0.8287859076658886,0.43024955092288986,0.4323879177275818,0.46745398069747846,0.38899692948181086,0.370533104660529,0.4186966471018178,0.02422601857201163,0.027340827269073775,0.026950645021035648,0.8456096805632114,0.844348669052124,0.8225830614566803,0.3927422270813859,0.02617249695404035,0.4437696601376237,0.837513803690672,0.5665973641339673,0.5020569692385752,0.41114511195892167,0.49355611,0.388852812,0.36777266399999997,0.0665305606,0.0552676532,0.031776213399999996,0.746083252,0.798803274,0.8565679239999999,0.41672719533333336,0.05119147573333333,0.4997295899587889,0.8004848166666666,100.56742401123049,81.34449462890625,82.16055755615234,101.52962188720704,83.24662628173829,104.79733276367188,88.98755340576172,82.83764953613282,105.7815200805664,83.9172134399414,100.97529383646642,64.94753257258158,66.42364091119597,138.6255023536256,96.07134662151252,80.98688906846459
IN Brain-0239,0.07046648,0.92953354,1,15,0.25484390013196717,0.87891245,0.97354716,0.9361409,A,31,female,20-39,A,0.23108544844151266,0.023758451690454513,0.0069225680469336415,0.006242322045865334,0.022308405812003773,0.36908629887234146,0.12218678377574949,0.2374565585812498,0.3621637308254078,0.11594446172988415,0.21514815276924604,0.011824431968267582,0.011934060849341593,0.37679503364632044,0.1307312542483619,0.2348975301544233,0.36461500372539885,0.12178189780190563,0.2118455092124969,0.0057713043814004005,0.0022977932732112802,0.00259576052918654,0.8749872177362441,0.9711472670793533,0.9370911097764969,0.23274747024660045,0.0035549527279327402,0.25944126008519625,0.9277418648640314,0.3346514024548563,0.1118639655836832,0.29181072306625166,0.3135796234119148,0.10503905791339516,0.2589737900525225,0.009432137774854932,0.0023740829975548673,0.012831903533598274,0.8955968245863914,0.9763658612966537,0.9145802453160286,0.22586415712594418,0.008212708102002692,0.25660958681137086,0.9288476437330246,0.43400804823950323,0.1863154200067454,0.29003274520127864,0.383475824,0.1554448828,0.241866484,0.0437084666,0.024263786399999997,0.0242572011,0.8433884779999999,0.954082168,0.91532865,0.26026239693333336,0.030743151366666666,0.31560623274426924,0.904266432,103.4479995727539,86.26625518798828,84.70289001464843,104.402392578125,85.7198501586914,105.9167694091797,88.64493713378906,84.09773101806641,106.80406494140624,85.17449798583985,105.72060594922746,71.75741825710568,70.15934778713549,140.14628073240618,97.306142450326,83.35298350318156
IN Brain-0240,0.099513866,0.9004861,1,15,0.32401353302422564,0.9087461,0.87850505,0.9142073,A,45,female,40-54,A,0.2715473571832006,0.05246617584102503,0.03750338052208724,0.031514919677881115,0.0843561254110376,0.30542916795190306,0.36989312274865127,0.29269420646005345,0.2679257874298158,0.33837820307077016,0.20833808104901586,0.051124808537001985,0.0013413415241357307,0.3154083157701545,0.3780289024073257,0.29519131957081496,0.2732036879334069,0.3393372870060799,0.21061479960134113,0.00478104262679684,0.00767718532284028,0.00138133144898284,0.904354549241066,0.8743521504640579,0.9131488643884659,0.274385258180276,0.004613186466206654,0.33100740429538783,0.8972851880311966,0.28376072485978276,0.39059492764099907,0.2984835153107556,0.2275011397066568,0.3568982341786295,0.21758920066271187,0.009456175788218552,0.016348948472008306,0.012751962005773332,0.9179446697235107,0.8677748039364814,0.9117442786693573,0.26732952484933276,0.012852362088666731,0.3269365811562037,0.8991545841097832,0.37186467801335743,0.44225467700742904,0.3235199831134277,0.295227196,0.358377546,0.22899615099999998,0.040639505,0.0539541156,0.0169492542,0.8775060800000001,0.838435754,0.90071007,0.29420029766666667,0.03718095826666667,0.38214986699753667,0.8722173013333333,102.48887939453124,79.60181579589843,83.24958190917968,103.3608154296875,84.24206848144532,110.37937774658204,94.4751220703125,87.35355224609376,111.3331573486328,88.2838119506836,105.25223741409695,64.17819733645804,69.29370329872273,155.07321703952474,113.03306485443213,92.87333620022272
IN Brain-0241,0.7664566,0.23354341,0,15,0.5435225519957574,0.07109277,0.1251796,0.5043578,A,33,male,20-39,A,0.3964286190993234,0.14709393289643397,0.005334654864032673,0.020468850146104223,0.11159582179326544,0.2564564762353553,0.37711950940591565,0.6931091984601018,0.2511218213713226,0.35665065925981143,0.5815133766668363,0.04579977560113411,0.10129415195523289,0.2609876393197953,0.3787534345520636,0.6931075264817732,0.251214076928683,0.35332588672563386,0.5778387948084405,0.00414608048775392,0.00496850133701346,0.0025973790686075,0.07286503588110205,0.1260216472167521,0.504452726918459,0.3941262528209191,0.003903986964458293,0.5445934915588702,0.2344464700054377,0.36611427497084886,0.45110030460295647,0.6923916800725001,0.3257461648838178,0.4195274379616419,0.5358496539769704,0.020732111355628406,0.014367601867081048,0.01564537252389129,0.11959349485114217,0.16700187688693405,0.480566649697721,0.42704108560747667,0.01691502858220025,0.5685331154669759,0.2557206738119324,0.32324694484194505,0.41604452081384835,0.6928671531694455,0.271110518,0.353381564,0.545765842,0.0467673864,0.0439100324,0.0578779044,0.0991661498,0.14619090159999998,0.488167814,0.39008597466666667,0.04951844106666667,0.5562210614360963,0.24450828846666667,117.66002197265624,95.3408203125,93.8716567993164,118.30559844970703,94.49004974365236,116.25003967285156,96.16448059082032,93.33543853759764,117.08357849121094,94.06733856201171,129.9688337366533,89.56497006972533,86.68544664026221,177.80667927131452,116.32416571020828,107.54572774308488
IN Brain-0242,0.4243185,0.5756815,1,15,0.6816476516035976,0.8249901,0.42568365,0.4763709,A,47,female,40-54,A,0.49209773538762586,0.18954991621597178,0.13871791574220083,0.11657188572072497,0.10624927598130585,0.463741883327074,0.6820603052385977,0.6920300950414375,0.3250239675848732,0.5654884195178728,0.5857808190601317,0.12051302581474388,0.06903690542503349,0.473404795290691,0.6843607493169657,0.6917549908188276,0.33258119934134256,0.5569874312788723,0.5842716828982288,0.00627767917408978,0.01582209056597392,0.00285731847078968,0.8186696370780467,0.4338159114848822,0.473622513794899,0.4912801045061479,0.008319029403617792,0.6817426808992075,0.575369354119276,0.44147734605485023,0.6930432514628169,0.6926358023858026,0.3441399824211659,0.5501489288541757,0.6027947673084568,0.027886648677997578,0.0632666743005024,0.017586600118053276,0.8389073275029659,0.5072085191495717,0.4840110819786787,0.49902789286126614,0.03624664103218442,0.6687291575136163,0.6100423095437387,0.5288197269731365,0.6792699512078636,0.6904789172796117,0.35341217399999997,0.519641998,0.55692485,0.078889728,0.0646087016,0.0463535786,0.778484238,0.41689489460000007,0.4634904860000001,0.476659674,0.06328400273333333,0.6875278568890228,0.5529565395333333,115.53729248046876,95.18539581298828,92.69200286865234,116.21246185302736,93.35111694335936,126.58384704589844,96.80145721435548,98.38385620117188,127.44230651855467,99.17215728759766,141.63889403578278,94.38630195031176,89.25189215927588,200.530445371078,115.5942626629532,119.03685935060824
IN Brain-0243,0.13630037,0.8636997,1,15,0.39819028009314583,0.94985664,0.7591089,0.8821335,A,46,male,40-54,A,0.2966043932473755,0.10158588684577036,0.05086622750030026,0.04447942819311734,0.128535835373424,0.19893718025115462,0.5521049321307079,0.36265255842710536,0.14807095275085436,0.5076255039375905,0.23411672305368136,0.0746271636889472,0.026958715577275583,0.20572714307087936,0.5818518251889011,0.36784551946076327,0.1516100892108943,0.5217487332615938,0.23937222410243764,0.0022030281025839198,0.01351615911640448,0.001501796807,0.9475291782855987,0.7314095489859581,0.8795374794125557,0.3042436821916419,0.0057403280086628,0.4177766731674939,0.8528254022280375,0.13570208648529447,0.5897493568823424,0.3265612673935241,0.10571587292484927,0.5221123076277008,0.2287188716682266,0.0034778408666214073,0.046379537375247956,0.015396317995515451,0.9697234749794006,0.7233626015484333,0.8993260532617569,0.28551568407359224,0.02175123207912827,0.39738126390144485,0.8641373765965302,0.24578972625571505,0.5929651908268225,0.39422982855989325,0.17336643999999998,0.48933538,0.2567152408,0.0228100732,0.0660044196,0.0223885132,0.93300725,0.7199874279999999,0.865834124,0.3064723536,0.03706766866666667,0.44031668390222545,0.8396096006666667,106.21304931640626,83.63454742431641,84.78475646972656,106.9274642944336,85.59933929443359,112.58571319580078,93.5540557861328,89.99775695800781,113.39914245605468,90.84355773925782,114.37017305897264,73.06528553821337,71.51284059819947,164.36862100862783,107.36133568405126,98.57219958915653
IN Brain-0244,0.941068,0.058931965,0,15,0.22401865676858046,0.06887333,0.053679846,0.054242723,A,47,male,40-54,A,0.20573138799609386,0.018287268772486598,0.005869679150379198,0.012281569348035065,0.035403450622857796,0.2507148039056083,0.20921098255119902,0.21082307665274636,0.2448451247552291,0.19692941320316396,0.17541962602988856,0.017851566373757354,0.000435668390018934,0.2526635720334612,0.22212860004189222,0.21384462645338084,0.24329716452723965,0.20734967015087355,0.17719877290803657,0.0036344492226038395,0.0035066951803938,0.0011875518778964801,0.0696233473230153,0.05825131691535927,0.05530357213700186,0.20928186919538327,0.0027762320936313735,0.22987263676932845,0.06105941212512548,0.28803890790902736,0.2658276250147356,0.16750227661048217,0.2672573624800293,0.24982070158628372,0.13523592530890088,0.017795523543975084,0.012665781497528911,0.004439910624099809,0.08383567954297177,0.07477849656715989,0.03986104092618916,0.21743799645840464,0.01163373855520127,0.2435866161318389,0.06615840567877361,0.2983921205261846,0.23799668279584762,0.22253203534229704,0.261236738,0.20926532999999997,0.181587786,0.0319752724,0.0171572714,0.00802892748,0.08821658619999999,0.0640604002,0.05839635139999999,0.21736328466666666,0.01905382376,0.2542191322952918,0.07022444593333334,105.19176330566408,84.10728149414062,82.90823211669922,105.86919555664062,83.58368530273438,114.45268859863282,94.09832153320312,88.67531280517578,115.23847045898438,89.43718109130859,113.59025335077295,71.75547156242644,68.51911782412692,170.12259553507846,112.63189117868151,95.6823259770254
IN Brain-0245,0.14426711,0.8557329,1,15,0.41263452314500826,0.90727854,0.870958,0.7889622,A,56,male,55-69,A,0.3366416804954236,0.07599284264958467,0.008008816984623024,0.03845333204309803,0.1522923588781222,0.30878945468705055,0.3845616236001815,0.5153284711048819,0.3007806377024275,0.34610829155708345,0.3630361122267597,0.06625150263528108,0.009741358839578385,0.3153797240376796,0.3905608053197479,0.512515157566769,0.3032081931191134,0.3449211692532743,0.3624467043946523,0.00488771768135242,0.00798469296090752,0.00425372900465504,0.9043672756433487,0.8677929395914077,0.791085312795639,0.33685868892234666,0.0057087132156383264,0.41497344535293745,0.8544151760101318,0.33034904906387685,0.37648139354917776,0.5318578784044319,0.27897154546716774,0.33774099520915557,0.4020114773162892,0.015134194579030997,0.01228409283919708,0.011114903949505352,0.8975887082517147,0.8751483455300331,0.7760533768683672,0.33957467266420416,0.01284439712257781,0.4234078242013032,0.849596810216705,0.38404098325035163,0.4413630203353087,0.5390001675193962,0.333297494,0.365962634,0.37100815200000004,0.043821811599999996,0.0418022186,0.0370797722,0.8712304379999999,0.8389766,0.77022844,0.35675609333333336,0.04090126746666667,0.4609056273252286,0.826811826,103.17807464599608,86.67154235839844,84.52922668457032,104.08612670898438,85.57689819335937,103.67984619140626,86.80328369140625,81.21959075927734,104.56903076171876,82.27532653808593,101.13848573922658,74.1798999211884,69.47576867996474,130.73517624660795,91.26745306712618,76.84592165185602
IN Brain-0246,0.9722044,0.0277956,0,15,0.12699391553105724,0.053146817,0.007936646,0.022303337,A,58,female,55-69,A,0.11206222794543476,0.01493168758562248,0.003233828982000808,0.0031438072516862953,0.018275841440414886,0.2076786116842128,0.04628878817676373,0.10687276164942972,0.204444782702212,0.04314498092507744,0.08859692020901483,0.00821782589136733,0.0067138454700890055,0.2121658985049382,0.050307888797390635,0.10850343017875053,0.2059331633629819,0.04626405424086064,0.08962689411608317,0.00283186468367274,0.0007777936090534599,0.0006082987616386,0.0547132387652993,0.0087780530944757,0.02273580531809706,0.11394137057330857,0.0014059856847882665,0.13034295538828522,0.028742365725957352,0.20854417839628697,0.060749547005273255,0.07696453828409783,0.1983351547765877,0.05706828413821254,0.06350255615812113,0.008496303576519676,0.0023370777477139714,0.0013877878412193404,0.05344765866757371,0.011044879187102197,0.01478102030705486,0.10630199835764044,0.004073723055150996,0.12208478708652508,0.02642451938724359,0.2536937305914563,0.05766970615863376,0.1162152582350366,0.224215452,0.050530515,0.09449395299999999,0.026516532399999997,0.0034284003,0.0041764457799999995,0.07002118040000001,0.010364474,0.024811424040000002,0.12307997333333333,0.011373792826666666,0.15193230380170908,0.035065692813333334,105.26373748779297,84.40337371826172,83.57815399169922,105.89342041015624,84.16702728271484,115.3657455444336,92.29004821777345,89.14869537353516,116.1291275024414,89.79520874023437,111.62958155288992,72.49722627731167,69.73949397250063,173.6928703657509,106.808325845636,97.73301408001116
IN Brain-0247,0.96429455,0.035705443,0,15,0.15404696353645905,0.025012547,0.022873718,0.05923007,A,55,female,55-69,A,0.13597043821893925,0.018076525317519798,0.008745560043795508,0.009409671403338676,0.02475168449447207,0.11695280839107383,0.10902166622945242,0.2248437559778977,0.10820724834727832,0.09961199482611374,0.20009207148342564,0.014302305313868752,0.003774219575120308,0.12664296549864096,0.11435910154492168,0.22604059938091425,0.11634335050278069,0.10361391477794515,0.20013873346105843,0.0018600521379267,0.00137076901068518,0.0010122056978075001,0.02769692530049938,0.0243072821575682,0.05966349061001086,0.14003199958059476,0.0014143422821397934,0.1590145596944778,0.03722256602269281,0.11285410197027655,0.134930551155302,0.1777366486255865,0.10489279119924855,0.12231975406564792,0.154536018612993,0.0047050792166173664,0.006244367816622115,0.0026866723574390378,0.023900634524216,0.030054208310320973,0.043120220233686266,0.1272495212926298,0.004545373130226173,0.14284681199843435,0.03235835435607441,0.15127743988035985,0.13515238414868677,0.24071109107808092,0.12669385500000002,0.1142361586,0.206698388,0.01482367896,0.010847906000000001,0.0107382939,0.0348683114,0.030118079279999998,0.0650757782,0.14920946720000003,0.012136626286666667,0.17846080545805704,0.04335405629333333,118.13949432373047,86.26867980957032,84.04664459228516,118.98087158203126,84.68755645751953,115.03276672363282,95.16112365722655,88.29169616699218,115.88330078125,89.03728637695312,145.97591735278485,76.7836553788325,70.66156678591213,170.40162862773076,112.64401044456186,94.49761625711362
IN Brain-0248,0.9731011,0.026898872,0,15,0.1237913261567648,0.01828535,0.031213094,0.03119817,A,53,female,40-54,A,0.10945988054887978,0.014331445607885018,0.003538745800477222,0.011016705815831224,0.026170532959023288,0.09128881080374864,0.1389340447881809,0.13888277063004156,0.08775006500327141,0.12791733897234966,0.11271223767101828,0.013575328191777244,0.0007560694152026065,0.09375896533134927,0.14938727014383804,0.1407950519969298,0.08880263382597522,0.13629346260649985,0.11376387880905077,0.00133738971843512,0.00216836856059302,0.0006802308721721801,0.018908176618069362,0.03430055070789524,0.031756252481555496,0.11295332508050861,0.0013953297170667732,0.1288587934340183,0.028321659935840033,0.08394202050091651,0.1975351289910223,0.11551599298767512,0.07995832069121442,0.1837867384084863,0.09246058585141706,0.0029185731013006574,0.009908776355877133,0.0013772680842656193,0.016464876252575776,0.04966752636246383,0.024621161668619607,0.11873521498370593,0.00473487251381447,0.13561424159166638,0.030251188094553072,0.12134878260911051,0.16299970650813558,0.15026363815160532,0.1060938388,0.14054960619999998,0.1199559198,0.01152139446,0.01124419294,0.00585826774,0.026220677000000005,0.0384541066,0.0345634296,0.12219978826666666,0.009541285046666667,0.14528868915754106,0.0330794044,106.76090545654296,83.51293334960937,83.17950897216797,107.3886489868164,83.76890716552734,107.09892883300782,87.39754180908203,85.188037109375,107.88589019775392,85.8519790649414,118.35883682401528,71.94804591993528,69.83267645913106,148.25117357088786,93.65398565448274,87.43344224272683
IN Brain-0249,0.39069545,0.60930455,1,15,0.669058155046804,0.8133253,0.6336398,0.38094848,A,35,male,20-39,A,0.5391606684624323,0.12989748658437172,0.01983991418570835,0.11231979383964585,0.053240007718534765,0.48136510974982405,0.6569900647867017,0.6645265465946598,0.4615251955641157,0.5446702709470559,0.611286538876125,0.06179990524796299,0.06809757003810946,0.4800151719629467,0.6635029007007582,0.6655938924868392,0.4552974232192118,0.5444386096028785,0.6064829865698488,0.0074721602701897805,0.01171116688409784,0.00693938387084204,0.8142406808853149,0.6211407721638679,0.38316832283139224,0.535406339797313,0.008707570341709887,0.6704247806612154,0.6061832586268584,0.45650790564534094,0.62235316243226,0.6738003893354637,0.4242881125587015,0.5444322008929495,0.5363854187443304,0.016157237449369755,0.02351444327593579,0.041018903615738775,0.8296075761318207,0.6858856484293938,0.40196505850180986,0.5017019107319939,0.02689686144701477,0.6539041085021009,0.639152761021008,0.5423244781517021,0.6747327299570247,0.6636004950833685,0.45683866999999995,0.501770038,0.5633203840000001,0.0681177784,0.09981399199999999,0.057047624,0.76746235,0.59565861,0.37905679800000003,0.5073096973333334,0.07499313146666665,0.680056610967198,0.5807259193333334,102.0875228881836,82.7796630859375,82.07698822021484,103.03926239013671,83.14929962158203,107.5519760131836,88.07548522949219,85.45153198242187,108.35833740234376,86.48284149169922,105.13631981258462,67.88279428184374,66.8063098094569,135.60154993852558,90.40865684144208,84.5062376532922
IN Brain-0251,0.43019053,0.5698095,1,15,0.6833685285376545,0.72786266,0.4210678,0.560498,A,42,male,40-54,A,0.5697215316244272,0.11364699691322733,0.01766753575042268,0.04760603469914537,0.17737847363173453,0.5853731211500947,0.6806343153693037,0.6858092024351856,0.567705585399672,0.6330282806701584,0.5084307288034511,0.08088401469376753,0.03276298973845515,0.5946287651070208,0.6821457329189169,0.6856389208741489,0.5695234639762714,0.6224974744224802,0.5088588208062955,0.00858975775610104,0.01420940442185826,0.00534060304964324,0.7182176978468895,0.425969451841712,0.5611941560447216,0.5669599197350157,0.00937992174253418,0.6837440077923043,0.568460435244441,0.49923699581814995,0.6930257135731894,0.6914903384245994,0.43585917384204453,0.6317969069945498,0.5225474391081459,0.028461910290021354,0.0399760280966581,0.021635489751632507,0.8008390896022319,0.5077930118888616,0.47122564604505895,0.5300678399815801,0.030024476046103987,0.6756402511813019,0.5932859158453841,0.6153205055131206,0.678841480519721,0.6895662948375673,0.546658874,0.57894552,0.497597862,0.053919660999999994,0.063765514,0.0379880962,0.6946608519999999,0.41562775599999996,0.542288352,0.5410674186666666,0.0518910904,0.6879649494661659,0.5508589866666667,104.1826416015625,87.03253936767578,84.0817657470703,104.88802795410156,84.80089111328125,106.12217712402344,90.95782928466797,83.64449920654297,106.85899047851562,84.40847778320312,113.10279142497212,76.19206215359728,70.98636859094583,147.7788191632605,101.76655835817112,83.8211418630528
IN Brain-0252,0.5981196,0.4018804,1,15,0.6737667317593536,0.47041816,0.21842909,0.51679397,A,41,female,40-54,A,0.5804664076770966,0.09330032408225708,0.008901592683493775,0.007805816416952105,0.15078487364094406,0.6913959891287311,0.5249125164992579,0.6925830001446904,0.6824943964452374,0.5171067000823057,0.5417981265037464,0.05583076091379665,0.03746957704242193,0.6906198766357854,0.5278032664091706,0.6927640602687208,0.6716850984140528,0.50955571664805,0.5414243325395227,0.0109559775102598,0.01050727430047594,0.00516121396358906,0.4644670989274978,0.22070853317379946,0.5138396416440607,0.5742217158672085,0.008874821924774933,0.6728783518120339,0.39967175791511933,0.6896196905658747,0.6251583578647155,0.6815128947266912,0.6075718539458832,0.5872961974612492,0.5403490750469526,0.033993437195480425,0.031133592665222375,0.0439647603171303,0.5419722545892001,0.3177454641088843,0.4238780698971823,0.5784057088180283,0.0363639300592777,0.6827039352284787,0.42786526286508886,0.6898438060441074,0.5450605999780441,0.6931431634388068,0.6145328219999999,0.48704443599999997,0.517625356,0.0685017346,0.0517741916,0.0485257932,0.459381436,0.23484156399999997,0.498582764,0.5397342046666667,0.0562672398,0.6720273409523192,0.39760192133333333,108.12112579345704,89.96388244628906,86.70760192871094,108.8496871948242,87.3975601196289,110.5671371459961,91.37254180908204,85.7546630859375,111.39549407958984,86.53251800537109,115.77119719388688,80.17190769221084,74.06246412673048,151.48201212821436,101.30689301609954,86.55757298022216
IN Brain-0253,0.38016984,0.6198302,0,15,0.6641471940216241,0.66611683,0.63081527,0.5625585,C,40,male,40-54,C,0.6313957796029991,0.03275141441862506,0.02739078451085819,0.015316810944896009,0.04381953906745151,0.6368946075663864,0.6585203618319074,0.6852995039339095,0.6095038230555282,0.6432035508870114,0.641479964866458,0.0288423781744019,0.003909040224810645,0.634006347134112,0.6357901755038379,0.6823767007660791,0.600372661326505,0.607339064190158,0.6371766073010215,0.007921010235935399,0.01655867918092714,0.00228090907883396,0.6702430931329728,0.6677076480686666,0.5732521540999412,0.6149627776058949,0.0089201994985655,0.6550867357916645,0.6370676317671935,0.6286121907426293,0.6374200969468535,0.6877917726231202,0.5899713830711171,0.5824697031179565,0.6297467088965725,0.018414365958697866,0.04702840772855912,0.01765398200480004,0.6776714757084846,0.66535409912467,0.5517002947628498,0.6007292650285487,0.027698918564019005,0.6581119588957338,0.6315752898653348,0.6602336881530523,0.6747576185555955,0.6897893879310035,0.55067585,0.580906116,0.59549882,0.0887764568,0.08381071600000001,0.061649573199999995,0.62757503,0.595594344,0.54095139,0.5756935953333333,0.07807891533333333,0.6775638916114404,0.5880402546666667,103.9545883178711,84.85654754638672,84.055712890625,104.89259185791016,85.1800308227539,119.92347717285156,99.2241958618164,91.91683044433594,120.69307098388671,92.90494232177734,110.89638175494198,74.25357781567273,73.01216384557786,180.96413743887263,123.1344750199376,102.19386295096254
IN Brain-0254,0.98315144,0.016848555,0,15,0.0855067349543159,0.024241606,0.0040719793,0.022232078,A,65,male,55-69,A,0.0735736580126818,0.011933076941634105,0.005949174767213086,0.0013788544223056684,0.019145082928024817,0.11411650546423893,0.026474329932577506,0.10660325075877254,0.10816733069702585,0.025095475510271838,0.08745816783074772,0.008824370705847857,0.003108693642100646,0.11445478220133115,0.028406348646271045,0.1071531200830115,0.10711313983798636,0.02657793290449336,0.08744071470516813,0.00146401086601336,0.00041840006916517015,0.00049877844269624,0.02433319905316454,0.0044260168704815,0.02237753025382986,0.07371059581588262,0.0007937297926249234,0.08630676937097959,0.017045582059158633,0.08802216368992806,0.04496389066568313,0.07516032993271132,0.08342814365127572,0.04213741652100268,0.06146478901165166,0.0028728812534987587,0.0021578446739337386,0.001296069069381387,0.017469963029725477,0.007663238186069066,0.014352910701563814,0.062343449727976695,0.0021089316656046284,0.07007216570693393,0.013162037305786118,0.14253086153238376,0.03518567781524168,0.11608050019236253,0.12486622280000001,0.03133484239999999,0.093364392,0.0118830098,0.0022773413740000002,0.0042556078,0.0322654134,0.005709379628,0.02477472608,0.08318848573333333,0.006138652991333334,0.10158487669371238,0.020916506369333333,105.19158172607422,86.02923889160157,84.48255767822266,105.84564208984376,85.10057983398437,109.22278137207032,87.64916229248047,84.85382843017578,109.98716583251954,85.49829864501953,112.52263299794056,75.1682399508678,71.83669363744487,157.7771921135379,94.60304890820122,86.99644633991238
IN Brain-0255,0.98279506,0.01720491,0,15,0.0869520680015825,0.011943774,0.013553778,0.02611718,A,63,female,55-69,A,0.074812640854436,0.012139427147146511,0.003916745860742171,0.005848995408591295,0.02328208555787345,0.06475376294619559,0.07175752055387133,0.12097446589044797,0.060837017085453415,0.06590852514528003,0.09769238033257452,0.011015942275735638,0.0011234543667616864,0.06682506768289724,0.07612077466898849,0.12235166627216498,0.062012008808639996,0.06905532065805511,0.09840303228991568,0.0008164629929192001,0.00104667912921332,0.0005918302041586999,0.012414973426097941,0.014580431683122841,0.026498544631176603,0.07649012058553693,0.0008183241087637399,0.08947451314615586,0.017831316580132463,0.05469107153027652,0.09526674079694909,0.09599325150199828,0.05097891299318723,0.08855477983710233,0.07687373851394681,0.0020812452467509008,0.0042182706642101666,0.0017387493735415906,0.00971571097325068,0.019290975241165142,0.019476131993724267,0.07213581044807879,0.0026794217615008858,0.08269607222624828,0.016160939402713362,0.08586930908986833,0.08398811389729258,0.1304291987268037,0.074727119,0.0734236666,0.1040055876,0.0071843087,0.0043006115,0.00456099094,0.016937777339999998,0.016476147200000003,0.0287668682,0.0840521244,0.005348637046666667,0.10085487458448014,0.020726930913333334,106.04012908935547,84.09557189941407,84.79146575927734,106.68804016113282,85.40026245117187,109.32201538085936,89.44043731689453,88.41315002441407,110.05692749023436,89.04677124023438,116.0654730193642,73.00640428624558,73.16684022696624,152.91128480541974,98.84735976793716,95.26842734023704
IN Brain-0256,0.9617996,0.038200404,0,15,0.16218212266956764,0.03107459,0.03536551,0.04816112,A,60,female,55-69,A,0.1460337065052186,0.016148416164349033,0.009617613683997106,0.010382338208841074,0.026346438395201732,0.1384579357502034,0.1529248241092524,0.19306474994423994,0.1288403220662063,0.14254248590041133,0.1667183115490382,0.01544879676267997,0.0006996495530514901,0.14265079708133704,0.1605539617548429,0.19317065141202802,0.13137891176485014,0.1476010574542816,0.1654323964364663,0.00175898606306788,0.00298278797804036,0.0013871074342120201,0.032300684438925184,0.03769676544638346,0.04819661363735792,0.1481374552185327,0.00204296049177342,0.16602628529452043,0.039398021174222184,0.13762722058856167,0.24476406389016908,0.13182411083386109,0.12024890399452841,0.22441957271980767,0.10961632986433618,0.007277918955897761,0.01280560936004072,0.002697623409559865,0.03083337101925281,0.06660379151580856,0.029164022626355292,0.15142826885955743,0.007593717241832782,0.1748751564778712,0.04220039505380555,0.17545775749800818,0.1914418818289274,0.20988669212157582,0.1484393912,0.161155412,0.17445030479999998,0.0172545642,0.018876400199999997,0.010218344760000001,0.042387132,0.0476183132,0.053915513000000005,0.16134836933333332,0.01544976972,0.1925050008636756,0.04797365273333333,99.46644134521485,82.51337280273438,80.48250579833984,100.18961486816406,81.13365173339844,110.9632064819336,89.86920318603515,80.96768798828126,111.78693542480468,81.71082000732422,99.45177566819376,66.96524412720383,63.14595955446341,160.93293111801373,99.92046730806015,78.99095742642291
IN Brain-0257,0.73064363,0.26935637,0,15,0.5826176197590899,0.4343484,0.10869819,0.26502255,A,59,male,55-69,A,0.497346061056741,0.08527155870234887,0.006040685298127513,0.025392899931988067,0.0830601629234386,0.684501971341521,0.3437849061970693,0.5782450537851869,0.6784612860433935,0.31839200626508124,0.4951848908617483,0.03816458271785139,0.04710698507785216,0.6844623684670597,0.3617344852165041,0.5804391279167208,0.6658996308605295,0.32727248509576684,0.49382031785773856,0.01353221918915502,0.00788262853603516,0.00403648006905872,0.43419862903952594,0.11741091685229907,0.26718529404997826,0.4956641446046783,0.008483775931416299,0.586152936287363,0.27293161331393445,0.6923442857431963,0.4561951083824983,0.44876988852768274,0.553860446642924,0.38968154908589103,0.3656758237572359,0.0905608221104492,0.027168850295199543,0.020031555923751342,0.5200334709137678,0.17019489442463964,0.16555641887534875,0.43640593982868364,0.045920409443133366,0.5978542898036052,0.28526159473791873,0.6829005445678321,0.38172266872685134,0.5800634722932352,0.594090188,0.314851594,0.473222804,0.084629882,0.0401180556,0.0291887269,0.42854515400000004,0.12756039700000002,0.2668133212,0.46072152866666666,0.051312221500000005,0.5874950877209237,0.27430629073333335,103.4726821899414,83.58396606445312,83.68859405517578,104.19037170410157,84.49333953857422,108.30706939697264,90.5593032836914,84.92008972167969,109.17073516845704,85.81248626708984,109.20990994450092,70.06969101556751,70.0821629141762,151.9721809366609,99.29408920075949,85.67832085842663
IN Brain-0258,0.9687191,0.0312809,0,15,0.13916687205091832,0.052275024,0.020127658,0.02144002,A,60,female,55-69,A,0.1232293575166142,0.01593751453430413,0.013168861871893589,0.006028276870195345,0.018402221814086475,0.20516019881578892,0.0985355216270135,0.1035917126632156,0.19199133694389534,0.09250724475681815,0.08518949084912912,0.012533120185391803,0.003404418370317769,0.20888688052858898,0.10491263336012874,0.10382494649784887,0.1932208141242186,0.09731914178698198,0.08494333266632907,0.00278024762263894,0.00152313460295496,0.00043939724722058,0.0535669446587562,0.02178648081886344,0.021501085804915,0.1251610961925099,0.00158092649093816,0.14259691473788672,0.03228483709417821,0.197566467461447,0.14562988252171538,0.08342609892953469,0.18522149278572062,0.1348435605182759,0.06770667031319444,0.007090792492971484,0.006707567174345552,0.0012059021127442085,0.04967814472038299,0.033180539900786246,0.016338851914406406,0.12925724120573032,0.005001420593353748,0.14524292224927296,0.033065845511858545,0.2517159826652159,0.11557604000134399,0.11295812665503296,0.21155380800000004,0.1025261704,0.09141608539999999,0.027616047600000006,0.00670107912,0.004118492,0.0692582316,0.024637483760000002,0.023928680639999998,0.1351653546,0.012811872906666669,0.16563253095785824,0.03927479866666667,109.59998779296876,86.06216583251953,85.09153442382812,110.2556167602539,85.68539886474609,107.16511840820311,86.77206420898438,82.53288879394532,107.8693130493164,83.18647613525391,118.8334044376434,75.26658518815518,72.53334628942564,143.23963118435057,91.3284045361213,80.00598934339261
IN Brain-0259,0.085246846,0.91475314,1,15,0.2914005982716773,0.8191805,0.95567524,0.96940374,A,34,male,20-39,A,0.25075227426925245,0.04064832400242485,0.01930953895914228,0.01447111857205624,0.00485816374723147,0.47263384248822676,0.18145297521917794,0.1368088263787827,0.4533243035290845,0.1669818566471217,0.13195066263155122,0.012879607092809997,0.02776873141140468,0.46787004446364144,0.19198463990761264,0.13845690102420527,0.4405462268944043,0.17388533583067614,0.13203076838689085,0.01057909008021814,0.0035025468804010798,0.00151972270918082,0.8223116596102715,0.9522003898620606,0.9689257102012634,0.24882077703732378,0.00520045322326668,0.29205009873136206,0.9144792532245317,0.42356009149127294,0.18476282015241757,0.16687322447570013,0.39244229437975875,0.17025755121466704,0.15695805862968296,0.019073491473209116,0.004888719022262863,0.002806936283938047,0.8495088502764702,0.9545929342508316,0.960336509346962,0.2398859680747029,0.008923048926470008,0.27514113366321735,0.9214794312914213,0.5245611197423604,0.24610368082746784,0.18975705849101898,0.455706402,0.2037630922,0.165552346,0.0516992926,0.027728156599999998,0.018927796200000003,0.78184637,0.932888006,0.952942928,0.2750072800666667,0.0327850818,0.3481310003853676,0.889225768,106.32333374023438,87.09347229003906,86.49439086914063,107.43782501220704,87.71971435546875,111.05640106201172,87.98391571044922,85.84898529052734,111.9794708251953,86.97268981933594,107.54562916807171,75.94855781995275,73.67132436313496,147.1045097739764,94.75765474705833,87.63471022141091
IN Brain-0260,0.07411424,0.9258858,1,15,0.2641534556946536,0.9414805,0.92166054,0.91451627,A,28,female,20-39,A,0.24579399480200081,0.01835946089265278,0.00573322359835135,0.031054644379051255,0.015361838701661135,0.2228742762158649,0.27469489880806636,0.29196251606113505,0.21714105261751354,0.2436402544290151,0.2766006773594739,0.017383235559687914,0.0009762739465916104,0.23217190313261749,0.2822674642936973,0.29683596568165743,0.22313917169942843,0.2463004221748845,0.27820343788325635,0.00326082181604872,0.00518208926679248,0.0033045029893634197,0.9380969996929169,0.918562012720108,0.9124485079288484,0.24921434391918976,0.003915804690734873,0.27129144848665426,0.9230358401139578,0.17838741533892738,0.26557176167841656,0.33262170780104244,0.16937429933773304,0.2453508765703405,0.31176791130373444,0.0036701279831762774,0.007829818241704877,0.005626388052382586,0.9566696614027024,0.9253231883049011,0.8965389922261238,0.242164362403936,0.005708778092421246,0.2634167369564242,0.9261772806445757,0.29445034210266796,0.3604634619291341,0.3516816028055331,0.255646022,0.28096958,0.3029996068,0.0330683976,0.05198227479999999,0.0320222956,0.913463546,0.8832182339999999,0.8875139799999999,0.27987173626666667,0.039024322666666666,0.33650629108582714,0.89473192,99.30852661132812,82.62026824951172,82.10592956542969,100.25794525146485,83.22991180419922,105.09988708496094,90.02917175292968,84.57664947509765,106.01559295654296,85.66427459716797,92.22968615255988,64.73164560038377,63.9360899435125,132.47797310998493,96.80070271746834,83.85465334585874
IN Brain-0261,0.263968,0.73603195,1,15,0.5771665687194129,0.6123495,0.9260944,0.6696521,A,36,female,20-39,A,0.439070531177699,0.13809603754171385,0.02827325605155162,0.04177817687076346,0.1784735444246976,0.6676855200250434,0.2636263227389322,0.6344247281161338,0.6394122639734918,0.22184814586816876,0.4559511836914362,0.08284165911567089,0.05525434705254173,0.6710906460281039,0.2691861339333894,0.6331603230821612,0.6322589687946263,0.2217425662130646,0.45242093295097857,0.01097690172971694,0.00542203871845028,0.00353768920468332,0.6046276437878608,0.923881246638298,0.6714313715815544,0.4354741559862232,0.006645543217616848,0.5799353140734553,0.7333134206692377,0.6600448255127063,0.2870303428148965,0.6638304436873678,0.5921023546676746,0.21924599089658708,0.468740394084627,0.020301217972446606,0.021703686471447096,0.015592670937153653,0.6279364198446273,0.9165855944156647,0.6204763600602746,0.42669624654962957,0.019199191793682454,0.5913728333363513,0.7216661247735222,0.6794681924203365,0.3262164433567263,0.6442133802786381,0.5790217799999999,0.24594032000000002,0.45891063600000004,0.078817832,0.0349221212,0.0322164774,0.5825121259999999,0.8994834620000001,0.655129402,0.42795757866666667,0.04865214353333334,0.6000114287812494,0.7123749966666667,105.83716888427736,84.98107299804687,82.7813705444336,106.69853057861329,83.78145294189453,108.18750457763672,85.31442260742188,84.09393615722657,108.93111114501951,85.00780181884765,116.4779073218426,72.29872569046253,67.4385783508702,152.87906124573755,87.90775056333739,87.03831419384927
IN Brain-0262,0.97748846,0.022511523,0,15,0.107658829033068,0.023365691,0.00845815,0.03571073,A,65,male,55-69,A,0.09714279826504625,0.010516030768021753,0.003689808692485766,0.0017574097639575723,0.01684209469667719,0.11086346969411878,0.04878985064870898,0.1540643876054315,0.10717366100163302,0.047032440884751406,0.13722229290875432,0.007429771051040176,0.0030862442918070387,0.11358652817596264,0.051600768783829555,0.1533800426016941,0.108207468455776,0.04890451980596452,0.135557663862733,0.0017048482098599202,0.00082883542760568,0.00069912902074948,0.02409829723522994,0.00905248733176844,0.03550328817274416,0.09755655070815783,0.0010776042194050267,0.10906286373982106,0.022884690913247515,0.12717820848516154,0.072346908364842,0.12684938201090265,0.117985603151794,0.0685343795331689,0.10870556084922951,0.005426121947940217,0.0019926572597486238,0.0019283202931228692,0.027847462368663402,0.013691409741295502,0.027754951972747223,0.09840851451139747,0.003115699833603903,0.10986242124438367,0.02309794136090204,0.15244264191344087,0.0612912716999416,0.16884856898543946,0.13061832040000002,0.055567819799999994,0.146096062,0.01757690014,0.0038123574399999997,0.00749327174,0.0352197542,0.01116555266,0.0402849152,0.11076073406666669,0.009627509773333333,0.13086253089209465,0.02889007402,114.7885726928711,91.6568130493164,88.98293609619141,115.4635772705078,89.5802017211914,110.739453125,87.12617797851563,87.29903411865234,111.41758422851562,87.93900909423829,134.1452368659029,86.00274767761161,80.42440659892193,158.9996249918998,92.57056807137724,93.34009730561208
IN Brain-0263,0.66171914,0.33828086,1,15,0.6398885893726245,0.77161145,0.13013344,0.113097765,A,53,male,40-54,A,0.389265771777926,0.2506228175946985,0.041247743883882526,0.01776058279969739,0.05009983275972274,0.5373218624196416,0.38664027378523785,0.35294333857220095,0.4960741185357591,0.36887969098554046,0.3028435058124782,0.036369386481100885,0.21425344341591496,0.5465643714791415,0.38719038440592435,0.3547406975908908,0.5007866951872808,0.35493090410175926,0.30263929982293003,0.01143523493989356,0.01356434376799294,0.0022251064624618203,0.7638814811527729,0.130423191255331,0.11397233077976847,0.38611896637065674,0.009074895056782774,0.6384094583879978,0.3360923343959575,0.5282382469867904,0.5925297806008546,0.2681606134944678,0.39336190019651696,0.4922608133194558,0.21868389797710514,0.04685391940972545,0.08075615911719049,0.007230077087244463,0.7789463918656111,0.2795520843937993,0.07570841570850462,0.368102203831026,0.044946718538053466,0.6631108724721028,0.378068963989305,0.5863603023699664,0.43047747084697796,0.38054828707888155,0.486131894,0.367755134,0.30745407199999997,0.07056456180000001,0.049487793,0.0287513152,0.72685663,0.1545243852,0.12695047040000002,0.3871137,0.04960122333333333,0.6384218207462472,0.3361104952,101.444873046875,86.96865844726562,81.44368286132813,102.2292724609375,82.28996887207032,106.75903930664064,88.86614074707032,80.16103973388672,107.60411682128908,81.07560272216797,101.03605207420044,74.9935751965465,65.27250784201692,134.35635164228052,89.7449975584287,73.45968602523382
IN Brain-0264,0.97882015,0.021179825,0,15,0.10259596422363715,0.038436014,0.0040724864,0.021030977,A,35,female,20-39,A,0.0902715870657043,0.012324377157932845,0.0017265485887316412,0.001272642820909383,0.017629446432107634,0.16294145887399816,0.02647711894086593,0.10202482122399747,0.16121491028526652,0.025204476119956548,0.08439537479188984,0.0068762126139162195,0.0054481383127444605,0.16677791695916472,0.029494063987080724,0.10326978379015202,0.16260068788234827,0.02765729082387124,0.08521544416926016,0.00227905265369866,0.0005223592358838201,0.000551550434047,0.03963358786571764,0.00462769687805842,0.021355807602731442,0.09182447429182655,0.0011176541078764934,0.10523919824021905,0.021872364115502498,0.15250912855024124,0.04245935461350827,0.07830179472641874,0.14968628435857934,0.04022497906965196,0.0648354371348701,0.0024006259308702927,0.0015837530349587243,0.001229004061343172,0.035239840811118486,0.007151901373435976,0.015100278575482661,0.08491556685436713,0.0017377943423907297,0.09476750119696375,0.019164006920012373,0.19711585931703438,0.03457315716295014,0.11065671655810815,0.17878213,0.0310309834,0.0898895848,0.0167580876,0.00210910476,0.0038085255800000004,0.0495255438,0.00559091344,0.02331032258,0.0999008994,0.007558572646666667,0.12106521291502569,0.02614225994,104.0060256958008,85.00391387939453,83.35905303955079,104.62774200439452,83.94865264892579,109.85245208740234,89.44368286132813,83.94463348388672,110.63137817382812,84.60516052246093,114.0893365758053,72.96133973628471,69.23541492892626,153.56043651000277,99.40191530555876,84.50324909757217
IN Brain-0265,0.97789246,0.022107538,0,15,0.10613167183660491,0.030273518,0.006514144,0.029534947,A,50,male,40-54,A,0.09699125701357252,0.009140414823032392,0.0025431317502697115,0.001482368628665326,0.013097906283914232,0.13569166325307278,0.03928364587910485,0.1331218685713892,0.13314853150280306,0.037801277250439524,0.12002396228747496,0.005707802220949756,0.0034326056237066055,0.1366648623987458,0.04223519068990025,0.13379378392242178,0.13246445886986458,0.04002339052846934,0.11970203359787246,0.0016703841303315398,0.00068512209654424,0.0008528796117236399,0.03055462994165712,0.0071064910028362195,0.029727537950593918,0.09739662766540214,0.0010694619461998065,0.10747534920718602,0.02246288629836242,0.12950612936373165,0.05500436955241007,0.09597634559748075,0.12429732844707952,0.05253853722823344,0.08576485172864329,0.0024993883909309985,0.001412177030436345,0.0014326974960536787,0.028504933486692606,0.009783513650472742,0.01947181817376986,0.08753357246798542,0.001781420972473674,0.09511916949332347,0.019253421770311738,0.17835495904005216,0.053612883530231976,0.14677409496781466,0.155824906,0.047729985600000004,0.128127873,0.0194493218,0.00415158796,0.006402593900000001,0.043319851,0.009483163919999999,0.0335203947,0.11056092153333334,0.010001167886666667,0.1304559505826645,0.028774469873333333,111.40112609863282,87.13408508300782,86.17952575683594,112.05001220703124,86.77277221679688,108.01787719726562,88.94393463134766,83.31343536376953,108.72901611328123,84.01829223632812,121.97127304242318,74.98624522065441,73.58884305136392,148.65007273528525,94.27421279728664,82.12736508326981
IN Brain-0266,0.3893217,0.6106783,1,15,0.6684436992739435,0.876699,0.16063428,0.7947017,A,31,female,20-39,A,0.40196115479186884,0.2664825444820747,0.022066966871713778,0.021720417334440967,0.072160540447684,0.3734508697053927,0.44072017382775863,0.5076603454962938,0.35138390283367893,0.41899975649331767,0.4354998050486098,0.038649308217946245,0.22783326275103755,0.38408263632261497,0.45074802539871106,0.5112462713864635,0.3569814750841422,0.4193737342274928,0.43379044606419337,0.00562802928230096,0.01030402193087062,0.00415332445182716,0.8712086504697801,0.1667827724523842,0.79203624522686,0.4033818851252761,0.006695125221666247,0.6687439612393364,0.6100092227163414,0.3374683460990583,0.5570098042965445,0.5247605433904061,0.2917693699337088,0.5217109745240041,0.4489708209061665,0.011181440694539574,0.021331618303123755,0.012473423805977029,0.8942818626761436,0.2452086305245757,0.7816900819540024,0.42081705512129314,0.014995494267880119,0.6531914384633044,0.6403935250515739,0.44216679546054954,0.48032878871609014,0.5411856280492364,0.373992342,0.403401006,0.4333519920000001,0.0491785528,0.058987062800000004,0.043598011199999995,0.838489118,0.185971638,0.768414004,0.40358178000000006,0.0505878756,0.6739629346842448,0.59762492,99.13626708984376,84.25903625488282,80.99505310058593,99.94417419433594,81.88061065673828,102.97576904296876,87.21332092285157,82.7368148803711,103.83821105957033,83.5406494140625,98.88590136097926,70.36406965566812,64.04569056752851,133.48292670665646,91.2332440129275,80.13604228368604
IN Brain-0267,0.97476786,0.025232099,0,15,0.11775609271268997,0.015197779,0.0130537255,0.047444794,A,58,male,55-69,A,0.10458878988237205,0.013167302830317917,0.005511134668068754,0.003886043612537235,0.01607110803329395,0.07870881491839446,0.06960411268451172,0.19092172835810992,0.0731976802503257,0.06571806907197449,0.17485062032481596,0.00848942877129998,0.004677839058922564,0.08241067045117043,0.0737787147362344,0.19072108131696358,0.0758789719290296,0.06882386105227374,0.17353533055655157,0.0010498039717248202,0.00095519664570912,0.00101420238560202,0.01609151634054718,0.0140271307944902,0.047377918401081076,0.10607938784595165,0.0010064010010119868,0.11994156822748066,0.025832188512039486,0.06660037796223148,0.10029695734099706,0.14289567618411067,0.06253496379947392,0.09487957198020794,0.12342809177657836,0.0019184514393326356,0.0033542217243918426,0.0026719179101183455,0.012363656300294679,0.02058235330041498,0.03237273565027863,0.09361420918542007,0.0026481970246142743,0.10486101903864989,0.02177291508366276,0.10193672408126772,0.08355043077447588,0.20403911596514815,0.0875554546,0.074602684,0.181108308,0.00846696034,0.00478493644,0.00783061684,0.0210080416,0.0163692005,0.05188863819999999,0.11442214886666667,0.00702750454,0.13389051239349242,0.029755293433333333,100.2570022583008,82.11650848388672,79.77947082519532,100.90740661621092,80.37701873779297,109.84126129150393,87.79549102783203,86.41221923828125,110.63311614990236,87.1123764038086,101.83255171519605,67.03167659860091,62.22042338463903,155.31291276841827,92.0905564278623,89.74208597243613
IN Brain-0268,0.9837091,0.01629089,0,15,0.08322950509112319,0.0172111,0.0078098066,0.023851763,A,65,female,55-69,A,0.07448000158741787,0.00874950350370532,0.004071901600209427,0.0032179203597825917,0.01459534261263068,0.08697707378403519,0.04567534016136138,0.11267275538947974,0.08290517218382576,0.042457419801578786,0.09807741277684906,0.007295054857540899,0.0014544346839521771,0.08963745691174316,0.04963461018919726,0.1152236636461804,0.08450694617912416,0.045555149644948376,0.09975163967671262,0.00117149637464974,0.0006890264426244014,0.0007371560391741,0.01787197479433374,0.008635858172603119,0.02454174322886388,0.07660457850026171,0.0008658929521494137,0.08618892894266675,0.017016525398600248,0.0823007515500155,0.05616380632299585,0.08578701829586868,0.07809874624412053,0.05297146862569331,0.07466255098448561,0.00343111261608859,0.0018083416132729873,0.0013014851776309109,0.016064798636944034,0.010035327680816409,0.016917517327237876,0.06857758861809982,0.0021803131356641623,0.07510239753519572,0.014339214548332773,0.10807212536137908,0.05698335164761707,0.12456068789249802,0.09612194700000001,0.0499215818,0.1060272906,0.0078331545,0.0034010929000000004,0.0052209437,0.0226212002,0.01021416582,0.02711353212,0.08402360646666668,0.005485063700000001,0.09797281279040519,0.019982966046666665,105.14517364501953,83.8516860961914,82.51863555908203,105.75901947021484,83.09837799072265,113.09706573486328,88.4395034790039,87.96498260498046,113.80259857177734,88.59156951904296,116.3547520289724,71.4421639108608,67.87420455178291,161.6181228522449,96.0961771536752,93.64067806977764
IN Brain-0269,0.17070188,0.82929814,1,15,0.45699737131323515,0.7802146,0.9741,0.7335798,A,37,female,20-39,A,0.37074364615821515,0.08625372515502,0.0035333318822581283,0.011559808276842415,0.09916540199268947,0.5266362205365881,0.12018756643124312,0.5796656936586043,0.52310288865433,0.1086277581544007,0.48050029166591485,0.038086180717263336,0.048167515240539804,0.5339902093410392,0.1300838173631086,0.5794568534910103,0.5234000662646625,0.11497091285823935,0.4808382842907438,0.0074468071192670005,0.00233122402832922,0.00423265506661046,0.7743307916879654,0.9713312208652496,0.7337858775198459,0.3730697544712152,0.0046702287380688936,0.46141984773987343,0.8264826300243536,0.4816832818668678,0.12527319342100712,0.5980326607421945,0.4524044281947651,0.11195738894337723,0.5008668440342586,0.013117940921342986,0.004028100086418465,0.02312836976219871,0.8131090447306633,0.9726872473955155,0.7145441085100174,0.3550762203908003,0.01342480358998672,0.45037854461241295,0.8334468002120654,0.5735885231841972,0.17231028037415205,0.6000889700116736,0.51110403,0.13897749040000001,0.47498783200000005,0.0592713654,0.01866878566,0.0375696928,0.739491114,0.9586184259999999,0.71228948,0.3750231174666667,0.03850328128666666,0.4955593432264729,0.8034663400000001,99.62481079101562,82.18995819091796,82.08550720214843,100.59911651611328,83.15707244873047,104.07874298095705,79.57157440185547,76.60762329101563,104.92914428710938,77.7308837890625,92.8830366801662,64.26534567456515,64.9069039924652,122.64948402117128,76.92393340554895,68.48153600186939
IN Brain-0270,0.9684561,0.031543933,0,15,0.14006871585604802,0.026312005,0.034611814,0.033707976,A,45,female,40-54,A,0.13064715910700445,0.009421556749043575,0.00253755745194853,0.008682357218474629,0.01634616993407645,0.12167873952464246,0.15042471674209246,0.14740410565877804,0.11914118207269393,0.14174235952361783,0.1310579357247016,0.009188694868166536,0.00023288068394103356,0.12176667699639433,0.16085150563790743,0.14765070993106102,0.1172971696297811,0.1499728846748322,0.13037196367818632,0.0017609280676349,0.0024813957355295,0.00081209872837162,0.026336361133307163,0.037788642799505,0.033781487317197004,0.13254733932759988,0.0016848075105120068,0.1437873169444642,0.032635497083336386,0.2383575261366542,0.18386202572509378,0.12382446225557726,0.1943175151004574,0.17363968740718924,0.10483670406780214,0.02384923395999996,0.006180836742661888,0.0019449258483633914,0.06419501296477392,0.04511162957642227,0.026908119907602668,0.15759796885848293,0.01065833218367508,0.1847562874546421,0.045404920816266285,0.15563640255163133,0.17032625721067834,0.1617183931588616,0.1385537452,0.15216373379999998,0.1392731612,0.0145353332,0.0096582383,0.00713877084,0.036188688000000004,0.040751852,0.0380567346,0.1433302134,0.010444114113333333,0.16260780323992008,0.038332424866666666,125.60865325927736,90.2434829711914,90.71598358154296,126.2809799194336,91.33721466064452,106.78374633789062,86.80773315429687,82.67854309082031,107.44932556152344,83.32093048095703,158.01123978422712,81.12673822533917,82.82345291493627,144.77863451673193,93.4662949069979,81.97940346884664
IN Brain-0271,0.93266636,0.067333676,1,15,0.2466867037160395,0.08936311,0.039844885,0.07279302,A,54,male,40-54,A,0.22889132625103834,0.017795377465001178,0.007783951533846256,0.011369223425670316,0.023489962210055892,0.301061807190894,0.16745086876274215,0.26080443996905134,0.2932778556570477,0.15608164533707183,0.23731447775899545,0.014214379056524154,0.003581024143659489,0.3056201977287995,0.17103210755836012,0.2615566336667598,0.2928433557385839,0.15675162135695736,0.23673512132814034,0.0051918314678334205,0.0024433245980360597,0.0012614609053325202,0.0913369606155902,0.040975520163564885,0.07308888768311585,0.2287766994745605,0.0029655389904006666,0.24965569973306187,0.06846712282075697,0.416797507816701,0.19709524245940033,0.20048177452907584,0.35427249178127457,0.18209633526826924,0.17286082575730063,0.044746899965099375,0.0074760963889300425,0.003154470523759481,0.14661798654124142,0.04951856578991283,0.05066947532177437,0.23640988426894816,0.018459155625929632,0.2842755978387846,0.08226867588430954,0.34370857263443555,0.18706570164307967,0.2747612273361243,0.30172734,0.165258868,0.24168845879999998,0.034433788,0.0102737471,0.010892573,0.108661916,0.046165361800000006,0.0783663663,0.23622488893333335,0.018533369366666667,0.27319293584409043,0.07773121470000001,106.91046752929688,86.64596252441406,85.74558563232422,107.58755798339844,86.38968811035156,111.68638610839844,92.44057769775392,88.01568298339843,112.42164154052736,88.71626129150391,118.07745238683025,75.91096108605726,73.76300458117306,161.658487616098,105.32825060963124,93.44381739415738
IN Brain-0272,0.89557546,0.10442453,0,15,0.3346972999414212,0.08617119,0.09260756,0.13449486,A,58,male,55-69,A,0.3208589453362175,0.013838354605203718,0.00783987306716677,0.006849762573117091,0.01969459546751917,0.2935886851154119,0.308529605763905,0.39484277623713854,0.28574881204824515,0.3016798431907879,0.37514818076961937,0.011461410369267677,0.0023769466798734262,0.30666756530487216,0.31496365115339575,0.3937470850301396,0.29514463173539335,0.30280170057268463,0.3713708447142644,0.0045866841248371005,0.00552227636120624,0.00264132457242938,0.09179339493960138,0.09544762136340137,0.1339071336612105,0.3231057256741141,0.004250095019490907,0.3403015436571476,0.10704938332140441,0.3094565505122081,0.3817700135830338,0.31490848001154764,0.28788422057535107,0.35265546733829267,0.2912972730377009,0.012716758020688274,0.017629024811013982,0.006310508048701186,0.09301415026420727,0.12758502252399923,0.09542309000389651,0.3106123203171149,0.012218763626801146,0.33666178698931787,0.10534075426403433,0.34291244110635455,0.3478671000926805,0.4120667426977568,0.297817976,0.310158406,0.36907301000000003,0.0384922116,0.032301497400000004,0.0233623118,0.108283964,0.11064757,0.1439484036,0.3256831306666667,0.031385340266666666,0.36883332934905877,0.1209599792,96.47582092285155,78.59625701904297,79.03933563232422,97.18406829833984,79.65330047607422,108.94332580566406,92.1722396850586,85.62615661621093,109.78831176757812,86.41790771484375,93.34483283155468,61.23569900350984,61.9827286942358,156.22938814289455,106.350054881575,87.95480194474904
IN Brain-0273,0.84514594,0.15485404,1,15,0.4310373388703956,0.41398245,0.015740525,0.034839146,A,63,female,55-69,A,0.27949826055632293,0.15153907831407265,0.04311925897904223,0.004900502020649192,0.023904347480157184,0.6782752647971648,0.08096304221790432,0.1511805831337483,0.6351560058181226,0.07606254019725513,0.1272762356535911,0.023974702826616203,0.12756435735850624,0.6745595999635972,0.08477051160331368,0.15219839363754917,0.6240619928798392,0.07873007478682789,0.12739156313537575,0.00911356780059486,0.0011214346545112002,0.0007772563048095,0.40389556222260004,0.01666775455970778,0.035145993917132676,0.2767278769340143,0.0036707529199718537,0.4259960592547363,0.15190310356648015,0.6928952236276013,0.11490118332948024,0.11971195992804938,0.5814121688918817,0.10873996320576833,0.09807610815402239,0.044739504429914215,0.0035631049999349253,0.001479156090343707,0.48877645842731,0.02445421645825263,0.02576895678139408,0.2627427467505575,0.016593921840064283,0.4708874746216447,0.17966654388898556,0.6769324089907032,0.09767515708112283,0.16515085332212098,0.560118358,0.0863899728,0.13534173980000003,0.085523957,0.0060642432,0.0073028523,0.410203172,0.0199065391,0.039124232200000005,0.2606166902,0.03296368416666667,0.4336708151178158,0.15641131443333334,102.33331909179688,82.45126495361328,81.08570098876953,102.99750061035157,81.69358825683594,103.7286361694336,86.58746185302735,78.74130706787109,104.38959503173828,79.43192596435547,104.04208125684713,67.3033070038769,64.77693434493763,139.61700316295756,92.48959541267872,74.73753619851276
IN Brain-0274,0.7083969,0.2916031,1,15,0.6035808284992453,0.47225934,0.26639476,0.13615516,A,32,female,20-39,A,0.5058456210840302,0.09773520741521513,0.023117041738678235,0.07845027439507646,0.05006514000920975,0.6916072992022708,0.5796399195128779,0.3979221006799065,0.6684902574635926,0.5011896451178014,0.34785696067069677,0.05054415204765481,0.04719104776889438,0.6912265061182692,0.5438167945318658,0.3985012015182371,0.6586242622798208,0.47493822959196674,0.3461148737229501,0.011244873093101241,0.015556071387625662,0.0032765814231089803,0.46902061602473255,0.23379113933816548,0.13646881127944213,0.4932257885315792,0.010025841967945294,0.592726682394727,0.27976018888078,0.6920893175999775,0.660536764330429,0.41448816969901325,0.5910394463381426,0.5250660801578235,0.27345134932640625,0.023782672747479562,0.09720766947243356,0.060206647672978765,0.5229944545775652,0.37300715669989587,0.14531077469873707,0.46318562527412416,0.060398996630963965,0.6456355265874263,0.3471041286587327,0.6898659572753105,0.588900904978243,0.42536337604822877,0.5770814879999999,0.46718106200000004,0.33775925520000005,0.0975603944,0.062008870199999996,0.0393150638,0.459517702,0.275756718,0.1515355166,0.46067393506666665,0.06629477613333333,0.6070928422859891,0.29560331219999997,111.01539611816406,93.24087982177734,88.10490417480469,111.6527587890625,88.77960357666015,103.23120422363282,88.9704605102539,78.2018325805664,104.05577850341795,79.09114227294921,114.01377779746004,83.65059589748219,74.91893702135405,128.8026239459278,95.18837685508552,70.6585965215916
IN Brain-0275,0.38951686,0.6104831,1,15,0.6685314969659646,0.6244486,0.46175963,0.74524117,A,25,male,20-39,A,0.5758288512358831,0.09270264573008147,0.001744389182701367,0.024915477474126035,0.1654206320827422,0.6618442784016741,0.6902196658285027,0.5675031082170421,0.6600998892189728,0.6653041883543767,0.40208247613429987,0.06402683291318988,0.028675802459676825,0.6652536604822428,0.6870474222393661,0.5703922223421658,0.6539261379232435,0.6508849390231478,0.40259502069585895,0.00970165273754314,0.017185906172452338,0.0046930070828738795,0.6175440123319625,0.4448305073142051,0.7425316284418105,0.5691353658807501,0.010526855330956451,0.6723430020182344,0.6016353826959927,0.6108577516880254,0.6923444329567401,0.6151013801568377,0.5519720415427736,0.6445105716217766,0.43711288126291653,0.020365385601854226,0.040879593733731935,0.013880265124161129,0.7000077307224274,0.5200316347181797,0.6949272241443396,0.5445318314758222,0.025041748153249097,0.6543774378948223,0.6383221965283156,0.676047479750161,0.6882466344782227,0.5901804790679361,0.599624472,0.587634132,0.401797962,0.0753122688,0.082873416,0.050164686800000004,0.592200894,0.4505402399999999,0.722913554,0.529685522,0.06945012386666667,0.6773813928840207,0.5885515626666666,107.91959686279296,87.88323822021485,87.5919906616211,108.63274536132812,88.38534240722656,103.91346893310546,85.93815765380859,81.1615493774414,104.84801330566408,82.13935241699218,111.829494290337,73.87452789425352,73.9395294650171,134.98777196767747,87.90843723402845,76.08357151388856
IN Brain-0276,0.39363584,0.60636413,0,15,0.6703467045135916,0.69467026,0.40708145,0.7173407,A,43,female,40-54,A,0.5649914071598797,0.10535529735371185,0.0027181644639266977,0.034347851239773464,0.15449862993053093,0.6153127719616108,0.6757786782851208,0.5954474168671382,0.6125946074976841,0.6414308270453474,0.4409487869366073,0.06385488187807703,0.04150041101715174,0.619290080135146,0.6692874638197904,0.5946694307861929,0.608095128451488,0.6264998602988703,0.44139629212373244,0.00885359082881672,0.01591054748212028,0.0041881418802353606,0.6897631017327308,0.39121272526085377,0.7181742298066617,0.5586637602913637,0.00965076006372412,0.6731263739031779,0.5997166856000821,0.6024425203213976,0.6928897981978612,0.6198263650486695,0.530050452048964,0.6293889013769526,0.4844010378408957,0.02099528095316089,0.025610181568917832,0.013315376968758041,0.7096748944371939,0.511343726888299,0.6890905946493149,0.5479467970889375,0.019973613163612253,0.6552915713817344,0.6367030719916026,0.6471807697257265,0.6738864645709103,0.6142787525752678,0.561663146,0.5649043199999999,0.437822866,0.0838776948,0.0839901928,0.0458945482,0.6504288340000001,0.40218196400000006,0.695923614,0.521463444,0.07125414526666667,0.679357151644115,0.582844804,106.35919342041016,85.41354675292969,85.72685394287109,107.21050720214843,86.62691345214844,101.10401153564452,83.41771545410157,76.44153289794922,101.9539291381836,77.4516098022461,108.37344773222492,70.07292777698294,71.16260282955078,126.07564621631636,83.37452154375923,68.73246329699033
IN Brain-0277,0.9661974,0.03380259,0,15,0.1477215106843891,0.06712209,0.0068114586,0.027474236,A,67,male,55-69,A,0.12619530495194525,0.02152620573244385,0.011055479630977888,0.002050639711346433,0.021059422024251193,0.24613023193267278,0.040771588300420304,0.12584963598931817,0.2350747523016949,0.03872094858907387,0.10479021396506698,0.011388513788858504,0.010137659968265406,0.25578716698999,0.045585354381528054,0.12972277228068413,0.24118425774457278,0.04264186763899628,0.1074308968009009,0.00328191405158412,0.00070708081369286,0.00087795185091134,0.0708325407169759,0.00779123626697104,0.02856634628523604,0.13041900739482332,0.0016223155720627733,0.15412802721480018,0.03573004108972766,0.22521261678526563,0.06023995173187295,0.08679311560293594,0.2128733888107365,0.05738607828255339,0.07137318101590727,0.008382814276480455,0.002319635706485647,0.00202431809293445,0.05936351811978966,0.010931632862775587,0.017165635020501214,0.11387754936973239,0.004242256025300184,0.13178755894352448,0.029153595334355485,0.2834830471970379,0.05156366100567615,0.14167364767873458,0.24851253199999998,0.0461953048,0.1139449982,0.025043422000000003,0.0031320917999999994,0.007439504180000001,0.081940374,0.009044585439999999,0.03201366216,0.13621761166666665,0.01187167266,0.17110783504585164,0.04099954053333333,103.35240478515624,88.32273864746094,83.81958465576172,104.09688873291016,84.49467468261719,100.92467803955078,83.35894927978515,74.17098236083984,101.6133529663086,74.89682464599609,104.45729306277808,76.83544586327795,68.1250644947153,128.25802775838343,84.71580370316683,65.28069556095488
IN Brain-0278,0.46882626,0.53117377,0,15,0.6912023048376468,0.56861293,0.3434242,0.68148404,A,45,male,40-54,A,0.5824895884089684,0.10871271642867841,0.0403249143413793,0.051406762062079725,0.1135278943622926,0.6837019229868329,0.6432806549682542,0.6257457580375697,0.6433770086454536,0.5918738929061744,0.5122178636752771,0.06841985692191721,0.040292868368544954,0.6824185869488314,0.6441536077587557,0.6263379849223644,0.6336900301046235,0.5828582762063939,0.5095974844676426,0.01328612975536218,0.01336113007651186,0.0032147040732789997,0.5731100909590721,0.3447774754717946,0.6807035746872425,0.5753819302595534,0.009953987968384348,0.6909855752408466,0.5328637137060365,0.6354747824650324,0.6511513248141578,0.6270023673168459,0.518807175866193,0.5866632683126782,0.5121636762146959,0.07331043804303411,0.04195934075677241,0.009318085289254433,0.6681589493528008,0.3561170702800155,0.6798235788941384,0.5392113734645224,0.04152928802968698,0.6838613702139145,0.5680331995089849,0.6892355840648628,0.6454940621798756,0.6399320741953018,0.5699412799999999,0.532059752,0.502785494,0.0890026142,0.0751058942,0.04080773,0.5441955519999999,0.346880394,0.66165432,0.5349288419999999,0.0683054128,0.6925291685804194,0.5175767553333334,99.90576934814452,85.56683349609375,81.92589874267578,100.85296630859376,82.88690032958985,105.83648376464843,87.61006927490234,84.34472961425782,106.57765350341796,85.07749633789062,96.33966854064232,71.86600756640011,65.0376154433445,137.92535707496006,91.96657960663688,83.52374907666538
IN Brain-0279,0.04883569,0.9511643,1,15,0.1950726344618596,0.97756433,0.908024,0.96790457,A,26,male,20-39,A,0.16792373328104998,0.02714890118080962,0.009949357606253414,0.030883643840552977,0.011806555140356056,0.10737257719054547,0.30708579928092994,0.14195237995883686,0.09742321958429205,0.27620215544037696,0.1301458248184808,0.01754651886238748,0.009602383717253332,0.10948562882707391,0.3320841496921995,0.14571082518997044,0.09779092212403687,0.29189032191338987,0.1321522943579531,0.00135244819963214,0.0081785696690694,0.001431552620352,0.977002620434761,0.8967877823591233,0.9667954534292221,0.17394451279845993,0.003654190163017847,0.20765336978570736,0.9468619520743687,0.07486757179485978,0.33932403637093966,0.1552541919536396,0.06793494387722351,0.30595021968898395,0.14083844116721173,0.0015854143408055832,0.01396159404389587,0.0028648476205941583,0.9857162699103356,0.893410912156105,0.9639277040958405,0.17157453491113972,0.006137285335098538,0.20527612278888294,0.9476849620540937,0.15174284969122095,0.37335782525637234,0.1893466175265582,0.12683945000000002,0.304231476,0.1601489488,0.0150428147,0.0400785844,0.017209213120000004,0.964991446,0.8767464,0.9530793,0.1970732916,0.024110204073333336,0.249465515742403,0.9316057153333334,102.93986053466796,78.30453338623047,81.18840026855469,103.7809326171875,82.36004791259765,102.89814605712893,82.82386932373046,77.72863006591797,103.80675964355468,78.78759002685547,105.21596743168628,62.51273866148081,64.86378684509876,130.6348333836579,78.39922559480894,69.4059655072023
IN Brain-0280,0.106650025,0.89334995,1,15,0.33945359896394395,0.8579561,0.90924627,0.9128475,A,28,female,20-39,A,0.3025740339376436,0.036879565026300354,0.007698625356091671,0.04123225593108654,0.05218146810447419,0.4086565001655471,0.30427833889305345,0.29589961214598265,0.40095787480945544,0.2630460829619669,0.24371814404150846,0.03370411646388413,0.003175456821430278,0.4044305945703941,0.3132265993218565,0.2865935116267483,0.3911730070683863,0.2680916131005768,0.23688892536896494,0.00602848045911028,0.00529806643438496,0.0033683418473233603,0.8602933596849441,0.905323258125782,0.9167677572011949,0.29871784851264266,0.004898296246939534,0.3377964886781151,0.8941281250039737,0.36538251998493304,0.3157491765816976,0.249511199061863,0.2918631829370008,0.2804355352065654,0.21368363684853517,0.01935356257596905,0.015374183980918188,0.01476699277450209,0.8807727441191673,0.9042027652263641,0.9315882220864296,0.26199411833070047,0.01649824644379644,0.3127793537473773,0.9055212438106537,0.47079008160021507,0.3654802015402724,0.3388090593829999,0.41660570799999996,0.28650562679999997,0.2620559912,0.047326917,0.0371247932,0.0243414074,0.8203975800000001,0.880723892,0.893652988,0.321722442,0.03626437253333333,0.39592177964662756,0.86492482,102.88165130615236,83.43968200683594,83.78822479248046,103.80103759765623,84.83943939208984,107.23063201904296,89.10304107666016,83.0378921508789,108.19132385253906,84.07894592285156,99.42565031483008,66.92161267830372,67.91803274294975,148.57279848112896,97.36169679127568,82.56220236404535
IN Brain-0281,0.9827591,0.017240912,0,15,0.08709760341839112,0.024255026,0.01073789,0.016729819,A,54,female,40-54,A,0.07736077385809925,0.00973682956029187,0.004893753909271312,0.0039858438281467,0.017593009159210596,0.11416609664010169,0.05936537654229858,0.08502345528852612,0.10927234273083038,0.05537953271415188,0.06743044612931552,0.008824202298876203,0.0009126560626045443,0.11523503542908013,0.06395164641596052,0.08579980735450739,0.1089238846240205,0.05897771383336856,0.06767166466553233,0.00142403427046912,0.0009048941799963,0.00043785690898972006,0.024544831316731817,0.011762433735604219,0.01692066559790396,0.0785244210409738,0.0009222617864850466,0.08911881525104084,0.017742643550079998,0.08950513966784004,0.08836264248428195,0.06634322275799397,0.0863927326258467,0.08277870000856133,0.052302336330705204,0.0020885933369105434,0.0038163421403540885,0.0013401969778576099,0.017838956805644558,0.01755450805358123,0.01230498471049941,0.07382458965503774,0.002415044151707414,0.08161962271395691,0.0158994831899084,0.14701114928115336,0.07093742607388442,0.09440404858619438,0.12866335040000001,0.06279915259999999,0.0737095638,0.01382149906,0.0037827320400000003,0.00382548602,0.0335909378,0.01336281806,0.019071709239999998,0.08839068893333334,0.00714323904,0.1057560948690626,0.02200848836666667,108.38212432861329,86.40653533935547,85.53565521240235,109.01372985839843,86.12512664794922,110.4914337158203,91.68256225585938,86.52076416015625,111.20198364257811,87.16031799316406,121.39970949399796,76.4412642986018,73.16548611495463,158.90492409586813,105.44251227250504,89.83989157147293
IN Brain-0282,0.9525973,0.047402684,0,15,0.19079539301321766,0.096394666,0.014981511,0.030831873,A,22,female,20-39,A,0.1693842101209265,0.02141118289229116,0.006160225327865088,0.0032832389597804573,0.01491933116888955,0.3170882395356705,0.07780512601327744,0.13762206027036658,0.3109280142078054,0.07452188705349698,0.12270272910147703,0.008120931818845031,0.013290252049746681,0.3192742584248032,0.08046392915094527,0.1378149107277469,0.30795182343464667,0.07598565651558939,0.12207370168807921,0.00461451240623108,0.00102310390610064,0.00070179041750456,0.09737391436435278,0.015619953799340858,0.03088782243710006,0.1686703938794384,0.0021131355766120935,0.19246588923460414,0.0479605635335979,0.39468795345240837,0.09374414747497198,0.11079187168989196,0.34727422550867443,0.08998131699412246,0.09547921378496028,0.018393761386120457,0.0016783541349559132,0.0015762138816825416,0.13441170933656393,0.01890442447620444,0.023346513748401777,0.17757825209591904,0.007216109800919638,0.22389553957052705,0.05888754918705672,0.36759701174275017,0.09431872302827664,0.15104330712349398,0.31824173,0.0851613742,0.1304222476,0.0431092236,0.00587079794,0.0064726620200000005,0.1203375574,0.0190500578,0.0347978263,0.17794178393333335,0.018484227853333337,0.22160089067302768,0.05806181383333333,115.56871795654295,86.10844573974609,88.10022430419922,116.20827178955078,88.69197082519531,114.63497314453124,91.12053680419922,88.00442199707031,115.35125732421876,88.63528747558594,140.9674247321102,75.61194507685785,79.39682564923821,176.08560870895727,105.27925280858696,97.14473075558938
IN Brain-0283,0.046614714,0.9533853,1,15,0.18842416429443715,0.94464624,0.97932225,0.93618727,A,39,female,20-39,A,0.16598078636607547,0.02244337792836168,0.010802289203714621,0.008625846658345773,0.03461337960314875,0.21398683593907666,0.10066514005212523,0.23733189857223358,0.20318454673536204,0.09203929339377946,0.20271851896908483,0.018013838488403048,0.004429528988426107,0.22030008701595352,0.10965469341612691,0.2284458949287619,0.2071029179496419,0.09841982387065729,0.19519640144904868,0.0030189055371964,0.00194850624391594,0.0023662849576715,0.9424043064832688,0.9769575137615203,0.9394617792606355,0.16690638108978262,0.0024445655795946133,0.1897622571126222,0.9529411998351415,0.15703675138989326,0.11703082983596154,0.20804233574655534,0.13791661767347932,0.10713806394853738,0.18280981255523027,0.0044629978467122435,0.004747769271297488,0.009374326637825595,0.963383860886097,0.9749661520123482,0.946726843714714,0.14262149805908234,0.006195031251945108,0.16252816882378066,0.9616922855377197,0.2708301347235268,0.14928308372902394,0.28104901628111095,0.23581028320000003,0.121887725,0.224775766,0.024387057,0.0165573026,0.0201079256,0.9232214320000001,0.96573066,0.91906419,0.19415792473333335,0.020350761733333333,0.2378201153352842,0.9360054273333334,102.14381713867188,81.09611358642579,81.80172882080078,102.95702056884764,82.82306365966797,107.87825469970704,90.23782806396484,83.47603912353516,108.81758270263671,84.54813690185547,101.27614404718447,63.6941983546855,64.81310559002011,151.577099916949,101.62048244710572,83.59692099287665
IN Brain-0284,0.9456723,0.054327693,0,15,0.2110659220654898,0.0934823,0.019542772,0.049958,A,54,female,40-54,A,0.18809045110962622,0.02297547095586358,0.012480397471258786,0.004320240673724232,0.024095288922871605,0.31052142111810316,0.0962542910501386,0.19839156822849152,0.29804102364684437,0.09193405037641436,0.17429627930561992,0.013631975689284875,0.009343465782781085,0.32752011384220475,0.10346527878864695,0.20172783152592408,0.31052524813882004,0.09731598614739718,0.1761660071988454,0.00488821816572228,0.00174001043058272,0.00143969497002262,0.10111230843216176,0.021406935823243062,0.051095329431584055,0.19466908049502085,0.00268930785544254,0.22107033127914064,0.05787152456232962,0.2821158445138737,0.15307138232927053,0.13446011898892726,0.26057151763894576,0.14183365756654293,0.11520324132167434,0.01930418213656429,0.006440816626300078,0.003458692970275673,0.08137542201438919,0.03540984951541759,0.02991889296390582,0.1725361388423877,0.009734563911046679,0.19526765398200507,0.04890138816457087,0.3590665995032566,0.12837600731906332,0.21680472778045026,0.307370254,0.110957732,0.18121068680000002,0.0407801006,0.012572375600000001,0.011327342539999999,0.1160925062,0.028185198,0.05635025889999999,0.19984622426666668,0.021559939580000003,0.2454820852563404,0.0668759877,102.54523162841797,83.82968139648438,82.8409423828125,103.19251708984376,83.44246978759766,110.54735107421877,93.71688537597656,82.99688110351562,111.31417846679688,83.72379150390626,104.98512117115988,69.74325208915273,67.17733098233212,154.38347081858038,110.36631313641423,81.43299363686205
IN Brain-0285,0.3511741,0.6488259,1,15,0.648170433354223,0.62397134,0.6014817,0.7210247,A,35,male,20-39,A,0.5054931177974008,0.14267731555682217,0.042999912687040176,0.09380363393324986,0.273192823091295,0.6620864610525365,0.6724063259363758,0.5919829361148748,0.6190865483654964,0.578602692003126,0.31879011302357985,0.13666545657052834,0.006011856381670122,0.662889159636593,0.6819081465105358,0.5916136398669565,0.6112211325956156,0.594127423880183,0.32830203449892525,0.01062127258417194,0.01475873486317312,0.00348047310434392,0.6223756192684173,0.5748226744771003,0.7214132064282894,0.5112168636582414,0.009620160183896326,0.6536840276769744,0.6395371667246024,0.5936328964719297,0.6885905557731236,0.5970461892567085,0.5200708357066653,0.6114742360820982,0.3982316548043229,0.028103513124752344,0.0457922789923253,0.03333676403914594,0.7192790947854519,0.5476953856647014,0.7156161421095021,0.5099255755310288,0.03574418538540786,0.6404610339952093,0.6608635408532185,0.6735338470770136,0.68110273993268,0.6033696813711126,0.577863564,0.54551125,0.33066569,0.061118804799999996,0.063202786,0.024451734,0.5987035119999999,0.577446776,0.70863464,0.48468016799999997,0.04959110826666666,0.6598743859031415,0.6282616426666667,103.30138549804688,83.79439697265624,83.37183837890625,103.99047088623048,84.15313110351562,111.3498077392578,93.3123275756836,85.18590850830078,112.14098815917968,85.96616821289062,108.18940687006835,69.11770095184758,68.3861197713209,164.24440290340988,108.06204947409417,87.4900489325129
IN Brain-0286,0.91457754,0.08542244,0,15,0.2918171064060195,0.030971518,0.037574776,0.18772104,A,49,female,40-54,A,0.24348915242548533,0.04832795398053416,0.0009921377106232587,0.010982266600531698,0.038721414184027414,0.1381032133815462,0.16015854041221994,0.4829015219778722,0.13711107567092296,0.14917627381168824,0.44418010779384476,0.01689860616506079,0.031429343788459074,0.1394899207248943,0.168737037997936,0.47501622959466194,0.13654283537056058,0.15585071990154292,0.43474093857849344,0.0018530061041428798,0.00199153973233048,0.00235988979102894,0.03137503836937244,0.04024974428676064,0.1824019689813256,0.24237816461686565,0.0020681452091674333,0.2900428238598917,0.08467558387915289,0.17936385130680976,0.1941529303953651,0.4766175132466093,0.17221498205511215,0.18229664527219974,0.42900270423758113,0.002572944259020565,0.008252657006807444,0.017552930902914054,0.04364625515881926,0.04852629452943802,0.18347193375229837,0.2611714438549643,0.009459510722914021,0.30686943688441654,0.0918814944801852,0.18166008052508706,0.18623798480886328,0.4943672860682349,0.16066840200000002,0.16233663,0.430166328,0.0199265854,0.01310468772,0.029161295200000003,0.0443922388,0.0458923111,0.1956886968,0.25105712,0.020730856106666667,0.3146864903042955,0.09532441556666667,112.05542449951172,88.20755767822266,88.25443267822266,112.8423110961914,88.92751617431641,121.87598724365236,95.53645629882811,95.77966003417968,122.68201751708985,96.5466796875,121.9963307289257,76.13525388228882,76.59593068071099,195.3662792765268,114.52645547472514,114.6904116195352
IN Brain-0287,0.06287146,0.9371285,1,15,0.23479647423898647,0.88154775,0.985077,0.9447609,A,33,male,20-39,A,0.20756836856131977,0.027228105677666703,0.013833591034175086,0.005844023269145127,0.012668902159730544,0.3638298963226067,0.07755999640174116,0.21366172942266215,0.3499963052884316,0.07171597313259603,0.2009928272629316,0.010782172154350253,0.016445891286266,0.3712063723979929,0.08776241989851877,0.2187863968322623,0.351488686941659,0.0793148309673021,0.20400915855949386,0.00650656372081798,0.0016833961718039799,0.0020281723878215396,0.8778401473283768,0.9825944651126861,0.9429449137449264,0.211604225489485,0.0034060440934811664,0.24194685438695882,0.9344598420619964,0.3539304171193972,0.09753646665298142,0.22932169787490772,0.32715165904596566,0.09149399655461496,0.2140549254895055,0.013804224761160245,0.0020878063064391854,0.0034939477356609795,0.886422398686409,0.9801290452480316,0.9391420528292656,0.21090019369669535,0.006461992934420136,0.2398923371614175,0.9352311655879021,0.44139968237220706,0.13721181297716087,0.2721629043808112,0.372810876,0.1081227806,0.23462095,0.055710935,0.0211788396,0.0255592076,0.838954388,0.969287042,0.9226847100000001,0.2385182022,0.03414966073333334,0.3018229907148652,0.9103087133333333,97.70354919433592,81.14385986328125,81.12338714599609,98.69231567382812,82.24053192138672,120.75309143066406,94.85968017578124,89.21263275146484,121.64636993408205,90.33937072753906,91.24658252672064,63.33160254760973,63.012168258976565,177.09405692683825,113.00605930658426,95.31423339070884
IN Brain-0288,0.38265496,0.61734504,1,15,0.6653489139891858,0.7774244,0.34310868,0.7315022,A,47,male,40-54,A,0.4889942900347412,0.17635462395444462,0.11223200234685571,0.04144384190976558,0.13432479231147154,0.530148579962598,0.6430759390147898,0.581758987694929,0.4179165776157423,0.6016320971050242,0.4474341953834574,0.09600021218936428,0.0803543892415326,0.5365132222741771,0.6449064085651584,0.5878839823237985,0.4252963338856649,0.5922119475249416,0.4459285572122781,0.006995679667970741,0.0158163202083529,0.00593716842597638,0.7722746438741683,0.3459546987861395,0.7252935616850853,0.48781227954096157,0.009583056100766672,0.6666890022296347,0.6145076347817978,0.48828879021801846,0.6673976488020497,0.560939648256638,0.32520488160209704,0.5893257657107848,0.44400580522409056,0.03003001603618517,0.036141350929743896,0.028771568414609407,0.8085707344114781,0.38702268302440646,0.7512663386762142,0.4528454841789908,0.031647645126846154,0.6480922100793493,0.6489532520373662,0.5655414706622869,0.645868674968394,0.5995227944754256,0.41575541000000005,0.540611896,0.436131576,0.053660127999999994,0.0745942882,0.040458533399999996,0.747060558,0.347473632,0.712912986,0.46416629400000003,0.05623764986666666,0.6719922966892502,0.6024823920000001,103.4373306274414,83.95244598388672,84.01834869384766,104.24439849853516,84.90528411865235,112.76961517333984,92.91578979492188,86.565966796875,113.62516174316406,87.52033843994141,105.96308976917209,69.03025366749132,68.90874682389111,160.73819780150842,104.2443397632879,89.52398807846808
IN Brain-0289,0.94247603,0.05752399,0,15,0.22009960317261842,0.11998669,0.023539307,0.029045975,A,39,female,20-39,A,0.1869870131625895,0.03311259001002892,0.01939637290028473,0.008630435187164998,0.020831591783123132,0.36689847234574957,0.11151088642947138,0.13141008058312037,0.34750209944546484,0.10288045124230638,0.11057848879999724,0.016286133290190952,0.016826484637589234,0.379569347806468,0.11665402384430004,0.13405934993056523,0.35386851488972504,0.10601981788186088,0.1120928459869941,0.0058798490911447,0.00203731768365328,0.0009749041808456802,0.12644337554499502,0.02493101587650594,0.0298037584055215,0.19066039291952666,0.00296402365188122,0.22804673164703537,0.06039271660900749,0.35712001280045413,0.14288668656964768,0.09448727757913297,0.32544664923054106,0.13259409209148448,0.08000063428256107,0.01739953227779544,0.005249202008399854,0.0015276867461206003,0.11513578232843429,0.03237008975702338,0.019092834803450386,0.17934712520152887,0.008058807010771966,0.21449496876916804,0.055532902296302686,0.4035172524905116,0.1407386592601757,0.14727355879311,0.3490562,0.11878846699999998,0.1195479676,0.0387292088,0.0122432184,0.0075796254399999995,0.139204754,0.0317397521,0.0336690794,0.19579754486666667,0.01951735088,0.2489696618628167,0.0682045285,106.84874877929688,89.24130859375,86.37942352294922,107.46507110595704,87.00899047851563,106.10790252685548,91.0993194580078,82.61118621826172,106.80310363769532,83.29779205322265,129.8203713775815,81.3497443028401,76.05336271418591,149.58093065995328,106.07777381934513,82.87977121954397
IN Brain-0290,0.899317,0.10068293,0,15,0.32658097623897375,0.18621589,0.04935741,0.06647549,A,65,female,55-69,A,0.2966824668720179,0.029898509366955872,0.0013925825276751569,0.007188945487957482,0.023104280108920933,0.4806892004438059,0.19661881464205816,0.24442519365474313,0.47929661791613076,0.18942986915410068,0.2213209135458222,0.010561936041517858,0.01933653073331998,0.4804311275657489,0.21278936147653643,0.24712853952756056,0.4719423766174062,0.20216655724390442,0.2221076685335568,0.00724118800498514,0.0039878630938553995,0.0017945818248426798,0.1860409651815891,0.05493220757450904,0.06750184984691439,0.2987388674649558,0.004341210974561073,0.33124617822687785,0.10282500753433751,0.45846293714455405,0.2939579315852978,0.17315297852606099,0.4365903394144768,0.27476899448886327,0.15181336071519785,0.010067665947334681,0.013101336380156026,0.0033542498760062408,0.1716309801209718,0.08632762846536934,0.04165001068031415,0.2877242315395126,0.008841084067832315,0.3247962283445438,0.09986953975555177,0.5230587990494877,0.2362881525348753,0.27472309225366354,0.44637706,0.20687733079999998,0.232438528,0.075161106,0.0221807852,0.0207523271,0.216979854,0.06342455999999999,0.07835089479999999,0.29523097293333334,0.03936473943333333,0.3660975219743439,0.11958510293333333,102.40269470214844,85.72260284423828,83.78346405029296,103.05948944091796,84.44254150390626,109.0444793701172,85.97317352294922,79.36775817871094,109.80497283935549,80.11348571777344,102.10415998632286,72.28144721994958,68.88375982277833,148.63053107113018,89.22083764823417,74.3540916199003
IN Brain-0291,0.9901567,0.009843324,0,15,0.05528031044742311,0.012644207,0.0055954326,0.011290333,A,64,male,55-69,A,0.04903374099486144,0.006246569452561669,0.0037342565107392617,0.0018015082430341278,0.01163578085670406,0.06782615046669288,0.03459656965072238,0.0618500484776465,0.06409189395595362,0.03279506140768825,0.05021426762094244,0.005723848536825817,0.0005227569909002361,0.06999315679743547,0.036684790146048134,0.06290597701482184,0.06532490685234697,0.03431714033752026,0.050767477603749875,0.00088119937030366,0.0004975966422284478,0.00029042433004759706,0.0131437392006162,0.00600134081731372,0.011526986628305081,0.05013650826453903,0.0005564067808599017,0.05702842716859486,0.010224022215411667,0.052747277208357216,0.04136595167078772,0.05325572500468276,0.049933448257100485,0.03909849034140437,0.04288303297897211,0.0018600269790617497,0.001267201786901119,0.0007097819998609209,0.009297358215553686,0.0069309636110119754,0.009406401953674504,0.043971657192492325,0.0012790035886079299,0.04920273393549777,0.008544907926746722,0.09408740087751666,0.04790508746862224,0.07236746056572543,0.08092049,0.0419649401,0.0571938318,0.00920015368,0.0037538877,0.0037001861,0.0189913916,0.00827286836,0.013696214999999998,0.060026420633333334,0.0055514091599999996,0.07218467180960284,0.013653491653333332,108.12636108398438,87.10515594482422,86.59170837402344,108.75859222412107,87.16105194091797,107.67215423583984,91.10430755615236,84.83022766113281,108.37174072265626,85.42755737304688,117.3820893956708,77.52925844239876,75.73416719284117,147.45925984767297,102.702049215041,85.06358263015704
IN Brain-0292,0.85708004,0.14291997,0,15,0.41022886524541624,0.08118478,0.24075349,0.106821656,A,26,female,20-39,A,0.37948621256565335,0.030742652679762894,0.002120033325558157,0.020163387410458533,0.012676556767841796,0.281653520157384,0.5519468947829693,0.33981820026046533,0.27953348683182583,0.5317835073725108,0.32714164349262354,0.011653325834619496,0.019089336567417126,0.28387802925428673,0.5550862081423323,0.3436033752023678,0.27754463071757945,0.5170059914642338,0.3277713506764921,0.0043713359858992,0.02008139986905012,0.00242620508369514,0.08210391517542298,0.2435047381624579,0.1086119348108768,0.3741073242861018,0.008959646979548153,0.4134758702856367,0.1447401960495859,0.29838975134539386,0.615676272236119,0.2675078581143967,0.2824640114035074,0.5391853341530515,0.25666372393482956,0.004267993437958329,0.054417179025204564,0.005008748496823539,0.08821557182818651,0.3057724922895432,0.07544773095287383,0.3594376898304628,0.021231306986662146,0.43378418320894674,0.15647859835686784,0.32837187067356943,0.566843721699608,0.36033709738378517,0.29156233,0.492575698,0.327402464,0.0346035534,0.05671216219999999,0.0207755776,0.1015025246,0.254145444,0.1167193196,0.37051349733333333,0.0373637644,0.4354267679001239,0.15745576273333334,99.45174713134766,81.06099853515624,80.33695983886719,100.09729614257812,80.98426055908203,111.49497680664062,80.83756408691406,78.89654846191407,112.16631469726562,79.65501098632812,98.88370494801832,63.75270474345115,62.64911190640986,159.0236489279493,79.48952655212884,76.45602707726107
IN Brain-0294,0.457262,0.54273796,1,15,0.6894896591031061,0.23443946,0.5937889,0.7999856,A,36,female,20-39,A,0.5277794574100032,0.1617102016931029,0.00490084911430233,0.04147650198638686,0.09074167858973481,0.5445851917929678,0.6754498156676473,0.5004223944598183,0.5396843426786655,0.6339733136812604,0.4096807158700835,0.04570634323014133,0.11600384403122077,0.5557452007119309,0.6772990438770027,0.504073974322949,0.5418590950117934,0.6265867934280079,0.4103791102492413,0.00878234681728894,0.014778560056075798,0.00383855101213298,0.2440868970662355,0.5887812957167625,0.7973355859875679,0.5262749995630142,0.009133152628499239,0.6893750966287477,0.5434012595901886,0.5824126641511996,0.6600045799891479,0.558748634714412,0.5468929384154152,0.6014688184966381,0.42383994538348474,0.015627057126182155,0.031157981345749763,0.03925344502255205,0.2691510884091258,0.6280132919549942,0.7532390423119069,0.5240672340985126,0.02867949449816132,0.6881117921446511,0.5501344742253422,0.5625869579366617,0.6839648403386596,0.5318705857087986,0.505070528,0.5834351200000001,0.420029448,0.053812474199999995,0.0691763648,0.0322971882,0.250229338,0.56765427,0.776043152,0.5028450320000001,0.05176200906666666,0.6911854004204228,0.5313089200000001,103.59261779785156,87.54700164794922,83.55740203857422,104.35506439208984,84.31846771240234,110.42969207763672,89.23546752929687,83.69394989013672,111.26544799804688,84.56466674804688,108.37963892340191,77.73889423719766,69.17158050975306,154.0705747106681,97.86005309927717,83.90251853380671
IN Brain-0295,0.4448355,0.55516446,1,15,0.6870485437970183,0.80999213,0.6300361,0.22546522,A,45,male,40-54,A,0.516246933440923,0.1708016103560953,0.022683069688108126,0.04296151667442616,0.06452403458980144,0.486234369412779,0.6589364501846138,0.5337386016777117,0.46355129972467085,0.6159749335101876,0.46921456708791026,0.04338954031744524,0.12741205808341605,0.5017462690741141,0.67151394691719,0.533827601025543,0.47122843622266436,0.6052629018061003,0.46589890939353956,0.008914916450471261,0.0236679576147562,0.0034575185613254,0.7990284953594208,0.6036262004762888,0.2255373608343303,0.5141300824741014,0.012013464208850954,0.6894908992755906,0.54273068555668,0.4577877157158328,0.6083142626708866,0.5606373567817544,0.3976182625693255,0.5521373471287825,0.42318718227074453,0.017939522207021996,0.022887872045869596,0.029076919541067642,0.8287975631654263,0.7029845356941223,0.24846036865492352,0.4576475973229508,0.02330143793131974,0.6755917980429462,0.5934141558381574,0.5548499900688612,0.6779156171330802,0.537608606197805,0.46201233,0.53260244,0.45083556399999997,0.0781023148,0.1189328964,0.027455779999999996,0.7567035440000001,0.58704617,0.22862420879999998,0.481816778,0.07483033039999999,0.6919827319091776,0.5241246409333333,99.81531524658205,82.40462951660156,80.60027313232422,100.58247833251951,81.30088958740234,113.71907348632811,93.05705871582032,84.62243347167968,114.57606964111328,85.45441589355468,98.51836540470238,67.61028496494666,64.14765524254885,167.72980270736312,105.1646980628785,86.53849700394711
IN Brain-0296,0.34885022,0.65114975,1,15,0.6467319904722071,0.8079729,0.36827928,0.7771972,A,42,male,40-54,A,0.4808484151255172,0.1658835753466899,0.05854504840618824,0.07800454826675451,0.09852027691539322,0.4891489891423315,0.6580335268613697,0.5304326029611863,0.4306039407361433,0.5800289785946152,0.4319123260457931,0.07835662452944532,0.08752694841347164,0.4966344524911659,0.6564851798150184,0.5373772637161254,0.43484995663756126,0.5717921032947416,0.4330194479853605,0.007868958079623439,0.013421244371442079,0.00301216787902732,0.8027015090346337,0.36544196909815074,0.771565940618515,0.47988716930588776,0.008100790110030946,0.6495442422949719,0.6465698062504331,0.4485198265202436,0.6646075472829118,0.5528196455153062,0.353405409815611,0.5634184468571182,0.41602840633335614,0.029478945108441134,0.048553046761730376,0.040067138218961455,0.8345981299877167,0.38111543701961637,0.7584852702915669,0.4442840876686951,0.03936637669637765,0.6423097796758829,0.6580662790996333,0.5476757987818341,0.6584733810728712,0.5534584085880624,0.432973694,0.5216892980000001,0.42696571800000005,0.06992076620000001,0.08534151999999999,0.03170468,0.76293272,0.36909707799999997,0.757926358,0.4605429033333334,0.062322322066666665,0.6589634583962447,0.6299853853333333,101.59517822265624,83.09795532226562,82.6514907836914,102.48400573730468,83.55389862060547,107.45749206542968,92.32809295654296,84.00872650146485,108.30343933105468,84.87516937255859,103.63843131098584,68.33279846724307,66.80521569366107,148.36255384454537,108.60390075322124,83.89742283634646
IN Brain-0297,0.45764387,0.5423562,1,15,0.6895547695246558,0.9247177,0.062474746,0.639876,A,34,male,20-39,A,0.3216186709832774,0.3679360985413784,0.04255545215262335,0.021709556954573023,0.12518490309547448,0.26709317203414507,0.23372326485999959,0.6534894882583584,0.2245377198815217,0.21201370790542656,0.5283045851628839,0.06314997073422361,0.3047861818141932,0.2717803658951525,0.2516462936814851,0.6546227074090347,0.22641052119729874,0.22356993841862788,0.5278219681514384,0.00338323204786782,0.0054193185529708005,0.0031021239101447,0.9228389297008516,0.06923141110258871,0.6378897390961646,0.3259341425891217,0.00396822483699444,0.6893892213618347,0.5433200266332017,0.21180823203379964,0.3328557668462776,0.6714199272584285,0.17306488291241964,0.2944653093705615,0.554023596588318,0.010987226599019113,0.02095082273447341,0.05286353560296435,0.9454122319817543,0.1035694305493962,0.603849491092842,0.34051792962376637,0.028267194978818955,0.6879476377627158,0.5509437178746642,0.3444980618178074,0.26400278013237843,0.6643520918586501,0.26351131600000005,0.22162519659999996,0.515558346,0.0462611736,0.02028042388,0.043957423600000003,0.8909625919999999,0.07405456726,0.619410266,0.33356495286666665,0.03683300702666666,0.6915623453406297,0.5281424750866667,117.25623168945312,95.43114929199218,93.19061279296876,118.06094360351562,93.94290008544922,111.69678192138672,91.20054168701172,87.29634399414063,112.62108764648436,88.0854476928711,139.254650357488,93.1382211294626,89.6204525528267,156.1436635546978,101.5587746288727,89.6861489091413
IN Brain-0298,0.97823524,0.021764755,0,15,0.10482996869206512,0.006978432,0.0152838025,0.04303203,A,61,male,55-69,A,0.08791387743873523,0.016916091253329893,0.002637660295142827,0.005671258658910341,0.026081503382586524,0.041601460265586795,0.07906739365214727,0.17746320073511135,0.03896379997044397,0.07339613499323693,0.15138169735252482,0.011463474112213231,0.005452617458002185,0.04390951025390086,0.08557482212193046,0.17893546931893814,0.04061394470497032,0.07843097000405747,0.15230271135759027,0.00061215854795336,0.00113937733725754,0.0007404819052102199,0.00744708690693362,0.01686530260675932,0.04350756066809404,0.09044920868887268,0.0008306725968070401,0.10801732494025347,0.02260665006059566,0.03305336974317202,0.11238722833881185,0.14657363677775925,0.031139590022156216,0.10343203266785257,0.1214881939004369,0.0010529807666522675,0.005497960602892908,0.002125646977505066,0.005299079776159487,0.02377487255289452,0.033460777583240994,0.08535327219681522,0.002892196115683414,0.10130938604535085,0.020844909970765,0.057552434042435395,0.09511129449594612,0.1914304948297109,0.0499208576,0.08296616999999999,0.1590540272,0.00477782624,0.00577664882,0.008095007380000002,0.0103387576,0.0192514183,0.0476145122,0.09731368493333332,0.006216494146666667,0.11958821189631276,0.025734896033333333,107.97466888427736,87.3061538696289,87.83366088867187,108.72422790527344,88.48827819824218,113.8735595703125,90.32769470214843,88.39204711914063,114.60953674316406,89.06759338378906,116.31216245793895,77.7419496161564,76.6569527237144,159.29694382218722,100.20060741743067,92.0643006053932
IN Brain-0299,0.08326395,0.91673607,1,15,0.2866695605105013,0.9575345,0.9409361,0.8517376,A,28,female,20-39,A,0.22059235496718457,0.06607720554331672,0.030077007718795845,0.011416410660264192,0.1164986767644845,0.1757019153210696,0.22438406836860308,0.4196831763554256,0.14562490760227376,0.2129676577083389,0.3031844995909411,0.05266403171451484,0.013413139442130573,0.1827093427019444,0.2457149158292693,0.423555096940378,0.14957785197414308,0.2291691406352448,0.306719634323128,0.0023166823052867603,0.0041082920532896595,0.0015172430230449801,0.9552654532670974,0.9330356512308121,0.8495117360234261,0.22848887564417195,0.0026474057938738,0.29647069845382995,0.9126042801737786,0.13313481307263678,0.2696342226673561,0.40358600701093217,0.11087732735318659,0.24870839460584912,0.27877039286360106,0.0038149978907930726,0.013093422832521332,0.012501083289482445,0.9704613447189331,0.9237016528844834,0.8607575051486492,0.2127853716075456,0.009803168004265617,0.2828853186319187,0.9183068342506886,0.24268882842577977,0.31919110728882705,0.4557696946900893,0.181975256,0.256482194,0.321560288,0.0311898236,0.049023627,0.031189733200000003,0.9341803819999999,0.902663424,0.8300734720000001,0.25333924599999996,0.0371343946,0.3486583499677678,0.888972426,116.92436981201172,96.69778289794922,93.70956268310547,117.78114013671876,94.64261779785156,120.50530090332032,99.1249786376953,91.79478454589844,121.42100067138672,92.81275177001952,139.06269638876168,95.7357416044824,90.1393279597824,186.62351564215595,125.97325540972088,102.28230655054143
IN Brain-0301,0.968164,0.031835996,0,15,0.141067440768912,0.03131094,0.021016652,0.043180395,A,77,male,70+,A,0.1266049242565497,0.0144625165123623,0.006585660638319585,0.007328919047329255,0.02543356474773248,0.1392699914672284,0.10196979691799399,0.17792312881780803,0.13268433082890882,0.09464087787066473,0.15248956407007555,0.01311604814446044,0.0013464852381607773,0.14610758252826445,0.11271267766031728,0.18163614733431044,0.13780035311479755,0.10344288657466323,0.15500062309781065,0.00211628935405424,0.001403526983259,0.0008496800452224,0.03332229729965326,0.023862519661430198,0.04438444138444027,0.13208128759575713,0.0014564987941785466,0.14790190716607907,0.03385641944850791,0.11748042084241359,0.1390416810223891,0.12820324809086933,0.11028137151055258,0.13189609962267518,0.10831493403162958,0.004197078024930587,0.004883862231296184,0.003215253150865251,0.0251566984312376,0.031244433025131003,0.028136413313040974,0.11683080172161912,0.00409873113569734,0.12835470635028104,0.028179181589803193,0.16816293697801257,0.11804728608597051,0.18883511300918948,0.148462378,0.1040348528,0.15799508280000002,0.013234144339999998,0.0064862773,0.006620017440000001,0.0400688632,0.02531183414,0.046750942,0.1368307712,0.00878014636,0.15951727908016716,0.03737721311333333,104.60521087646484,83.44535827636719,83.81407928466797,105.31442565917968,84.45756530761719,111.2281265258789,90.54540100097655,87.0620834350586,112.04661712646484,87.79682006835938,108.93178446429413,69.32605780800152,69.51611626078227,156.71141751013445,100.21289703721602,91.13883374425498
IN Brain-0302,0.95125115,0.048748862,0,15,0.19481472403728203,0.052581776,0.0250449,0.06861992,A,44,female,40-54,A,0.17238227225133845,0.02243245178594358,0.00904476062938342,0.01062471938545427,0.03635746829708808,0.20604807760590677,0.11707129956715684,0.2500543878928775,0.19700331697652335,0.10644658018170257,0.2136969195957894,0.01867564943730859,0.0037568219358165567,0.2121524183438394,0.125089509444876,0.25019464488932874,0.19987739329704063,0.112482916070795,0.2126505679820212,0.0027604377426491,0.00136764461287962,0.00099737343642534,0.05470850793533022,0.027261353447521043,0.06867370546432205,0.17500362578328563,0.0017084852639846866,0.19914640735191586,0.05021452228239111,0.1990911881554998,0.15034249709592265,0.18324495202902633,0.1853889922094584,0.13779732870699699,0.14752751505536418,0.01194508191714862,0.00836283878459093,0.003942288776189411,0.05019574106554501,0.03458711502316873,0.044909628393361344,0.15690461199060654,0.008083403159309653,0.17807935030594219,0.043230828160691695,0.2465574857441729,0.1365156016556361,0.2632353633077954,0.21467056599999998,0.11670225999999999,0.219115911,0.023527514800000003,0.008365635159999999,0.010260433599999999,0.0672845076,0.03051146526,0.073751028,0.18349624566666667,0.01405119452,0.21914317412179637,0.057182333620000005,105.73066864013671,84.05857849121094,84.4268295288086,106.43960876464844,85.1184066772461,112.93748931884764,92.54402618408204,90.43270111083984,113.72034454345705,91.16043548583984,113.42289982664003,71.81929788857896,71.5898089240028,166.68080271425686,109.29924475834926,100.49989065351376
IN Brain-0304,0.97734326,0.022656733,1,15,0.10820591897800418,0.005347509,0.010305105,0.052317582,A,52,male,40-54,A,0.08979701391320018,0.018408905064804,0.0008116530822283724,0.004244744025807684,0.02154160300193017,0.03330666896480292,0.057398874022542984,0.20528349886222086,0.03249501588257455,0.0531541299967353,0.1837418958602907,0.008866000036655408,0.009542897142411105,0.03400061300739712,0.06156386760062732,0.20645377669620985,0.032776203663193046,0.056242433972900664,0.1838786109331332,0.00038906636161956,0.0008242002630438287,0.0008664159288498199,0.00548061770317138,0.01122638714723282,0.05272215840034182,0.09096574952307564,0.0006932275178377362,0.11003130846087979,0.02314305441691534,0.02331422455317638,0.07143737030720536,0.17027472985153627,0.022440523256648887,0.06660078151935639,0.1521656450720439,0.0004468000002464764,0.0032601920053848205,0.0017516822617891336,0.0035049344744038534,0.013479153774096631,0.04073553997441195,0.08040231661601639,0.0018195580891401436,0.09506592157825026,0.019239876074304146,0.053539151004775694,0.08292387206224884,0.22459607455405503,0.0468334148,0.06859658040000001,0.193382728,0.00597666428,0.008508782119999999,0.011696074680000001,0.00946730594,0.01621640398,0.0591405272,0.10293757440000001,0.008727173693333333,0.1286928929544779,0.028274745706666667,106.73457946777344,88.44720306396485,87.14985656738281,107.36751098632811,87.76753540039063,120.7900131225586,101.0586715698242,93.41134033203124,121.54996643066406,94.09910583496094,115.7623187269161,79.58093590214116,76.99078879769736,183.27257344255275,131.35359719602587,108.2582340985698
IN Brain-0305,0.97224844,0.027751544,0,15,0.12683728404147315,0.032405253,0.015705321,0.035144057,A,46,female,40-54,A,0.11093683857305253,0.01590044546842062,0.014332184280502008,0.004428971897690703,0.0244438565785072,0.14300614475397644,0.0808174027677511,0.15219198095412995,0.12867396047347443,0.07638843087006039,0.12774812437562275,0.01440167091889997,0.0014987532303521178,0.14983451740712467,0.08474479581307658,0.15233679747320647,0.1338882089499232,0.07907824808977641,0.12712912653418212,0.00170358164033154,0.00114286041287586,0.00064168159244368,0.03443463090173896,0.01666144805835788,0.03518778440486632,0.11336519452462725,0.0011627078818836933,0.13040955879105207,0.028761287788321054,0.10683907149175992,0.09513318787766495,0.12714894048229827,0.09894148133628014,0.08911562296800928,0.10240555518336851,0.005215748127274308,0.0032628726071914304,0.0018788806831678655,0.0222944259250653,0.019256988307461143,0.027839224643685156,0.09682088649588598,0.003452500472544535,0.10998324378734857,0.023130212958737198,0.1782330604775909,0.09807000572030475,0.1638641980601943,0.14615532,0.08682489,0.13493360999999998,0.01699202732,0.00622197424,0.0061860792,0.043280469599999996,0.0200079382,0.0387229622,0.12263794,0.00980002692,0.14839544146177475,0.03400379,104.24046325683594,84.30948181152344,83.21736145019531,104.873193359375,83.80438842773438,114.27615203857422,93.39181060791016,89.18446197509766,114.99469909667968,89.82220153808593,111.22412358447308,72.64022107436479,69.85938031002613,171.45382539083954,112.0932682534785,97.05555963578946
IN Brain-0307,0.9875939,0.012406113,0,15,0.06678628459672685,0.005510849,0.005761495,0.025945995,A,30,male,20-39,A,0.05679152551786419,0.009994759078862658,0.0012255213519251837,0.0021220250120497983,0.016244413869952748,0.03415776183231974,0.03545434976060532,0.12035442519459526,0.03293224048039456,0.03333232474855552,0.10411001132464251,0.006530653411309244,0.0034641086269866506,0.035471431343509836,0.03830222347271996,0.12174005003164136,0.033753745527779024,0.03559540112809354,0.10475098578854207,0.00043083546571148003,0.0004666774963972576,0.0005007776840744,0.0057648113678907395,0.006319511423827461,0.026328985772328402,0.05803337748147155,0.00046609688206104583,0.06852337395820027,0.012804436188015533,0.029521369766585325,0.0521379197650076,0.0976369753148662,0.028350008875359017,0.04869804908405654,0.0827584362309787,0.0005492266546106957,0.002432964264552944,0.0012094174374284047,0.004632781274267472,0.009167036439248478,0.019896740991680418,0.05326883139679808,0.0013972027855306815,0.06158983555193538,0.011232186235065455,0.049354427186933295,0.043656559746708526,0.13167196164250733,0.0438634702,0.038980035,0.1114309322,0.0043529652,0.00229749743,0.0051706022800000005,0.0085768302,0.00739542176,0.02912062568,0.0647581458,0.0039403549700000005,0.07801202865652414,0.015030959213333334,101.98530883789064,82.21663360595703,82.27986602783203,102.61109619140623,82.85796813964843,108.37580261230468,86.97775573730469,85.13286743164062,109.04615631103516,85.73865051269532,106.78331921720653,69.04187090185454,68.11533265852572,148.2257566135625,93.63775091045908,86.57005211313842
IN Brain-0308,0.03206257,0.9679374,1,15,0.14184036174696868,0.9646633,0.97308666,0.96606237,A,32,female,20-39,A,0.13395367740221495,0.00788668434475373,0.00380692173177527,0.004873256083354968,0.014305769102657462,0.15282951676716747,0.1238432946681915,0.14817416768907363,0.1490225950353922,0.11897003858483653,0.13386839858641617,0.007661982305929234,0.00022472027426834185,0.16340112682632826,0.1345303375358936,0.14832079737644693,0.15714889610295207,0.1269007928441832,0.13297456830657128,0.00249794890614576,0.00244590345288218,0.00140409975941004,0.9614211276292799,0.9700609208345414,0.9660185116052628,0.13900808575123552,0.0021159840394793265,0.14893951176895753,0.965833520023028,0.12571713263916323,0.1196067930400519,0.12812549461558645,0.11597784058125812,0.11474590078346192,0.11744974203918149,0.0026374249957756167,0.002095448117194765,0.002276631914094062,0.9725629076361656,0.9742599904537201,0.9718855351209641,0.11605782780130051,0.0023365016756881477,0.12450217037579044,0.9729028110702832,0.20647203659462587,0.1793646873954688,0.18657279430337087,0.183458334,0.1548461818,0.157652912,0.019717180600000002,0.019977815399999998,0.01328278326,0.9472715199999999,0.9563534739999999,0.9539973079999999,0.1653191426,0.017659259753333333,0.1909650372597764,0.9525407673333334,103.70921478271484,83.01416473388672,82.86768035888672,104.61206512451172,84.04591827392578,109.85816345214845,91.76636505126952,85.70681915283203,110.7867919921875,86.80427856445313,110.18110226033298,67.02277418065992,67.95329508518076,159.04836556085834,107.06304964166004,88.96740251913772
IN Brain-0309,0.98678327,0.013216745,0,15,0.07030822246090224,0.021638442,0.0042133117,0.013798481,A,55,female,55-69,A,0.06261694806651948,0.0076912743943827605,0.003584351477939285,0.0017260655046092421,0.011241260499596867,0.10434891356247969,0.02724915801463213,0.072804450104592,0.1007645620845404,0.02552309251002289,0.06156318960499513,0.005517225827381798,0.0021740585939474394,0.10669344192104753,0.029176277625383423,0.073064879892126,0.1016461682367071,0.02695474292618168,0.06134370873725246,0.0012532108294318399,0.00042303032162592914,0.0004124005824946,0.02225591746978456,0.0045686013154466595,0.01385951353275446,0.06331487330004708,0.000696213911184123,0.07178996320280273,0.013561344105995226,0.08759232420376342,0.039986948834127296,0.050628157190039234,0.0841463572207207,0.03773161196533763,0.042865011251642826,0.002228235066692835,0.0014421871526123203,0.0010274576016603906,0.01736337607726455,0.006654342417459702,0.008845866384217516,0.05491432681256705,0.0015659599403218486,0.06034307377337731,0.010954528292980588,0.13226479204746802,0.03409956384577532,0.08112254598194112,0.117840843,0.0303508873,0.06731251499999999,0.0111791582,0.0017965831799999997,0.00308990182,0.029289823599999997,0.005499649279999999,0.01577910516,0.07183474843333333,0.0053552144,0.08553778332345259,0.01685619268,101.52083892822266,83.09942932128907,81.24575805664062,102.10547943115236,81.81744537353515,107.69469757080078,88.68240814208984,86.15708465576172,108.3960174560547,86.77255554199219,109.65148355139809,72.11405339046946,66.59641377230011,147.88399396831596,98.18087102117804,89.00548976066207
IN Brain-0310,0.798012,0.20198797,0,15,0.5031460228603373,0.20630376,0.12518361,0.2744765,A,56,male,55-69,A,0.4740592440234429,0.029086778836894367,0.003702776955599063,0.014832993153049367,0.03309247092006007,0.5090180777967009,0.37712727813904434,0.5876606171632921,0.5053153008411019,0.362294284985995,0.554568146243232,0.017209413676236168,0.011877337448367664,0.504307148426839,0.3821826804876902,0.5869161092794355,0.495151800263163,0.3624660348756893,0.5504003962913185,0.00621147646943156,0.00501351238562018,0.00319709181733404,0.20283471386432644,0.1277997834131121,0.27371208633035415,0.4693394104767236,0.004807360224128593,0.5024044234914261,0.20144886120259758,0.5966605309238584,0.4576538866404489,0.5383509165644527,0.5399147467450839,0.43951578447745493,0.4963771706916866,0.02335680043825389,0.014271577572916328,0.007172645880808642,0.2839664086699486,0.1711175967939198,0.22923548379912972,0.4919359006380752,0.014933674630659621,0.5369782579277299,0.22810649642099937,0.5367376875715282,0.4168121436288368,0.5925391476174529,0.47208585200000003,0.361860484,0.522459678,0.06120058900000001,0.043305581999999995,0.040926259799999996,0.227909242,0.146626296,0.27956197920000003,0.452135338,0.04847747693333334,0.5244064666018128,0.21803250573333333,107.30289916992189,86.95487060546876,85.67736358642578,108.09935302734377,86.43116912841796,108.56533355712892,89.53206329345703,86.65101318359375,109.26397094726562,87.37329711914063,109.68541791688278,73.63565020692236,70.69671345332605,146.0014897955194,97.22440028664208,88.31101096454528
IN Brain-0311,0.98693424,0.013065813,0,15,0.06965633530728063,0.007984543,0.004220525,0.026992371,A,63,female,55-69,A,0.059572879590107326,0.010083455717173305,0.0020098587948380875,0.0017622441175110214,0.015444358091184468,0.04651990042991179,0.02728857456697379,0.12412662477696995,0.0445100416350737,0.02552633044946277,0.10868226668578548,0.006405487001177859,0.0036780250071013487,0.04952679494589611,0.03014362451239775,0.1264019003798931,0.04670044511790554,0.027758052598255478,0.10999961707019223,0.00069581701868476,0.00046073900735754447,0.0006839191220061999,0.00861313385274256,0.00474892852899642,0.027629202856589062,0.06148603826211776,0.0006134917160161681,0.07222859549098441,0.01366375507944268,0.03971895906133388,0.033681775309660184,0.09889529472232944,0.0375582295907593,0.031546783224631,0.08526797584275767,0.001119652248756113,0.001260495393500497,0.0011684217550584533,0.00660085001582047,0.005419381427600456,0.02022031212836737,0.051457662886049325,0.0011828564657716879,0.05940588838086176,0.010746847857262765,0.06243246218882125,0.034955420945601556,0.13697918034270096,0.0556282626,0.030947555300000002,0.11716124540000002,0.0048614163,0.002023163288,0.00585894816,0.0114207256,0.0056647895319999995,0.030645587000000002,0.06791235443333334,0.004247842582666667,0.08166452100698768,0.015910367377333333,100.88758239746092,83.40981750488281,81.58094177246093,101.4902603149414,82.15970001220703,107.9828353881836,90.62983093261718,84.8863021850586,108.66636657714844,85.50491180419922,104.71455632765104,71.22796891813088,66.63045372155486,148.09615807187092,101.2538522036372,86.08860735894848
IN Brain-0312,0.9759743,0.02402569,0,15,0.11331766897684861,0.02477109,0.0051015047,0.042204477,A,38,female,20-39,A,0.10083978475788949,0.012477884218959123,0.003016699960864677,0.0021306809585610077,0.01530365548669213,0.1160671494073314,0.03201533512119411,0.1748879061512608,0.11305044944646672,0.0298846541626331,0.15958425066456866,0.006817012135372605,0.005660889717815462,0.1187834403120256,0.03418874720385495,0.1757903178534003,0.11439740740988893,0.031469880927425684,0.15936429428484128,0.0015261176223294601,0.00048367901788249425,0.00098638861659222,0.025513699143286737,0.00551681316618264,0.04249384891688818,0.10174386087405196,0.0009987284189347247,0.115099822916807,0.024508120408785854,0.09522153181068636,0.043787196100284476,0.13299580138359357,0.09136398931707565,0.040991148859057545,0.12194132258156401,0.002216150954951901,0.0015169794396616802,0.0014206339608294788,0.019279468586319126,0.007422094996582018,0.029498855398560408,0.0847654869192324,0.0017179214518143534,0.0930682230645806,0.018733472993820516,0.15057836269602826,0.045911280398096235,0.1952436786288782,0.13309908799999998,0.03911219244,0.168845714,0.0145078658,0.00387650956,0.01100416624,0.0346579878,0.007858540292,0.048893309940000004,0.11368566481333332,0.009796180533333332,0.13637197128336473,0.030469946010666667,104.35038146972656,85.77145538330078,84.47199096679688,104.97799224853516,85.04975891113281,112.3607162475586,92.88702239990236,89.73733215332031,113.1020248413086,90.3763214111328,111.54072824929295,74.07481410220781,71.52961848433978,166.83098909949769,107.8685469120192,99.08146190114005
IN Brain-0313,0.24615282,0.7538472,1,15,0.5580689784045257,0.53295785,0.84394205,0.88464165,A,39,male,20-39,A,0.44358115044200563,0.1144878279625201,0.06623117241275334,0.030261333559113757,0.05438568362507884,0.690973167799982,0.43307478643089337,0.3575736866920873,0.6247419953872286,0.4028134528717796,0.30318800306700844,0.050292729865648644,0.06419508041320049,0.6896314701310586,0.4570503931836719,0.35948933464819116,0.6139417678513823,0.41844263751018246,0.3027000112048813,0.01085098496534232,0.01084344647348762,0.0040333986740992,0.5419021981537342,0.8292645847558976,0.8836991421580315,0.44502813885548204,0.008575943370976379,0.5605461972994985,0.7516219750225545,0.6779700038563048,0.4597176650197238,0.33797873253211563,0.5449409892395771,0.4186767742384861,0.2920229279745109,0.06937750271888594,0.0230639095253114,0.014507745821097576,0.5868914198130369,0.8275704950094223,0.8940426915884018,0.4185468971508581,0.03564971935509831,0.5398779406414753,0.769501535470287,0.6926127089626434,0.49359894016992545,0.3909314466081474,0.575619208,0.4127760260000001,0.316637702,0.066469234,0.053585508999999996,0.020632968999999998,0.516345892,0.804854232,0.8675958659999999,0.4350109786666667,0.046895903999999995,0.583657610162418,0.7295986633333332,100.4096939086914,82.68790740966797,82.23587036132812,101.3716537475586,83.2755859375,101.84834594726564,87.9236572265625,78.16739501953126,102.80263671875,79.15147399902344,100.88522341663104,66.85514660036344,65.93516490172371,128.4249017664838,95.19938069252376,70.82136376662464
IN Brain-0314,0.9407781,0.059221923,0,15,0.2248212282135674,0.102133535,0.016393408,0.059138812,A,70,female,70+,A,0.19786838146327237,0.026952846750295023,0.018616322009993136,0.0037254342994628847,0.022039708738750913,0.32974571908195716,0.08364956148907242,0.22459132886699454,0.311129397071964,0.07992412718960953,0.20255162012824363,0.014793821682735644,0.01215901756472168,0.33099671671325664,0.0921799047025208,0.22867192321449079,0.3075878265680618,0.08673077372136052,0.20492197746008883,0.00484317078449666,0.0016416825761791198,0.0015320485278510598,0.10270988100804383,0.01850941330549532,0.06062067346433174,0.19974685924983704,0.002672300629508947,0.22865177706315867,0.060613322592623635,0.30789887109608366,0.13435264262718058,0.16481973851890064,0.27989352392235733,0.12443325324924168,0.14609575434291516,0.013490709131168187,0.006618442535034144,0.002734158328999843,0.09233138598501682,0.02988800382008776,0.039020838934811765,0.18347417717150472,0.007614436665067392,0.20940290092392633,0.05374674291330545,0.37151296069158546,0.11006239627935913,0.2453159451375463,0.319288988,0.0962754572,0.211434568,0.037708988799999996,0.00972511886,0.013493168199999999,0.12231537,0.0231513612,0.06681296519999999,0.20899967106666664,0.02030909195333333,0.2556001487398025,0.0707598988,97.20746612548828,80.07061920166015,79.3857421875,97.8690902709961,80.06139221191407,106.20876770019532,89.0382293701172,83.444287109375,106.922900390625,84.14446868896485,97.46361876295076,63.14650198023067,62.16354670572999,149.20990399713045,99.40904364716994,83.69974356168554
IN Brain-0316,0.63872075,0.3612792,1,15,0.6541506782808058,0.64094883,0.07557606,0.36731276,A,46,female,40-54,A,0.44749514025917264,0.2066555380216331,0.11306906851204734,0.0087299719293632,0.11392517469113228,0.6528703336410429,0.2678293231683773,0.6575099791006407,0.5398012651289955,0.2590993512390141,0.5435848044095084,0.07857473837751427,0.12808079034116648,0.6665978342336929,0.2711797751082482,0.654169257803968,0.5543994515573564,0.2552540273602236,0.5399028773602204,0.017510069986795142,0.00688578860233516,0.00456274215468704,0.6147029756724834,0.0769192144727334,0.36131185751259326,0.4498521187592668,0.009652866914605781,0.6480499678852312,0.3509780158859367,0.6153726490312021,0.36283085459257497,0.6619398592548524,0.45001724189018244,0.3237840875204524,0.49452222175130034,0.057916191684008765,0.01932471861089324,0.01679582638730056,0.6945974055677653,0.11795514029217884,0.37573956279084086,0.42277451705397845,0.03134557889406752,0.6713975214822225,0.39609736955026165,0.6710056087126794,0.30596116226781334,0.6543298932669651,0.502828138,0.270716562,0.521162016,0.086282254,0.027242674,0.0357326326,0.604827636,0.0914854304,0.36159413799999995,0.43156890533333336,0.049752520200000004,0.649063011452987,0.3526357348,107.67249755859376,87.69232330322265,86.29852447509765,108.37156524658204,87.0017318725586,112.87271575927734,95.18831329345704,90.9465103149414,113.70905303955078,91.69789581298828,121.495875092799,77.89121984111785,75.84323051926259,168.1038972457587,116.46283163573716,101.60378999433166
IN Brain-0317,0.208234,0.791766,0,15,0.5116074411116325,0.8707315,0.8211541,0.68341243,A,58,female,55-69,A,0.3958206578793801,0.11578678323225239,0.038611686423414726,0.014691057652945372,0.2381384930519136,0.3849938144199706,0.46963892380393607,0.6242704725425072,0.3463821279965559,0.4549478661509907,0.38613197949059364,0.09714707904275789,0.018639684669514656,0.39796070612635537,0.4989397865630454,0.6244769236649065,0.3550369419526822,0.47030344252409206,0.38868246050259125,0.0062266260202790994,0.01311173593918008,0.00455773310854682,0.8638239534139632,0.8010525688171386,0.6831438992738723,0.4046742816597885,0.007965365022668668,0.523503348581353,0.7826734738349914,0.3191910893340725,0.4799866120662695,0.6412658171890258,0.26837766582474043,0.4479862448795465,0.4847455546886713,0.014289433372719268,0.02158118027092245,0.045758094299598664,0.9026634320616722,0.8142600059509277,0.6596523283515126,0.40036982179765274,0.02720956931441346,0.5110380199141245,0.7921919221213708,0.4455306890991171,0.5433996694198452,0.6354185721105715,0.368702802,0.451688494,0.3906961766,0.0448202226,0.08037087200000001,0.030270990600000002,0.8364373119999999,0.766559974,0.668239244,0.4036958242,0.05182069506666667,0.5544237586780723,0.7570788433333333,112.17242584228516,86.29434814453126,88.04530487060546,112.87520446777344,88.828125,112.3923599243164,94.56876220703126,87.42469329833985,113.18667755126953,88.30237121582032,130.27920247133756,74.21725714380287,78.30541096916598,169.17018459483543,115.20351785787712,91.428759822386
IN Brain-0318,0.4191613,0.58083874,1,15,0.6800198291894579,0.35917267,0.6798197,0.70352376,A,37,female,20-39,A,0.5840459561296552,0.09597387305980276,0.04952620171314803,0.018267212166082625,0.06786369909002832,0.6529406905975708,0.6270052945789903,0.6078489961816632,0.6034144888844227,0.6087380824129077,0.5399852970916349,0.04521903765641966,0.05075484913939898,0.6684995887371699,0.6276170522310793,0.6069632754549505,0.612295612872912,0.589741743110626,0.5353144570956729,0.01203388717340988,0.02159989130343236,0.005816713783858641,0.38944590663015843,0.679005179733038,0.7045458412408829,0.5791172710264036,0.013150164086900293,0.6764928908553192,0.5909989758680264,0.6835845373997771,0.5847997976792472,0.5785871219647538,0.5780595050494429,0.5337870056981806,0.47035290975923666,0.04094885649320883,0.04726257021618903,0.03991307024013274,0.43096333332359793,0.7284445479512215,0.734641820937395,0.52739980683562,0.04270816564984353,0.6582333301538482,0.6313499007374048,0.6557962867883866,0.6508471128589721,0.6259803340210786,0.548933432,0.567939958,0.529431414,0.0704844598,0.06922730839999999,0.038152051,0.364199604,0.6443956099999999,0.681175352,0.548768268,0.05928793973333333,0.6851228346163787,0.5632568553333334,104.31832580566406,85.40213165283203,83.41048889160156,105.17681427001952,84.38924560546874,108.49825744628906,88.96121520996094,82.53319549560547,109.31414794921876,83.58255004882812,106.9103892075988,70.31328065059428,67.7337374726651,135.4009085639516,93.3180477032254,77.6870066011553
IN Brain-0319,0.90890986,0.09109018,0,15,0.3050528383683294,0.044440426,0.088347666,0.14048244,A,53,female,40-54,A,0.28409766287742555,0.020955175490903866,0.003926887886980951,0.004615496606520608,0.02550902764496149,0.1818079462492985,0.2986981716036615,0.4058382829177797,0.17788105836231755,0.2940826749971409,0.3803292552728182,0.011350470712821017,0.009604730768268066,0.186259695717663,0.30799609079302026,0.40340521592436385,0.18024469213299837,0.2974416910047739,0.37523644014722757,0.0023418363479334597,0.005995250714620421,0.00302554832755412,0.04589946603290732,0.09237392840310926,0.1391432686673477,0.28430760776166664,0.0037875451300360004,0.3082206306473078,0.09247222103445477,0.2154391189060832,0.4216722338035116,0.2774951799661265,0.19565752669381356,0.3757415842054383,0.25775445694048604,0.009130288603157843,0.035059326478786325,0.008151013066374679,0.055866468709427866,0.1494030586676672,0.07947904845932499,0.276384522613246,0.017446876049439616,0.3137669011528974,0.09491619194547335,0.2212071123227462,0.3407567896646653,0.42300452018185997,0.19645601799999998,0.303235924,0.37294923,0.0207893996,0.0332361642,0.025076178999999997,0.0579205594,0.10726411,0.1501703828,0.29088039066666665,0.0263672476,0.33618574931076567,0.10511835073333334,102.64923706054688,81.76646728515625,81.68587951660156,103.43069763183594,82.3480239868164,108.38257751464845,91.52539520263672,84.92790069580079,109.12897338867188,85.66203308105469,105.73267917396512,67.12408306277138,66.4082995865183,148.2446343391754,104.4481075957799,85.88635672845464
IN Brain-0320,0.5069162,0.49308378,1,15,0.6930515091736035,0.32922754,0.51996404,0.6300597,A,56,female,55-69,A,0.5638835837897377,0.1291679253838658,0.05462291184588075,0.10510988255872089,0.1335204448561531,0.6336302517018177,0.6923498462228485,0.658923892705302,0.579007339855937,0.5872399636641276,0.5254034478491489,0.09775107975358492,0.03141685176652309,0.6392157808762791,0.692967898723164,0.660552926656709,0.5790342697627959,0.5850910194004312,0.526279528756818,0.01236201469405728,0.016790844394367222,0.006758745661700839,0.33728143545985223,0.5094676058888435,0.6269617182672024,0.563468272640015,0.011970534916708448,0.6929935895497241,0.49123691987196605,0.6426526748604964,0.693147132467427,0.6633334187155439,0.5044026438752053,0.6167116982265535,0.5231939103237636,0.03712981292603971,0.047010841643552605,0.029975467773769214,0.3424584080465138,0.5001550685614348,0.621483076736331,0.5481027508085075,0.03803870744778717,0.6928606959829269,0.48803218444809315,0.64112888517737,0.6929865766476433,0.6690702299277711,0.521952708,0.52010777,0.51023115,0.080378616,0.093050718,0.0497703972,0.34014089,0.5089608959999999,0.609277372,0.5174305426666667,0.0743999104,0.6927621768172724,0.48612638599999997,100.65588073730468,82.15704498291015,82.50000610351563,101.42814025878906,83.44554901123047,102.73905029296876,86.20802154541016,75.06732940673828,103.58667907714845,76.06361541748046,105.16329392911985,64.619105188272,66.5749640170119,134.0997690410892,89.27131174606154,65.80828714526832
IN Brain-0321,0.19030014,0.8096999,1,15,0.4866578500246356,0.79826355,0.86526954,0.76556647,A,41,female,40-54,A,0.39193943324363484,0.09471841678100074,0.05073224733040471,0.020983166271934417,0.19512587162135486,0.5028002523238949,0.3952811875616382,0.5445781450690654,0.4520680049934902,0.3742980212897038,0.34945227344771057,0.08894709507456466,0.00577134784647243,0.502743446288488,0.42759241946919635,0.543024953047816,0.4476191628147351,0.395856834526252,0.35609995732853195,0.00766052016035236,0.01078817918795328,0.00339768324873308,0.7983048451185226,0.8471666967391969,0.7668748966515064,0.39985865155650635,0.00728212753234624,0.49464395349302176,0.8041154795030753,0.39728293542135584,0.36746259436688994,0.5686610842621069,0.34365649204706084,0.32666906914715144,0.415743602075731,0.023777008524865285,0.02667061665791562,0.032494138339934135,0.8641905181109906,0.8797300040721894,0.7441595070064068,0.36202305442331445,0.02764725450757168,0.45689954908491653,0.8293600097298622,0.5488755498485627,0.47101596120896005,0.5607537992446376,0.448974686,0.39497602,0.35916708119999996,0.0579620126,0.06012313300000001,0.0278157832,0.76190376,0.8202488320000001,0.751434402,0.40103926240000004,0.04863364293333333,0.5296002528106115,0.7778623313333333,106.02832336425782,85.11021118164062,85.67383270263672,106.88833923339844,86.693310546875,104.77879333496094,85.54036254882813,81.63511810302734,105.63265686035156,82.73618927001954,112.27296114633675,70.35766382072207,72.05891261781373,130.52210867942767,85.21738480733237,76.28964906816097
IN Brain-0322,0.975676,0.024323959,0,15,0.11442071239721202,0.046131663,0.008190595,0.018649617,A,55,male,55-69,A,0.09959401626029477,0.014826696136917256,0.007111312755108817,0.0030064513446437513,0.0183107871293621,0.18696364684324437,0.047510873093627295,0.09273608007312727,0.17985233408813556,0.044504421748983544,0.07442529294376517,0.009476183743038222,0.005350470531863119,0.19173205631886375,0.04982104505379816,0.09386096425318624,0.18131579913659063,0.045977819794601096,0.0751317896122913,0.0029964682672681403,0.0007872120442767971,0.00047881933706688006,0.04771520983241494,0.00867518324119442,0.01893400975337714,0.10080846951449435,0.0014208332162039391,0.11730276620185487,0.025108134275662167,0.1572467773855561,0.07168034131772565,0.06147504959082146,0.1446863931609264,0.06669575613708985,0.04982125030018784,0.0074462784237285225,0.003305630909474666,0.0014457226907530752,0.036680385858926454,0.013535778310324532,0.011206557680088736,0.08706779986606804,0.004065877341318754,0.0998790790890199,0.020474240616446576,0.22150068202511258,0.06007491574802346,0.10216710424916656,0.196195218,0.05283911036,0.0802616928,0.018658676800000003,0.003816092406,0.0039944119399999995,0.058025855,0.01089501352,0.02106803392,0.10976534038666667,0.008823060382,0.13472930920671197,0.02999630081333333,101.42450103759764,87.20651245117188,82.05767364501953,102.0873306274414,82.69085693359375,105.62095642089844,88.10021667480468,83.56776885986328,106.3935043334961,84.25741271972656,104.62286091868994,77.86035551632384,66.90154342021589,144.34085494584534,97.4636193084404,82.44562062225343
IN Brain-0323,0.9531805,0.046819475,0,15,0.1890417207564265,0.08962975,0.009711415,0.041117273,A,47,male,40-54,A,0.16328434138752976,0.025757379368896743,0.010073901230048032,0.002879024457759373,0.02502439605538781,0.30168034271747013,0.05467120307104694,0.17147880011726735,0.2916064414874221,0.05179217861328757,0.14645440406187954,0.012659107247731739,0.013098250317419291,0.30175454251354034,0.05774162846354748,0.17019770627782066,0.2881919561676838,0.05403935966466008,0.14453358362749483,0.00394427189817926,0.0007816596819321001,0.0008135390052486001,0.08966175246499473,0.010380252719286321,0.04071116062612268,0.1622549664866129,0.001846490195119987,0.18933764976684417,0.04691772193680124,0.29487328025259035,0.09615626924432816,0.13083638092111868,0.27547738882083583,0.0896971819435479,0.10876747353294483,0.01548794398100784,0.004802250283367393,0.0018482239833754904,0.0867160041932948,0.01951774141343776,0.028882634640467586,0.15798068143244284,0.007379472749250241,0.18363963505896344,0.04503879341573338,0.34247430781054483,0.06914695523116024,0.1879080744171141,0.300556634,0.0614185124,0.15511531299999998,0.0330111386,0.00458722486,0.00919436686,0.1080762654,0.012948137939999998,0.046443822499999995,0.17236348646666666,0.015597576773333335,0.2153154719579601,0.055822741946666664,103.02214050292967,86.03219146728516,82.24663696289062,103.64650421142578,82.84212341308594,107.28766021728516,90.16621704101564,83.16993713378906,108.0085906982422,83.85911560058594,106.45667885031756,74.52362682872449,67.49337597604577,149.9470955977354,101.9444948820485,83.85204817788004
IN Brain-0324,0.9830095,0.01699046,0,15,0.08608320056598906,0.012774067,0.003505243,0.03469207,A,36,male,20-39,A,0.07463732040549463,0.011445880160494429,0.0009869056930815745,0.0011855256097043146,0.016314690109236446,0.06839137938239663,0.023315968356965724,0.15069173488914386,0.06740447368931506,0.02213044274726141,0.13437704477990742,0.006162373804007445,0.0052834824261210195,0.0686795216852908,0.02423661039333263,0.1495256730700425,0.0668953746087541,0.0227036168576571,0.13254827385774964,0.00085595439839654,0.00032877924630453955,0.00063151845714282,0.012840384645573761,0.0036688570078927396,0.034342025149613584,0.07404908844138695,0.0006054173672812999,0.08592065693358725,0.016950422267693357,0.05964172265405502,0.03495129153501589,0.1256846272791725,0.05715318783328523,0.033032487042234354,0.11098973932360053,0.0010248389908001393,0.0012610014907060644,0.0013024756398962237,0.010799024876905605,0.00566399047820596,0.02742798265244346,0.0670584713997067,0.0011961053738008091,0.07633094028525608,0.014630332669185009,0.09648255051102962,0.03255036975826427,0.16672515965584356,0.085799753,0.02870822516,0.143483895,0.00976821332,0.002361023492,0.008049130460000001,0.0196010924,0.00520316178,0.0396170384,0.08599729105333333,0.006726122424,0.10372061712557576,0.021473764193333335,104.42767486572264,84.76356506347656,85.03955841064453,105.04191589355467,85.608837890625,112.0012954711914,90.92293090820311,88.16876678466797,112.68153076171876,88.7827133178711,112.73621472430452,73.60076582183096,73.59351975879527,163.40313991274053,104.65705032660304,95.1333807604534
IN Brain-0325,0.07304104,0.926959,1,15,0.2614350528828738,0.9538225,0.93578875,0.8912657,A,40,female,40-54,A,0.22595055281066553,0.03548450007220824,0.0057795032481281206,0.03287670852503552,0.05285664117905492,0.18710236883417983,0.23840122067393849,0.3438609218760968,0.1813228655860517,0.20552451214890297,0.2910042806970419,0.030504284317406188,0.004980227804046722,0.1912811646773746,0.24887504409605393,0.3297587959456795,0.18329620660096582,0.21307853976168847,0.2801537300645994,0.0027749969239724203,0.00567815304285306,0.00386798395188854,0.9524353246212005,0.9318316557645797,0.8978604395389557,0.2255094921424179,0.00410704463957134,0.2603746289640466,0.9273758066415786,0.15165467924595533,0.20418241132671278,0.3013148929461422,0.14342735287662395,0.17638092186794804,0.2603832881429189,0.003335056631805275,0.013490420421477096,0.012590786911317051,0.9650180280208588,0.9480620324611664,0.9105278387665748,0.1933971876291636,0.00980542132153314,0.22364553204573875,0.9412026330828667,0.24843451415103435,0.31795655704802817,0.3956471268175368,0.2169219,0.235759595,0.30572751,0.0252136052,0.0435479108,0.035557280000000004,0.9320000220000001,0.903216952,0.8650726860000001,0.25280300166666664,0.034772932,0.32487077222767735,0.9000965533333333,97.55191802978516,79.13859710693359,80.66463775634766,98.53675231933592,81.8343994140625,104.24047546386718,86.1682357788086,83.28437652587891,105.2583267211914,84.55512847900391,94.98858747962916,62.08248654918096,65.00585665740599,128.39787437057106,88.81425422485327,82.47216402358222
IN Brain-0326,0.28789556,0.71210444,1,15,0.6002566309539238,0.49947366,0.7939458,0.8428939,A,66,male,55-69,A,0.4989600711949617,0.10129655975896207,0.010288468519754845,0.037584256160977214,0.09191521507675549,0.6931466264947451,0.5086816202601401,0.43483990658748756,0.6828581579749903,0.47109736409916286,0.34292469151073207,0.04659597991916251,0.054700586824904085,0.6929351468508322,0.5301937048284724,0.4399716427485366,0.6723972601881646,0.4857577907035032,0.3441712781053984,0.01083960180423906,0.01017389807561766,0.00375413089688542,0.4897039152443409,0.7773882831454276,0.839817946267128,0.500775442999022,0.008255876925580713,0.6089000009242056,0.7023033815522989,0.689811327591469,0.48355548179566554,0.44167979067427876,0.6348964709378964,0.4477816822548191,0.3555355346892826,0.027926894729719366,0.019950206095017232,0.012405899858618,0.5408175330609083,0.8118320912122726,0.838784608989954,0.47940456262733266,0.0200943335611182,0.5827827531825542,0.7304780777543783,0.6926765217797173,0.5610898159817367,0.46868897394795783,0.6044683559999999,0.46600666,0.352299582,0.0809508578,0.065444607,0.032300317,0.48466075399999997,0.751130442,0.821776502,0.4742581993333333,0.0595652606,0.6223763930487298,0.6858558993333334,102.7835205078125,85.4556884765625,83.85386199951172,103.76779479980468,84.89139709472656,111.38881225585938,95.42901306152343,85.61693115234375,112.3017120361328,86.51466369628906,104.53140162571046,73.0083576188596,69.58138432213028,161.5353734512757,113.09802284089903,87.63527562190092
IN Brain-0327,0.9750586,0.024941368,0,15,0.11669199306511119,0.020146182,0.015983356,0.038694568,A,39,male,20-39,A,0.09791692652346608,0.01877506654164511,0.008524330821339743,0.006464989216846781,0.03560579387795734,0.09860748530112465,0.08196541402860204,0.16377299415681545,0.0900831544797849,0.07550042481175526,0.1281672002788581,0.016865037972047955,0.0019100176908966177,0.10403512202932538,0.08760223952842067,0.16644492179703738,0.0937788848116759,0.07957181103586822,0.13036057417054037,0.0014374669651014,0.0013583833088044999,0.00097644326280746,0.02155615446770094,0.0173658329171128,0.039529168287222215,0.10123709000602817,0.0012574311789044534,0.12109460655663899,0.026150385224011984,0.07697209265944703,0.1136932723039636,0.1154214587482549,0.07103220119691614,0.1050601362600656,0.09199071857071142,0.0023718758329227705,0.006204379202275176,0.0030871099635164413,0.014782819199899678,0.02412714226229582,0.024595471304201054,0.08936101867589773,0.003887788332904796,0.10255243367590136,0.02116847758879885,0.12574187664518288,0.09852203335636686,0.17550018891534022,0.10642119720000001,0.0853019524,0.134156952,0.01086513104,0.0060639217,0.0070533994,0.027444027520000004,0.0201241868,0.04240074302,0.10862670053333334,0.007994150713333334,0.134706197223254,0.029989652446666664,102.1318618774414,86.89993286132812,83.70447387695313,102.79053039550782,84.36539001464844,106.70911407470705,88.55999298095703,83.07552185058594,107.42481079101564,83.81213989257813,106.4962861727678,77.16497749299944,69.38583249911623,146.4701340866189,96.47417958083297,82.41377608207247
IN Brain-0328,0.9717184,0.028281696,1,15,0.12871741135274506,0.033369042,0.013925034,0.037551012,A,55,female,55-69,A,0.11134441040300157,0.017373000949743492,0.014960405092841467,0.004652787684271034,0.02604416104630325,0.14626496404192552,0.0733441534388015,0.16008146755169345,0.13130455894908405,0.06869136575453047,0.1340373065053902,0.015219117941138583,0.002153946903346221,0.1515101914455923,0.07858810858470403,0.1629529183185212,0.13452880362843805,0.07264635102450794,0.13601177354790436,0.0022637517342054,0.0011431266072560401,0.00112842946396334,0.03493842478874136,0.015168848126183682,0.038439572826563344,0.11439564273361678,0.0015117692684749268,0.1330543463581644,0.029515615247162792,0.13310341083474858,0.10262975003059857,0.10688412308864859,0.12031298579934077,0.09606172881608717,0.08824612791987259,0.005493647534717688,0.004554101461579123,0.0025941141473579945,0.029529663247376447,0.021188646933296695,0.02230634244988323,0.10154028084510018,0.0042139543812182685,0.11448560964803932,0.024341550876852126,0.178630208800449,0.09080971221573078,0.17268223862153842,0.1478551376,0.0796652466,0.14051797640000002,0.015753915099999998,0.006116864719999999,0.0070150084,0.0434088196,0.018165172,0.04149998806,0.12267945353333333,0.009628596073333332,0.14957894573310263,0.03435799322,98.61234893798829,83.49887390136719,80.99385375976563,99.3439163208008,81.68895263671875,103.77064666748046,88.71351623535156,82.53582458496093,104.48953399658204,83.26616058349609,98.69212161628872,68.99300694920221,64.30461599035115,141.28057838369017,98.8355165802514,81.46441512413575
IN Brain-0329,0.077645406,0.9223546,1,15,0.27298064381658865,0.9452591,0.9454249,0.87637967,A,32,female,20-39,A,0.2212662561043138,0.05171438771227485,0.0034278255821968695,0.022722024007485686,0.10814474175515804,0.2122447249649554,0.21177196072904209,0.3740766739637846,0.20881689938275852,0.1890499367215564,0.26593193220862654,0.04476486378161353,0.006949546715746824,0.22010560081737113,0.2245281307958019,0.35632902062557903,0.21384095381242182,0.19692514536530978,0.26279706975072115,0.0030017746774234,0.00471105738872512,0.0030226700812846,0.9424738744735718,0.9408840269565584,0.885251726102829,0.22452105630948424,0.0035785007158110403,0.2717035644688049,0.9228698758443197,0.19642772233802122,0.1816300393258282,0.33828270391604626,0.18391838078689463,0.16775035547182018,0.27926898001380585,0.006446964072080205,0.005941504273188505,0.015083316773774858,0.9507071748375893,0.9556175485253334,0.8939001135528087,0.21031257209084023,0.009157261706347857,0.2447321958067197,0.9334082789719105,0.2716792497918816,0.27259083264931283,0.40059612201896166,0.24341611199999996,0.22126385399999998,0.277345266,0.0251003178,0.028017093399999998,0.02050844208,0.922879672,0.922512032,0.8623927159999999,0.24734174399999997,0.024541951093333333,0.3193439033047676,0.9025948066666667,102.48842315673828,83.61610107421875,83.38185119628906,103.39931640625,84.40184631347657,101.4357421875,79.2544662475586,75.21516418457031,102.23695678710938,76.3582778930664,106.30382254276869,68.06579226315209,68.14918459001544,128.5640820914441,74.09012473778189,66.24587932599414
IN Brain-0330,0.7575223,0.24247776,1,15,0.5539191688463537,0.34003332,0.143115,0.24428496,A,63,male,55-69,A,0.5102038776704417,0.043715291175912,0.01424453141376536,0.00694994606574173,0.05579853245676736,0.6410575761005135,0.4105780683303133,0.5559689985167731,0.6268130446867481,0.40362812226457156,0.5001704660600057,0.025664336645424817,0.018050993267760496,0.6496385600403652,0.4236801064862553,0.5538475353021229,0.6204822207256682,0.4066657871310392,0.49469386947467153,0.015799709253786962,0.01006922111573274,0.00504114203952426,0.3535864386349916,0.15056050319522615,0.24241485710851846,0.5072806257771263,0.01030335746968132,0.5610725551431526,0.24885393297957875,0.6544803469529314,0.5541930368310299,0.4941527134780115,0.60769450577878,0.5057191075294964,0.43228355532730933,0.0334417268603201,0.03477659319099867,0.02438010022417305,0.3618590781465173,0.2427182854153216,0.19553694208152592,0.5152323895451952,0.030866140091830602,0.5799537116040232,0.26670476854778824,0.6449382243333315,0.4658491137164322,0.563371384697138,0.572272712,0.393223498,0.472348794,0.062020230800000006,0.0679053006,0.0411634383,0.34600466399999996,0.176373142,0.25094539400000004,0.479281668,0.05702965656666667,0.5707161131794933,0.2577744,110.56241302490234,87.89009399414063,87.65339050292968,111.24818115234376,88.42839813232422,110.62224578857422,89.54295654296875,81.10313110351562,111.42942504882812,82.01528778076172,126.87745778306778,76.39422095781131,76.53256435794948,152.5297966855577,94.68967565681736,78.81813812596339
IN Brain-0331,0.18625832,0.8137417,1,15,0.4807517691379618,0.8931268,0.704675,0.84342325,A,46,male,40-54,A,0.4039226619566917,0.07682910718127012,0.009024471566128955,0.08011692971428341,0.0798187207743063,0.3399276335508631,0.6068509905038628,0.4339494838700678,0.33090316198473413,0.5267340607895794,0.3541307630957615,0.056320040684906224,0.020509048115868678,0.354355981114875,0.6220864413499032,0.43786484452564894,0.33991965098961,0.532663000013126,0.35559860116609804,0.00592315326748488,0.01767709949940954,0.0044565235541100204,0.886215178346634,0.6862268348932267,0.8410858820676804,0.40939375072294476,0.009352258773668147,0.49408730290399083,0.804509298435847,0.3132449486688627,0.5877030174703116,0.4530804529865233,0.28893150376109944,0.5142043256865246,0.39914448151418586,0.008762105454698781,0.04592472837824389,0.011525344231657166,0.9053151309490204,0.7254798658192158,0.831762533634901,0.4007601036539366,0.022070726021533277,0.4700983201969944,0.8208525101343791,0.410965656047152,0.6374677694408075,0.4744301213000677,0.35785281599999996,0.498321476,0.3607075152,0.0446713688,0.079591554,0.040053826400000006,0.85666832,0.665284716,0.8179883880000001,0.4056272690666667,0.054772249733333334,0.5269326728783968,0.7799804746666666,102.79732360839844,84.76551208496093,83.49957427978515,103.71745300292967,84.56219024658203,102.70144805908204,86.52344360351563,82.00566711425782,103.41046905517578,82.87408447265625,103.85746543257171,69.58826863266529,67.88700081199755,131.71551998322423,87.3897647306648,76.14838808692448
IN Brain-0334,0.25758713,0.74241287,1,15,0.5705179757919252,0.8057176,0.779257,0.642264,A,40,female,40-54,A,0.48548038887054673,0.08503758692137847,0.024892647871023466,0.09397876165577868,0.09701187009580459,0.49237331474019086,0.5278466998408722,0.6521044316531839,0.4674806668691674,0.4338679381850935,0.5550925615573793,0.07196109320753558,0.013076495634047891,0.4921972922523648,0.5304980325962996,0.6451494053106883,0.46279527477570453,0.4368895222241182,0.5480118864999705,0.00721389550449514,0.01135349067025534,0.0032489594385933804,0.8058412659168244,0.777144783437252,0.6536632456839084,0.48256556116659777,0.007272115204447953,0.5671716219847858,0.7455497650126616,0.44085919956412467,0.5187778110406515,0.6277876292770248,0.4088461545469525,0.42586735024560574,0.5604987237459274,0.013986010396651727,0.033691412167949304,0.030820733474891802,0.8392816200852394,0.7863307017832994,0.6787773430347442,0.46507074284616184,0.02616605201316428,0.5415261632508631,0.7681298883010944,0.5523226347221519,0.5693275584811124,0.6660092006985171,0.45881384599999997,0.42016591400000003,0.5220365379999999,0.0723872126,0.067589401,0.0658914506,0.758919122,0.743534332,0.615955998,0.46700543266666666,0.06862268806666666,0.6055748600125508,0.706136484,102.53044891357422,84.34182281494141,83.80448760986329,103.56452178955078,84.97512969970703,102.45800323486328,84.29604644775391,81.16007080078126,103.41188201904296,82.38973846435547,116.18939118601644,75.29951484818426,75.37662851730657,124.81923403683685,84.82501835675102,77.96059234516456
IN Brain-0335,0.023658551,0.9763414,1,15,0.1119548172164481,0.95950717,0.9829663,0.9865509,A,37,female,20-39,A,0.10573082243568419,0.0062239947807639084,0.003361085949450532,0.0025429638414190825,0.003977771097931904,0.16950735947737625,0.08625847510669174,0.07130845361178609,0.16614627352792571,0.08371551126527266,0.06733068251385418,0.0032939402962671727,0.002930058839311453,0.17353267418828233,0.09597232716808528,0.07292939373460457,0.16753033162236508,0.09133853036677027,0.06812799387263024,0.00271198138461696,0.00170293842816112,0.00074756377300986,0.9582288509130479,0.9805292071580887,0.9861722460746766,0.10899895195392185,0.0017208278619293132,0.11699194975571625,0.9749767680486043,0.1287890136202001,0.09516822649910935,0.0864594581373819,0.11892925884048781,0.09073162027556407,0.08091748340088131,0.0026610417532707377,0.0021023838874052723,0.0013597199019732202,0.9716980755329132,0.980734096467495,0.9829167500138283,0.09685945417231107,0.00204104851421641,0.10401301102708572,0.9784496406714122,0.23123192328364728,0.1392027175413294,0.10449565580720466,0.204375134,0.118419144,0.0911930958,0.024361249800000002,0.017972191999999998,0.0097430394,0.93844242,0.968708664,0.978323048,0.13799579126666667,0.017358827066666666,0.16210111863809024,0.9618247106666667,102.62859344482422,79.21139526367188,81.73221435546876,103.66978454589844,83.07778472900391,108.25736236572266,92.87307434082032,82.6778579711914,109.31707763671876,83.89120483398438,97.7457737792894,61.61932005440552,65.32608653722664,139.05258918796548,107.15066066632588,77.44068462824842
IN Brain-0338,0.96982217,0.03017778,0,15,0.13535965579361947,0.048565242,0.014800307,0.027167792,A,58,female,55-69,A,0.12315300776149997,0.012206648032119502,0.0032114451291030965,0.005406345672241117,0.01799240963775825,0.19426881486793077,0.07704551926016999,0.1247548895955016,0.19105736973882767,0.07163917358792887,0.10676247995774335,0.008870066813034155,0.0033365302925448537,0.19185018282953104,0.08545005892078349,0.12659464593874412,0.18648341845318384,0.07826117632348706,0.1076662711342058,0.00222146493292968,0.0014649715068819399,0.00070325868935634,0.04775467505659904,0.0168346212208969,0.02768334704416332,0.12413695530362556,0.0014632317097226534,0.1373656979756382,0.030757547773886416,0.14220062281449214,0.11503598400875742,0.0814711757089315,0.13801488365297887,0.10777743422457076,0.06925800437794996,0.0034666962756818354,0.005193658155751841,0.001044886616873357,0.032168356236070395,0.02449079312500544,0.015863509919290662,0.10501677408516652,0.0032350803494356783,0.11386741176916863,0.024174219760122167,0.25791951588923745,0.09256362383643676,0.13816146750061142,0.21856791800000003,0.0811838174,0.1149536194,0.03620987220000001,0.00554644542,0.00621234774,0.0716629968,0.0186061134,0.030988438759999997,0.13823511826666668,0.015989555120000002,0.16927405350223235,0.04041918298666667,105.21955871582033,83.48139190673828,83.2398696899414,105.8458236694336,83.81814880371094,107.41992950439452,88.04482727050781,84.52498474121094,108.12432098388672,85.18043365478516,112.84371208582738,70.18025694228321,69.23649365739774,146.36699472590763,95.08238241214072,84.45851116502904
IN Brain-0339,0.98018813,0.019811848,0,15,0.0973059744040221,0.008936603,0.00979728,0.04070166,A,42,male,40-54,A,0.0836279404597276,0.013678033944294496,0.00017179612940391303,0.004245501244631147,0.020990356413661176,0.05105586672453323,0.055067922494992094,0.1701676859473537,0.05088407059512932,0.05082242125036095,0.14917732953369253,0.00846921792923208,0.005208794052869559,0.0532297299320994,0.05922288015840853,0.17225633373507393,0.052246318014313065,0.053900116940874945,0.15064634102144805,0.0008064911329432199,0.0008029334315637536,0.0007887013647450199,0.00940082027418534,0.0107063972801901,0.04136440925113853,0.08559759199221202,0.0007993753097506645,0.09994212564159206,0.02049054226850466,0.04552281066792131,0.07053041204116928,0.13831138676652713,0.044463274510861385,0.06537174322498528,0.11728176956761446,0.00087569578352195,0.0028481409988289678,0.002557475391321512,0.007778334720933344,0.013268282788340002,0.03103199541073991,0.07570559576782038,0.0020937707245574765,0.08757683231427706,0.01735953764000442,0.08222290824130203,0.06800808786378011,0.18527551969517406,0.0715858934,0.058861655400000004,0.157249921,0.010393278360000001,0.00411735061,0.00834284432,0.016045884099999998,0.012685973532,0.0455755132,0.0958991566,0.0076178244300000005,0.1160599225442481,0.024769123610666667,99.54579162597656,83.43029174804687,81.96971435546875,100.13556518554688,82.538330078125,123.1217315673828,94.0655502319336,93.4580337524414,123.90704040527343,94.0838394165039,100.75550116201543,70.54557303295557,67.36864813747056,202.21242932066104,114.61037359711511,112.00524524709736
IN Brain-0340,0.124390386,0.8756096,1,15,0.37558223832939963,0.7947453,0.9636036,0.86847985,A,45,female,40-54,A,0.3087865723536963,0.06679566597570336,0.016430047391289615,0.018763979248838103,0.09163126454838344,0.507601172570231,0.15631747529194331,0.3892663603874258,0.49117112517894135,0.1375534960431052,0.29763509583904235,0.04227509706283705,0.02452058439873045,0.5067191778688555,0.18075536813090784,0.3860528380949279,0.48089428482629637,0.15557393347936285,0.29473226672188085,0.010104496231761701,0.00340183099524052,0.00525107950884048,0.7953959126353263,0.9559021910429001,0.870175559771061,0.31040016167584666,0.006252468911947567,0.3790511732905891,0.8738245544830957,0.37938691897930293,0.1556949875440883,0.3007003715209251,0.3012297447817337,0.13492051294062185,0.24848365675082662,0.026868613577559465,0.009545754824985108,0.015621884081857529,0.8736509904265404,0.9637934610247612,0.9107925221323967,0.22821130482439403,0.017345417494800702,0.2882429115520555,0.916078991194566,0.5499989405346106,0.21143643069476226,0.42412502918696887,0.488436604,0.1680016564,0.3054707108,0.0468197348,0.0220560439,0.0293047263,0.76093572,0.945542548,0.8491821979999999,0.32063632373333334,0.032726835,0.4194221946826814,0.8518868219999999,102.6974639892578,82.45373229980468,83.96495056152344,103.55171661376951,84.97944030761718,103.61457061767578,85.14884338378906,79.15746612548828,104.46534118652345,80.22426910400391,107.52041751557006,67.9530263538916,70.05483323296379,133.71965257998482,86.85230412953617,73.28032485733083
IN Brain-0341,0.9880216,0.011978383,0,15,0.06490653172240325,0.012593384,0.0046815905,0.018660175,A,50,male,40-54,A,0.05680163684504348,0.00810489487735977,0.002765583252760051,0.0020188250297132546,0.014976383163218587,0.06760456448152398,0.029783217063558763,0.0927779204357396,0.06483898122876393,0.02776439203384551,0.07780153727252101,0.006586930481897298,0.0015179588886942014,0.07078573137784555,0.033192012488049046,0.09470379101023532,0.06681734923628878,0.03050215517193918,0.07890971588135595,0.00101673584705916,0.0005385088894910569,0.0005740851507786,0.013327566165430422,0.00532557674790144,0.01914781957489898,0.0587430734298613,0.0007097766291096056,0.06763482040123014,0.01260032082941028,0.06152118588806231,0.04657718768786999,0.06639294546098629,0.0587747785215015,0.04404304641746533,0.05470321984955926,0.0020143649200802987,0.0016620384349940339,0.001341257639275099,0.011216857060207985,0.007996424331577146,0.012316324231869657,0.05250701492950869,0.001672553664783144,0.05833152724348706,0.010509868541218263,0.08716228724011411,0.036171168186725895,0.10212437660975414,0.0777085226,0.032232310199999996,0.0839466474,0.006648767,0.00172118358,0.0038507565199999995,0.017256905,0.005900988968,0.02105690396,0.06462916006666666,0.004073569033333333,0.07678492779524353,0.014738265976,104.50684661865236,83.72543640136719,82.22590789794921,105.13332977294922,82.81595916748047,100.99762725830078,82.966064453125,80.20746307373047,101.6241241455078,80.82276000976563,112.60945703027949,70.66674743058348,67.26554701919183,127.73770802041638,82.12816795803889,74.6172070213018
IN Brain-0342,0.8957644,0.104235604,0,15,0.3342910902877838,0.16800845,0.08262472,0.062073637,A,45,male,40-54,A,0.30447832850994677,0.029812761777837038,0.016600909558545096,0.015243294761084991,0.025204055209877452,0.45271424348673717,0.28513351187335484,0.23263548969925585,0.43611333392819207,0.26989021711226985,0.2074314344893784,0.019016086509835845,0.010796679521644925,0.44843680237585637,0.3128800849531035,0.23284660976433053,0.42545094797493344,0.28946296797580007,0.2062016207873049,0.0082656402789165,0.0082404679917639,0.00125559671083584,0.16535058121979235,0.0945233299795072,0.06215140595054249,0.3070385122460128,0.0059205683271720795,0.3409213245099338,0.10734177238328067,0.4599091603075567,0.35480596628819777,0.20716510877872107,0.4162562984749406,0.30547669785020215,0.17776668544766494,0.026311469590957932,0.03314544065109566,0.0025209900257781,0.1725516260135919,0.11400415931129829,0.052968627295922485,0.2998332272576026,0.02065930008927723,0.3531019803775504,0.11317480420693755,0.500042980397929,0.33455918071675506,0.24777589206036765,0.40924717600000005,0.278650292,0.213324472,0.076136266,0.0391169784,0.0107127862,0.199740868,0.10436027080000002,0.0677485774,0.30040731333333337,0.041988676866666665,0.37472171845706354,0.12394990539999999,106.59762420654296,85.17443237304687,86.38386535644531,107.21901092529296,86.98434143066406,112.17096405029297,95.68697662353516,89.28226776123047,112.9815948486328,90.03372039794922,118.95792373455237,74.12702354277198,76.46867867877918,160.6420494342615,119.5826787227988,96.92047365067327
IN Brain-0343,0.24573186,0.7542681,1,15,0.5575973705366736,0.7093037,0.755168,0.79833263,A,29,male,20-39,A,0.4693140441968849,0.08828332633978869,0.012239229059124224,0.08517718907563798,0.15670657818615996,0.6027739927852964,0.556585960006759,0.5027051761195215,0.5905347637261722,0.471408770931121,0.3459985979333615,0.08470766544030739,0.003575669514932156,0.608774173527461,0.5638751422214698,0.5008352163449834,0.5880588133434965,0.470885495038223,0.3477043666378439,0.00967102291360086,0.01313235875679856,0.0033892718723861994,0.7024499240398407,0.7485934375345706,0.7996875860512257,0.4688828916731878,0.008730884514261872,0.5620673102633725,0.7502436492085457,0.5782484487675836,0.49133434830343625,0.5275897470912623,0.48767058174212624,0.42652004380050856,0.38701260577359603,0.045021702322835214,0.04004631390475558,0.028740583840385504,0.7349741287529469,0.8064467780292034,0.779460653476417,0.43373441043874356,0.03793620002265877,0.5348562887111332,0.7736271867528558,0.6325132439433506,0.5835468012151601,0.5220949256061953,0.55915088,0.458057918,0.353255463,0.06387773799999999,0.0495999246,0.0281197058,0.6723342139999999,0.729710268,0.783769914,0.45682142033333334,0.04719912279999999,0.5846416061456385,0.7286047986666666,103.8863296508789,86.24224700927735,83.36517486572265,104.79896087646485,84.32593231201172,104.89641571044922,88.50760345458984,80.87024230957032,105.7095458984375,81.79956665039063,106.9214830772673,73.87283411713149,68.4199596732266,141.40894429397815,93.93625280551409,76.3647315125823
IN Brain-0344,0.8194281,0.18057196,1,15,0.4722596314562826,0.24386318,0.103607,0.19424565,A,28,male,20-39,A,0.42250263885786177,0.04975699259842081,0.01812154978259639,0.02573837150582775,0.0693821493768223,0.5554921801823727,0.33293682885569414,0.4923209782007649,0.5373706303997763,0.3071984573498664,0.4229388288239426,0.03774735688841548,0.012009650270648098,0.554636363859895,0.33248925684791253,0.4961980911693511,0.529330560121751,0.3042648119228168,0.4224187105558766,0.00967044576753846,0.00401937180902784,0.0043676022253467,0.24310827257484197,0.10339967873506242,0.19698774688430126,0.4186713608668147,0.006019139933971,0.4731557927738751,0.18116523273140187,0.6378922981665602,0.4013151200812154,0.3736718387184473,0.5672676163961685,0.371455730213465,0.3092696507451252,0.05883994764936995,0.01577111337865738,0.04709262750385148,0.3353345414623618,0.13799939572345465,0.12341371021029772,0.4159976657849196,0.040567896177292936,0.49889583967489365,0.1989158824653714,0.5703979655452779,0.3638926355020871,0.5000613025477934,0.503457784,0.30967202120000004,0.40461598800000004,0.0524067464,0.0301907524,0.03191565994,0.257473794,0.1184835466,0.1997540696,0.4059152644,0.038171052913333336,0.48897175350999234,0.1919038034,103.11936492919922,86.33944854736328,83.74702606201171,103.7268814086914,84.36202850341797,111.65855865478515,94.766552734375,88.60000152587891,112.33036651611329,89.28042907714844,112.88114048605128,75.14302709511522,70.58199705674785,170.78777903056098,115.09533994376166,97.5319901298969
IN Brain-0345,0.75883186,0.24116813,1,15,0.5524226779973441,0.46773443,0.19132248,0.064447485,A,53,male,40-54,A,0.45343364732706454,0.09898903067027959,0.018111726289257613,0.015998152176693314,0.023821176295904634,0.6910636008662486,0.4881348979714978,0.23903349790530276,0.672951874576991,0.47213674579480447,0.21521232160939813,0.019310351587285186,0.07967867520193267,0.6895786878812419,0.4951633081908603,0.24285080784136923,0.6615808667304377,0.4675504745504888,0.21716739279451353,0.013602161595444678,0.01171684028828376,0.0018819742421518001,0.4577848016619682,0.19625258312821386,0.06588069033576172,0.4487662446918133,0.009066992041960079,0.5510484483347757,0.23997269170864793,0.6931346295883376,0.48451028038962407,0.17285582554733606,0.6179630582575464,0.45793112292226307,0.15245682502775876,0.025252097407426732,0.015345531536660895,0.0034643005123489363,0.5025050867348909,0.18882196107879282,0.0415552884558565,0.40945033540252274,0.014687309818812189,0.555979320680084,0.24429411208984675,0.6892265325951019,0.5362883492829575,0.2622248359424533,0.586545338,0.43283712,0.224092346,0.09034864719999999,0.0924360088,0.01585435284,0.45575340999999997,0.22754129399999998,0.0733521418,0.4144916013333333,0.06621300294666667,0.5647561818900622,0.2522156152666667,100.7213851928711,81.41668395996093,81.593359375,101.43746032714844,82.26891174316407,113.92899932861329,97.35911254882812,85.58873596191407,114.85137176513672,86.44794921875,102.51350348360886,64.12071792604681,65.8575094759681,165.65623332980547,119.8840504761539,88.94000059098262
IN Brain-0346,0.9284289,0.07157111,0,15,0.2576840959973568,0.12782238,0.026398012,0.060492944,A,60,male,55-69,A,0.2250090458064414,0.032675050190915406,0.019604239621429376,0.008757610310422978,0.029148011568198545,0.38222609288984233,0.12198916798638633,0.22832173804314648,0.36262185326841295,0.11323155767596335,0.19917372647494794,0.0191699538333503,0.01350510676040731,0.3854958561292011,0.12868989564836522,0.23265178313088308,0.3611590216255084,0.11811204775514272,0.20181255072511753,0.00530906438807112,0.0018767683158954999,0.0020299913234346,0.1295318781204521,0.028273898320505357,0.06207963684536514,0.22702787336858954,0.0030719413424670733,0.26208023258309304,0.07329513776210754,0.40772776275696176,0.18834797780698415,0.15559472599606186,0.37750096947598893,0.17327272390104168,0.1314083428420592,0.02536232605042783,0.01095229123963622,0.0034590017315162245,0.1415281005203724,0.04658947082061786,0.03617599075660109,0.22739401207302992,0.013257873007193425,0.26579246726797956,0.07476452069919712,0.41418951502938994,0.1473268746579219,0.2549487168721307,0.359939104,0.1269822646,0.21084982600000002,0.0369966778,0.01098973588,0.01754135184,0.1451422852,0.033684962900000004,0.0705071118,0.23259039820000002,0.021842588506666667,0.28630361547512834,0.0831114533,107.7118148803711,90.13686676025392,86.68274688720703,108.35697021484376,87.36121520996093,111.8101333618164,92.6581024169922,86.58253326416016,112.56124114990234,87.29581604003906,122.04604680479936,80.94445391948167,75.28659905521042,168.32853052976665,108.64168569478424,93.18886156436172
IN Brain-0347,0.9469231,0.053076915,0,15,0.207477262227306,0.050654583,0.030668478,0.07790769,A,54,male,40-54,A,0.18717131484242389,0.020305947384882117,0.011383206776051674,0.010680805002892924,0.027547663322536386,0.20043813305649263,0.13705824749502166,0.27362923907723835,0.18905492628044096,0.12637744249212873,0.24608157575470196,0.016537225033826996,0.0037687207502975217,0.2099230448760034,0.1433648912441825,0.2768878867233734,0.19439268322746617,0.13038797107770062,0.2471187289062963,0.003353588845067,0.0021229573821129,0.00223350858931702,0.05392820250391954,0.03251092999235256,0.07923128906637425,0.19063312773715435,0.0025700182721656397,0.21361724400529253,0.05522347385421545,0.21048442686180935,0.17924794720483267,0.19510918676635944,0.19705833555761768,0.16396184418798646,0.16880166894810372,0.009955641423373485,0.008395406127055216,0.00625873481023397,0.05412430167780258,0.04360871488461271,0.04884800318977796,0.17660728289790262,0.008203260786887557,0.19514581238412723,0.04886033991739775,0.23716326337137714,0.15230607588012757,0.29285517289732543,0.20488549999999997,0.13427446399999998,0.250418464,0.021102002199999997,0.0072408214999999995,0.015624362219999998,0.063749923,0.035178506799999995,0.0858608101,0.19652614266666665,0.014655728639999999,0.23133770179326843,0.0615964133,103.1955078125,86.27093353271485,83.14777984619141,103.9400650024414,83.84188537597656,112.17136993408204,89.24716033935547,85.88328094482422,112.88641357421876,86.59481658935547,109.17387147823727,74.69082551410216,68.8201277260711,161.52337515155747,97.72086806903448,88.19358312237787
IN Brain-0348,0.70094335,0.29905665,1,15,0.6100628828405326,0.5115634,0.1684444,0.21716216,A,48,male,40-54,A,0.5313939314064862,0.0786689514340464,0.027400286878563773,0.014344248188613962,0.033657066616238074,0.6928797329926484,0.45341101690106866,0.5232926460091571,0.6654794461140846,0.4390667687124547,0.4896355793929191,0.02513386722780527,0.05353508938580598,0.6931279879594983,0.4629194575126915,0.5289280766498423,0.6554863305394161,0.44070232947193544,0.490591339990657,0.01326120652787984,0.00913934552420206,0.0028443594709010402,0.496902220338583,0.17448017084635792,0.22160198613181709,0.5289266666673361,0.00841497050766098,0.6088698210360562,0.297661459105586,0.6598731309118122,0.5102147161412198,0.5080990001287184,0.556172208075096,0.48636598398458375,0.4749783828664539,0.03663635778270428,0.01675935891985708,0.012416473166830127,0.6282640341669321,0.20719369780272245,0.20562267885543406,0.5058388583087112,0.0219373966231305,0.6455866599821356,0.34702680360836285,0.6930567352985206,0.4902159040218139,0.5327206327987041,0.595547594,0.42068775599999997,0.469341106,0.0777581472,0.0578687968,0.0329859792,0.493275324,0.19277087099999998,0.224641936,0.495192152,0.05620430773333333,0.613852825523835,0.3035627103333333,110.44239959716796,86.06966094970703,87.27281188964844,111.12018737792968,88.03961944580078,111.1875503540039,95.71819305419922,87.35309600830078,111.97320709228516,88.19859619140625,132.17563988925252,74.19152968455936,77.43573618229387,157.83145507071578,116.61088301947264,91.5497580229214
IN Brain-0349,0.039490603,0.96050936,1,15,0.16632189956531176,0.95625484,0.9836656,0.9416078,A,63,male,55-69,A,0.14461111985649505,0.021710779708816713,0.009551433095340067,0.005133143098108153,0.037079744008089,0.1796690180321634,0.08340806144868325,0.22252060029017573,0.17011758493682333,0.0782749183505751,0.18544085628208673,0.017254773400512406,0.004456010273609867,0.19184201393696382,0.10165253977575463,0.23582580039361997,0.17904039353310347,0.09315453565785585,0.19550797473776066,0.00311895532695428,0.0020941504884500798,0.0032126521851801003,0.9522480544805527,0.9790658989191054,0.9367470740795134,0.15590096797624,0.00280858600019482,0.18039173953912846,0.9560203424930572,0.1491902107032635,0.10559190149860144,0.25306487443699544,0.13464817216366703,0.09295445086309238,0.20809644208907452,0.0035020154684050147,0.004171762860761953,0.016957452331261006,0.9657584741711617,0.9780347764492034,0.9302217870950699,0.145233021705278,0.008210410220142657,0.1742333082008146,0.9580050125718117,0.22902174313765533,0.12950507254574678,0.2603956637197442,0.20166777199999997,0.10816111580000001,0.2089564986,0.018930870199999998,0.0149860789,0.016171933,0.93925163,0.9714953659999999,0.927367548,0.17292846213333335,0.016696294033333333,0.2100193328445558,0.9460381813333334,101.28106079101562,80.44117126464843,82.84722290039062,102.13755645751954,83.81126251220704,103.66378479003906,85.14227752685547,78.69199981689454,104.5081787109375,79.72172393798829,103.02650905301012,63.20142512621442,67.3220091989395,132.75254937498914,83.69762069433929,72.2797417679017
IN Brain-0351,0.9763641,0.023635898,1,15,0.11187053676966291,0.017528275,0.008892898,0.044486523,A,70,male,70+,A,0.10049865018239142,0.011371886587271493,0.00401148050404776,0.002864266013955563,0.012684669946644272,0.08825703632112127,0.05084997070191872,0.18194935998878184,0.0842455558170735,0.047985704687963156,0.16926469004213757,0.0065201388215491984,0.004851723757473753,0.08824743992473012,0.052451860170789136,0.1821070336426135,0.08308814515860705,0.04904394376257626,0.16844229189234025,0.001032936075867,0.00059488336722676,0.00093771096405272,0.01752589031108652,0.00923412850986928,0.044537941588554474,0.10019146027117452,0.00085517680238216,0.11235421550896627,0.023765986803170092,0.07763258784926075,0.07503405932049138,0.14564724149798147,0.07408188929634388,0.0714881885011758,0.13157808461362624,0.0027075776036546914,0.002197261977892996,0.00230135399360501,0.014940304611809552,0.01432306232454721,0.03318568792601582,0.0923827208037153,0.0024020645250508992,0.10119942839675054,0.02081635162079086,0.11389211618127992,0.06300976444473218,0.19642203261438837,0.100251184,0.0561833864,0.176076819,0.00964065892,0.00377457794,0.00819434154,0.0241809005,0.0115503073,0.049290902600000006,0.1108371298,0.0072031928,0.12892611330610276,0.02834070346666667,100.92030181884766,79.6613555908203,80.8795394897461,101.57777709960938,81.47940979003906,104.83083038330078,89.25669403076172,83.07105255126953,105.54416046142578,83.71151428222656,106.98283403731624,62.14343411014941,64.55300083899475,142.72743260350816,98.57119568246152,83.36856106016197
IN Brain-0352,0.2599366,0.7400634,1,15,0.5729905724136801,0.90314275,0.81120855,0.505839,A,33,male,20-39,A,0.4471110530867573,0.12587951932692282,0.05077639737633449,0.03503433714212867,0.0685232645028594,0.31812230769891897,0.4844658596037012,0.6930789909789741,0.2673459103225845,0.44943152246157253,0.6245557264761147,0.05144466634044085,0.07443487761914763,0.3239159769583515,0.4780061692090979,0.6931146147542492,0.26999021757471986,0.43317930412032374,0.6191757170876213,0.0034002715803295195,0.0104387152621851,0.0034393965245175006,0.9005304105043411,0.815596015369892,0.5040351860046387,0.4407817462608883,0.005759461122344041,0.5730005626082391,0.7400538706262907,0.2868992576591515,0.5228787585233481,0.6828031101907664,0.22227685716267015,0.44542666417783555,0.5907054033274677,0.009621896846013916,0.06648859522254967,0.012535310553546342,0.9166402772068978,0.7831603899598122,0.5717925980687142,0.41946964155599115,0.029548600874036643,0.5542885496274979,0.7571977550784746,0.4172799896186142,0.5542795563056023,0.6930355760422627,0.301315654,0.444431224,0.571297168,0.07534197000000001,0.084497631,0.0702308522,0.85310792,0.757205662,0.49253004800000005,0.439014682,0.07669015106666667,0.6100590276784847,0.7009478766666667,161.13569183349608,120.51175079345704,120.2661392211914,162.0736053466797,121.12754821777344,115.83116607666015,98.5655288696289,94.00808868408204,116.74766845703124,94.83267974853516,216.4146764502549,138.2294249471375,137.5418970632155,170.753208265742,122.17457263763932,108.40587273689046
IN Brain-0353,0.043205388,0.9567946,1,15,0.17800054663063675,0.9560456,0.98753464,0.9268036,A,39,female,20-39,A,0.14898757967332749,0.02901296695730926,0.008989348069559394,0.004498967820179195,0.048738060497454105,0.18031387779436092,0.06704562069962189,0.26182961691319234,0.17132452972480153,0.0625466528794427,0.21309155641573824,0.020742125462397565,0.008270857483749006,0.1859066117988091,0.07628100978074329,0.2508963851282662,0.17447328805990564,0.07016630368636359,0.2032996172474805,0.00227097485001828,0.00139125497656446,0.00224001704245634,0.9542168466329575,0.9853815263748169,0.9310569269657135,0.14931306966458324,0.0019674156230130267,0.17772015725754384,0.9568850999911626,0.14350428386248198,0.06860454170408875,0.205372120219173,0.13231299542851277,0.0637909814777988,0.16958109993069828,0.0030967743250554292,0.0027227609162971357,0.00798297353646379,0.9674479812383652,0.9871768802404404,0.947651818394661,0.12189502561233662,0.004600836259272118,0.14358032488141115,0.9674255599578222,0.23235156504743637,0.10942890134204102,0.3039044370318411,0.20296077220000003,0.0906542014,0.2314741292,0.0202059404,0.01340446306,0.0213361866,0.9380308920000001,0.9770177499999999,0.9094084,0.17502970093333334,0.01831553002,0.22285989878169418,0.9414856806666666,104.90894775390623,87.34215698242187,85.47498626708985,105.6642120361328,86.32756652832032,105.42812042236328,89.96991424560547,83.55602722167968,106.30785827636718,84.50300750732421,108.15245962140918,73.75587832716562,71.23794924683939,131.60093604773724,92.22182156644055,78.59610421222703
IN Brain-0354,0.8524177,0.14758232,0,15,0.418492332082558,0.19894266,0.025492981,0.21831134,A,66,male,55-69,A,0.3541098088675103,0.06438252321504767,0.021334904182421455,0.013951763358391059,0.04478734311433985,0.4989331301148727,0.11870796426419952,0.524762342878611,0.47759822593245127,0.10475620090580846,0.47997499976427116,0.02669133688505079,0.03769121206778864,0.5096557721350017,0.1298052029395489,0.5249810195785138,0.4806766201038573,0.11283774258708013,0.47762019085451285,0.01081381789588254,0.001726221003261847,0.00280502860606544,0.20677756670732048,0.028589723424712398,0.21848283564969892,0.3570448511818167,0.005115022501736608,0.4249287879628181,0.15128337526057725,0.6463666046865209,0.18701756745082818,0.41828505736617283,0.5223633853068285,0.16286158548392557,0.3703223895368981,0.08660949370872222,0.018769477172393474,0.014978048336499562,0.3482659887522459,0.046149467750365145,0.1474641462948057,0.3518491201092174,0.040119006405871745,0.47234220191289245,0.18062653426580558,0.5211302859253247,0.13380497252037793,0.5322006881069007,0.45234205000000005,0.11189661494,0.4595352452,0.0502000628,0.00672958552,0.0298409674,0.215482292,0.029730748039999998,0.22422263300000003,0.3412579700466667,0.028923538573333334,0.4337841146820032,0.15647855768,104.04561157226564,84.7498291015625,84.561669921875,104.77220764160155,85.26049499511718,109.43251953125,89.02615966796876,85.3898193359375,110.2547607421875,86.14559936523438,110.66930672336744,72.56242495228415,72.01969447070267,154.23952420994635,98.37494409719145,86.76030803311126
IN Brain-0355,0.8953578,0.104642265,0,15,0.3351649081870704,0.23907118,0.015726736,0.059128873,A,55,female,55-69,A,0.2582646321387222,0.0769002760483482,0.021764160786233555,0.005542608246058484,0.05337612505388212,0.55000694132838,0.08090601074888829,0.22456383842507247,0.5282427805421465,0.0753634025028298,0.17118771337119035,0.026894298028724718,0.050006028473074726,0.558796322820325,0.09019379091458765,0.22682508110405464,0.5279681507113858,0.08265339924147797,0.17253400685271786,0.00819068237282022,0.0015187393106512199,0.00109886434024142,0.24680369480252265,0.018010970085929102,0.05994824066432188,0.26105185226852723,0.003602762007904287,0.3428498971518037,0.10825430185092454,0.47446065846583396,0.15523673492900986,0.16455625319766246,0.43174859627032464,0.13851721419740676,0.12363702085901906,0.03264916063167635,0.014926169477021878,0.004536554657195635,0.18203193340450524,0.036066982659394856,0.038938627042080044,0.2313009437755835,0.017370628255297952,0.2924253634943176,0.08567918103532672,0.5690451686791315,0.10206279072051395,0.24252056377528508,0.49393019000000005,0.08828686,0.1801124126,0.0591027728,0.0076995551999999995,0.013417353900000002,0.25620054200000003,0.02104086444,0.0657562001,0.25410982086666667,0.026739893966666668,0.35547876091146935,0.11433253551333333,108.18281860351564,91.05852355957032,86.91851196289062,108.93034057617189,87.68152770996093,106.1242660522461,85.12509307861328,78.87910614013671,106.91983032226562,79.73442077636719,118.4430528504246,83.11293788657447,75.2406750791874,140.31919070883018,83.40733632267572,72.01411167629078
IN Brain-0356,0.9703586,0.029641446,0,15,0.13349352640594983,0.04903798,0.013589782,0.026296575,A,62,female,55-69,A,0.11458490945491283,0.018908616951037002,0.0151552324339852,0.005379774665851822,0.02491795026916116,0.1956728327718506,0.07191184242265664,0.12162301053922944,0.1805176003378654,0.06653206775680481,0.09670506027006828,0.01515098578966606,0.003757684524235,0.20336064054712819,0.07806112558845817,0.12344633632614271,0.1843269175589237,0.0713978161006557,0.0977441769668044,0.00294252707386584,0.00101047573041792,0.0005573048496942,0.05165530447773632,0.015042698987771242,0.026802794234850418,0.1178229702087946,0.00150343588465932,0.13877543188955527,0.031166932566785994,0.1746184409764281,0.10533134906766974,0.09797004225906333,0.16163562181244953,0.0977484659441484,0.07664514935116762,0.00665990785418189,0.005608817521209289,0.001782471944936167,0.04211819944321178,0.02189661529264413,0.01998225432325853,0.11200974570258852,0.004683732440109115,0.12771624524723033,0.027999023019704812,0.23188262171109597,0.08546053797354904,0.1316420088728049,0.19639427199999998,0.0751857122,0.1037793534,0.0207869041,0.004763976559999999,0.0048331901600000005,0.06179661560000001,0.016837197659999997,0.029112084599999997,0.12511977919999998,0.010128023606666666,0.15473802602844022,0.03591529928666667,105.7299591064453,83.36820983886719,83.32459716796875,106.36519622802734,83.98974304199218,109.02312927246092,89.78191680908203,85.7562744140625,109.71747741699218,86.45566253662109,117.75087827635356,71.80785899225577,70.15492610753162,157.22933485157677,101.16018034150686,89.73982220858208
IN Brain-0358,0.0445055,0.9554945,1,15,0.18200753664184127,0.96774644,0.98693764,0.91179943,A,35,male,20-39,A,0.14720991859064203,0.03479761805119924,0.0064038617839677625,0.002397432363680202,0.060055851006788924,0.14249063899201428,0.06964155253816784,0.2983547093961809,0.13608677720804652,0.06724412017448764,0.238298858389392,0.02295238171814563,0.011845311453600488,0.14442170266268087,0.07795715177277694,0.286156631082808,0.13624244143716777,0.07378468509840837,0.23036838082854585,0.00197175578722816,0.00145144956068056,0.0027623134770875402,0.9671771592140198,0.9849821599960327,0.9169497594594956,0.14679850245470732,0.0020618396083320867,0.17931461646797503,0.9563696928898493,0.10657939662013496,0.07217248914810083,0.22287999307856418,0.0993722064947448,0.068924886617686,0.19182024473890685,0.0024310199764527073,0.001683404292680185,0.0065114070196140685,0.9777742266654968,0.9863493546843529,0.9414784476161003,0.12003911261711254,0.0035419437629156535,0.13980173773903673,0.9685340096553167,0.19475833342504573,0.11939023208807012,0.3427113125598016,0.16860845279999997,0.10036267319999999,0.25388478600000003,0.0189456222,0.016276194,0.0267048172,0.95127012,0.9743195699999999,0.891811408,0.174285304,0.020642211133333335,0.22934455597402587,0.9391336993333332,104.36610565185546,87.35926666259766,86.15626678466796,105.20792388916016,87.13352813720704,104.09451904296876,90.74949340820312,83.4297607421875,104.99255981445312,84.51455841064453,109.75306385741696,74.9633423594176,73.73194156755387,126.54541306690837,99.93869361404282,79.4212692290901
IN Brain-0359,0.15360938,0.8463906,1,15,0.4289191793802115,0.9504293,0.81780833,0.7709341,A,49,female,40-54,A,0.3263952191955727,0.10252396018463883,0.03218892902612386,0.06479569172017186,0.13392442180978048,0.19724897911252276,0.4747005636977455,0.538145157332526,0.1650600500863989,0.40990487197757364,0.4042207355227455,0.0769696808520254,0.02555423425743114,0.20534194314455975,0.5035396387252665,0.5440499753941328,0.16914392965982886,0.4271238984882399,0.4071848350415756,0.00285233088525672,0.00957606799944884,0.0032475724694313,0.9476622380256652,0.797725347173214,0.7660123287200927,0.3344842210632148,0.005225323784712288,0.4443930878740305,0.8371333046396573,0.15057036659104717,0.45686449094717274,0.49075656862500644,0.13009080364393627,0.40075228524770024,0.3688535604599825,0.004315834942758984,0.024622888210050292,0.02041720683169953,0.9653444156050682,0.8293821819126606,0.806851277500391,0.2998988831172063,0.016451976661502932,0.391688778962357,0.8671926250060399,0.26871504237262,0.5211087158589034,0.5628930953692839,0.20398341599999997,0.40898337399999996,0.404383642,0.035269867999999996,0.050710809200000005,0.0354955264,0.924069862,0.7845344,0.7494915040000001,0.33911681066666666,0.04049206786666667,0.4723546167015049,0.8193652553333333,111.57047576904296,89.34107360839843,88.99727020263671,112.29671020507811,89.75204925537109,113.75460510253906,87.55557250976562,87.18888549804687,114.56783599853516,87.98782653808594,128.52100162975657,81.02987518466573,81.18288378645414,158.19441968373405,91.56728398582808,89.75420313453553
IN Brain-0360,0.9312935,0.068706535,0,15,0.25028020977769594,0.13087144,0.021321941,0.05392622,A,77,female,70+,A,0.21769431171374204,0.0325858980639539,0.018875680118676075,0.0033396270588680887,0.02579927670890217,0.38803993062180675,0.10314022070800123,0.2099173676978644,0.3691642505031307,0.09980059364913314,0.18411809098896223,0.01600486129548211,0.016581057366687024,0.399253490376965,0.10694783066266454,0.21418242880635918,0.37666932143818854,0.10227505032551583,0.1879615198456339,0.00616960462009192,0.0013401474748233,0.00152737579002566,0.13687695329189295,0.02232319657732726,0.055422647135285594,0.2223019638697794,0.00301237596164696,0.25760674545131035,0.07154093233483527,0.4089782322620674,0.16634087796157954,0.16629776167710897,0.3650029428544338,0.15648321614273158,0.13919221582523733,0.037651466409856775,0.006950500580357552,0.002422687770558671,0.14222288287492119,0.03949656098848209,0.0394830509343592,0.22022612494080093,0.015674884920257665,0.26319269010884405,0.0737341649325875,0.4288682666415039,0.12591273273017356,0.22733306706361905,0.365730934,0.11357284599999999,0.1923654262,0.0475861546,0.00900043094,0.0111148396,0.153579556,0.027491928199999998,0.060132908,0.2238897354,0.022567141713333332,0.2797487930817256,0.08040146406666666,96.82662963867188,82.58085327148437,79.70028991699219,97.49208374023438,80.2954605102539,112.94444274902344,93.07115631103515,87.74574432373046,113.6878219604492,88.43697662353516,93.23682430372216,68.1482093505966,62.37403907372699,169.06378814128897,109.35091275783346,93.20234368006054
IN Brain-0361,0.1021473,0.8978527,0,15,0.3297756065689986,0.95297086,0.8334228,0.9071644,C,26,male,20-39,C,0.29923004425024924,0.030545562318749386,0.007449950238124281,0.004459658426745949,0.03954016317628073,0.18967301773254863,0.45041722114371074,0.3090496657156392,0.18222306749442435,0.4459575627169648,0.26950950253935846,0.01714992394705032,0.0133956689285597,0.19388342895775507,0.46554805923598774,0.31449949725527426,0.1836681601920978,0.45091637514802285,0.2711833354121402,0.0029546963855343,0.0102393254177092,0.00283043995375088,0.9515642367601395,0.8238221212148666,0.9047586639404297,0.30192262358408695,0.00534148725233146,0.3393861941771249,0.8933816739718119,0.1529938998060107,0.5172051419786564,0.30730846331146144,0.14049447941926013,0.4890425663953887,0.26793708326550264,0.0037131957481170096,0.020429808887021127,0.009255625297425815,0.9646135941147804,0.7875343963503838,0.9079267680644989,0.29915804302671717,0.011132876644187986,0.3533769555077473,0.8866915861765544,0.2625779043481168,0.539154490860777,0.3598864089079182,0.224635198,0.44571634800000004,0.288407716,0.0319924504,0.091181032,0.029793896200000003,0.926508596,0.77010082,0.8835032479999999,0.3195864206666667,0.05098912619999999,0.40489530659695194,0.8600375546666666,103.98139190673828,83.88188018798829,84.13920135498047,104.98021545410155,85.32328948974609,119.0419143676758,100.0582504272461,87.2126968383789,120.09479064941408,88.28807983398437,101.11810350263944,69.58481922724101,69.37882947374929,190.77518968746125,131.29450611962017,92.36471883879976
IN Brain-0363,0.6815631,0.31843692,1,15,0.6256856335622667,0.6751538,0.12570892,0.15444805,A,42,male,40-54,A,0.43375505349110505,0.19193058007116165,0.05245676343845662,0.03395914908553038,0.05128258533173058,0.630468574252757,0.37814737829849726,0.4303477057777785,0.5780118108143004,0.3441882292129669,0.3790651204460479,0.0458994992852392,0.14603108490193217,0.6373058823354392,0.3850316528892013,0.42656717755926843,0.5787293081434345,0.3428765368316783,0.3755549688921872,0.00842415277459714,0.00786597163722878,0.00158965354027986,0.6655202006101608,0.12928835331192237,0.15223544608280057,0.4323869379557667,0.00595992598403526,0.6235712094800043,0.31568133333496123,0.6077780968961999,0.4075670900364633,0.3774232331293367,0.5215102426960971,0.3548493997288928,0.33584182846078964,0.032958743670857715,0.023123073301366173,0.009593449438458194,0.7036057889461518,0.14143898753100076,0.12533587737707422,0.4040671569619265,0.02189175547022736,0.6294502126543164,0.3234602179514089,0.6579022393368783,0.4011782828847439,0.4429733510145509,0.53102205,0.3383623448,0.37111453,0.0904155012,0.02876923082,0.024043891,0.631963792,0.13792471599999998,0.1620011236,0.4134996416,0.04774287434,0.6196037142671119,0.3106298772,109.47426147460938,87.68818969726563,87.1086196899414,110.14913024902344,87.71928253173829,109.76581726074218,90.63305969238282,84.2279266357422,110.5284927368164,84.95816497802734,124.57811206455676,79.74510368324863,77.74792339971953,151.86337037593697,102.28939682462934,81.72698542960704
IN Brain-0364,0.9698308,0.030169163,0,15,0.13532972959816586,0.035815902,0.014239961,0.040451623,A,50,male,40-54,A,0.11567572796858543,0.019654001629580434,0.014001924304834962,0.005523931768239454,0.031916795934283565,0.15441087029104156,0.07468217504138351,0.16937679058068922,0.1404089459862066,0.06915824327314406,0.13745999464640565,0.017147550669119327,0.002506426906797865,0.16501107524815348,0.07914463552022973,0.1720508846662263,0.14926857776682573,0.07254213804577017,0.13903774482981995,0.00236652720597188,0.0011053275423042,0.0009165550657906401,0.03908057452624192,0.015302347168826919,0.04129906107995188,0.12028282021413861,0.0014628032713555731,0.14126546185723848,0.03189399425834024,0.1364229759135241,0.11614620370600925,0.11761546451991182,0.12282810247576888,0.10799366604815668,0.09316906034348019,0.007716438672822933,0.005418118983551451,0.0027589602235239723,0.03048468799515831,0.024792616882768924,0.02519363194005564,0.10799694295580191,0.005297839293299452,0.12352122779981914,0.026823645605994293,0.18907911861365878,0.08924988372150816,0.1834992628925759,0.158104292,0.07787388170000001,0.1444608616,0.017291835,0.005146324119999999,0.00828942392,0.0468318958,0.01777530496,0.044992840279999995,0.12681301176666668,0.01024252768,0.15676592706972575,0.036533347013333335,101.58629913330078,85.19869689941406,83.17033538818359,102.29686584472655,83.8398452758789,105.56896362304688,87.3757568359375,83.34406127929688,106.2498291015625,84.04017486572266,103.25500443462975,72.48271865079037,67.71770441970561,139.5017514139575,91.23356500874586,81.36670567432013
IN Brain-0365,0.0968777,0.9031223,1,15,0.3181679070396676,0.9209498,0.822526,0.96589106,A,40,female,40-54,A,0.2764048423377498,0.04176306470191776,0.010339035293686794,0.036173908727197945,0.017004568509795176,0.2764433801906972,0.46754153239135277,0.14874712696187933,0.2661043448970104,0.4313676236641548,0.13174255845208416,0.021172504176893304,0.020590562138648516,0.285592847961397,0.49970963050459205,0.15557736167498412,0.27157250983146175,0.4505951342913878,0.1360786409489962,0.003655834212406,0.01414154125662818,0.0019184046331779802,0.9171843613147737,0.8004991824746132,0.9638292990684508,0.2860820950239486,0.006571926700737386,0.3384158825807961,0.8938376142859459,0.2359370606101247,0.42863407884708554,0.16830801929846767,0.20814385075982447,0.3698585300346438,0.15017515383094546,0.006656677533070995,0.021785000415045934,0.0028319517097175765,0.9367057889699936,0.8465576104819774,0.9598854511976243,0.24272584487513793,0.010424543219278168,0.2922782386599718,0.9143829502165317,0.32628466810774037,0.5350902510508345,0.193177990779359,0.293254016,0.435339888,0.1604244274,0.023556045,0.07326249,0.0163558938,0.899452328,0.77343672,0.951800926,0.2963394438,0.0377248096,0.37697120669370077,0.874896658,104.81590270996094,86.80753479003906,84.5390869140625,105.75792999267578,85.58961334228516,90.84676055908204,72.9257583618164,69.09976654052734,91.91279907226564,70.26976623535157,111.8163255488308,71.72422662145489,70.18537736623921,97.2190357963918,63.74724287757474,57.98538842631494
IN Brain-0366,0.97956103,0.02043896,0,15,0.09974259453979299,0.0074423538,0.014546737,0.039327785,A,47,male,40-54,A,0.08640067205382487,0.013341922485968119,0.0035238504787657443,0.0029969947625524823,0.019944158233300452,0.043886351443776485,0.075978769447697,0.1658018987446198,0.04036250096501074,0.07298177468514452,0.14585774051131936,0.008821667824872892,0.004520242359501769,0.04614318441402538,0.08519841920880605,0.16401595425500112,0.0419799572166812,0.08046351739054167,0.14311461065510395,0.00064269272392426,0.00158046268058128,0.0009164233884301799,0.007906501956970841,0.01677278128128962,0.038770220675040004,0.08851936175410895,0.0010465262643119067,0.10248095107649684,0.02114983463776682,0.03666629743823317,0.11842065989509373,0.1288691618739423,0.03424554582351754,0.10900589552170015,0.10872821568923738,0.0013087388622175585,0.0068313218157760565,0.0019610051372875733,0.005997721931998967,0.025414162693778053,0.02832459273049608,0.08399321901148503,0.003367021938427063,0.09769705523494031,0.0199121591187577,0.05988979162045308,0.08970836364885483,0.17955988879069562,0.051182742999999996,0.0819150278,0.15325012659999998,0.0048779166200000005,0.0048525947799999995,0.007479156620000001,0.0108539697,0.017889675,0.043709774800000004,0.09544929913333333,0.005736556006666667,0.11378205096817867,0.024151139833333335,106.99095153808594,84.89417724609375,84.81822052001954,107.5865478515625,85.3882064819336,115.42139129638672,90.83203887939452,89.83321838378906,116.11309814453124,90.47400970458985,121.87864095019305,74.56476794505133,74.04472734373243,170.07678572133386,104.36910903169388,98.0328079248789
IN Brain-0367,0.6741039,0.32589608,0,15,0.6312341359597804,0.5458091,0.19833958,0.23353954,A,38,female,20-39,A,0.5311825130959302,0.10005162286385016,0.04919354010999666,0.03705111965235275,0.05076205812147255,0.6889443427329637,0.4980919549210503,0.5435179595175987,0.639750802622967,0.46104083526869755,0.4927559013961262,0.04566890596127399,0.054382703921143305,0.690701863100179,0.5026957860753272,0.5424305934223889,0.636571166735966,0.45967065017777065,0.488108279941046,0.00958755842812244,0.00960267516918498,0.004294112931228481,0.5349522790133954,0.20166051408797497,0.23262653952464457,0.5281166989515942,0.007828115509511966,0.6291691491604945,0.32307977754200495,0.64916491313292,0.556504910150508,0.43077989603222666,0.5082831413428678,0.4970898697866065,0.394637529554881,0.030262582580656026,0.03347455605707802,0.012729761292495334,0.6471964169293642,0.24476005276665092,0.15470240107970312,0.4666701802281184,0.02548896664340979,0.6467544816573171,0.34888629025857276,0.692437658450656,0.5212315367235016,0.5528542081448666,0.563626864,0.436753356,0.46463018,0.09516146,0.05538120319999999,0.042575675800000004,0.518832874,0.215560662,0.2415449336,0.48833679999999996,0.06437277966666667,0.6308094439533722,0.3253128232,102.00886840820311,85.26397705078125,83.19588012695313,102.73443298339843,83.83683013916016,116.5689208984375,97.19881134033204,91.39145965576172,117.36824951171874,92.15497283935548,104.1011774491594,73.42644318767296,68.9077915511763,174.04126859332183,119.425340962053,101.19963076025688
IN Brain-0368,0.95955807,0.040441945,0,15,0.16934612482385453,0.035341073,0.035886962,0.050097805,A,50,male,40-54,A,0.14437031144189583,0.0249758133819587,0.0060230402585788045,0.014495159128679186,0.05266278712019645,0.15284401718484575,0.15464478588572275,0.19880311776257348,0.14682097692626694,0.14014962675704357,0.14614033064237703,0.02439366216915148,0.0005821656570524913,0.1671215501721683,0.16446210627032945,0.20140557670222892,0.15768296135575283,0.14710175223627947,0.14840334262193083,0.00273608536919932,0.00218850542190642,0.00076648256564288,0.0397414375901222,0.038909265253914,0.050985072144237274,0.15106268540465437,0.0018970244522495399,0.17802080272799584,0.04321192499609116,0.18423041152286856,0.19390910781693038,0.17022633134657336,0.15999122552159065,0.17631696057510465,0.12380813378516727,0.020563010624170167,0.00851484724127462,0.004156984745685792,0.04523237007670104,0.04844438674481353,0.040720220413641074,0.1533721066272875,0.011078280870376859,0.18290657802551302,0.04479899241171855,0.1937382414801567,0.1737329858588502,0.20900225478105602,0.1683015,0.1491283876,0.1521144402,0.0199288202,0.00969137396,0.0074948898399999995,0.0483870164,0.04183510388,0.05360712554,0.15651477593333332,0.012371694666666667,0.19241364691109122,0.04794308194,107.26350402832033,88.4108673095703,85.60845489501953,107.98390197753906,86.35116271972656,108.73362274169922,92.24304656982422,87.4405746459961,109.50370941162107,88.21282806396485,120.47031355426763,79.71642063596938,73.99564868000593,157.0064182551189,108.86425595734076,93.84549861336788
IN Brain-0369,0.09371473,0.9062853,1,15,0.3110491152075477,0.83512115,0.9440792,0.9396554,A,40,female,40-54,A,0.2826406092031778,0.028408506004369893,0.010118458908222938,0.014054755696253945,0.01908441389000709,0.44767222341915525,0.21559267829946527,0.22791455438539693,0.4375537645109323,0.20153792260321132,0.20883014049538984,0.014419209498161325,0.013989302192900066,0.4494834591863959,0.23677237109173477,0.23180611805335327,0.43300232189529736,0.21674604248752383,0.20998063829843186,0.006661464501624881,0.005499243619715299,0.0026358727233373397,0.8340019757509232,0.9363954910039902,0.9382315070152283,0.28657633422708434,0.004932193614892506,0.31871668232334494,0.9028763245900472,0.3972705194966575,0.22178879551476852,0.2534300471395189,0.3554415762712466,0.20554483969748832,0.23018359251450032,0.015254730956555013,0.005713329063579092,0.005657700175547458,0.8641972273588181,0.9418707355856896,0.9300807401537895,0.2637233361610784,0.008875253398560521,0.2977700487416798,0.9120495676994324,0.5023741756306723,0.28419659117304324,0.28699973037504867,0.444933394,0.23863693079999998,0.2389379244,0.0477379686,0.0318642834,0.0271565274,0.7985730999999999,0.917764078,0.916598366,0.3075027497333333,0.0355862598,0.3715906943253176,0.8776451813333334,104.59677734375,88.73745269775391,85.21316528320312,105.54960174560549,86.271923828125,100.99573516845705,84.93278045654297,76.43682861328125,101.92554931640623,77.43901062011719,106.94573841604206,76.82979817844158,71.5296534988458,124.22231143401288,86.36207455023153,68.5989816653521
IN Brain-0370,0.9786014,0.021398576,0,15,0.10343334976980004,0.01461223,0.008592413,0.04099109,A,52,male,40-54,A,0.08983507690370712,0.013598272866092914,0.0018080399566480637,0.003049206303458424,0.02240185347077131,0.07625471423314241,0.04942843105951867,0.1710811851493381,0.07444667427649435,0.046379224756060246,0.14867933167856678,0.009086366576959265,0.004511880465404364,0.0770460918953463,0.05299945827422484,0.1716132598936158,0.07429573369965686,0.04901602661931757,0.14824907772672938,0.00091297040315676,0.0007219351980632821,0.00081763691851578,0.014800443135993501,0.00935140756543254,0.04115997794209974,0.09052027934856793,0.000817514173245274,0.10485224617699578,0.021770609547841928,0.06555605838128781,0.06803461155381343,0.12603150923260248,0.06301458258063615,0.0639563753005519,0.10759516033876353,0.0014354222385460692,0.002593792140518763,0.002139216303929218,0.012125789560377598,0.012692064983275487,0.027525242198316847,0.0781887060733172,0.0020561435609980166,0.08793243269731897,0.017447698913989975,0.1090581818716804,0.06383746719357823,0.18490266133154773,0.095496314,0.0557877968,0.1559447966,0.0120150164,0.00443618726,0.007730437099999999,0.0228834438,0.011736671979999998,0.045452989279999995,0.1024096358,0.00806054692,0.12304464847744342,0.026691035019999997,112.5066162109375,89.63156585693359,89.03097534179688,113.1888916015625,89.65507202148437,122.30767974853516,95.64854736328124,92.74862670898438,123.10788116455078,93.45424041748046,125.34780333212112,81.8137354066276,79.55137190464009,195.80162474584057,114.8196873744756,106.66784605398584
