signal,target_coverage,achieved_coverage,coverage_shift,calibration_cutoff,metric,full,retained,delta_vs_full,d_full,d_full_lo,d_full_hi,d_full_mde,p_full_raw,random_mean,random_lo,random_hi,delta_vs_random,pct_in_random,p_raw,retained_prev,random_prev,full_prev,n_retained,n_evaluation,family,predictor,q_fdr,sig_fdr,q_fdr_full,sig_fdr_full
de_predictive_entropy_uni2,0.9,0.8685714285714285,-0.03142857142857147,0.5923906656255286,auroc,0.9314719927498344,0.9444699192956714,0.01299792654583698,0.013052952847773936,0.005311840406410096,0.023029780992275182,0.011948387887225811,0.0,0.9315987555619781,0.9219228470373657,0.9425257780360029,0.012871163733693236,0.992,0.017982017982017984,0.3815789473684211,0.37398026315789473,0.3742857142857143,304,350,deep_ensemble,uni2,0.023006405359346536,True,0.0,True
de_predictive_entropy_uni2,0.9,0.8685714285714285,-0.03142857142857147,0.5923906656255286,auprc,0.852705096595749,0.8679926104921514,0.015287513896402372,0.015716266467830507,0.006122491626436846,0.028118121283439636,0.015300647294432113,0.002,0.8533763824581752,0.8292344448932986,0.8939194843136741,0.01461622803397622,0.826,0.34965034965034963,0.3815789473684211,0.37398026315789473,0.3742857142857143,304,350,deep_ensemble,uni2,0.4224941724941724,False,0.0034117647058823533,True
de_predictive_entropy_uni2,0.9,0.8685714285714285,-0.03142857142857147,0.5923906656255286,bss,0.5251634534912213,0.6171420012679565,0.0919785477767352,0.09156776053175107,0.05510164960282283,0.13345954032979737,0.056033802490648224,0.0,0.5251262046891283,0.48080484912432714,0.5719724684796252,0.09201579657882819,1.0,0.001998001998001998,0.3815789473684211,0.37398026315789473,0.3742857142857143,304,350,deep_ensemble,uni2,0.003160475887748615,True,0.0,True
de_predictive_entropy_uni2,0.9,0.8685714285714285,-0.03142857142857147,0.5923906656255286,balanced_accuracy,0.8514936038202796,0.9043470286133528,0.0528534247930732,0.052554077741426015,0.03258171810902078,0.07497443173382598,0.03019249944841243,0.0,0.8516152577677659,0.8379544079333242,0.8660791554520243,0.05273177084558689,1.0,0.001998001998001998,0.3815789473684211,0.37398026315789473,0.3742857142857143,304,350,deep_ensemble,uni2,0.002414252414252414,True,0.0,True
de_predictive_entropy_uni2,0.9,0.8685714285714285,-0.03142857142857147,0.5923906656255286,sensitivity,0.9312977099236641,0.9310344827586207,-0.0002632271650434559,-0.000598482746300405,-0.012745652637477069,0.01633103858123251,0.021205889071484716,0.9,0.9316975613935866,0.9189004914004915,0.9487179487179487,-0.0006630786349659523,0.53,0.9410589410589411,0.3815789473684211,0.37398026315789473,0.3742857142857143,304,350,deep_ensemble,uni2,0.9410589410589411,False,0.9,False
de_predictive_entropy_uni2,0.9,0.8685714285714285,-0.03142857142857147,0.5923906656255286,specificity,0.771689497716895,0.8776595744680851,0.10597007675119008,0.10570663822915244,0.06823597692136175,0.14727722830023351,0.05560836328163928,0.0,0.7715329541419451,0.75,0.793654884634266,0.10612662032613995,1.0,0.001998001998001998,0.3815789473684211,0.37398026315789473,0.3742857142857143,304,350,deep_ensemble,uni2,0.002414252414252414,True,0.0,True
de_predictive_entropy_uni2,0.9,0.8685714285714285,-0.03142857142857147,0.5923906656255286,ppv,0.7093023255813954,0.8244274809160306,0.11512515533463519,0.11471101681508751,0.06555779649347775,0.16737510129881494,0.07113887514801429,0.0,0.708984825184825,0.6824246017540719,0.7364953769559033,0.1154426557312056,1.0,0.001998001998001998,0.3815789473684211,0.37398026315789473,0.3742857142857143,304,350,deep_ensemble,uni2,0.002716033966033966,True,0.0,True
de_predictive_entropy_uni2,0.9,0.8685714285714285,-0.03142857142857147,0.5923906656255286,npv,0.949438202247191,0.953757225433526,0.004319023186335036,0.004142700752050073,-0.002024462635422783,0.015968442999209305,0.014742729551766011,0.76,0.9497603440660518,0.9403973509933775,0.9622641509433962,0.003996881367474225,0.682,0.6373626373626373,0.3815789473684211,0.37398026315789473,0.3742857142857143,304,350,deep_ensemble,uni2,0.9944474130520643,False,0.9470571428571428,False
de_predictive_entropy_uni2,0.9,0.8685714285714285,-0.03142857142857147,0.5923906656255286,f1,0.8052805280528053,0.8744939271255061,0.06921339907270085,0.06898760192633072,0.03865745927575292,0.10188342440801447,0.04594446661883634,0.0,0.8051413540120524,0.785985269594219,0.8249121259022464,0.06935257311345366,1.0,0.001998001998001998,0.3815789473684211,0.37398026315789473,0.3742857142857143,304,350,deep_ensemble,uni2,0.0026337299064571793,True,0.0,True
de_predictive_entropy_uni2,0.9,0.8685714285714285,-0.03142857142857147,0.5923906656255286,brier,0.11120478108400288,0.09034547303874227,-0.020859308045260608,-0.020693378952042592,-0.029224614831083077,-0.013038673490302955,0.011890373999381748,0.0,0.11111347118885954,0.10080080953378308,0.12110813483802428,-0.020767998150117276,0.0,0.001998001998001998,0.3815789473684211,0.37398026315789473,0.3742857142857143,304,350,deep_ensemble,uni2,0.0031040388183245326,True,0.0,True
de_predictive_entropy_uni2,0.9,0.8685714285714285,-0.03142857142857147,0.5923906656255286,ece,0.0814270263660832,0.06305146832088018,-0.018375558045203022,-0.019863948898593678,-0.03775130472869355,-0.00408086467219111,0.02346456124683008,0.01,0.08249627808439715,0.06907868841887983,0.09509648865774865,-0.019444809763516965,0.003,0.007992007992007992,0.3815789473684211,0.37398026315789473,0.3742857142857143,304,350,deep_ensemble,uni2,0.043456543456543456,True,0.0522,False
de_predictive_entropy_uni2,0.9,0.8685714285714285,-0.03142857142857147,0.5923906656255286,cal_gap,0.08142702636608323,0.06305146832088021,-0.018375558045203022,-0.01832361764758331,-0.03819388789852011,0.00026005248190381355,0.02724514261804292,0.054,0.08156448499405279,0.06825358012028074,0.09480282056185962,-0.01851301667317258,0.005,0.011988011988011988,0.3815789473684211,0.37398026315789473,0.3742857142857143,304,350,deep_ensemble,uni2,0.09481427663245845,False,0.2920714285714286,False
de_predictive_entropy_uni2,0.9,0.8685714285714285,-0.03142857142857147,0.5923906656255286,accuracy,0.8314285714285714,0.8980263157894737,0.06659774436090227,0.06636326362723545,0.04094995450409464,0.09309239044454985,0.037998330512450905,0.0,0.8314210526315791,0.8157894736842105,0.8453947368421053,0.06660526315789461,1.0,0.001998001998001998,0.3815789473684211,0.37398026315789473,0.3742857142857143,304,350,deep_ensemble,uni2,0.0025192199105242585,True,0.0,True
de_predictive_entropy_uni2,0.8,0.7514285714285714,-0.0485714285714286,0.42394968809490585,auroc,0.9314719927498344,0.9537206186822555,0.022248625932421162,0.022310575943275363,0.010020538685883665,0.03792649181116516,0.01963093958304096,0.002,0.9314184130430945,0.9177510842432609,0.9465698397898924,0.022302205639161077,0.996,0.00999000999000999,0.38783269961977185,0.3750950570342205,0.3742857142857143,263,350,deep_ensemble,uni2,0.014731031680184222,True,0.002558823529411765,True
de_predictive_entropy_uni2,0.8,0.7514285714285714,-0.0485714285714286,0.42394968809490585,auprc,0.852705096595749,0.8783794473251182,0.02567435072936919,0.02670250632265788,0.008404186636079777,0.04748840456850037,0.0274009406166464,0.006,0.8543208521738218,0.8173085534986742,0.9040580332447121,0.02405859515129638,0.839,0.32367632367632365,0.38783269961977185,0.3750950570342205,0.3742857142857143,263,350,deep_ensemble,uni2,0.4224941724941724,False,0.00815625,True
de_predictive_entropy_uni2,0.8,0.7514285714285714,-0.0485714285714286,0.42394968809490585,bss,0.5251634534912213,0.6761166234023475,0.15095316991112617,0.15043946184678358,0.0871909909839504,0.22257174377331046,0.09480866896739835,0.0,0.5247641607103626,0.4636705666989993,0.5938743639228344,0.15135246269198488,1.0,0.001998001998001998,0.38783269961977185,0.3750950570342205,0.3742857142857143,263,350,deep_ensemble,uni2,0.003160475887748615,True,0.0,True
de_predictive_entropy_uni2,0.8,0.7514285714285714,-0.0485714285714286,0.42394968809490585,balanced_accuracy,0.8514936038202796,0.9226951650225308,0.07120156120225118,0.07069382691043055,0.042527108796249685,0.10027813415433552,0.04096908124858102,0.0,0.8516909730413641,0.8325777249182615,0.8742958071891718,0.0710041919811667,1.0,0.001998001998001998,0.38783269961977185,0.3750950570342205,0.3742857142857143,263,350,deep_ensemble,uni2,0.002414252414252414,True,0.0,True
de_predictive_entropy_uni2,0.8,0.7514285714285714,-0.0485714285714286,0.42394968809490585,sensitivity,0.9312977099236641,0.9509803921568627,0.01968268223319858,0.01900711940296224,-0.007353271437931954,0.05325182390061852,0.04253393032579512,0.192,0.9316968775285822,0.9090909090909091,0.9587628865979382,0.019283514628280485,0.931,0.13986013986013987,0.38783269961977185,0.3750950570342205,0.3742857142857143,263,350,deep_ensemble,uni2,0.2534965034965035,False,0.23862857142857144,False
de_predictive_entropy_uni2,0.8,0.7514285714285714,-0.0485714285714286,0.42394968809490585,specificity,0.771689497716895,0.8944099378881988,0.12272044017130379,0.12238053441789884,0.07812916810486255,0.17478376267154294,0.06724608921807798,0.0,0.7716850685541461,0.7411764705882353,0.8052119938884645,0.12272486933405269,1.0,0.001998001998001998,0.38783269961977185,0.3750950570342205,0.3742857142857143,263,350,deep_ensemble,uni2,0.002414252414252414,True,0.0,True
de_predictive_entropy_uni2,0.8,0.7514285714285714,-0.0485714285714286,0.42394968809490585,ppv,0.7093023255813954,0.8508771929824561,0.14157486740106073,0.14137471479306188,0.08623163137928735,0.2067329545454546,0.08578140646812431,0.0,0.7100722796172695,0.671872018129771,0.75,0.14080491336518663,1.0,0.001998001998001998,0.38783269961977185,0.3750950570342205,0.3742857142857143,263,350,deep_ensemble,uni2,0.002716033966033966,True,0.0,True
de_predictive_entropy_uni2,0.8,0.7514285714285714,-0.0485714285714286,0.42394968809490585,npv,0.949438202247191,0.9664429530201343,0.017004750772943278,0.016496557960788534,-0.00144562269433989,0.0411899540067609,0.03072265844851827,0.098,0.9495288032496828,0.9318181818181818,0.9703703703703703,0.01691414977045147,0.945,0.11188811188811189,0.38783269961977185,0.3750950570342205,0.3742857142857143,263,350,deep_ensemble,uni2,0.23176823176823177,False,0.20299999999999999,False
de_predictive_entropy_uni2,0.8,0.7514285714285714,-0.0485714285714286,0.42394968809490585,f1,0.8052805280528053,0.8981481481481481,0.09286762009534288,0.09263542305005783,0.05524331392935175,0.13537615967476982,0.05729604249255025,0.0,0.805749292957026,0.7787490489728908,0.8340817801202899,0.09239885519112212,1.0,0.001998001998001998,0.38783269961977185,0.3750950570342205,0.3742857142857143,263,350,deep_ensemble,uni2,0.0026337299064571793,True,0.0,True
de_predictive_entropy_uni2,0.8,0.7514285714285714,-0.0485714285714286,0.42394968809490585,brier,0.11120478108400288,0.07689590438616503,-0.034308876697837845,-0.03406343568582753,-0.05001271576639432,-0.019402926982900744,0.021244166281559167,0.0,0.11123895577622875,0.09615005776968855,0.12534809436047095,-0.03434305139006372,0.0,0.001998001998001998,0.38783269961977185,0.3750950570342205,0.3742857142857143,263,350,deep_ensemble,uni2,0.0031040388183245326,True,0.0,True
de_predictive_entropy_uni2,0.8,0.7514285714285714,-0.0485714285714286,0.42394968809490585,ece,0.0814270263660832,0.05589442597675585,-0.025532600389327358,-0.02805848661440283,-0.05268304052024674,-0.007206370525835417,0.03168320002493615,0.008,0.08487255052816053,0.0672787168986689,0.10294531272261045,-0.028978124551404687,0.0,0.001998001998001998,0.38783269961977185,0.3750950570342205,0.3742857142857143,263,350,deep_ensemble,uni2,0.021728271728271728,True,0.04971428571428572,True
de_predictive_entropy_uni2,0.8,0.7514285714285714,-0.0485714285714286,0.42394968809490585,cal_gap,0.08142702636608323,0.05363281005541992,-0.02779421631066331,-0.027997117779460373,-0.05405560084485338,-0.0031727932704423505,0.03595246821813971,0.032,0.0812489255976048,0.06297058132639777,0.1005724309842251,-0.027616115542184877,0.002,0.005994005994005994,0.38783269961977185,0.3750950570342205,0.3742857142857143,263,350,deep_ensemble,uni2,0.09481427663245845,False,0.2920714285714286,False
de_predictive_entropy_uni2,0.8,0.7514285714285714,-0.0485714285714286,0.42394968809490585,accuracy,0.8314285714285714,0.9163498098859315,0.0849212384573601,0.08455082670517988,0.052719678466895056,0.119930204930205,0.04743934093075964,0.0,0.8316920152091255,0.8098859315589354,0.8555133079847909,0.08465779467680601,1.0,0.001998001998001998,0.38783269961977185,0.3750950570342205,0.3742857142857143,263,350,deep_ensemble,uni2,0.0025192199105242585,True,0.0,True
de_predictive_entropy_uni2,0.7,0.6171428571428571,-0.08285714285714285,0.24766291075308944,auroc,0.9314719927498344,0.9607334525939177,0.02926145984408335,0.02957797806511672,0.01146543898127973,0.050353109653747126,0.027995359246252398,0.008,0.9312543448340784,0.9108453675966272,0.9513466675067702,0.029479107759839307,0.999,0.003996003996003996,0.39814814814814814,0.3733796296296296,0.3742857142857143,216,350,deep_ensemble,uni2,0.008084938317496458,True,0.009666666666666667,True
de_predictive_entropy_uni2,0.7,0.6171428571428571,-0.08285714285714285,0.24766291075308944,auprc,0.852705096595749,0.8855589850380475,0.03285388844229853,0.03491142163282108,0.004992131208056083,0.06677701750848607,0.042963548091296724,0.018,0.8551284859011402,0.8005853745638247,0.91651388267214,0.03043049913690732,0.831,0.33966033966033965,0.39814814814814814,0.3733796296296296,0.3742857142857143,216,350,deep_ensemble,uni2,0.4224941724941724,False,0.019575,True
de_predictive_entropy_uni2,0.7,0.6171428571428571,-0.08285714285714285,0.24766291075308944,bss,0.5251634534912213,0.757261589223408,0.23209813573218674,0.23343400501653572,0.14054045747692392,0.3328155678165327,0.1348629446273636,0.0,0.52193725767864,0.4309846200670353,0.6115809644690181,0.23532433154476806,1.0,0.001998001998001998,0.39814814814814814,0.3733796296296296,0.3742857142857143,216,350,deep_ensemble,uni2,0.003160475887748615,True,0.0,True
de_predictive_entropy_uni2,0.7,0.6171428571428571,-0.08285714285714285,0.24766291075308944,balanced_accuracy,0.8514936038202796,0.9460644007155634,0.0945707968952838,0.09471499687144007,0.06200267860554318,0.12941089314768242,0.04871602609439754,0.0,0.8515518266545807,0.8252758829308701,0.8794214719897115,0.09451257406098268,1.0,0.001998001998001998,0.39814814814814814,0.3733796296296296,0.3742857142857143,216,350,deep_ensemble,uni2,0.002414252414252414,True,0.0,True
de_predictive_entropy_uni2,0.7,0.6171428571428571,-0.08285714285714285,0.24766291075308944,sensitivity,0.9312977099236641,0.9767441860465116,0.04544647612284747,0.045916081479409857,0.010292491231498793,0.08886735936881632,0.05807838174806482,0.004,0.9318761627341664,0.898876404494382,0.9629742547425474,0.044868023312345184,0.999,0.003996003996003996,0.39814814814814814,0.3733796296296296,0.3742857142857143,216,350,deep_ensemble,uni2,0.02483231054659626,True,0.02047058823529412,True
de_predictive_entropy_uni2,0.7,0.6171428571428571,-0.08285714285714285,0.24766291075308944,specificity,0.771689497716895,0.9153846153846154,0.14369511766772036,0.14351391226347027,0.08993650114155252,0.2005886941899045,0.07590002676014176,0.0,0.7712274905749948,0.7266013855582202,0.8148148148148148,0.1441571248096205,1.0,0.001998001998001998,0.39814814814814814,0.3733796296296296,0.3742857142857143,216,350,deep_ensemble,uni2,0.002414252414252414,True,0.0,True
de_predictive_entropy_uni2,0.7,0.6171428571428571,-0.08285714285714285,0.24766291075308944,ppv,0.7093023255813954,0.8842105263157894,0.17490820073439406,0.17502107236385045,0.11186560104184422,0.2452327285146779,0.09602059740389969,0.0,0.708218023147303,0.6571428571428571,0.7641509433962265,0.17599250316848647,1.0,0.001998001998001998,0.39814814814814814,0.3733796296296296,0.3742857142857143,216,350,deep_ensemble,uni2,0.002716033966033966,True,0.0,True
de_predictive_entropy_uni2,0.7,0.6171428571428571,-0.08285714285714285,0.24766291075308944,npv,0.949438202247191,0.9834710743801653,0.034032872132974346,0.03426181539364445,0.008471606435430911,0.06592668578338964,0.04246463523806806,0.004,0.9499762096851037,0.9252336448598131,0.9736842105263158,0.03349486469506169,0.999,0.003996003996003996,0.39814814814814814,0.3733796296296296,0.3742857142857143,216,350,deep_ensemble,uni2,0.018297491981702507,True,0.02047058823529412,True
de_predictive_entropy_uni2,0.7,0.6171428571428571,-0.08285714285714285,0.24766291075308944,f1,0.8052805280528053,0.9281767955801105,0.1228962675273052,0.12340668306068923,0.08022410439551383,0.1708778038165383,0.06571469897669376,0.0,0.8044716659487633,0.7659574468085106,0.8426395939086294,0.12370512963134717,1.0,0.001998001998001998,0.39814814814814814,0.3733796296296296,0.3742857142857143,216,350,deep_ensemble,uni2,0.0026337299064571793,True,0.0,True
de_predictive_entropy_uni2,0.7,0.6171428571428571,-0.08285714285714285,0.24766291075308944,brier,0.11120478108400288,0.05816648303502868,-0.0530382980489742,-0.05318225658592408,-0.07557427825577692,-0.03150973112719855,0.030869027480270646,0.0,0.1115868114932835,0.09078741133001259,0.13114009084148565,-0.053420328458254826,0.0,0.001998001998001998,0.39814814814814814,0.3733796296296296,0.3742857142857143,216,350,deep_ensemble,uni2,0.0031040388183245326,True,0.0,True
de_predictive_entropy_uni2,0.7,0.6171428571428571,-0.08285714285714285,0.24766291075308944,ece,0.0814270263660832,0.047201559079608345,-0.03422546728647486,-0.04069112516333904,-0.06924765687526299,-0.016113182907925783,0.03763163098658225,0.002,0.08883279591564443,0.06516837892083491,0.11325556183701671,-0.04163123683603608,0.0,0.001998001998001998,0.39814814814814814,0.3733796296296296,0.3742857142857143,216,350,deep_ensemble,uni2,0.021728271728271728,True,0.02485714285714286,True
de_predictive_entropy_uni2,0.7,0.6171428571428571,-0.08285714285714285,0.24766291075308944,cal_gap,0.08142702636608323,0.047201559079608324,-0.03422546728647491,-0.03417221484789303,-0.06496511673888437,-0.00329154508428073,0.04329807665496597,0.03,0.08211356967721885,0.05547748046871372,0.10892977151977701,-0.034912010597610524,0.005,0.011988011988011988,0.39814814814814814,0.3733796296296296,0.3742857142857143,216,350,deep_ensemble,uni2,0.09481427663245845,False,0.2920714285714286,False
de_predictive_entropy_uni2,0.7,0.6171428571428571,-0.08285714285714285,0.24766291075308944,accuracy,0.8314285714285714,0.9398148148148148,0.10838624338624336,0.10853327135973859,0.07301229922725248,0.1491237373101242,0.054012131068296027,0.0,0.831189814814815,0.8009259259259259,0.8611111111111112,0.10862499999999975,1.0,0.001998001998001998,0.39814814814814814,0.3733796296296296,0.3742857142857143,216,350,deep_ensemble,uni2,0.0025192199105242585,True,0.0,True
within_encoder_mi_uni2,0.9,0.94,0.039999999999999925,0.10052518590412668,auroc,0.9314719927498344,0.9404450780074444,0.00897308525760998,0.008850876689105742,0.002719567642621565,0.01668205377584827,0.010084123012343791,0.0,0.9315640941933764,0.9263705482192878,0.938935821309343,0.008880983814067989,0.994,0.013986013986013986,0.3708206686930091,0.3743161094224924,0.3742857142857143,329,350,epistemic,uni2,0.019625535754568015,True,0.0,True
within_encoder_mi_uni2,0.9,0.94,0.039999999999999925,0.10052518590412668,auprc,0.852705096595749,0.8616533088746313,0.008948212278882317,0.00910850583678062,0.0028318682208591213,0.017454010426938227,0.010740337224773983,0.0,0.8534137992890667,0.8395129619306572,0.8805144143096579,0.00823950958556463,0.828,0.34565434565434566,0.3708206686930091,0.3743161094224924,0.3742857142857143,329,350,epistemic,uni2,0.4224941724941724,False,0.0,True
within_encoder_mi_uni2,0.9,0.94,0.039999999999999925,0.10052518590412668,bss,0.5251634534912213,0.563867135287266,0.038703681796044664,0.0377513114847855,0.013419605733147882,0.06760531122759883,0.04027791501201782,0.002,0.5255289347989448,0.4987028269567882,0.5567325804512321,0.03833820048832115,0.991,0.01998001998001998,0.3708206686930091,0.3743161094224924,0.3742857142857143,329,350,epistemic,uni2,0.025192199105242584,True,0.0025970149253731344,True
within_encoder_mi_uni2,0.9,0.94,0.039999999999999925,0.10052518590412668,balanced_accuracy,0.8514936038202796,0.8715451017660568,0.020051497945777208,0.019481633875261865,0.0048899941356665005,0.036521206998405914,0.022424192414236165,0.0,0.8515830302740783,0.8441900942595764,0.8610589635854342,0.019962071491978484,1.0,0.001998001998001998,0.3708206686930091,0.3743161094224924,0.3742857142857143,329,350,epistemic,uni2,0.002414252414252414,True,0.0,True
within_encoder_mi_uni2,0.9,0.94,0.039999999999999925,0.10052518590412668,sensitivity,0.9312977099236641,0.9508196721311475,0.019521962207483368,0.018735268412370373,-0.002225107127424597,0.0468610176834666,0.034674912909679535,0.112,0.931240477748042,0.9243697478991597,0.9435483870967742,0.019579194383105514,0.994,0.013986013986013986,0.3708206686930091,0.3743161094224924,0.3742857142857143,329,350,epistemic,uni2,0.05290361812100943,False,0.14329411764705882,False
within_encoder_mi_uni2,0.9,0.94,0.039999999999999925,0.10052518590412668,specificity,0.771689497716895,0.7922705314009661,0.02058103368407116,0.020227999338153353,0.0031407929383690525,0.04095571163222658,0.028191064594875043,0.012,0.7719255828001148,0.7596153846153846,0.7864077669902912,0.020344948600851342,0.992,0.017982017982017984,0.3708206686930091,0.3743161094224924,0.3742857142857143,329,350,epistemic,uni2,0.018848621258259812,True,0.01305,True
within_encoder_mi_uni2,0.9,0.94,0.039999999999999925,0.10052518590412668,ppv,0.7093023255813954,0.7295597484276729,0.020257422846277517,0.020021450749899642,-0.001953685105056979,0.045485789033807296,0.03520009992071502,0.088,0.7095304603888642,0.6932515337423313,0.7267080745341615,0.020029288038808657,0.985,0.03196803196803197,0.3708206686930091,0.3743161094224924,0.3742857142857143,329,350,epistemic,uni2,0.040307518568388136,True,0.10487671232876712,False
within_encoder_mi_uni2,0.9,0.94,0.039999999999999925,0.10052518590412668,npv,0.949438202247191,0.9647058823529412,0.015267680105750192,0.014657436724805569,-0.0009420008754478376,0.03469823368392085,0.025700873343105873,0.112,0.9494048796390533,0.9451219512195121,0.9585798816568047,0.015301002713887901,0.999,0.003996003996003996,0.3708206686930091,0.3743161094224924,0.3742857142857143,329,350,epistemic,uni2,0.018297491981702507,True,0.2266046511627907,False
within_encoder_mi_uni2,0.9,0.94,0.039999999999999925,0.10052518590412668,f1,0.8052805280528053,0.8256227758007118,0.020342247747906494,0.019898292561943712,0.0024450204868324446,0.039162857921933865,0.02647486062135767,0.02,0.8053725247837199,0.7929824561403509,0.8169014084507042,0.02025025101699185,1.0,0.001998001998001998,0.3708206686930091,0.3743161094224924,0.3742857142857143,329,350,epistemic,uni2,0.0026337299064571793,True,0.023835616438356164,True
within_encoder_mi_uni2,0.9,0.94,0.039999999999999925,0.10052518590412668,brier,0.11120478108400288,0.10175533638321327,-0.009449444700789608,-0.009204590116553583,-0.016087928476555866,-0.003350884323675652,0.00938808065042897,0.0,0.11109429518919697,0.10400628945412514,0.1168046537430954,-0.009338958805983705,0.005,0.011988011988011988,0.3708206686930091,0.3743161094224924,0.3742857142857143,329,350,epistemic,uni2,0.01468953581629638,True,0.0,True
within_encoder_mi_uni2,0.9,0.94,0.039999999999999925,0.10052518590412668,ece,0.0814270263660832,0.08339619153783595,0.001969165171752746,0.00013607475251040362,-0.01109822870067809,0.010873114353716198,0.015596933737482816,0.978,0.08143598724964733,0.07263998571984288,0.09003839600832332,0.001960204288188619,0.645,0.7112887112887113,0.3708206686930091,0.3743161094224924,0.3742857142857143,329,350,epistemic,uni2,0.7735264735264735,False,0.978,False
within_encoder_mi_uni2,0.9,0.94,0.039999999999999925,0.10052518590412668,cal_gap,0.08142702636608323,0.08339619153783595,0.001969165171752718,0.0018038859768416877,-0.010186484893846328,0.016854066233688597,0.019157838348855153,0.83,0.08134888689276142,0.07263998571984288,0.0900383960083233,0.0020473046450745352,0.652,0.6973026973026973,0.3708206686930091,0.3743161094224924,0.3742857142857143,329,350,epistemic,uni2,0.7583166833166833,False,0.8699999999999999,False
within_encoder_mi_uni2,0.9,0.94,0.039999999999999925,0.10052518590412668,accuracy,0.8314285714285714,0.851063829787234,0.019635258358662644,0.01916813105693408,0.004446334525441334,0.03563105413105403,0.02229462763002061,0.002,0.8315592705167173,0.8237082066869301,0.8419452887537994,0.019504559270516753,1.0,0.001998001998001998,0.3708206686930091,0.3743161094224924,0.3742857142857143,329,350,epistemic,uni2,0.0025192199105242585,True,0.002558823529411765,True
within_encoder_mi_uni2,0.8,0.8314285714285714,0.03142857142857136,0.04811648403226121,auroc,0.9314719927498344,0.9487957903258449,0.017323797576010547,0.017410898879579712,0.007661958598410868,0.029475000057703326,0.015806860063173285,0.0,0.9311874763573794,0.920458902634282,0.9431710157382368,0.017608313968465517,0.996,0.00999000999000999,0.3711340206185567,0.374979381443299,0.3742857142857143,291,350,epistemic,uni2,0.014731031680184222,True,0.0,True
within_encoder_mi_uni2,0.8,0.8314285714285714,0.03142857142857136,0.04811648403226121,auprc,0.852705096595749,0.8703626206098263,0.017657524014077275,0.01849882590954106,0.0043668604612105396,0.03411569510826905,0.02159417999642777,0.012,0.8535991230375194,0.8263606860980738,0.8935253579352233,0.016763497572306885,0.839,0.32367632367632365,0.3711340206185567,0.374979381443299,0.3742857142857143,291,350,epistemic,uni2,0.4224941724941724,False,0.01392,True
within_encoder_mi_uni2,0.8,0.8314285714285714,0.03142857142857136,0.04811648403226121,bss,0.5251634534912213,0.6125142235968088,0.08735077010558756,0.08710099380195682,0.038357104717926735,0.14397599930778476,0.07637619775734861,0.0,0.5241140156344781,0.47519696035116815,0.5753694523480202,0.08840020796233072,0.999,0.003996003996003996,0.3711340206185567,0.374979381443299,0.3742857142857143,291,350,epistemic,uni2,0.005699218813972912,True,0.0,True
within_encoder_mi_uni2,0.8,0.8314285714285714,0.03142857142857136,0.04811648403226121,balanced_accuracy,0.8514936038202796,0.8921523982999393,0.0406587944796597,0.040274865206380205,0.018189222616737853,0.06423898585222451,0.0328216707912813,0.0,0.8512330166333795,0.8369076041333047,0.8677658081303015,0.04091938166655984,1.0,0.001998001998001998,0.3711340206185567,0.374979381443299,0.3742857142857143,291,350,epistemic,uni2,0.002414252414252414,True,0.0,True
within_encoder_mi_uni2,0.8,0.8314285714285714,0.03142857142857136,0.04811648403226121,sensitivity,0.9312977099236641,0.9537037037037037,0.0224059937800396,0.022050624184955205,-0.004202725866465975,0.054954444708449776,0.04200376479486222,0.112,0.9308816410029389,0.9158878504672897,0.9537037037037037,0.02282206270076481,0.973,0.055944055944055944,0.3711340206185567,0.374979381443299,0.3742857142857143,291,350,epistemic,uni2,0.12167832167832168,False,0.14329411764705882,False
within_encoder_mi_uni2,0.8,0.8314285714285714,0.03142857142857136,0.04811648403226121,specificity,0.771689497716895,0.8306010928961749,0.05891159517927991,0.058499106227805214,0.027362656389107513,0.09396265359275645,0.047956261034589075,0.0,0.7715843922638201,0.7472512038523275,0.7967032967032966,0.05901670063235476,1.0,0.001998001998001998,0.3711340206185567,0.374979381443299,0.3742857142857143,291,350,epistemic,uni2,0.002414252414252414,True,0.0,True
within_encoder_mi_uni2,0.8,0.8314285714285714,0.03142857142857136,0.04811648403226121,ppv,0.7093023255813954,0.7686567164179104,0.05935439083651506,0.05912270587047095,0.01891040302881727,0.10244792314388756,0.06062068229925691,0.002,0.7097243740683373,0.6785651848151848,0.7397580565684438,0.05893234234957312,1.0,0.001998001998001998,0.3711340206185567,0.374979381443299,0.3742857142857143,291,350,epistemic,uni2,0.002716033966033966,True,0.0029000000000000002,True
within_encoder_mi_uni2,0.8,0.8314285714285714,0.03142857142857136,0.04811648403226121,npv,0.949438202247191,0.9681528662420382,0.018714663994847225,0.018415315624430263,-0.000272665572114028,0.04253208474076187,0.030643809514622092,0.058,0.9490013460268379,0.9379310344827586,0.9659863945578231,0.01915152021520028,0.991,0.01998001998001998,0.3711340206185567,0.374979381443299,0.3742857142857143,291,350,epistemic,uni2,0.057942057942057944,False,0.13278947368421054,False
within_encoder_mi_uni2,0.8,0.8314285714285714,0.03142857142857136,0.04811648403226121,f1,0.8052805280528053,0.8512396694214877,0.0459591413686824,0.045708421733974346,0.01829632584232687,0.07694834077018088,0.04302770124139497,0.0,0.8052910291582611,0.784,0.8270806326160227,0.04594864026322654,1.0,0.001998001998001998,0.3711340206185567,0.374979381443299,0.3742857142857143,291,350,epistemic,uni2,0.0026337299064571793,True,0.0,True
within_encoder_mi_uni2,0.8,0.8314285714285714,0.03142857142857136,0.04811648403226121,brier,0.11120478108400288,0.0904366845553627,-0.020768096528640173,-0.02066181816915232,-0.033864041320589844,-0.009551008488532665,0.017169691213415307,0.0,0.11144397189034454,0.09984707004576195,0.12205259172234093,-0.021007287334981833,0.001,0.003996003996003996,0.3711340206185567,0.374979381443299,0.3742857142857143,291,350,epistemic,uni2,0.005348497656189964,True,0.0,True
within_encoder_mi_uni2,0.8,0.8314285714285714,0.03142857142857136,0.04811648403226121,ece,0.0814270263660832,0.07761759866113838,-0.003809427704944829,-0.004366345805908681,-0.023486368276951008,0.013495103708866987,0.02659409651341882,0.642,0.08301918638008968,0.06900154633751168,0.09680381425823603,-0.005401587718951301,0.236,0.47352647352647353,0.3711340206185567,0.374979381443299,0.3742857142857143,291,350,epistemic,uni2,0.5643397698192218,False,0.7349210526315789,False
within_encoder_mi_uni2,0.8,0.8314285714285714,0.03142857142857136,0.04811648403226121,cal_gap,0.08142702636608323,0.07493554408577208,-0.006491482280311156,-0.006549086080761665,-0.026067435581109848,0.014278730276916897,0.02877655115847339,0.5,0.08123170067551802,0.06644714667337395,0.09526792498944724,-0.006296156589745944,0.216,0.43356643356643354,0.3711340206185567,0.374979381443299,0.3742857142857143,291,350,epistemic,uni2,0.5312715453560524,False,0.6518507462686567,False
within_encoder_mi_uni2,0.8,0.8314285714285714,0.03142857142857136,0.04811648403226121,accuracy,0.8314285714285714,0.8762886597938144,0.04486008836524302,0.044534322878732935,0.02029828516772562,0.06966215251788548,0.035663931090769055,0.0,0.8313127147766325,0.8144329896907216,0.8487972508591065,0.04497594501718194,1.0,0.001998001998001998,0.3711340206185567,0.374979381443299,0.3742857142857143,291,350,epistemic,uni2,0.0025192199105242585,True,0.0,True
within_encoder_mi_uni2,0.7,0.7371428571428571,0.037142857142857144,0.02780203316229761,auroc,0.9314719927498344,0.9571759259259259,0.025703933176091542,0.026004853411840858,0.01279378365699813,0.04226328349900537,0.021432495332442687,0.0,0.9317485256189656,0.9169552377278072,0.9470684852936256,0.025427400306960335,0.997,0.007992007992007992,0.37209302325581395,0.3743682170542635,0.3742857142857143,258,350,epistemic,uni2,0.012876012876012876,True,0.0,True
within_encoder_mi_uni2,0.7,0.7371428571428571,0.037142857142857144,0.02780203316229761,auprc,0.852705096595749,0.8794715467927867,0.026766450197037717,0.02828966477006457,0.005793495842089158,0.05344699083330596,0.03329821945293434,0.012,0.8547222513679326,0.8126686726937984,0.902406350641189,0.024749295424854156,0.841,0.3196803196803197,0.37209302325581395,0.3743682170542635,0.3742857142857143,258,350,epistemic,uni2,0.4224941724941724,False,0.01392,True
within_encoder_mi_uni2,0.7,0.7371428571428571,0.037142857142857144,0.02780203316229761,bss,0.5251634534912213,0.6733090867899468,0.14814563329872554,0.14944931904335332,0.08396642064244908,0.23441314497119012,0.10911727867556117,0.0,0.5259035004002808,0.45466815139752664,0.5990754339014663,0.14740558638966605,1.0,0.001998001998001998,0.37209302325581395,0.3743682170542635,0.3742857142857143,258,350,epistemic,uni2,0.003160475887748615,True,0.0,True
within_encoder_mi_uni2,0.7,0.7371428571428571,0.037142857142857144,0.02780203316229761,balanced_accuracy,0.8514936038202796,0.9072145061728395,0.05572090235255989,0.05577208275873372,0.028729366414668597,0.08565942446213451,0.040128079174831126,0.0,0.8517189162568718,0.8307858757694935,0.8730749091654946,0.0554955899159677,1.0,0.001998001998001998,0.37209302325581395,0.3743682170542635,0.3742857142857143,258,350,epistemic,uni2,0.002414252414252414,True,0.0,True
within_encoder_mi_uni2,0.7,0.7371428571428571,0.037142857142857144,0.02780203316229761,sensitivity,0.9312977099236641,0.96875,0.03745229007633588,0.037867822515881014,0.005568994344149184,0.07688670276689301,0.05243208219132564,0.02,0.9315026140472643,0.9090677179962894,0.9583333333333334,0.03724738595273569,0.993,0.015984015984015984,0.37209302325581395,0.3743682170542635,0.3742857142857143,258,350,epistemic,uni2,0.05348497656189964,False,0.04188888888888889,True
within_encoder_mi_uni2,0.7,0.7371428571428571,0.037142857142857144,0.02780203316229761,specificity,0.771689497716895,0.845679012345679,0.073989514628784,0.07367634300158642,0.034557993953909266,0.11673486231707354,0.05737529397342846,0.0,0.7719352184664796,0.740506329113924,0.8074534161490683,0.07374379387919938,1.0,0.001998001998001998,0.37209302325581395,0.3743682170542635,0.3742857142857143,258,350,epistemic,uni2,0.002414252414252414,True,0.0,True
within_encoder_mi_uni2,0.7,0.7371428571428571,0.037142857142857144,0.02780203316229761,ppv,0.7093023255813954,0.788135593220339,0.0788332676389436,0.07875890062240054,0.031179195650824304,0.1347004474710763,0.07329459326353838,0.0,0.7096280024121647,0.6692913385826772,0.753971506635441,0.07850759080817427,1.0,0.001998001998001998,0.37209302325581395,0.3743682170542635,0.3742857142857143,258,350,epistemic,uni2,0.002716033966033966,True,0.0,True
within_encoder_mi_uni2,0.7,0.7371428571428571,0.037142857142857144,0.02780203316229761,npv,0.949438202247191,0.9785714285714285,0.029133226324237538,0.02935933216274248,0.005603687248424069,0.05848155901116427,0.03829597254470802,0.008,0.9495624740252917,0.9312977099236641,0.9696969696969697,0.029008954546136834,0.996,0.00999000999000999,0.37209302325581395,0.3743682170542635,0.3742857142857143,258,350,epistemic,uni2,0.03778829865786387,True,0.034800000000000005,True
within_encoder_mi_uni2,0.7,0.7371428571428571,0.037142857142857144,0.02780203316229761,f1,0.8052805280528053,0.8691588785046729,0.06387835045186763,0.06401283149439044,0.03215359765261515,0.10395609260484993,0.05188849885401815,0.0,0.8053747863647087,0.7756480338564626,0.8347826086956521,0.06378409213996417,1.0,0.001998001998001998,0.37209302325581395,0.3743682170542635,0.3742857142857143,258,350,epistemic,uni2,0.0026337299064571793,True,0.0,True
within_encoder_mi_uni2,0.7,0.7371428571428571,0.037142857142857144,0.02780203316229761,brier,0.11120478108400288,0.07632800135572904,-0.03487677972827384,-0.0351234770888358,-0.054122918638376774,-0.01954770220176474,0.024682848606172283,0.0,0.11086842434081794,0.09479466972300525,0.12613725645635307,-0.0345404229850889,0.0,0.001998001998001998,0.37209302325581395,0.3743682170542635,0.3742857142857143,258,350,epistemic,uni2,0.0031040388183245326,True,0.0,True
within_encoder_mi_uni2,0.7,0.7371428571428571,0.037142857142857144,0.02780203316229761,ece,0.0814270263660832,0.07349732670303102,-0.007929699663052181,-0.010151759870378278,-0.03339234547224895,0.011523776563880863,0.0327374412667015,0.39,0.08527987775142537,0.06769731416567337,0.10319179614887178,-0.011782551048394346,0.111,0.22377622377622378,0.37209302325581395,0.3743682170542635,0.3742857142857143,258,350,epistemic,uni2,0.30902430902430905,False,0.5064179104477612,False
within_encoder_mi_uni2,0.7,0.7371428571428571,0.037142857142857144,0.02780203316229761,cal_gap,0.08142702636608323,0.06986388637252916,-0.011563139993554072,-0.011509203776529506,-0.03641999624337331,0.013059040090050692,0.03664884561734967,0.386,0.08127915099081214,0.060993094756252184,0.10102923552928918,-0.011415264618282975,0.131,0.26373626373626374,0.37209302325581395,0.3743682170542635,0.3742857142857143,258,350,epistemic,uni2,0.38889923635686346,False,0.5533770491803278,False
within_encoder_mi_uni2,0.7,0.7371428571428571,0.037142857142857144,0.02780203316229761,accuracy,0.8314285714285714,0.8914728682170543,0.06004429678848289,0.060046179369275705,0.03246917293233081,0.09318682694286295,0.042794611252797675,0.0,0.8316666666666668,0.8062015503875969,0.8565891472868217,0.05980620155038752,1.0,0.001998001998001998,0.37209302325581395,0.3743682170542635,0.3742857142857143,258,350,epistemic,uni2,0.0025192199105242585,True,0.0,True
laplace_predictive_entropy_uni2,0.9,0.8685714285714285,-0.03142857142857147,0.6243585555200079,auroc,0.9314719927498344,0.9439188262717675,0.012446833521933098,0.012521852521009926,0.005028498020121092,0.02168033994832034,0.011374631613832493,0.002,0.9315987555619781,0.9219228470373657,0.9425257780360029,0.012320070709789355,0.988,0.025974025974025976,0.3848684210526316,0.37398026315789473,0.3742857142857143,304,350,laplace,uni2,0.031385281385281384,True,0.002558823529411765,True
laplace_predictive_entropy_uni2,0.9,0.8685714285714285,-0.03142857142857147,0.6243585555200079,auprc,0.852705096595749,0.8679952825360759,0.015290185940326939,0.01572793112169069,0.006570986692252534,0.02729468574291774,0.014637562438580847,0.002,0.8533763824581752,0.8292344448932986,0.8939194843136741,0.014618900077900787,0.826,0.34965034965034963,0.3848684210526316,0.37398026315789473,0.3742857142857143,304,350,laplace,uni2,0.4224941724941724,False,0.0034117647058823533,True
laplace_predictive_entropy_uni2,0.9,0.8685714285714285,-0.03142857142857147,0.6243585555200079,bss,0.5251634534912213,0.612709518426144,0.08754606493492267,0.08741739512039674,0.051481596294390815,0.1279365197422259,0.0550523935665521,0.0,0.5251262046891283,0.48080484912432714,0.5719724684796252,0.08758331373701567,1.0,0.001998001998001998,0.3848684210526316,0.37398026315789473,0.3742857142857143,304,350,laplace,uni2,0.003160475887748615,True,0.0,True
laplace_predictive_entropy_uni2,0.9,0.8685714285714285,-0.03142857142857147,0.6243585555200079,balanced_accuracy,0.8514936038202796,0.900041135335253,0.048547531514973374,0.04832508633666141,0.029278066910155196,0.06988140007019845,0.02869939613170518,0.0,0.8516152577677659,0.8379544079333242,0.8660791554520243,0.04842587756748706,1.0,0.001998001998001998,0.3848684210526316,0.37398026315789473,0.3742857142857143,304,350,laplace,uni2,0.002414252414252414,True,0.0,True
laplace_predictive_entropy_uni2,0.9,0.8685714285714285,-0.03142857142857147,0.6243585555200079,sensitivity,0.9312977099236641,0.9230769230769231,-0.00822078684674099,-0.008320881917063686,-0.016854578923147703,-0.0031512605042016695,0.010048529131346939,0.0,0.9316975613935866,0.9189004914004915,0.9487179487179487,-0.008620638316663487,0.194,0.45354645354645357,0.3848684210526316,0.37398026315789473,0.3742857142857143,304,350,laplace,uni2,0.5636934494077351,False,0.0,True
laplace_predictive_entropy_uni2,0.9,0.8685714285714285,-0.03142857142857147,0.6243585555200079,specificity,0.771689497716895,0.8770053475935828,0.10531584987668785,0.1049710545903865,0.06870958711741855,0.1462217080835595,0.05629433290465589,0.0,0.7715329541419451,0.75,0.793654884634266,0.10547239345163772,1.0,0.001998001998001998,0.3848684210526316,0.37398026315789473,0.3742857142857143,304,350,laplace,uni2,0.002414252414252414,True,0.0,True
laplace_predictive_entropy_uni2,0.9,0.8685714285714285,-0.03142857142857147,0.6243585555200079,ppv,0.7093023255813954,0.8244274809160306,0.11512515533463519,0.11473354105223936,0.0672231326267953,0.16904201173222919,0.07219715324704883,0.0,0.708984825184825,0.6824246017540719,0.7364953769559033,0.1154426557312056,1.0,0.001998001998001998,0.3848684210526316,0.37398026315789473,0.3742857142857143,304,350,laplace,uni2,0.002716033966033966,True,0.0,True
laplace_predictive_entropy_uni2,0.9,0.8685714285714285,-0.03142857142857147,0.6243585555200079,npv,0.949438202247191,0.9479768786127167,-0.0014613236344742653,-0.001502774312036968,-0.003549527479859324,-0.00028866745051398825,0.0023338865095632964,0.01,0.9497603440660518,0.9403973509933775,0.9622641509433962,-0.0017834654533350758,0.407,0.8151848151848152,0.3848684210526316,0.37398026315789473,0.3742857142857143,304,350,laplace,uni2,0.9944474130520643,False,0.041428571428571426,True
laplace_predictive_entropy_uni2,0.9,0.8685714285714285,-0.03142857142857147,0.6243585555200079,f1,0.8052805280528053,0.8709677419354839,0.06568721388267862,0.06558066535067734,0.03519034363157866,0.09784005031675723,0.045858861996281516,0.0,0.8051413540120524,0.785985269594219,0.8249121259022464,0.06582638792343143,1.0,0.001998001998001998,0.3848684210526316,0.37398026315789473,0.3742857142857143,304,350,laplace,uni2,0.0026337299064571793,True,0.0,True
laplace_predictive_entropy_uni2,0.9,0.8685714285714285,-0.03142857142857147,0.6243585555200079,brier,0.11120478108400288,0.09168897643648714,-0.019515804647515733,-0.019394131034764252,-0.027677737290755833,-0.012169229618507853,0.011283193795174081,0.0,0.11111347118885954,0.10080080953378308,0.12110813483802428,-0.0194244947523724,0.0,0.001998001998001998,0.3848684210526316,0.37398026315789473,0.3742857142857143,304,350,laplace,uni2,0.0031040388183245326,True,0.0,True
laplace_predictive_entropy_uni2,0.9,0.8685714285714285,-0.03142857142857147,0.6243585555200079,ece,0.0814270263660832,0.059537260715411586,-0.02188976565067162,-0.021495907378445245,-0.0384659202948257,-0.006024795800426354,0.023356050595827252,0.004,0.08249627808439715,0.06907868841887983,0.09509648865774865,-0.022959017368985563,0.002,0.005994005994005994,0.3848684210526316,0.37398026315789473,0.3742857142857143,304,350,laplace,uni2,0.043456543456543456,True,0.03866666666666667,True
laplace_predictive_entropy_uni2,0.9,0.8685714285714285,-0.03142857142857147,0.6243585555200079,cal_gap,0.08142702636608323,0.0595372607154116,-0.021889765650671633,-0.021858101689271797,-0.040386257411940206,-0.003063396701680758,0.02693358559687727,0.028,0.08156448499405279,0.06825358012028074,0.09480282056185962,-0.02202722427864119,0.002,0.005994005994005994,0.3848684210526316,0.37398026315789473,0.3742857142857143,304,350,laplace,uni2,0.09481427663245845,False,0.2920714285714286,False
laplace_predictive_entropy_uni2,0.9,0.8685714285714285,-0.03142857142857147,0.6243585555200079,accuracy,0.8314285714285714,0.8947368421052632,0.06330827067669176,0.06313172159251365,0.037668006188591265,0.08920290799841278,0.037730891577960994,0.0,0.8314210526315791,0.8157894736842105,0.8453947368421053,0.0633157894736841,1.0,0.001998001998001998,0.3848684210526316,0.37398026315789473,0.3742857142857143,304,350,laplace,uni2,0.0025192199105242585,True,0.0,True
laplace_predictive_entropy_uni2,0.8,0.7228571428571429,-0.07714285714285718,0.4667481798935149,auroc,0.9314719927498344,0.9565820777160984,0.02511008496626399,0.025236536615551752,0.011564874299573494,0.04210141273339049,0.02146341457104616,0.0,0.931337703487668,0.9158807885747594,0.9482745309951713,0.0252443742284304,0.998,0.005994005994005994,0.383399209486166,0.374794466403162,0.3742857142857143,253,350,laplace,uni2,0.01022506904859846,True,0.0,True
laplace_predictive_entropy_uni2,0.8,0.7228571428571429,-0.07714285714285718,0.4667481798935149,auprc,0.852705096595749,0.8803688915164686,0.027663794920719575,0.028929511448618148,0.00765776537173577,0.052883122080353846,0.03167846965529513,0.006,0.8552925264534254,0.813125689624012,0.9098962616786501,0.025076365063043227,0.83,0.34165834165834164,0.383399209486166,0.374794466403162,0.3742857142857143,253,350,laplace,uni2,0.4224941724941724,False,0.00815625,True
laplace_predictive_entropy_uni2,0.8,0.7228571428571429,-0.07714285714285718,0.4667481798935149,bss,0.5251634534912213,0.6888877494486776,0.1637242959574563,0.1634726974534026,0.09392100418766791,0.23856835824506764,0.10296208734745518,0.0,0.5242162711273208,0.4519855338492956,0.5969803896441557,0.16467147832135676,1.0,0.001998001998001998,0.383399209486166,0.374794466403162,0.3742857142857143,253,350,laplace,uni2,0.003160475887748615,True,0.0,True
laplace_predictive_entropy_uni2,0.8,0.7228571428571429,-0.07714285714285718,0.4667481798935149,balanced_accuracy,0.8514936038202796,0.9280993920169178,0.07660578819663821,0.07631278764428331,0.04694501879527639,0.10828251573901301,0.042823494944954826,0.0,0.8513984532947318,0.8300494923906466,0.8737561842918985,0.07670093872218597,1.0,0.001998001998001998,0.383399209486166,0.374794466403162,0.3742857142857143,253,350,laplace,uni2,0.002414252414252414,True,0.0,True
laplace_predictive_entropy_uni2,0.8,0.7228571428571429,-0.07714285714285718,0.4667481798935149,sensitivity,0.9312977099236641,0.9587628865979382,0.02746517667427406,0.027283974658062374,-0.0033608426532654584,0.06290999861276507,0.04795291639659759,0.082,0.9307284209929494,0.9052631578947369,0.9583440721649484,0.02803446560498879,0.975,0.05194805194805195,0.383399209486166,0.374794466403162,0.3742857142857143,253,350,laplace,uni2,0.11588411588411589,False,0.10975384615384616,False
laplace_predictive_entropy_uni2,0.8,0.7228571428571429,-0.07714285714285718,0.4667481798935149,specificity,0.771689497716895,0.8974358974358975,0.12574639971900248,0.12534160063050426,0.07870251427316635,0.17912456688836662,0.06875658057209207,0.0,0.7720684855965144,0.7374919871794873,0.8092105263157895,0.12536741183938305,1.0,0.001998001998001998,0.383399209486166,0.374794466403162,0.3742857142857143,253,350,laplace,uni2,0.002414252414252414,True,0.0,True
laplace_predictive_entropy_uni2,0.8,0.7228571428571429,-0.07714285714285718,0.4667481798935149,ppv,0.7093023255813954,0.8532110091743119,0.14390868359291653,0.1435511483651518,0.08662688773527294,0.20858517643449967,0.08846881223928056,0.0,0.7099748657380307,0.6666666666666666,0.7541055507621512,0.14323614343628122,1.0,0.001998001998001998,0.383399209486166,0.374794466403162,0.3742857142857143,253,350,laplace,uni2,0.002716033966033966,True,0.0,True
laplace_predictive_entropy_uni2,0.8,0.7228571428571429,-0.07714285714285718,0.4667481798935149,npv,0.949438202247191,0.9722222222222222,0.02278401997503121,0.02263209653700399,0.0009058851513146561,0.048557907258555855,0.03448397745949024,0.042,0.9489328690533896,0.9302325581395349,0.9694656488549618,0.023289353168832627,0.984,0.03396603396603397,0.383399209486166,0.374794466403162,0.3742857142857143,253,350,laplace,uni2,0.09234515484515485,False,0.1015,False
laplace_predictive_entropy_uni2,0.8,0.7228571428571429,-0.07714285714285718,0.4667481798935149,f1,0.8052805280528053,0.9029126213592233,0.09763209330641809,0.09753188376192676,0.0586113335448315,0.1429265103509008,0.05965351060419122,0.0,0.80527655885688,0.7757009345794392,0.8355621890547265,0.09763606250234336,1.0,0.001998001998001998,0.383399209486166,0.374794466403162,0.3742857142857143,253,350,laplace,uni2,0.0026337299064571793,True,0.0,True
laplace_predictive_entropy_uni2,0.8,0.7228571428571429,-0.07714285714285718,0.4667481798935149,brier,0.11120478108400288,0.07354826001566357,-0.037656521068339305,-0.037498598439196,-0.05396901725110064,-0.022070118567124052,0.02300578201775015,0.0,0.11130824668092201,0.09491256913923911,0.12710832813571107,-0.03775998666525844,0.0,0.001998001998001998,0.383399209486166,0.374794466403162,0.3742857142857143,253,350,laplace,uni2,0.0031040388183245326,True,0.0,True
laplace_predictive_entropy_uni2,0.8,0.7228571428571429,-0.07714285714285718,0.4667481798935149,ece,0.0814270263660832,0.055595775685648566,-0.02583125068043464,-0.028349150469431268,-0.05261991636853688,-0.006717691135419241,0.03292144927469409,0.008,0.08524727026022613,0.06602068832952837,0.10422697655839123,-0.029651494574577567,0.001,0.003996003996003996,0.383399209486166,0.374794466403162,0.3742857142857143,253,350,laplace,uni2,0.034765234765234763,True,0.04971428571428572,True
laplace_predictive_entropy_uni2,0.8,0.7228571428571429,-0.07714285714285718,0.4667481798935149,cal_gap,0.08142702636608323,0.05559577568564855,-0.02583125068043468,-0.02577679120760771,-0.0536264239686084,0.0005055863126387962,0.0379206927399905,0.056,0.08090775313206836,0.05955338696691505,0.10097085280172949,-0.025311977446419803,0.01,0.02197802197802198,0.383399209486166,0.374794466403162,0.3742857142857143,253,350,laplace,uni2,0.11247575953458307,False,0.2920714285714286,False
laplace_predictive_entropy_uni2,0.8,0.7228571428571429,-0.07714285714285718,0.4667481798935149,accuracy,0.8314285714285714,0.9209486166007905,0.08952004517221912,0.08927904052463677,0.056836095921622254,0.12531731816202094,0.04889341154808601,0.0,0.8315138339920949,0.8063241106719368,0.857707509881423,0.08943478260869564,1.0,0.001998001998001998,0.383399209486166,0.374794466403162,0.3742857142857143,253,350,laplace,uni2,0.0025192199105242585,True,0.0,True
laplace_predictive_entropy_uni2,0.7,0.6514285714285715,-0.04857142857142849,0.34922278161780007,auroc,0.9314719927498344,0.9597445638994423,0.028272571149607906,0.028547372534394155,0.011640578742335053,0.047694135355511695,0.02593394027171336,0.004,0.9308353418698667,0.9112270286247475,0.9508854772146013,0.028909222029575576,0.999,0.003996003996003996,0.39035087719298245,0.3752280701754386,0.3742857142857143,228,350,laplace,uni2,0.008084938317496458,True,0.004971428571428572,True
laplace_predictive_entropy_uni2,0.7,0.6514285714285715,-0.04857142857142849,0.34922278161780007,auprc,0.852705096595749,0.8838341572760804,0.03112906068033139,0.03295985651330321,0.005998036342250121,0.06256744796297109,0.0397553707605935,0.014,0.8542202701386459,0.804864029413289,0.9194829052513201,0.029613887137434514,0.84,0.32167832167832167,0.39035087719298245,0.3752280701754386,0.3742857142857143,228,350,laplace,uni2,0.4224941724941724,False,0.015818181818181818,True
laplace_predictive_entropy_uni2,0.7,0.6514285714285715,-0.04857142857142849,0.34922278161780007,bss,0.5251634534912213,0.7506987613604843,0.225535307869263,0.2267250689946078,0.14366231427078216,0.31915451069690426,0.12642707674665454,0.0,0.5221322006159607,0.4436904102053073,0.6087892195787029,0.22856656074452364,1.0,0.001998001998001998,0.39035087719298245,0.3752280701754386,0.3742857142857143,228,350,laplace,uni2,0.003160475887748615,True,0.0,True
laplace_predictive_entropy_uni2,0.7,0.6514285714285715,-0.04857142857142849,0.34922278161780007,balanced_accuracy,0.8514936038202796,0.945598577317921,0.09410497349764135,0.09422333777980724,0.06334070601947324,0.127463138701179,0.04714221161223475,0.0,0.8507407270638547,0.8248994173718439,0.876328502415459,0.09485785025406623,1.0,0.001998001998001998,0.39035087719298245,0.3752280701754386,0.3742857142857143,228,350,laplace,uni2,0.002414252414252414,True,0.0,True
laplace_predictive_entropy_uni2,0.7,0.6514285714285715,-0.04857142857142849,0.34922278161780007,sensitivity,0.9312977099236641,0.9775280898876404,0.046230379963976276,0.04672473256579965,0.011521764674216253,0.08998039446358067,0.05771362870925438,0.002,0.9309042085237437,0.9,0.9647058823529412,0.046623881363896724,0.998,0.005994005994005994,0.39035087719298245,0.3752280701754386,0.3742857142857143,228,350,laplace,uni2,0.034765234765234763,True,0.011600000000000001,True
laplace_predictive_entropy_uni2,0.7,0.6514285714285715,-0.04857142857142849,0.34922278161780007,specificity,0.771689497716895,0.9136690647482014,0.14197956703130643,0.14172194299381483,0.09174309102002075,0.19559209706660413,0.07273284039082073,0.0,0.7705772456039657,0.7318705386112914,0.8108108108108109,0.14309181914423574,1.0,0.001998001998001998,0.39035087719298245,0.3752280701754386,0.3742857142857143,228,350,laplace,uni2,0.002414252414252414,True,0.0,True
laplace_predictive_entropy_uni2,0.7,0.6514285714285715,-0.04857142857142849,0.34922278161780007,ppv,0.7093023255813954,0.8787878787878788,0.1694855532064834,0.1694964907476284,0.10632872269612213,0.23759833552154458,0.09335672373742568,0.0,0.7089951932597741,0.6608656832298136,0.7565217391304347,0.16979268552810467,1.0,0.001998001998001998,0.39035087719298245,0.3752280701754386,0.3742857142857143,228,350,laplace,uni2,0.002716033966033966,True,0.0,True
laplace_predictive_entropy_uni2,0.7,0.6514285714285715,-0.04857142857142849,0.34922278161780007,npv,0.949438202247191,0.9844961240310077,0.035057921783816726,0.03531722497484606,0.009887761679334967,0.06687192165040268,0.04203275506382162,0.002,0.9489250240066235,0.9256101799644706,0.9736842105263158,0.03557110002438424,0.999,0.003996003996003996,0.39035087719298245,0.3752280701754386,0.3742857142857143,228,350,laplace,uni2,0.018297491981702507,True,0.011600000000000001,True
laplace_predictive_entropy_uni2,0.7,0.6514285714285715,-0.04857142857142849,0.34922278161780007,f1,0.8052805280528053,0.925531914893617,0.12025138684081171,0.12071851183544584,0.07888397761938425,0.16784158462014676,0.0641345077665706,0.0,0.804672847173086,0.7684210526315789,0.8405797101449275,0.12085906772053101,1.0,0.001998001998001998,0.39035087719298245,0.3752280701754386,0.3742857142857143,228,350,laplace,uni2,0.0026337299064571793,True,0.0,True
laplace_predictive_entropy_uni2,0.7,0.6514285714285715,-0.04857142857142849,0.34922278161780007,brier,0.11120478108400288,0.0593279782858081,-0.051876802798194774,-0.05199059376134045,-0.0726964404861243,-0.03232816623412663,0.02861985545028752,0.0,0.11178172678306177,0.09170996636284594,0.12991497340342187,-0.05245374849725366,0.0,0.001998001998001998,0.39035087719298245,0.3752280701754386,0.3742857142857143,228,350,laplace,uni2,0.0031040388183245326,True,0.0,True
laplace_predictive_entropy_uni2,0.7,0.6514285714285715,-0.04857142857142849,0.34922278161780007,ece,0.0814270263660832,0.05034504444675372,-0.031081981919329482,-0.03912346733619144,-0.06675585239040718,-0.014689033955342684,0.03676631298357665,0.002,0.08754409510485436,0.06719387578970716,0.10945830315511298,-0.03719905065810064,0.0,0.001998001998001998,0.39035087719298245,0.3752280701754386,0.3742857142857143,228,350,laplace,uni2,0.021728271728271728,True,0.02485714285714286,True
laplace_predictive_entropy_uni2,0.7,0.6514285714285715,-0.04857142857142849,0.34922278161780007,cal_gap,0.08142702636608323,0.05034504444675375,-0.031081981919329482,-0.03098948174487353,-0.061592719685704754,-0.0007269187673097665,0.042197919061169764,0.046,0.08160888033067876,0.059360725975280394,0.10626470686061351,-0.031263835883925006,0.008,0.017982017982017984,0.39035087719298245,0.3752280701754386,0.3742857142857143,228,350,laplace,uni2,0.11174539745968318,False,0.2920714285714286,False
laplace_predictive_entropy_uni2,0.7,0.6514285714285715,-0.04857142857142849,0.34922278161780007,accuracy,0.8314285714285714,0.9385964912280702,0.1071679197994988,0.10728037617663412,0.07379486422668237,0.1448878033281703,0.05229275312815752,0.0,0.8307543859649124,0.8026315789473685,0.8596491228070176,0.10784210526315785,1.0,0.001998001998001998,0.39035087719298245,0.3752280701754386,0.3742857142857143,228,350,laplace,uni2,0.0025192199105242585,True,0.0,True
mc_epistemic_mi_uni2,0.9,0.8428571428571429,-0.05714285714285716,0.007558752186826369,auroc,0.9314719927498344,0.9465136633278226,0.01504167057798822,0.015037307649321643,0.006388068318919408,0.026262626207158555,0.014052685969022575,0.0,0.9310324748056563,0.9208842933842933,0.9422456203986372,0.01548118852216629,0.993,0.015984015984015984,0.38305084745762713,0.3747016949152543,0.3742857142857143,295,350,mc_dropout,uni2,0.021393990624759857,True,0.0,True
mc_epistemic_mi_uni2,0.9,0.8428571428571429,-0.05714285714285716,0.007558752186826369,auprc,0.852705096595749,0.8704390291940506,0.017733932598301583,0.018209786287008298,0.006487887035767292,0.03283107011371817,0.01810491052451116,0.002,0.8532119864700751,0.8275198810570652,0.8927593156633061,0.01722704272397546,0.844,0.31368631368631367,0.38305084745762713,0.3747016949152543,0.3742857142857143,295,350,mc_dropout,uni2,0.4224941724941724,False,0.0034117647058823533,True
mc_epistemic_mi_uni2,0.9,0.8428571428571429,-0.05714285714285716,0.007558752186826369,bss,0.5251634534912213,0.6143374725008528,0.08917401900963151,0.08842503668693369,0.04280823105109651,0.14087753591737123,0.07058166332787234,0.0,0.5231471827562696,0.4768215165302221,0.573891455821224,0.09119028974458321,1.0,0.001998001998001998,0.38305084745762713,0.3747016949152543,0.3742857142857143,295,350,mc_dropout,uni2,0.003160475887748615,True,0.0,True
mc_epistemic_mi_uni2,0.9,0.8428571428571429,-0.05714285714285716,0.007558752186826369,balanced_accuracy,0.8514936038202796,0.8937809977632987,0.04228739394301906,0.04182076923597758,0.020578762853922797,0.06387468724848439,0.03164400665323545,0.0,0.8509509471446585,0.8363095461247562,0.8666696859903382,0.0428300506186402,1.0,0.001998001998001998,0.38305084745762713,0.3747016949152543,0.3742857142857143,295,350,mc_dropout,uni2,0.002414252414252414,True,0.0,True
mc_epistemic_mi_uni2,0.9,0.8428571428571429,-0.05714285714285716,0.007558752186826369,sensitivity,0.9312977099236641,0.9469026548672567,0.015604944943592547,0.014895855827549619,-0.00621504275177836,0.04359890109890105,0.03511977916667042,0.2,0.9307279839557583,0.9158878504672897,0.9528301886792453,0.01617467091149838,0.951,0.0999000999000999,0.38305084745762713,0.3747016949152543,0.3742857142857143,295,350,mc_dropout,uni2,0.19314019314019315,False,0.2450704225352113,False
mc_epistemic_mi_uni2,0.9,0.8428571428571429,-0.05714285714285716,0.007558752186826369,specificity,0.771689497716895,0.8406593406593407,0.06896984294244568,0.06874568264440555,0.034210926588683424,0.10620528547025482,0.051698163394856674,0.0,0.7711739103335589,0.7486631016042781,0.7955801104972375,0.0694854303257818,1.0,0.001998001998001998,0.38305084745762713,0.3747016949152543,0.3742857142857143,295,350,mc_dropout,uni2,0.002414252414252414,True,0.0,True
mc_epistemic_mi_uni2,0.9,0.8428571428571429,-0.05714285714285716,0.007558752186826369,ppv,0.7093023255813954,0.7867647058823529,0.07746238030095753,0.07714150178094803,0.0340469811024113,0.1219404869724878,0.06425278718388253,0.002,0.7090654135910283,0.6805555555555556,0.7417218543046358,0.07769929229132466,1.0,0.001998001998001998,0.38305084745762713,0.3747016949152543,0.3742857142857143,295,350,mc_dropout,uni2,0.002716033966033966,True,0.0029000000000000002,True
mc_epistemic_mi_uni2,0.9,0.8428571428571429,-0.05714285714285716,0.007558752186826369,npv,0.949438202247191,0.9622641509433962,0.012825948696205236,0.012360953204661561,-0.003129345994699856,0.033133814732279665,0.025958049805516192,0.124,0.9489085933393075,0.9383561643835616,0.9662162162162162,0.013355557604088686,0.966,0.06993006993006994,0.38305084745762713,0.3747016949152543,0.3742857142857143,295,350,mc_dropout,uni2,0.16443016443016445,False,0.23452173913043478,False
mc_epistemic_mi_uni2,0.9,0.8428571428571429,-0.05714285714285716,0.007558752186826369,f1,0.8052805280528053,0.8594377510040161,0.05415722295121084,0.05379363876637204,0.02459239817724985,0.08432928995584421,0.04369331201578627,0.002,0.8048175812163627,0.784,0.8270676691729323,0.05462016978765338,1.0,0.001998001998001998,0.38305084745762713,0.3747016949152543,0.3742857142857143,295,350,mc_dropout,uni2,0.0026337299064571793,True,0.0027619047619047623,True
mc_epistemic_mi_uni2,0.9,0.8428571428571429,-0.05714285714285716,0.007558752186826369,brier,0.11120478108400288,0.09114088526914635,-0.020063895814856528,-0.019817222999845077,-0.031091998113321178,-0.00962410369773899,0.015628532942773714,0.0,0.11164422604448362,0.10035896018115549,0.12159344046992471,-0.020503340775337275,0.0,0.001998001998001998,0.38305084745762713,0.3747016949152543,0.3742857142857143,295,350,mc_dropout,uni2,0.0031040388183245326,True,0.0,True
mc_epistemic_mi_uni2,0.9,0.8428571428571429,-0.05714285714285716,0.007558752186826369,ece,0.0814270263660832,0.0692373841957552,-0.012189642170328002,-0.009865849717684642,-0.02951759714120558,0.010047225502286448,0.027620391112399455,0.322,0.08300184829128054,0.06889893710619169,0.09571762078808685,-0.013764464095525342,0.027,0.055944055944055944,0.38305084745762713,0.3747016949152543,0.3742857142857143,295,350,mc_dropout,uni2,0.11061665607120154,False,0.44466666666666665,False
mc_epistemic_mi_uni2,0.9,0.8428571428571429,-0.05714285714285716,0.007558752186826369,cal_gap,0.08142702636608323,0.0692373841957552,-0.01218964217032803,-0.01227061472109222,-0.03290983161268323,0.007917677603060063,0.029296886552756942,0.234,0.0814705410901402,0.06646235974258898,0.09484765914535165,-0.012233156894384992,0.047,0.0959040959040959,0.38305084745762713,0.3747016949152543,0.3742857142857143,295,350,mc_dropout,uni2,0.26073926073926074,False,0.4331489361702128,False
mc_epistemic_mi_uni2,0.9,0.8428571428571429,-0.05714285714285716,0.007558752186826369,accuracy,0.8314285714285714,0.8813559322033898,0.04992736077481841,0.04958489071364641,0.024908642651691473,0.07903457849570927,0.03669429061105464,0.0,0.8309491525423729,0.8135593220338984,0.8508474576271187,0.05040677966101692,1.0,0.001998001998001998,0.38305084745762713,0.3747016949152543,0.3742857142857143,295,350,mc_dropout,uni2,0.0025192199105242585,True,0.0,True
mc_epistemic_mi_uni2,0.8,0.7457142857142857,-0.05428571428571438,0.0050067686374784,auroc,0.9314719927498344,0.9558805456556471,0.024408552905812675,0.02464828358546499,0.00975877787932417,0.04213990299919852,0.022806366368165538,0.002,0.9315853085700021,0.917159296458492,0.9467874352032011,0.02429523708564496,0.999,0.003996003996003996,0.3946360153256705,0.3737088122605364,0.3742857142857143,261,350,mc_dropout,uni2,0.008084938317496458,True,0.002558823529411765,True
mc_epistemic_mi_uni2,0.8,0.7457142857142857,-0.05428571428571438,0.0050067686374784,auprc,0.852705096595749,0.8823936382383546,0.029688541642605593,0.03084501674485643,0.01155729717526012,0.053710268407806405,0.029736706070544443,0.002,0.8542957810312466,0.8159522165025813,0.9022411706628137,0.028097857207108,0.875,0.2517482517482518,0.3946360153256705,0.3737088122605364,0.3742857142857143,261,350,mc_dropout,uni2,0.41980660848585377,False,0.0034117647058823533,True
mc_epistemic_mi_uni2,0.8,0.7457142857142857,-0.05428571428571438,0.0050067686374784,bss,0.5251634534912213,0.7160992033928424,0.1909357499016211,0.1919154592771472,0.12253535088458128,0.26877625200229827,0.10873357616181135,0.0,0.5238933921140508,0.45532349150155865,0.5892565032658195,0.19220581127879155,1.0,0.001998001998001998,0.3946360153256705,0.3737088122605364,0.3742857142857143,261,350,mc_dropout,uni2,0.003160475887748615,True,0.0,True
mc_epistemic_mi_uni2,0.8,0.7457142857142857,-0.05428571428571438,0.0050067686374784,balanced_accuracy,0.8514936038202796,0.9333292368194666,0.08183563299918695,0.08198920415723016,0.05189829769078552,0.11262081358025063,0.04397582068078958,0.0,0.8514394278602602,0.8321494813841833,0.8712745719720989,0.08188980895920639,1.0,0.001998001998001998,0.3946360153256705,0.3737088122605364,0.3742857142857143,261,350,mc_dropout,uni2,0.002414252414252414,True,0.0,True
mc_epistemic_mi_uni2,0.8,0.7457142857142857,-0.05428571428571438,0.0050067686374784,sensitivity,0.9312977099236641,0.9805825242718447,0.04928481434818055,0.049773169898933774,0.016051654462558664,0.09287946428571427,0.05647246019379261,0.002,0.931656234500016,0.9072164948453608,0.9583333333333334,0.04892628977182867,1.0,0.001998001998001998,0.3946360153256705,0.3737088122605364,0.3742857142857143,261,350,mc_dropout,uni2,0.014485514485514486,True,0.011600000000000001,True
mc_epistemic_mi_uni2,0.8,0.7457142857142857,-0.05428571428571438,0.0050067686374784,specificity,0.771689497716895,0.8860759493670886,0.11438645165019357,0.11420523841552657,0.06987070043777362,0.15978345959595958,0.06511833811198699,0.0,0.771222621220504,0.7419111931597357,0.8035741673970201,0.11485332814658455,1.0,0.001998001998001998,0.3946360153256705,0.3737088122605364,0.3742857142857143,261,350,mc_dropout,uni2,0.002414252414252414,True,0.0,True
mc_epistemic_mi_uni2,0.8,0.7457142857142857,-0.05428571428571438,0.0050067686374784,ppv,0.7093023255813954,0.8487394957983193,0.13943717021692392,0.13943088299514908,0.08475424689683177,0.19736140462101995,0.08194865891919817,0.0,0.7084119471169504,0.6692898243488795,0.75,0.14032754868136887,1.0,0.001998001998001998,0.3946360153256705,0.3737088122605364,0.3742857142857143,261,350,mc_dropout,uni2,0.002716033966033966,True,0.0,True
mc_epistemic_mi_uni2,0.8,0.7457142857142857,-0.05428571428571438,0.0050067686374784,npv,0.949438202247191,0.9859154929577465,0.0364772907105555,0.036755713095884525,0.01238072379434243,0.06840210605913394,0.04163623230760345,0.002,0.9497940271468786,0.9323308270676691,0.9692307692307692,0.03612146581086795,1.0,0.001998001998001998,0.3946360153256705,0.3737088122605364,0.3742857142857143,261,350,mc_dropout,uni2,0.01337124414047491,True,0.011600000000000001,True
mc_epistemic_mi_uni2,0.8,0.7457142857142857,-0.05428571428571438,0.0050067686374784,f1,0.8052805280528053,0.9099099099099099,0.10462938185710469,0.10507360777254231,0.06649449927831316,0.14643008168814786,0.05787353712922791,0.0,0.8046590844202673,0.7747681505034446,0.8326700680272109,0.1052508254896426,1.0,0.001998001998001998,0.3946360153256705,0.3737088122605364,0.3742857142857143,261,350,mc_dropout,uni2,0.0026337299064571793,True,0.0,True
mc_epistemic_mi_uni2,0.8,0.7457142857142857,-0.05428571428571438,0.0050067686374784,brier,0.11120478108400288,0.06782345479345404,-0.04338132629054883,-0.04345928869007064,-0.060849971660963516,-0.02757044395222358,0.02479522018021346,0.0,0.11126749176385331,0.09628941467622,0.12642802253858956,-0.043444036970399266,0.0,0.001998001998001998,0.3946360153256705,0.3737088122605364,0.3742857142857143,261,350,mc_dropout,uni2,0.0031040388183245326,True,0.0,True
mc_epistemic_mi_uni2,0.8,0.7457142857142857,-0.05428571428571438,0.0050067686374784,ece,0.0814270263660832,0.06435166167539555,-0.017075364690687656,-0.022383343186526,-0.047588961146197,0.0009250860822659594,0.03475721847815705,0.068,0.08552787054032471,0.06710874742388519,0.10383800108241537,-0.021176208864929158,0.01,0.02197802197802198,0.3946360153256705,0.3737088122605364,0.3742857142857143,261,350,mc_dropout,uni2,0.07081807081807082,False,0.1375813953488372,False
mc_epistemic_mi_uni2,0.8,0.7457142857142857,-0.05428571428571438,0.0050067686374784,cal_gap,0.08142702636608323,0.05912418360420468,-0.02230284276187855,-0.02210572104878051,-0.04935683095302512,0.006349549721800273,0.03824476234673511,0.112,0.08197705748428856,0.06318950996519214,0.1005869646705094,-0.022852873880083877,0.009,0.01998001998001998,0.3946360153256705,0.3737088122605364,0.3742857142857143,261,350,mc_dropout,uni2,0.11247575953458307,False,0.3248,False
mc_epistemic_mi_uni2,0.8,0.7457142857142857,-0.05428571428571438,0.0050067686374784,accuracy,0.8314285714285714,0.9233716475095786,0.09194307608100716,0.0920849373151565,0.05920480090251953,0.1257399205583872,0.04779678653654991,0.0,0.831176245210728,0.8084291187739464,0.8544061302681992,0.09219540229885059,1.0,0.001998001998001998,0.3946360153256705,0.3737088122605364,0.3742857142857143,261,350,mc_dropout,uni2,0.0025192199105242585,True,0.0,True
mc_epistemic_mi_uni2,0.7,0.6628571428571428,-0.037142857142857144,0.00349297230497162,auroc,0.9314719927498344,0.9597741161909182,0.02830212344108385,0.028596810855632312,0.011062065575479446,0.04776807533756523,0.026167670051095812,0.004,0.9313800812751389,0.9130934639770711,0.9519841734155758,0.028394034915779298,0.996,0.00999000999000999,0.40086206896551724,0.3738965517241379,0.3742857142857143,232,350,mc_dropout,uni2,0.014731031680184222,True,0.004971428571428572,True
mc_epistemic_mi_uni2,0.7,0.6628571428571428,-0.037142857142857144,0.00349297230497162,auprc,0.852705096595749,0.8865447057105726,0.03383960911482364,0.03549509954676348,0.01076353944447556,0.06374414182187724,0.03786312436954239,0.008,0.8544039320188286,0.80501349385825,0.9066369036343837,0.03214077369174406,0.873,0.25574425574425574,0.40086206896551724,0.3738965517241379,0.3742857142857143,232,350,mc_dropout,uni2,0.41980660848585377,False,0.01023529411764706,True
mc_epistemic_mi_uni2,0.7,0.6628571428571428,-0.037142857142857144,0.00349297230497162,bss,0.5251634534912213,0.7708797707177686,0.2457163172265473,0.2468995500023813,0.16242719286330412,0.34886109037620655,0.1300372497940615,0.0,0.5237815377465601,0.4416570733644494,0.6067421247460463,0.24709823297120848,1.0,0.001998001998001998,0.40086206896551724,0.3738965517241379,0.3742857142857143,232,350,mc_dropout,uni2,0.003160475887748615,True,0.0,True
mc_epistemic_mi_uni2,0.7,0.6628571428571428,-0.037142857142857144,0.00349297230497162,balanced_accuracy,0.8514936038202796,0.9460818442020578,0.09458824038177815,0.09458496894038596,0.0640306762745699,0.12784164213782256,0.047019734816095574,0.0,0.8513263052492581,0.8276383976775518,0.8769107643057223,0.09475553895279965,1.0,0.001998001998001998,0.40086206896551724,0.3738965517241379,0.3742857142857143,232,350,mc_dropout,uni2,0.002414252414252414,True,0.0,True
mc_epistemic_mi_uni2,0.7,0.6628571428571428,-0.037142857142857144,0.00349297230497162,sensitivity,0.9312977099236641,0.978494623655914,0.04719691373224988,0.04770290942776422,0.01297645509446084,0.09093468966533982,0.057245466856818514,0.002,0.9308802211161197,0.9,0.9647058823529412,0.04761440253979432,0.995,0.011988011988011988,0.40086206896551724,0.3738965517241379,0.3742857142857143,232,350,mc_dropout,uni2,0.047407138316229225,True,0.011600000000000001,True
mc_epistemic_mi_uni2,0.7,0.6628571428571428,-0.037142857142857144,0.00349297230497162,specificity,0.771689497716895,0.9136690647482014,0.14197956703130643,0.14146702845300768,0.0945067578151223,0.19325231425451692,0.07245798564021974,0.0,0.7717723893823966,0.7291666666666666,0.8108303956130043,0.14189667536580486,1.0,0.001998001998001998,0.40086206896551724,0.3738965517241379,0.3742857142857143,232,350,mc_dropout,uni2,0.002414252414252414,True,0.0,True
mc_epistemic_mi_uni2,0.7,0.6628571428571428,-0.037142857142857144,0.00349297230497162,ppv,0.7093023255813954,0.883495145631068,0.17419282004967263,0.173893467264733,0.11404990373346675,0.23885141285037095,0.0919301869508801,0.0,0.7089417480400354,0.6608695652173913,0.7593043264503442,0.1745533975910326,1.0,0.001998001998001998,0.40086206896551724,0.3738965517241379,0.3742857142857143,232,350,mc_dropout,uni2,0.002716033966033966,True,0.0,True
mc_epistemic_mi_uni2,0.7,0.6628571428571428,-0.037142857142857144,0.00349297230497162,npv,0.949438202247191,0.9844961240310077,0.035057921783816726,0.03530699932846751,0.010491987146590049,0.06678067659054654,0.04209490142345659,0.002,0.9492331328533729,0.9279279279279279,0.9741434571175951,0.03526299117763487,0.995,0.011988011988011988,0.40086206896551724,0.3738965517241379,0.3742857142857143,232,350,mc_dropout,uni2,0.043456543456543456,True,0.011600000000000001,True
mc_epistemic_mi_uni2,0.7,0.6628571428571428,-0.037142857142857144,0.00349297230497162,f1,0.8052805280528053,0.9285714285714286,0.12329090051862335,0.12362401276108716,0.08312257034941567,0.16941270316122045,0.0635959399507194,0.0,0.8046205083989257,0.7708333333333334,0.839622641509434,0.12395092017250287,1.0,0.001998001998001998,0.40086206896551724,0.3738965517241379,0.3742857142857143,232,350,mc_dropout,uni2,0.0026337299064571793,True,0.0,True
mc_epistemic_mi_uni2,0.7,0.6628571428571428,-0.037142857142857144,0.00349297230497162,brier,0.11120478108400288,0.055028188241888466,-0.05617659284211441,-0.05623244901796301,-0.07678579271185579,-0.03667632559428707,0.029456764474845097,0.0,0.11125208166067915,0.09259055124187561,0.12912617187959552,-0.05622389341879069,0.0,0.001998001998001998,0.40086206896551724,0.3738965517241379,0.3742857142857143,232,350,mc_dropout,uni2,0.0031040388183245326,True,0.0,True
mc_epistemic_mi_uni2,0.7,0.6628571428571428,-0.037142857142857144,0.00349297230497162,ece,0.0814270263660832,0.04956644459814233,-0.031860581767940876,-0.03928526888829887,-0.06722813181117945,-0.01415860433863551,0.037681366718627235,0.0,0.0870616848956902,0.06551107948069894,0.10879036325150708,-0.037495240297547874,0.0,0.001998001998001998,0.40086206896551724,0.3738965517241379,0.3742857142857143,232,350,mc_dropout,uni2,0.021728271728271728,True,0.0,True
mc_epistemic_mi_uni2,0.7,0.6628571428571428,-0.037142857142857144,0.00349297230497162,cal_gap,0.08142702636608323,0.046665638117701747,-0.034761388248381486,-0.034506639345327765,-0.06398383282908901,-0.004869369922357465,0.042643744718603806,0.024,0.08152027226985906,0.05908999408257561,0.10551081678683566,-0.03485463415215731,0.004,0.00999000999000999,0.40086206896551724,0.3738965517241379,0.3742857142857143,232,350,mc_dropout,uni2,0.09481427663245845,False,0.2920714285714286,False
mc_epistemic_mi_uni2,0.7,0.6628571428571428,-0.037142857142857144,0.00349297230497162,accuracy,0.8314285714285714,0.9396551724137931,0.10822660098522174,0.10818706036427055,0.0735053523881976,0.1453777556115285,0.051991945778103635,0.0,0.8312543103448277,0.805926724137931,0.8620689655172413,0.10840086206896549,1.0,0.001998001998001998,0.40086206896551724,0.3738965517241379,0.3742857142857143,232,350,mc_dropout,uni2,0.0025192199105242585,True,0.0,True
ood_attention_uni2,0.9,0.8714285714285714,-0.02857142857142858,95.47174835205078,auroc,0.9314719927498344,0.9297333333333333,-0.0017386594165010871,-0.0017911351785556355,-0.011741495876000216,0.009513148987989438,0.015021665979175914,0.692,0.9313769919566389,0.9217513356027476,0.9415353550806501,-0.0016436586233056216,0.393,0.7872127872127872,0.4098360655737705,0.37477377049180327,0.3742857142857143,305,350,ood,uni2,0.8057354410295587,False,0.7253493975903613,False
ood_attention_uni2,0.9,0.8714285714285714,-0.02857142857142858,95.47174835205078,auprc,0.852705096595749,0.8595837243963099,0.006878627800560921,0.007108229647257228,0.0010376631768225842,0.015879851028140556,0.010692230748882958,0.008,0.8539065104667477,0.8287540501333639,0.8891595158740001,0.005677213929562219,0.693,0.6153846153846154,0.4098360655737705,0.37477377049180327,0.3742857142857143,305,350,ood,uni2,0.660968660968661,False,0.01023529411764706,True
ood_attention_uni2,0.9,0.8714285714285714,-0.02857142857142858,95.47174835205078,bss,0.5251634534912213,0.5176355541080367,-0.007527899383184544,-0.0077557068464242694,-0.033941305014757304,0.02462297409414955,0.041881982922024504,0.554,0.5248413101044102,0.4811936200525036,0.5705501864996751,-0.007205755996373409,0.376,0.7532467532467533,0.4098360655737705,0.37477377049180327,0.3742857142857143,305,350,ood,uni2,0.7991764333227748,False,0.6201538461538463,False
ood_attention_uni2,0.9,0.8714285714285714,-0.02857142857142858,95.47174835205078,balanced_accuracy,0.8514936038202796,0.8426666666666667,-0.008826937153612935,-0.008949531993524119,-0.023453437944736047,0.008506346774085839,0.02293044862555753,0.28,0.8513760590310346,0.8377811578171092,0.865034965034965,-0.008709392364367963,0.11,0.2217782217782218,0.4098360655737705,0.37477377049180327,0.3742857142857143,305,350,ood,uni2,0.22969887255601543,False,0.29000000000000004,False
ood_attention_uni2,0.9,0.8714285714285714,-0.02857142857142858,95.47174835205078,sensitivity,0.9312977099236641,0.952,0.02070229007633584,0.020852755998722997,-0.0007269730818531938,0.048457932610692415,0.03499809353929259,0.082,0.9311576743627572,0.918918918918919,0.9482869142351901,0.020842325637242753,0.984,0.03396603396603397,0.4098360655737705,0.37477377049180327,0.3742857142857143,305,350,ood,uni2,0.08208458208458208,False,0.10975384615384616,False
ood_attention_uni2,0.9,0.8714285714285714,-0.02857142857142858,95.47174835205078,specificity,0.771689497716895,0.7333333333333333,-0.03835616438356171,-0.038751819985771235,-0.05999103544215311,-0.017784574497338175,0.029558979883163444,0.0,0.7715944436993121,0.7513227513227513,0.7947368421052632,-0.03826111036597879,0.0,0.001998001998001998,0.4098360655737705,0.37477377049180327,0.3742857142857143,305,350,ood,uni2,0.002414252414252414,True,0.0,True
ood_attention_uni2,0.9,0.8714285714285714,-0.02857142857142858,95.47174835205078,ppv,0.7093023255813954,0.7125748502994012,0.003272524718005765,0.003305698070395221,-0.008456456718565592,0.018125830040780784,0.019423584831670802,0.688,0.7096326184195414,0.6845637583892618,0.7347040140559535,0.002942231879859758,0.585,0.8311688311688312,0.4098360655737705,0.37477377049180327,0.3742857142857143,305,350,ood,uni2,0.8311688311688312,False,0.696,False
ood_attention_uni2,0.9,0.8714285714285714,-0.02857142857142858,95.47174835205078,npv,0.949438202247191,0.9565217391304348,0.007083536883243813,0.007063517103003374,-0.009213084703326374,0.02862698753760203,0.028206246033245487,0.512,0.9492410697326051,0.9407796706169397,0.9620253164556962,0.0072806693978296755,0.907,0.1878121878121878,0.4098360655737705,0.37477377049180327,0.3742857142857143,305,350,ood,uni2,0.3713559168104623,False,0.7302295081967214,False
ood_attention_uni2,0.9,0.8714285714285714,-0.02857142857142858,95.47174835205078,f1,0.8052805280528053,0.815068493150685,0.009787965097879714,0.009853139260538171,-0.001489582002991263,0.025334527460965643,0.018817521449440842,0.114,0.8053692790730183,0.786510421133888,0.8226415094339623,0.009699214077666718,0.844,0.31368631368631367,0.4098360655737705,0.37477377049180327,0.3742857142857143,305,350,ood,uni2,0.33281352793547914,False,0.12715384615384617,False
ood_attention_uni2,0.9,0.8714285714285714,-0.02857142857142858,95.47174835205078,brier,0.11120478108400288,0.11666971279300374,0.005464931709000864,0.005533395034156879,-0.0031063790198779134,0.01320543456727678,0.011595008127715,0.186,0.11127465750747072,0.10061006178875591,0.12089126164521782,0.005395055285533024,0.849,0.3036963036963037,0.4098360655737705,0.37477377049180327,0.3742857142857143,305,350,ood,uni2,0.3302697302697303,False,0.20483544303797466,False
ood_attention_uni2,0.9,0.8714285714285714,-0.02857142857142858,95.47174835205078,ece,0.0814270263660832,0.09139565841760486,0.009968632051521653,0.009769991922337157,-0.0006763124135076738,0.020075372574213896,0.015141341174340678,0.072,0.08207532239759753,0.06929314756713481,0.09423676871609701,0.009320336020007328,0.931,0.13986013986013987,0.4098360655737705,0.37477377049180327,0.3742857142857143,305,350,ood,uni2,0.2056943056943057,False,0.14236363636363636,False
ood_attention_uni2,0.9,0.8714285714285714,-0.02857142857142858,95.47174835205078,cal_gap,0.08142702636608323,0.09139565841760489,0.009968632051521653,0.0100348208436549,-0.0006778981800895866,0.02203291466895917,0.016693398523028993,0.072,0.08122988364039539,0.06862435676449467,0.09333693394021386,0.010165774777209494,0.94,0.12187812187812187,0.4098360655737705,0.37477377049180327,0.3742857142857143,305,350,ood,uni2,0.29089278068869906,False,0.2920714285714286,False
ood_attention_uni2,0.9,0.8714285714285714,-0.02857142857142858,95.47174835205078,accuracy,0.8314285714285714,0.8229508196721311,-0.008477751756440277,-0.008612210588333785,-0.020903749434270157,0.006090539441583063,0.0191233717272771,0.228,0.8314032786885248,0.8163934426229508,0.8459016393442623,-0.008452459016393687,0.103,0.4015984015984016,0.4098360655737705,0.37477377049180327,0.3742857142857143,305,350,ood,uni2,0.4479366787059095,False,0.2576103896103896,False
ood_attention_uni2,0.8,0.7742857142857142,-0.0257142857142858,92.65476837158204,auroc,0.9314719927498344,0.9312804068996019,-0.00019158585023248964,0.00018001019984242595,-0.01527427552869815,0.017408065697735068,0.023072397562640023,0.998,0.9316612041219243,0.9178347887679562,0.9474423759421617,-0.0003807972223224265,0.498,0.997002997002997,0.43911439114391143,0.37396309963099633,0.3742857142857143,271,350,ood,uni2,0.997002997002997,False,0.9979999999999999,False
ood_attention_uni2,0.8,0.7742857142857142,-0.0257142857142858,92.65476837158204,auprc,0.852705096595749,0.8671281593661458,0.014423062770396844,0.015055188277891063,0.0038222595201981235,0.02879031069661578,0.017969392784209063,0.006,0.8543717176301951,0.81790118903384,0.9009331721868155,0.012756441735950697,0.74,0.5214785214785215,0.43911439114391143,0.37396309963099633,0.3742857142857143,271,350,ood,uni2,0.5982329358952735,False,0.00815625,True
ood_attention_uni2,0.8,0.7742857142857142,-0.0257142857142858,92.65476837158204,bss,0.5251634534912213,0.5363615015848768,0.011198048093655544,0.012322680895066392,-0.03292517643909558,0.06941545303612885,0.07190801097994327,0.674,0.5246364643134134,0.4617434242095363,0.5898102949731686,0.011725037271463457,0.65,0.7012987012987013,0.43911439114391143,0.37396309963099633,0.3742857142857143,271,350,ood,uni2,0.7532467532467533,False,0.7193414634146342,False
ood_attention_uni2,0.8,0.7742857142857142,-0.0257142857142858,92.65476837158204,balanced_accuracy,0.8514936038202796,0.8417459088898718,-0.009747694930407835,-0.00923279339052226,-0.03051065695195028,0.015339667187748669,0.033166083821062224,0.434,0.8516901205416171,0.8339177328643864,0.870929113472312,-0.009944211651745305,0.153,0.3076923076923077,0.43911439114391143,0.37396309963099633,0.3742857142857143,271,350,ood,uni2,0.3112701252236136,False,0.43904651162790703,False
ood_attention_uni2,0.8,0.7742857142857142,-0.0257142857142858,92.65476837158204,sensitivity,0.9312977099236641,0.9663865546218487,0.03508884469818463,0.035977093927964776,0.006377169852779591,0.07162614585331463,0.04549643416621149,0.008,0.9315619633395327,0.9108910891089109,0.959193980622552,0.034824591282316075,0.992,0.017982017982017984,0.43911439114391143,0.37396309963099633,0.3742857142857143,271,350,ood,uni2,0.057942057942057944,False,0.03866666666666667,True
ood_attention_uni2,0.8,0.7742857142857142,-0.0257142857142858,92.65476837158204,specificity,0.771689497716895,0.7171052631578947,-0.0545842345590003,-0.0544426807090093,-0.08965815850445867,-0.020654097364623647,0.0487260451460172,0.002,0.7718182777437015,0.7438986280487805,0.8011695906432749,-0.054713014585806796,0.0,0.001998001998001998,0.43911439114391143,0.37396309963099633,0.3742857142857143,271,350,ood,uni2,0.002414252414252414,True,0.0023835616438356165,True
ood_attention_uni2,0.8,0.7742857142857142,-0.0257142857142858,92.65476837158204,ppv,0.7093023255813954,0.7278481012658228,0.01854577568442739,0.018650946084193046,-0.0031670570423741745,0.04553799184250497,0.03497842880465083,0.126,0.7092013787415438,0.671872018129771,0.7445255474452555,0.018646722524279014,0.851,0.2997002997002997,0.43911439114391143,0.37396309963099633,0.3742857142857143,271,350,ood,uni2,0.33428110351187273,False,0.14615999999999998,False
ood_attention_uni2,0.8,0.7742857142857142,-0.0257142857142858,92.65476837158204,npv,0.949438202247191,0.9646017699115044,0.015163567664313371,0.015998927157492484,-0.009031317365848331,0.04387249114521836,0.03787959225228544,0.228,0.9496926497690327,0.9347707077118376,0.9701547816473189,0.014909120142471699,0.954,0.0939060939060939,0.43911439114391143,0.37396309963099633,0.3742857142857143,271,350,ood,uni2,0.1992641504836627,False,0.38666666666666666,False
ood_attention_uni2,0.8,0.7742857142857142,-0.0257142857142858,92.65476837158204,f1,0.8052805280528053,0.8303249097472925,0.025044381694487194,0.025436005661974913,0.007147389056047105,0.0470901645635688,0.028987433699316167,0.008,0.8051701485731066,0.7782679738562092,0.8305118917441224,0.025154761174185802,0.974,0.053946053946053944,0.43911439114391143,0.37396309963099633,0.3742857142857143,271,350,ood,uni2,0.06429187251105059,False,0.009802816901408452,True
ood_attention_uni2,0.8,0.7742857142857142,-0.0257142857142858,92.65476837158204,brier,0.11120478108400288,0.11419089009317338,0.0029861090091704984,0.0027147596549363102,-0.011978706849693514,0.014559013188622667,0.019119267218186967,0.642,0.11116344028430668,0.09645506593990116,0.12420608750107195,0.0030274498088666973,0.666,0.6693306693306693,0.43911439114391143,0.37396309963099633,0.3742857142857143,271,350,ood,uni2,0.6771135840903283,False,0.6494651162790698,False
ood_attention_uni2,0.8,0.7742857142857142,-0.0257142857142858,92.65476837158204,ece,0.0814270263660832,0.0979847130992852,0.016557686733202,0.013399325237274351,-0.0040458540242844865,0.03045316263026478,0.02437757628415478,0.122,0.08462369736292437,0.06774057188495305,0.10124484900657064,0.013361015736360837,0.938,0.1258741258741259,0.43911439114391143,0.37396309963099633,0.3742857142857143,271,350,ood,uni2,0.1986584843727701,False,0.221125,False
ood_attention_uni2,0.8,0.7742857142857142,-0.0257142857142858,92.65476837158204,cal_gap,0.08142702636608323,0.09798471309928519,0.01655768673320196,0.016903203293365667,-0.0008941023963953446,0.03466788988606484,0.02664089693946549,0.064,0.08162782529930625,0.06391481271460804,0.10020970156290859,0.016356887799978945,0.96,0.08191808191808192,0.43911439114391143,0.37396309963099633,0.3742857142857143,271,350,ood,uni2,0.22989913312493956,False,0.2920714285714286,False
ood_attention_uni2,0.8,0.7742857142857142,-0.0257142857142858,92.65476837158204,accuracy,0.8314285714285714,0.8265682656826568,-0.0048603057459145615,-0.004545716705299617,-0.024024987599206273,0.017571036188107056,0.030114358745684727,0.658,0.8315608856088561,0.8118081180811808,0.8523985239852399,-0.00499261992619926,0.254,0.7652347652347652,0.43911439114391143,0.37396309963099633,0.3742857142857143,271,350,ood,uni2,0.8118954216515193,False,0.6981219512195123,False
ood_attention_uni2,0.7,0.7057142857142857,0.005714285714285783,91.04461288452148,auroc,0.9314719927498344,0.9269885239414325,-0.0044834688084018914,-0.003913131070422535,-0.02245556687110136,0.017136621827576644,0.028209523147705456,0.712,0.9315241818253357,0.915705297672749,0.9489416163403078,-0.004535657883903199,0.302,0.6053946053946054,0.46153846153846156,0.37502429149797567,0.3742857142857143,247,350,ood,uni2,0.6502386502386502,False,0.7374285714285713,False
ood_attention_uni2,0.7,0.7057142857142857,0.005714285714285783,91.04461288452148,auprc,0.852705096595749,0.8679897966563563,0.015284700060607337,0.01607712615252046,0.002352479370071886,0.03236811902198443,0.021307792914596575,0.012,0.8552959977829848,0.8110496121929432,0.9102958100406017,0.01269379887337152,0.706,0.5894105894105894,0.46153846153846156,0.37502429149797567,0.3742857142857143,247,350,ood,uni2,0.6490977377053326,False,0.01392,True
ood_attention_uni2,0.7,0.7057142857142857,0.005714285714285783,91.04461288452148,bss,0.5251634534912213,0.5197110046782782,-0.005452448812943045,-0.004095819373169894,-0.05992377514259461,0.05772526644518616,0.08390668265255871,0.872,0.5254017739960289,0.4526653231575181,0.5998645101002327,-0.005690769317750699,0.446,0.8931068931068931,0.46153846153846156,0.37502429149797567,0.3742857142857143,247,350,ood,uni2,0.9202562143738614,False,0.882139534883721,False
ood_attention_uni2,0.7,0.7057142857142857,0.005714285714285783,91.04461288452148,balanced_accuracy,0.8514936038202796,0.8327067669172932,-0.018786836902986437,-0.01800007345594559,-0.04438562894117978,0.01096521090243316,0.03947190597304449,0.202,0.8516420121377745,0.8291770617575211,0.8742360970146138,-0.01893524522048129,0.05,0.1018981018981019,0.46153846153846156,0.37502429149797567,0.3742857142857143,247,350,ood,uni2,0.10944610944610945,False,0.216962962962963,False
ood_attention_uni2,0.7,0.7057142857142857,0.005714285714285783,91.04461288452148,sensitivity,0.9312977099236641,0.9736842105263158,0.0423865006026517,0.04334300317049228,0.011517685917510928,0.08271003595946393,0.05098779971891352,0.004,0.9314119610946386,0.9058823529411765,0.9642857142857143,0.04227224943167718,0.996,0.00999000999000999,0.46153846153846156,0.37502429149797567,0.3742857142857143,247,350,ood,uni2,0.043456543456543456,True,0.02047058823529412,True
ood_attention_uni2,0.7,0.7057142857142857,0.005714285714285783,91.04461288452148,specificity,0.771689497716895,0.6917293233082706,-0.07996017440862435,-0.07934315008238346,-0.12301852783366868,-0.03625273237778275,0.060892951641291646,0.0,0.7718720631809104,0.7368421052631579,0.8089245306738183,-0.08014273987263976,0.0,0.001998001998001998,0.46153846153846156,0.37502429149797567,0.3742857142857143,247,350,ood,uni2,0.002414252414252414,True,0.0,True
ood_attention_uni2,0.7,0.7057142857142857,0.005714285714285783,91.04461288452148,ppv,0.7093023255813954,0.7302631578947368,0.02096083231334145,0.02088762362430176,-0.006400350631803278,0.05003859410161007,0.040747586385451603,0.142,0.7101243861285016,0.6641174446252034,0.7540983606557377,0.02013877176623524,0.796,0.4095904095904096,0.46153846153846156,0.37502429149797567,0.3742857142857143,247,350,ood,uni2,0.4293297064381402,False,0.16044155844155844,False
ood_attention_uni2,0.7,0.7057142857142857,0.005714285714285783,91.04461288452148,npv,0.949438202247191,0.968421052631579,0.01898285038438796,0.019998465217715016,-0.008927263799977419,0.05262566971320514,0.04437349007226361,0.188,0.9493675304609555,0.9304297269969666,0.9747899159663865,0.019053522170623505,0.955,0.0919080919080919,0.46153846153846156,0.37502429149797567,0.3742857142857143,247,350,ood,uni2,0.1992641504836627,False,0.32712,False
ood_attention_uni2,0.7,0.7057142857142857,0.005714285714285783,91.04461288452148,f1,0.8052805280528053,0.8345864661654135,0.029305938112608287,0.029601319985219077,0.007729144478196071,0.05463136063423306,0.033163112828718595,0.006,0.8056341581936562,0.7729468599033816,0.8356807511737089,0.028952307971757296,0.968,0.06593406593406594,0.46153846153846156,0.37502429149797567,0.3742857142857143,247,350,ood,uni2,0.07648351648351648,False,0.007676470588235294,True
ood_attention_uni2,0.7,0.7057142857142857,0.005714285714285783,91.04461288452148,brier,0.11120478108400288,0.11936176215096045,0.008156981066957572,0.007785704822473549,-0.008155068994592883,0.022926725420974337,0.022725851316900785,0.316,0.11104656847584009,0.09369246802172912,0.1277391815101216,0.008315193675120361,0.832,0.33766233766233766,0.46153846153846156,0.37502429149797567,0.3742857142857143,247,350,ood,uni2,0.3626743626743627,False,0.33739024390243905,False
ood_attention_uni2,0.7,0.7057142857142857,0.005714285714285783,91.04461288452148,ece,0.0814270263660832,0.10741079541305944,0.025983769046976232,0.023540176345520573,0.005675959951588829,0.043990725136802515,0.02739956590624819,0.012,0.08585965754887229,0.06578636007245137,0.10637828485881401,0.02155113786418715,0.98,0.04195804195804196,0.46153846153846156,0.37502429149797567,0.3742857142857143,247,350,ood,uni2,0.09125874125874125,False,0.0522,False
ood_attention_uni2,0.7,0.7057142857142857,0.005714285714285783,91.04461288452148,cal_gap,0.08142702636608323,0.10741079541305942,0.02598376904697619,0.026352252745114185,0.006122214142535583,0.048831113473231616,0.031438887985335985,0.01,0.0811636213740675,0.05866906417904681,0.10303872836067254,0.02624717403899192,0.992,0.017982017982017984,0.46153846153846156,0.37502429149797567,0.3742857142857143,247,350,ood,uni2,0.11174539745968318,False,0.2920714285714286,False
ood_attention_uni2,0.7,0.7057142857142857,0.005714285714285783,91.04461288452148,accuracy,0.8314285714285714,0.8218623481781376,-0.00956622325043377,-0.009158934920916136,-0.03393212505193191,0.016523514480536516,0.03543539347511939,0.45,0.8316923076923076,0.805668016194332,0.8582995951417004,-0.009829959514169984,0.184,0.5634365634365635,0.46153846153846156,0.37502429149797567,0.3742857142857143,247,350,ood,uni2,0.6127372627372628,False,0.489375,False
entropy_uni2,0.9,0.8685714285714285,-0.03142857142857147,0.5843285850478745,auroc,0.9314719927498344,0.9444699192956714,0.01299792654583698,0.013054628185111388,0.005251769494873748,0.02313786252192588,0.011876448731760796,0.002,0.9315987555619781,0.9219228470373657,0.9425257780360029,0.012871163733693236,0.992,0.017982017982017984,0.3815789473684211,0.37398026315789473,0.3742857142857143,304,350,predictive,uni2,0.023006405359346536,True,0.002558823529411765,True
entropy_uni2,0.9,0.8685714285714285,-0.03142857142857147,0.5843285850478745,auprc,0.852705096595749,0.8679926104921514,0.015287513896402372,0.015755150093503322,0.006296402625173128,0.028147556784739226,0.015089438475790008,0.002,0.8533763824581752,0.8292344448932986,0.8939194843136741,0.01461622803397622,0.826,0.34965034965034963,0.3815789473684211,0.37398026315789473,0.3742857142857143,304,350,predictive,uni2,0.4224941724941724,False,0.0034117647058823533,True
entropy_uni2,0.9,0.8685714285714285,-0.03142857142857147,0.5843285850478745,bss,0.5251634534912213,0.6048100552868787,0.07964660179565741,0.07940436009738175,0.04520556877053357,0.11364673528444774,0.05110302843400613,0.0,0.5251262046891283,0.48080484912432714,0.5719724684796252,0.0796838505977504,0.999,0.003996003996003996,0.3815789473684211,0.37398026315789473,0.3742857142857143,304,350,predictive,uni2,0.005699218813972912,True,0.0,True
entropy_uni2,0.9,0.8685714285714285,-0.03142857142857147,0.5843285850478745,balanced_accuracy,0.8514936038202796,0.8990278796771827,0.04753427585690306,0.04724118850890796,0.027204020966886507,0.06876108787071986,0.029166372559585176,0.0,0.8516152577677659,0.8379544079333242,0.8660791554520243,0.04741262190941675,1.0,0.001998001998001998,0.3815789473684211,0.37398026315789473,0.3742857142857143,304,350,predictive,uni2,0.002414252414252414,True,0.0,True
entropy_uni2,0.9,0.8685714285714285,-0.03142857142857147,0.5843285850478745,sensitivity,0.9312977099236641,0.9310344827586207,-0.0002632271650434559,-0.000598482746300405,-0.012745652637477069,0.01633103858123251,0.021205889071484716,0.9,0.9316975613935866,0.9189004914004915,0.9487179487179487,-0.0006630786349659523,0.53,0.9410589410589411,0.3815789473684211,0.37398026315789473,0.3742857142857143,304,350,predictive,uni2,0.9410589410589411,False,0.9,False
entropy_uni2,0.9,0.8685714285714285,-0.03142857142857147,0.5843285850478745,specificity,0.771689497716895,0.8670212765957447,0.0953317788788497,0.09508085976411633,0.05957105911168205,0.1342908719313214,0.053466720784420434,0.0,0.7715329541419451,0.75,0.793654884634266,0.09548832245379957,1.0,0.001998001998001998,0.3815789473684211,0.37398026315789473,0.3742857142857143,304,350,predictive,uni2,0.002414252414252414,True,0.0,True
entropy_uni2,0.9,0.8685714285714285,-0.03142857142857147,0.5843285850478745,ppv,0.7093023255813954,0.8120300751879699,0.10272774960657449,0.10249161670664186,0.058378942796043894,0.1529280595265649,0.06869210061909066,0.0,0.708984825184825,0.6824246017540719,0.7364953769559033,0.1030452500031449,1.0,0.001998001998001998,0.3815789473684211,0.37398026315789473,0.3742857142857143,304,350,predictive,uni2,0.002716033966033966,True,0.0,True
entropy_uni2,0.9,0.8685714285714285,-0.03142857142857147,0.5843285850478745,npv,0.949438202247191,0.9532163742690059,0.003778172021814852,0.003556846114324795,-0.003141233009313457,0.015497613843137461,0.014898449061111766,0.762,0.9497603440660518,0.9403973509933775,0.9622641509433962,0.0034560302029540413,0.651,0.6993006993006993,0.3815789473684211,0.37398026315789473,0.3742857142857143,304,350,predictive,uni2,0.9944474130520643,False,0.9470571428571428,False
entropy_uni2,0.9,0.8685714285714285,-0.03142857142857147,0.5843285850478745,f1,0.8052805280528053,0.8674698795180723,0.06218935146526705,0.0620498942542129,0.03277655825173971,0.09396755489541157,0.04451291872120442,0.0,0.8051413540120524,0.785985269594219,0.8249121259022464,0.06232852550601986,1.0,0.001998001998001998,0.3815789473684211,0.37398026315789473,0.3742857142857143,304,350,predictive,uni2,0.0026337299064571793,True,0.0,True
entropy_uni2,0.9,0.8685714285714285,-0.03142857142857147,0.5843285850478745,brier,0.11120478108400288,0.09325552192589759,-0.017949259158105288,-0.017818441750301322,-0.02564691983457569,-0.010549218827933872,0.010802795096466183,0.0,0.11111347118885954,0.10080080953378308,0.12110813483802428,-0.017857949262961956,0.001,0.003996003996003996,0.3815789473684211,0.37398026315789473,0.3742857142857143,304,350,predictive,uni2,0.005348497656189964,True,0.0,True
entropy_uni2,0.9,0.8685714285714285,-0.03142857142857147,0.5843285850478745,ece,0.0814270263660832,0.06581737813853816,-0.015609648227545042,-0.017462621289015403,-0.03320973787291362,-0.002866009119056532,0.022057539537193513,0.01,0.08249627808439715,0.06907868841887983,0.09509648865774865,-0.016678899945858985,0.01,0.02197802197802198,0.3815789473684211,0.37398026315789473,0.3742857142857143,304,350,predictive,uni2,0.07081807081807082,False,0.0522,False
entropy_uni2,0.9,0.8685714285714285,-0.03142857142857147,0.5843285850478745,cal_gap,0.08142702636608323,0.06581737813853816,-0.01560964822754507,-0.015716887383919236,-0.03366440554112766,0.002480033588032658,0.026648851356744885,0.092,0.08156448499405279,0.06825358012028074,0.09480282056185962,-0.015747106855514628,0.011,0.023976023976023976,0.3815789473684211,0.37398026315789473,0.3742857142857143,304,350,predictive,uni2,0.11588411588411589,False,0.2920714285714286,False
entropy_uni2,0.9,0.8685714285714285,-0.03142857142857147,0.5843285850478745,accuracy,0.8314285714285714,0.8914473684210527,0.06001879699248125,0.059811299622219254,0.03546955777408528,0.08642898671096344,0.03673391247647695,0.0,0.8314210526315791,0.8157894736842105,0.8453947368421053,0.060026315789473594,1.0,0.001998001998001998,0.3815789473684211,0.37398026315789473,0.3742857142857143,304,350,predictive,uni2,0.0025192199105242585,True,0.0,True
entropy_uni2,0.8,0.7514285714285714,-0.0485714285714286,0.4071299380526955,auroc,0.9314719927498344,0.953903300450615,0.02243130770078061,0.022567042775873035,0.010039629241331848,0.03844191863439033,0.020212029476911066,0.002,0.9314184130430945,0.9177510842432609,0.9465698397898924,0.022484887407520526,0.996,0.00999000999000999,0.38783269961977185,0.3750950570342205,0.3742857142857143,263,350,predictive,uni2,0.014731031680184222,True,0.002558823529411765,True
entropy_uni2,0.8,0.7514285714285714,-0.0485714285714286,0.4071299380526955,auprc,0.852705096595749,0.8785985789257426,0.025893482329993556,0.026963046712420426,0.009131400502220192,0.048495867943848914,0.027731257546338973,0.006,0.8543208521738218,0.8173085534986742,0.9040580332447121,0.024277726751920747,0.842,0.3176823176823177,0.38783269961977185,0.3750950570342205,0.3742857142857143,263,350,predictive,uni2,0.4224941724941724,False,0.00815625,True
entropy_uni2,0.8,0.7514285714285714,-0.0485714285714286,0.4071299380526955,bss,0.5251634534912213,0.6877774091460203,0.16261395565479897,0.16260905882521254,0.095984944462284,0.23242191897022385,0.09650791876964217,0.0,0.5247641607103626,0.4636705666989993,0.5938743639228344,0.16301324843565768,1.0,0.001998001998001998,0.38783269961977185,0.3750950570342205,0.3742857142857143,263,350,predictive,uni2,0.003160475887748615,True,0.0,True
entropy_uni2,0.8,0.7514285714285714,-0.0485714285714286,0.4071299380526955,balanced_accuracy,0.8514936038202796,0.9275971258068445,0.07610352198656489,0.07585528860025,0.04703359024337099,0.10676531021715356,0.04212612302931923,0.0,0.8516909730413641,0.8325777249182615,0.8742958071891718,0.0759061527654804,1.0,0.001998001998001998,0.38783269961977185,0.3750950570342205,0.3742857142857143,263,350,predictive,uni2,0.002414252414252414,True,0.0,True
entropy_uni2,0.8,0.7514285714285714,-0.0485714285714286,0.4071299380526955,sensitivity,0.9312977099236641,0.9607843137254902,0.029486603801826106,0.029314590649851303,-0.0007493505180095503,0.06511554851398596,0.04730156506894038,0.058,0.9316968775285822,0.9090909090909091,0.9587628865979382,0.029087436196908012,0.989,0.023976023976023976,0.38783269961977185,0.3750950570342205,0.3742857142857143,263,350,predictive,uni2,0.061350414291590764,False,0.08552542372881357,False
entropy_uni2,0.8,0.7514285714285714,-0.0485714285714286,0.4071299380526955,specificity,0.771689497716895,0.8944099378881988,0.12272044017130379,0.12239598655064869,0.07864648179588762,0.17491286129256173,0.06731082798323892,0.0,0.7716850685541461,0.7411764705882353,0.8052119938884645,0.12272486933405269,1.0,0.001998001998001998,0.38783269961977185,0.3750950570342205,0.3742857142857143,263,350,predictive,uni2,0.002414252414252414,True,0.0,True
entropy_uni2,0.8,0.7514285714285714,-0.0485714285714286,0.4071299380526955,ppv,0.7093023255813954,0.8521739130434782,0.14287158746208284,0.14263723794568506,0.08755902060986809,0.20805593111791076,0.08567993592709847,0.0,0.7100722796172695,0.671872018129771,0.75,0.14210163342620874,1.0,0.001998001998001998,0.38783269961977185,0.3750950570342205,0.3742857142857143,263,350,predictive,uni2,0.002716033966033966,True,0.0,True
entropy_uni2,0.8,0.7514285714285714,-0.0485714285714286,0.4071299380526955,npv,0.949438202247191,0.972972972972973,0.023534770725782028,0.02338594556481638,0.0015958601611638869,0.04874891562649555,0.034304106206993375,0.024,0.9495288032496828,0.9318181818181818,0.9703703703703703,0.02344416972329022,0.992,0.017982017982017984,0.38783269961977185,0.3750950570342205,0.3742857142857143,263,350,predictive,uni2,0.05394605394605395,False,0.07909090909090909,False
entropy_uni2,0.8,0.7514285714285714,-0.0485714285714286,0.4071299380526955,f1,0.8052805280528053,0.9032258064516129,0.09794527839880762,0.09793315358604579,0.060634988049899495,0.14178508903080014,0.058129633625097495,0.0,0.805749292957026,0.7787490489728908,0.8340817801202899,0.09747651349458686,1.0,0.001998001998001998,0.38783269961977185,0.3750950570342205,0.3742857142857143,263,350,predictive,uni2,0.0026337299064571793,True,0.0,True
entropy_uni2,0.8,0.7514285714285714,-0.0485714285714286,0.4071299380526955,brier,0.11120478108400288,0.07412741816426514,-0.03707736291973773,-0.036962061637433964,-0.05196613230704985,-0.02180744327515816,0.021712096834518874,0.0,0.11123895577622875,0.09615005776968855,0.12534809436047095,-0.037111537611963605,0.0,0.001998001998001998,0.38783269961977185,0.3750950570342205,0.3742857142857143,263,350,predictive,uni2,0.0031040388183245326,True,0.0,True
entropy_uni2,0.8,0.7514285714285714,-0.0485714285714286,0.4071299380526955,ece,0.0814270263660832,0.056463414012142804,-0.0249636123539404,-0.028723838181481616,-0.052672417562214406,-0.00876565466559494,0.03175020379315291,0.006,0.08487255052816053,0.0672787168986689,0.10294531272261045,-0.02840913651601773,0.0,0.001998001998001998,0.38783269961977185,0.3750950570342205,0.3742857142857143,263,350,predictive,uni2,0.021728271728271728,True,0.043500000000000004,True
entropy_uni2,0.8,0.7514285714285714,-0.0485714285714286,0.4071299380526955,cal_gap,0.08142702636608323,0.05646341401214283,-0.0249636123539404,-0.024957250846717866,-0.05197092781104968,0.0005776060109837551,0.036437669231685905,0.058,0.0812489255976048,0.06297058132639777,0.1005724309842251,-0.024785511585461967,0.004,0.00999000999000999,0.38783269961977185,0.3750950570342205,0.3742857142857143,263,350,predictive,uni2,0.09481427663245845,False,0.2920714285714286,False
entropy_uni2,0.8,0.7514285714285714,-0.0485714285714286,0.4071299380526955,accuracy,0.8314285714285714,0.9201520912547528,0.08872351982618143,0.08853627872328648,0.056053224291431905,0.12456509072002289,0.04792512206293981,0.0,0.8316920152091255,0.8098859315589354,0.8555133079847909,0.08846007604562733,1.0,0.001998001998001998,0.38783269961977185,0.3750950570342205,0.3742857142857143,263,350,predictive,uni2,0.0025192199105242585,True,0.0,True
entropy_uni2,0.7,0.6571428571428571,-0.042857142857142816,0.2681864273791168,auroc,0.9314719927498344,0.9593650793650793,0.027893086615244922,0.02817196390969753,0.011551007774071639,0.04699037262504834,0.025691778451891557,0.006,0.9317736105730446,0.9133309162545058,0.9505896710476328,0.027591468792034668,0.999,0.003996003996003996,0.391304347826087,0.3733478260869565,0.3742857142857143,230,350,predictive,uni2,0.008084938317496458,True,0.007352112676056339,True
entropy_uni2,0.7,0.6571428571428571,-0.042857142857142816,0.2681864273791168,auprc,0.852705096595749,0.8837369054803123,0.03103180888456325,0.03280456669501662,0.006306861926553448,0.062064857769448215,0.038923686691012954,0.012,0.8552966477981105,0.8064652113624062,0.9151555414589782,0.02844025768220171,0.837,0.3276723276723277,0.391304347826087,0.3733478260869565,0.3742857142857143,230,350,predictive,uni2,0.4224941724941724,False,0.01392,True
entropy_uni2,0.7,0.6571428571428571,-0.042857142857142816,0.2681864273791168,bss,0.5251634534912213,0.7529460068188598,0.22778255332763853,0.22905529015596557,0.14772439014711733,0.3209257583786995,0.1253739336391135,0.0,0.525311275134978,0.44548174066431073,0.6078175776173003,0.22763473168388182,1.0,0.001998001998001998,0.391304347826087,0.3733478260869565,0.3742857142857143,230,350,predictive,uni2,0.003160475887748615,True,0.0,True
entropy_uni2,0.7,0.6571428571428571,-0.042857142857142816,0.2681864273791168,balanced_accuracy,0.8514936038202796,0.946031746031746,0.09453814221146639,0.09468021942611944,0.06376348838310576,0.12758239392084209,0.04698774282546542,0.0,0.8518313218055276,0.827390113058821,0.8768587734104976,0.09420042422621844,1.0,0.001998001998001998,0.391304347826087,0.3733478260869565,0.3742857142857143,230,350,predictive,uni2,0.002414252414252414,True,0.0,True
entropy_uni2,0.7,0.6571428571428571,-0.042857142857142816,0.2681864273791168,sensitivity,0.9312977099236641,0.9777777777777777,0.04648006785411363,0.04698082928980081,0.012226198072522416,0.09041504141939838,0.057602183003918235,0.002,0.9313026177243426,0.9024390243902439,0.9638661790017211,0.046475160053435105,0.999,0.003996003996003996,0.391304347826087,0.3733478260869565,0.3742857142857143,230,350,predictive,uni2,0.02483231054659626,True,0.011600000000000001,True
entropy_uni2,0.7,0.6571428571428571,-0.042857142857142816,0.2681864273791168,specificity,0.771689497716895,0.9142857142857143,0.14259621656881927,0.14237960956243806,0.092840288874127,0.19691748366013068,0.07245221493274778,0.0,0.7723600258867124,0.7342544146500981,0.8125112410071942,0.14192568839900188,1.0,0.001998001998001998,0.391304347826087,0.3733478260869565,0.3742857142857143,230,350,predictive,uni2,0.002414252414252414,True,0.0,True
entropy_uni2,0.7,0.6571428571428571,-0.042857142857142816,0.2681864273791168,ppv,0.7093023255813954,0.88,0.17069767441860462,0.17071313140868266,0.10820707700432391,0.2377053323865558,0.09301720461003196,0.0,0.7091058048003147,0.6637126788520388,0.7565276145710927,0.1708941951996853,1.0,0.001998001998001998,0.391304347826087,0.3733478260869565,0.3742857142857143,230,350,predictive,uni2,0.002716033966033966,True,0.0,True
entropy_uni2,0.7,0.6571428571428571,-0.042857142857142816,0.2681864273791168,npv,0.949438202247191,0.9846153846153847,0.03517718236819367,0.035441461547911626,0.01023494844571865,0.06652434543757482,0.041970771240952984,0.002,0.9496595007767703,0.9279279279279279,0.9739130434782609,0.034955883838614366,1.0,0.001998001998001998,0.391304347826087,0.3733478260869565,0.3742857142857143,230,350,predictive,uni2,0.01337124414047491,True,0.011600000000000001,True
entropy_uni2,0.7,0.6571428571428571,-0.042857142857142816,0.2681864273791168,f1,0.8052805280528053,0.9263157894736842,0.12103526142087895,0.1215151735931102,0.08035270915315985,0.16864084883225755,0.06398158739240159,0.0,0.8048967274621558,0.7724815338676725,0.8372314507198229,0.12141906201152841,1.0,0.001998001998001998,0.391304347826087,0.3733478260869565,0.3742857142857143,230,350,predictive,uni2,0.0026337299064571793,True,0.0,True
entropy_uni2,0.7,0.6571428571428571,-0.042857142857142816,0.2681864273791168,brier,0.11120478108400288,0.05884461841365534,-0.052360162670347536,-0.052492171974367945,-0.07304523452717224,-0.03302519941883281,0.02836885827265254,0.0,0.1108421065601109,0.0923112979855049,0.12791253862673288,-0.05199748814645556,0.0,0.001998001998001998,0.391304347826087,0.3733478260869565,0.3742857142857143,230,350,predictive,uni2,0.0031040388183245326,True,0.0,True
entropy_uni2,0.7,0.6571428571428571,-0.042857142857142816,0.2681864273791168,ece,0.0814270263660832,0.04980932609633662,-0.031617700269746585,-0.0397895786692588,-0.06720360442502933,-0.0149590469509719,0.03670566135984375,0.002,0.08670927513323412,0.06642950567907818,0.1104516655075207,-0.0368999490368975,0.0,0.001998001998001998,0.391304347826087,0.3733478260869565,0.3742857142857143,230,350,predictive,uni2,0.021728271728271728,True,0.02485714285714286,True
entropy_uni2,0.7,0.6571428571428571,-0.042857142857142816,0.2681864273791168,cal_gap,0.08142702636608323,0.04980932609633665,-0.031617700269746585,-0.03152152582381464,-0.061720074281365084,-0.0011471173968009252,0.042046262602986675,0.042,0.08113774028411691,0.0567248976037397,0.10443893790315918,-0.03132841418778026,0.004,0.00999000999000999,0.391304347826087,0.3733478260869565,0.3742857142857143,230,350,predictive,uni2,0.09481427663245845,False,0.2920714285714286,False
entropy_uni2,0.7,0.6571428571428571,-0.042857142857142816,0.2681864273791168,accuracy,0.8314285714285714,0.9391304347826087,0.10770186335403731,0.10783493451366312,0.07415436382021684,0.14534546155459685,0.05213772819536034,0.0,0.8317,0.8043478260869565,0.8608695652173913,0.10743043478260872,1.0,0.001998001998001998,0.391304347826087,0.3733478260869565,0.3742857142857143,230,350,predictive,uni2,0.0025192199105242585,True,0.0,True
de_predictive_entropy_conch,0.9,0.9,0.0,0.636958857237208,auroc,0.9156122555683363,0.9298245614035088,0.014212305835172523,0.014365970158878078,0.00807991723720787,0.02255272793581568,0.010600493971707791,0.0,0.9156390072644712,0.9067678974721712,0.9269026971690932,0.014185554139037548,0.995,0.011988011988011988,0.3619047619047619,0.3744476190476191,0.3742857142857143,315,350,deep_ensemble,conch,0.017097656441918737,True,0.0,True
de_predictive_entropy_conch,0.9,0.9,0.0,0.636958857237208,auprc,0.8580007958180558,0.8747218438171702,0.016721047999114447,0.016911459623272732,0.00858120068385013,0.02748209543878024,0.013696229922683295,0.0,0.858138495923853,0.8400680221959789,0.8792030242465795,0.01658334789331717,0.933,0.13586413586413587,0.3619047619047619,0.3744476190476191,0.3742857142857143,315,350,deep_ensemble,conch,0.41980660848585377,False,0.0,True
de_predictive_entropy_conch,0.9,0.9,0.0,0.636958857237208,bss,0.5146836102706547,0.5627773682216576,0.0480937579510029,0.04790095749817746,0.026210855463419194,0.07420557284389157,0.03429431921939307,0.0,0.5145858210090914,0.48275692341640336,0.5501736674923622,0.04819154721256613,0.997,0.007992007992007992,0.3619047619047619,0.3744476190476191,0.3742857142857143,315,350,deep_ensemble,conch,0.010864135864135864,True,0.0,True
de_predictive_entropy_conch,0.9,0.9,0.0,0.636958857237208,balanced_accuracy,0.7906688974868417,0.8157894736842105,0.02512057619736885,0.025108196271736338,0.012941155405450799,0.03826448235299901,0.01773648391174411,0.0,0.7910600239259841,0.7800016037979154,0.8028859274822389,0.02472944975822644,1.0,0.001998001998001998,0.3619047619047619,0.3744476190476191,0.3742857142857143,315,350,deep_ensemble,conch,0.002414252414252414,True,0.0,True
de_predictive_entropy_conch,0.9,0.9,0.0,0.636958857237208,sensitivity,0.9694656488549618,0.9649122807017544,-0.004553368153207393,-0.004736497706425579,-0.010407989447898962,-0.000980163627222447,0.007108213931493722,0.026,0.969313461824393,0.9646017699115044,0.9824561403508771,-0.004401181122638653,0.033,0.11788211788211789,0.3619047619047619,0.3744476190476191,0.3742857142857143,315,350,deep_ensemble,conch,0.22295096208139686,False,0.04188888888888889,True
de_predictive_entropy_conch,0.9,0.9,0.0,0.636958857237208,specificity,0.6118721461187214,0.6666666666666666,0.0547945205479452,0.054952890249898245,0.031285406480215036,0.0811076845653022,0.03465911320321949,0.0,0.6128065860275752,0.592964824120603,0.634020618556701,0.05386008063909142,1.0,0.001998001998001998,0.3619047619047619,0.3744476190476191,0.3742857142857143,315,350,deep_ensemble,conch,0.002414252414252414,True,0.0,True
de_predictive_entropy_conch,0.9,0.9,0.0,0.636958857237208,ppv,0.5990566037735849,0.6214689265536724,0.022412322780087424,0.02230241769347776,-0.008315989050169508,0.053342956164344126,0.044238651471013954,0.14,0.5997611561997986,0.5783783783783784,0.6223578311239836,0.021707770353873723,0.969,0.06393606393606394,0.3619047619047619,0.3744476190476191,0.3742857142857143,315,350,deep_ensemble,conch,0.07834419102024735,False,0.16026315789473686,False
de_predictive_entropy_conch,0.9,0.9,0.0,0.636958857237208,npv,0.9710144927536232,0.9710144927536232,0.0,0.0,0.0,0.0,0.0,1.0,0.9709005715381416,0.9666666666666667,0.9836065573770492,0.00011392121548159384,0.651,0.6993006993006993,0.3619047619047619,0.3744476190476191,0.3742857142857143,315,350,deep_ensemble,conch,0.9944474130520643,False,1.0,False
de_predictive_entropy_conch,0.9,0.9,0.0,0.636958857237208,f1,0.7405247813411079,0.7560137457044673,0.015488964363359448,0.015273330778955,-0.008515756076885062,0.038388962034267386,0.03363060403194255,0.19,0.7409556696304482,0.7236842105263158,0.7588424437299035,0.0150580760740191,0.95,0.1018981018981019,0.3619047619047619,0.3744476190476191,0.3742857142857143,315,350,deep_ensemble,conch,0.11365557519403675,False,0.206625,False
de_predictive_entropy_conch,0.9,0.9,0.0,0.636958857237208,brier,0.11365911759138929,0.10096769347008251,-0.012691424121306777,-0.012711352261960107,-0.019108101505564804,-0.007697469169604156,0.008196865218396803,0.0,0.11365630023854677,0.10544181584661944,0.12063619685981099,-0.012688606768464256,0.002,0.005994005994005994,0.3619047619047619,0.3744476190476191,0.3742857142857143,315,350,deep_ensemble,conch,0.0077832615146047985,True,0.0,True
de_predictive_entropy_conch,0.9,0.9,0.0,0.636958857237208,ece,0.05415177102333733,0.05963137475921522,0.005479603735877886,-0.0006915836271392748,-0.01556033253018637,0.012801410037684768,0.020415681994034963,0.928,0.05715635709112422,0.046942009412727886,0.06678892622007027,0.002475017668091002,0.67,0.6613386613386614,0.3619047619047619,0.3744476190476191,0.3742857142857143,315,350,deep_ensemble,conch,0.7283096650185258,False,0.9611428571428572,False
de_predictive_entropy_conch,0.9,0.9,0.0,0.636958857237208,cal_gap,0.045390384918344906,0.05389892633649568,0.008508541418150772,0.008491610779974776,-0.007815883841815125,0.025170162752853793,0.023420891631980835,0.288,0.04523555296260035,0.03317013239428873,0.05719574966852269,0.008663373373895326,0.922,0.15784215784215785,0.3619047619047619,0.3744476190476191,0.3742857142857143,315,350,deep_ensemble,conch,0.29089278068869906,False,0.47275471698113203,False
de_predictive_entropy_conch,0.9,0.9,0.0,0.636958857237208,accuracy,0.7457142857142857,0.7746031746031746,0.028888888888888964,0.02891900041490827,0.010497095806198132,0.04884879770766875,0.027536847882349183,0.004,0.7462984126984129,0.7333333333333333,0.7619047619047619,0.02830476190476172,1.0,0.001998001998001998,0.3619047619047619,0.3744476190476191,0.3742857142857143,315,350,deep_ensemble,conch,0.0025192199105242585,True,0.004971428571428572,True
de_predictive_entropy_conch,0.8,0.7771428571428571,-0.02285714285714291,0.5338044034803715,auroc,0.9156122555683363,0.944704996815471,0.02909274124713479,0.029288419967202196,0.01720175258052765,0.04352251462278524,0.018473995160392068,0.0,0.9157945357595627,0.9005588277454208,0.9328267603958813,0.028910461055908332,0.999,0.003996003996003996,0.3713235294117647,0.37473529411764706,0.3742857142857143,272,350,deep_ensemble,conch,0.008084938317496458,True,0.0,True
de_predictive_entropy_conch,0.8,0.7771428571428571,-0.02285714285714291,0.5338044034803715,auprc,0.8580007958180558,0.8957364602616011,0.03773566444354537,0.038016045815659226,0.021780455241179924,0.058003374060640225,0.025621013277164408,0.0,0.8585177144419369,0.8281826880224662,0.8931219043743893,0.03721874581966422,0.985,0.03196803196803197,0.3713235294117647,0.37473529411764706,0.3742857142857143,272,350,deep_ensemble,conch,0.25696043087347437,False,0.0,True
de_predictive_entropy_conch,0.8,0.7771428571428571,-0.02285714285714291,0.5338044034803715,bss,0.5146836102706547,0.6430806449324711,0.1283970346618164,0.1290772952808367,0.07730668113538751,0.18378516417757784,0.07511862033401268,0.0,0.514782269270158,0.4646860200996033,0.5736846020690032,0.12829837566231306,1.0,0.001998001998001998,0.3713235294117647,0.37473529411764706,0.3742857142857143,272,350,deep_ensemble,conch,0.003160475887748615,True,0.0,True
de_predictive_entropy_conch,0.8,0.7771428571428571,-0.02285714285714291,0.5338044034803715,balanced_accuracy,0.7906688974868417,0.869086908690869,0.07841801120402736,0.07856573875360603,0.05608845315823075,0.10096148041600234,0.03320588112575207,0.0,0.7907518066856855,0.7730532407395488,0.8090729357197335,0.07833510200518357,1.0,0.001998001998001998,0.3713235294117647,0.37473529411764706,0.3742857142857143,272,350,deep_ensemble,conch,0.002414252414252414,True,0.0,True
de_predictive_entropy_conch,0.8,0.7771428571428571,-0.02285714285714291,0.5338044034803715,sensitivity,0.9694656488549618,0.9603960396039604,-0.00906960925100142,-0.009387005668202717,-0.02009560440889587,-0.0019809532070982,0.013507289758675744,0.026,0.9699936936338636,0.9587628865979382,0.9900024752475247,-0.009597654029903202,0.094,0.23576423576423577,0.3713235294117647,0.37473529411764706,0.3742857142857143,272,350,deep_ensemble,conch,0.36627658056229484,False,0.04188888888888889,True
de_predictive_entropy_conch,0.8,0.7771428571428571,-0.02285714285714291,0.5338044034803715,specificity,0.6118721461187214,0.7777777777777778,0.16590563165905636,0.16651848317541482,0.12446382717162753,0.2112037052117604,0.06527188746831784,0.0,0.611509919737507,0.5764656031904287,0.6449704142011834,0.16626785804027078,1.0,0.001998001998001998,0.3713235294117647,0.37473529411764706,0.3742857142857143,272,350,deep_ensemble,conch,0.002414252414252414,True,0.0,True
de_predictive_entropy_conch,0.8,0.7771428571428571,-0.02285714285714291,0.5338044034803715,ppv,0.5990566037735849,0.7185185185185186,0.11946191474493362,0.12001296978778879,0.06416285081610773,0.17374583754634315,0.07800310697566136,0.0,0.5994181056735818,0.5646986647419704,0.6341750358680057,0.11910041284493678,1.0,0.001998001998001998,0.3713235294117647,0.37473529411764706,0.3742857142857143,272,350,deep_ensemble,conch,0.002716033966033966,True,0.0,True
de_predictive_entropy_conch,0.8,0.7771428571428571,-0.02285714285714291,0.5338044034803715,npv,0.9710144927536232,0.9708029197080292,-0.00021157304559393797,-0.00021225795434727578,-0.0008173593428334097,0.0,0.0007107641061137417,0.76,0.9714249910300965,0.9611650485436893,0.9904761904761905,-0.0006220713220672636,0.381,0.7632367632367633,0.3713235294117647,0.37473529411764706,0.3742857142857143,272,350,deep_ensemble,conch,0.9944474130520643,False,0.9470571428571428,False
de_predictive_entropy_conch,0.8,0.7771428571428571,-0.02285714285714291,0.5338044034803715,f1,0.7405247813411079,0.8220338983050848,0.08150911696397689,0.08174803116581947,0.04244414101290968,0.1194042677983621,0.05506047591286116,0.0,0.7407998038652551,0.7126436781609196,0.7686573803579965,0.08123409443982965,1.0,0.001998001998001998,0.3713235294117647,0.37473529411764706,0.3742857142857143,272,350,deep_ensemble,conch,0.0026337299064571793,True,0.0,True
de_predictive_entropy_conch,0.8,0.7771428571428571,-0.02285714285714291,0.5338044034803715,brier,0.11365911759138929,0.08332009868851768,-0.030339018902871606,-0.030426704398973214,-0.043235487480440045,-0.01937968335923834,0.016685171403692287,0.0,0.11357706459806609,0.100182934861421,0.1252140939606774,-0.030256965909548406,0.0,0.001998001998001998,0.3713235294117647,0.37473529411764706,0.3742857142857143,272,350,deep_ensemble,conch,0.0031040388183245326,True,0.0,True
de_predictive_entropy_conch,0.8,0.7771428571428571,-0.02285714285714291,0.5338044034803715,ece,0.05415177102333733,0.04075013999210892,-0.013401631031228413,-0.020967088736892625,-0.041886101428170466,-0.0023194597437801055,0.028286835596753775,0.02,0.060412432440084075,0.04471394254522987,0.07620823645111695,-0.019662292447975155,0.007,0.015984015984015984,0.3713235294117647,0.37473529411764706,0.3742857142857143,272,350,deep_ensemble,conch,0.0632095177549723,False,0.0725,False
de_predictive_entropy_conch,0.8,0.7771428571428571,-0.02285714285714291,0.5338044034803715,cal_gap,0.045390384918344906,0.030645665544879575,-0.014744719373465331,-0.015173901255696749,-0.040440754425970095,0.008872523828404125,0.035019971079247786,0.214,0.04552999440730576,0.026775005328219026,0.06382760644371634,-0.014884328862426188,0.067,0.13586413586413587,0.3713235294117647,0.37473529411764706,0.3742857142857143,272,350,deep_ensemble,conch,0.29089278068869906,False,0.4231363636363636,False
de_predictive_entropy_conch,0.8,0.7771428571428571,-0.02285714285714291,0.5338044034803715,accuracy,0.7457142857142857,0.8455882352941176,0.09987394957983198,0.10025987516480907,0.06741075395566029,0.13336901604142978,0.04764081080767535,0.0,0.7458419117647058,0.7205882352941176,0.7720588235294118,0.09974632352941182,1.0,0.001998001998001998,0.3713235294117647,0.37473529411764706,0.3742857142857143,272,350,deep_ensemble,conch,0.0025192199105242585,True,0.0,True
de_predictive_entropy_conch,0.7,0.6542857142857142,-0.04571428571428571,0.458737197928879,auroc,0.9156122555683363,0.9572712418300654,0.04165898626172915,0.04189183295297749,0.024529702709224742,0.06182388772349246,0.026902016301416004,0.0,0.9157869246714042,0.8948136488932057,0.9365217846257172,0.04148431715866119,1.0,0.001998001998001998,0.37117903930131,0.374117903930131,0.3742857142857143,229,350,deep_ensemble,conch,0.006685622070237455,True,0.0,True
de_predictive_entropy_conch,0.7,0.6542857142857142,-0.04571428571428571,0.458737197928879,auprc,0.8580007958180558,0.9133263313746501,0.05532553555659436,0.05566451132365599,0.0326862985114937,0.08325143341497468,0.03695142843732815,0.0,0.8584616579695503,0.8158078763051427,0.9037081733708597,0.05486467340509982,0.996,0.00999000999000999,0.37117903930131,0.374117903930131,0.3742857142857143,229,350,deep_ensemble,conch,0.25696043087347437,False,0.0,True
de_predictive_entropy_conch,0.7,0.6542857142857142,-0.04571428571428571,0.458737197928879,bss,0.5146836102706547,0.733769690971791,0.21908608070113633,0.2195716897835046,0.14554561839159885,0.2979899316035856,0.10998569121308116,0.0,0.5147814261000965,0.44161790684519003,0.5855413535967544,0.21898826487169454,1.0,0.001998001998001998,0.37117903930131,0.374117903930131,0.3742857142857143,229,350,deep_ensemble,conch,0.003160475887748615,True,0.0,True
de_predictive_entropy_conch,0.7,0.6542857142857142,-0.04571428571428571,0.458737197928879,balanced_accuracy,0.7906688974868417,0.927859477124183,0.13719057963734138,0.1373678276580643,0.10770322550838184,0.16845560955156377,0.044547382112486544,0.0,0.7907941792564724,0.7657692387316364,0.8162270183852918,0.1370652978677106,1.0,0.001998001998001998,0.37117903930131,0.374117903930131,0.3742857142857143,229,350,deep_ensemble,conch,0.002414252414252414,True,0.0,True
de_predictive_entropy_conch,0.7,0.6542857142857142,-0.04571428571428571,0.458737197928879,sensitivity,0.9694656488549618,0.9529411764705882,-0.0165244723843736,-0.01708622891240229,-0.03546961884653346,-0.003741685968432854,0.02362205887795334,0.026,0.9690913031725757,0.9512195121951219,0.988767166042447,-0.016150126701987566,0.061,0.15784215784215785,0.37117903930131,0.374117903930131,0.3742857142857143,229,350,deep_ensemble,conch,0.27464535464535467,False,0.04188888888888889,True
de_predictive_entropy_conch,0.7,0.6542857142857142,-0.04571428571428571,0.458737197928879,specificity,0.6118721461187214,0.9027777777777778,0.29090563165905636,0.29182188422853084,0.23636045899615735,0.35357493500360837,0.08519560242709505,0.0,0.6124970553403691,0.5675627755414989,0.6594241443108233,0.29028072243740866,1.0,0.001998001998001998,0.37117903930131,0.374117903930131,0.3742857142857143,229,350,deep_ensemble,conch,0.002414252414252414,True,0.0,True
de_predictive_entropy_conch,0.7,0.6542857142857142,-0.04571428571428571,0.458737197928879,ppv,0.5990566037735849,0.8526315789473684,0.25357497517378347,0.2543570370235168,0.18565372010655712,0.3234439125919225,0.1007340828226433,0.0,0.5991849392341148,0.5547445255474452,0.6462674543501612,0.25344663971325365,1.0,0.001998001998001998,0.37117903930131,0.374117903930131,0.3742857142857143,229,350,deep_ensemble,conch,0.002716033966033966,True,0.0,True
de_predictive_entropy_conch,0.7,0.6542857142857142,-0.04571428571428571,0.458737197928879,npv,0.9710144927536232,0.9701492537313433,-0.0008652390222798623,-0.0008729634264522589,-0.0023809523809523725,0.0,0.0017303724703275083,0.058,0.9706859028295686,0.9540229885057471,0.989247311827957,-0.0005366490982252614,0.564,0.8731268731268731,0.37117903930131,0.374117903930131,0.3742857142857143,229,350,deep_ensemble,conch,0.9944474130520643,False,0.13278947368421054,False
de_predictive_entropy_conch,0.7,0.6542857142857142,-0.04571428571428571,0.458737197928879,f1,0.7405247813411079,0.9,0.15947521865889214,0.15991247857834293,0.11328737811484299,0.2087591539241785,0.07030591363212761,0.0,0.7402345932171766,0.7042123109024517,0.7758620689655172,0.15976540678282347,1.0,0.001998001998001998,0.37117903930131,0.374117903930131,0.3742857142857143,229,350,deep_ensemble,conch,0.0026337299064571793,True,0.0,True
de_predictive_entropy_conch,0.7,0.6542857142857142,-0.04571428571428571,0.458737197928879,brier,0.11365911759138929,0.06213952789811937,-0.05151958969326992,-0.051549341058979695,-0.06960015204061269,-0.03418290238092149,0.025434593400961044,0.0,0.11341004574758444,0.09719292172600534,0.12945658020190015,-0.05127051784946507,0.0,0.001998001998001998,0.37117903930131,0.374117903930131,0.3742857142857143,229,350,deep_ensemble,conch,0.0031040388183245326,True,0.0,True
de_predictive_entropy_conch,0.7,0.6542857142857142,-0.04571428571428571,0.458737197928879,ece,0.05415177102333733,0.03864210329575703,-0.015509667727580306,-0.025993991389789174,-0.05385425592088779,-0.001979454141283662,0.036997387881974354,0.036,0.06495309750915515,0.04550754284693588,0.08516217134709929,-0.026310994213398123,0.003,0.007992007992007992,0.37117903930131,0.374117903930131,0.3742857142857143,229,350,deep_ensemble,conch,0.043456543456543456,True,0.10103225806451611,False
de_predictive_entropy_conch,0.7,0.6542857142857142,-0.04571428571428571,0.458737197928879,cal_gap,0.045390384918344906,0.03864210329575701,-0.006748281622587893,-0.007538027876448877,-0.036620309095182074,0.02210679925755284,0.04267707859682028,0.63,0.04534288610723765,0.020618025256894275,0.06897779302010676,-0.006700782811480635,0.302,0.6053946053946054,0.37117903930131,0.374117903930131,0.3742857142857143,229,350,deep_ensemble,conch,0.6930175088069825,False,0.7308,False
de_predictive_entropy_conch,0.7,0.6542857142857142,-0.04571428571428571,0.458737197928879,accuracy,0.7457142857142857,0.9213973799126638,0.17568309419837813,0.17621844635816536,0.1354660844138356,0.21778636044751315,0.06070628822001288,0.0,0.7459082969432316,0.7161572052401747,0.777292576419214,0.17548908296943222,1.0,0.001998001998001998,0.37117903930131,0.374117903930131,0.3742857142857143,229,350,deep_ensemble,conch,0.0025192199105242585,True,0.0,True
within_encoder_mi_conch,0.9,0.9342857142857143,0.03428571428571425,0.06707971111681293,auroc,0.9156122555683363,0.9169887278582931,0.0013764722899568538,0.0013130916857544772,-0.004748632280362372,0.007981340128357616,0.009070287120675922,0.732,0.9153908552521401,0.9087852531383064,0.9240826388936614,0.0015978726061529613,0.677,0.6473526473526473,0.3669724770642202,0.3743302752293578,0.3742857142857143,327,350,epistemic,conch,0.6785503652973532,False,0.7492235294117646,False
within_encoder_mi_conch,0.9,0.9342857142857143,0.03428571428571425,0.06707971111681293,auprc,0.8580007958180558,0.8581451685798043,0.00014437276174850133,0.00016872358830324186,-0.011765447210691084,0.012355663918469522,0.016784356903493728,0.934,0.8577879435078164,0.844003124712911,0.8741973453016406,0.0003572250719878767,0.56,0.8811188811188811,0.3669724770642202,0.3743302752293578,0.3742857142857143,327,350,epistemic,conch,0.8913644495039843,False,0.9340000000000002,False
within_encoder_mi_conch,0.9,0.9342857142857143,0.03428571428571425,0.06707971111681293,bss,0.5146836102706547,0.518269105035878,0.003585494765223296,0.0033360383167159095,-0.02545647270911205,0.035302824598144815,0.04399165938161459,0.866,0.5139216464944295,0.4903458896980503,0.540778809103105,0.004347458541448468,0.651,0.6993006993006993,0.3669724770642202,0.3743302752293578,0.3742857142857143,327,350,epistemic,conch,0.7532467532467533,False,0.882139534883721,False
within_encoder_mi_conch,0.9,0.9342857142857143,0.03428571428571425,0.06707971111681293,balanced_accuracy,0.7906688974868417,0.8021739130434782,0.011505015556636522,0.011376256509478015,0.002185357418802375,0.021288598532011982,0.013999486377158168,0.012,0.7905415332900861,0.7819005243921818,0.8007101270435844,0.011632379753392041,0.983,0.03596403596403597,0.3669724770642202,0.3743302752293578,0.3742857142857143,327,350,epistemic,conch,0.040113732421424735,True,0.014108108108108109,True
within_encoder_mi_conch,0.9,0.9342857142857143,0.03428571428571425,0.06707971111681293,sensitivity,0.9694656488549618,0.9666666666666667,-0.002798982188295107,-0.002869860171548337,-0.006725699100811111,-0.0005538264503746619,0.00453864377571687,0.026,0.9692500604652962,0.9661016949152542,0.976,-0.0025833937986294853,0.065,0.2977022977022977,0.3669724770642202,0.3743302752293578,0.3742857142857143,327,350,epistemic,conch,0.43166833166833174,False,0.04188888888888889,True
within_encoder_mi_conch,0.9,0.9342857142857143,0.03428571428571425,0.06707971111681293,specificity,0.6118721461187214,0.6376811594202898,0.025809013301568373,0.025622373190504363,0.007276768526023364,0.04620531843144816,0.027664796037767593,0.004,0.6118330061148758,0.5951219512195122,0.6292682926829268,0.025848153305414012,0.998,0.005994005994005994,0.3669724770642202,0.3743302752293578,0.3742857142857143,327,350,epistemic,conch,0.006518481518481519,True,0.004578947368421053,True
within_encoder_mi_conch,0.9,0.9342857142857143,0.03428571428571425,0.06707971111681293,ppv,0.5990566037735849,0.6073298429319371,0.008273239158352208,0.008334500214259468,-0.0135723053729522,0.032784259840059886,0.03276442921272179,0.5,0.5990239020508866,0.5829145728643216,0.6161720835295964,0.008305940881050522,0.826,0.34965034965034963,0.3669724770642202,0.3743302752293578,0.3742857142857143,327,350,epistemic,conch,0.3755503755503755,False,0.5178571428571429,False
within_encoder_mi_conch,0.9,0.9342857142857143,0.03428571428571425,0.06707971111681293,npv,0.9710144927536232,0.9705882352941176,-0.0004262574595055302,-0.0004644172274396412,-0.001588777889983997,0.0,0.0011957360837459594,0.286,0.9708063734233345,0.968,0.977276999316473,-0.0002181381292168938,0.785,0.43156843156843155,0.3669724770642202,0.3743302752293578,0.3742857142857143,327,350,epistemic,conch,0.7988607137543309,False,0.421728813559322,False
within_encoder_mi_conch,0.9,0.9342857142857143,0.03428571428571425,0.06707971111681293,f1,0.7405247813411079,0.7459807073954984,0.005455926054390492,0.005442433295567496,-0.01207318228456164,0.023584821543319038,0.025198249715117787,0.576,0.740397798590752,0.7272727272727273,0.7546041208473203,0.005582908804746323,0.765,0.47152847152847155,0.3669724770642202,0.3743302752293578,0.3742857142857143,327,350,epistemic,conch,0.48262325909384735,False,0.5895529411764705,False
within_encoder_mi_conch,0.9,0.9342857142857143,0.03428571428571425,0.06707971111681293,brier,0.11365911759138929,0.11190785877459615,-0.0017512588167931387,-0.0016998377456191166,-0.008433322811549267,0.003913107025628513,0.008883597963440551,0.63,0.11381351714540637,0.10751048801204535,0.11901530060770704,-0.0019056583708102204,0.254,0.5094905094905094,0.3669724770642202,0.3743302752293578,0.3742857142857143,327,350,epistemic,conch,0.534044268984028,False,0.6489176470588236,False
within_encoder_mi_conch,0.9,0.9342857142857143,0.03428571428571425,0.06707971111681293,ece,0.05415177102333733,0.054407190608390416,0.00025541958505308215,0.0007668087226358098,-0.009976782577823605,0.011348187921696801,0.015355717170976547,0.876,0.05634756643521323,0.04750899832755533,0.06438107918819773,-0.0019403758268228127,0.319,0.6393606393606394,0.3669724770642202,0.3743302752293578,0.3742857142857143,327,350,epistemic,conch,0.7131330208253285,False,0.9182168674698795,False
within_encoder_mi_conch,0.9,0.9342857142857143,0.03428571428571425,0.06707971111681293,cal_gap,0.045390384918344906,0.04079464073107786,-0.004595744187267048,-0.004614620481758379,-0.015487997360117377,0.004717052363355592,0.014750936500174021,0.388,0.04536887974953079,0.03650966461816243,0.05436916823288149,-0.004574239018452934,0.173,0.34765234765234765,0.3669724770642202,0.3743302752293578,0.3742857142857143,327,350,epistemic,conch,0.487834745899262,False,0.5533770491803278,False
within_encoder_mi_conch,0.9,0.9342857142857143,0.03428571428571425,0.06707971111681293,accuracy,0.7457142857142857,0.7584097859327217,0.012695500218436018,0.012652971336280898,-0.001647374364765694,0.027961014304074196,0.02141481025822909,0.086,0.7456269113149849,0.7339449541284404,0.7584097859327217,0.01278287461773675,0.962,0.07792207792207792,0.3669724770642202,0.3743302752293578,0.3742857142857143,327,350,epistemic,conch,0.09038961038961038,False,0.09844736842105262,False
within_encoder_mi_conch,0.8,0.9114285714285715,0.11142857142857143,0.06052138311013644,auroc,0.9156122555683363,0.9178391959798995,0.0022269404115632385,0.0021751975218321853,-0.00479648159039141,0.010476399378520844,0.010851869731641657,0.568,0.9154623724698244,0.9079324675708903,0.925218702225242,0.0023768235100750656,0.714,0.5734265734265734,0.3761755485893417,0.3747366771159875,0.3742857142857143,319,350,epistemic,conch,0.6236013986013986,False,0.610074074074074,False
within_encoder_mi_conch,0.8,0.9114285714285715,0.11142857142857143,0.06052138311013644,auprc,0.8580007958180558,0.8625023439858241,0.004501548167768377,0.004571701609981751,-0.008143003240975994,0.018470173497472327,0.019048642877620148,0.498,0.857953147609243,0.8429859650841417,0.8792012991519378,0.004549196376581133,0.736,0.5294705294705294,0.3761755485893417,0.3747366771159875,0.3742857142857143,319,350,epistemic,conch,0.5982329358952735,False,0.5157857142857143,False
within_encoder_mi_conch,0.8,0.9114285714285715,0.11142857142857143,0.06052138311013644,bss,0.5146836102706547,0.5241766557524146,0.009493045481759887,0.009327685132620967,-0.023246627024288233,0.04662930820979129,0.05021957017902514,0.604,0.5141439660388715,0.48790398800129336,0.5458196830630594,0.010032689713543097,0.738,0.5254745254745254,0.3761755485893417,0.3747366771159875,0.3742857142857143,319,350,epistemic,conch,0.6095504495504495,False,0.65685,False
within_encoder_mi_conch,0.8,0.9114285714285715,0.11142857142857143,0.06052138311013644,balanced_accuracy,0.7906688974868417,0.8049413735343384,0.014272476047496707,0.014182994303918034,0.0022883054975204073,0.026192987041799027,0.017304593860093143,0.02,0.79056661104639,0.7798157453936349,0.8017395320197044,0.014374762487948334,0.992,0.017982017982017984,0.3761755485893417,0.3747366771159875,0.3742857142857143,319,350,epistemic,conch,0.021141021141021142,True,0.0232,True
within_encoder_mi_conch,0.8,0.9114285714285715,0.11142857142857143,0.06052138311013644,sensitivity,0.9694656488549618,0.9666666666666667,-0.002798982188295107,-0.002869860171548337,-0.006725699100811111,-0.0005538264503746619,0.00453864377571687,0.026,0.9694314469915455,0.9652173913043478,0.9829059829059829,-0.0027647803248788128,0.302,0.8551448551448552,0.3761755485893417,0.3747366771159875,0.3742857142857143,319,350,epistemic,conch,0.8963566553928,False,0.04188888888888889,True
within_encoder_mi_conch,0.8,0.9114285714285715,0.11142857142857143,0.06052138311013644,specificity,0.6118721461187214,0.6432160804020101,0.03134393428328863,0.031235848779384408,0.007216244713854603,0.055002949055728764,0.03429619077575634,0.014,0.6117017751012345,0.5920398009950248,0.6318535996488147,0.03151430530077559,0.999,0.003996003996003996,0.3761755485893417,0.3747366771159875,0.3742857142857143,319,350,epistemic,conch,0.004457081380158303,True,0.015037037037037036,True
within_encoder_mi_conch,0.8,0.9114285714285715,0.11142857142857143,0.06052138311013644,ppv,0.5990566037735849,0.6203208556149733,0.02126425184138836,0.021445943193188842,-0.0043034389152731,0.04788808405094237,0.03738791506520922,0.11,0.5994041672761856,0.5789406892866684,0.6205128205128205,0.02091668833878768,0.971,0.059940059940059943,0.3761755485893417,0.3747366771159875,0.3742857142857143,319,350,epistemic,conch,0.0744969316397888,False,0.12932432432432434,False
within_encoder_mi_conch,0.8,0.9114285714285715,0.11142857142857143,0.06052138311013644,npv,0.9710144927536232,0.9696969696969697,-0.0013175230566534468,-0.0013853988833016843,-0.0035560943296238266,-0.0001875839884202924,0.0025596943251168535,0.03,0.9709217100519107,0.9669421487603306,0.9838709677419355,-0.001224740354941023,0.682,0.6373626373626373,0.3761755485893417,0.3747366771159875,0.3742857142857143,319,350,epistemic,conch,0.9944474130520643,False,0.07909090909090909,False
within_encoder_mi_conch,0.8,0.9114285714285715,0.11142857142857143,0.06052138311013644,f1,0.7405247813411079,0.755700325732899,0.01517554439179114,0.015264573859197134,-0.004039664278652313,0.03522102180391695,0.028396102206409174,0.148,0.7407260980053353,0.7238095238095238,0.7570977917981072,0.014974227727563738,0.964,0.07392607392607392,0.3761755485893417,0.3747366771159875,0.3742857142857143,319,350,epistemic,conch,0.0846259004153741,False,0.16298734177215188,False
within_encoder_mi_conch,0.8,0.9114285714285715,0.11142857142857143,0.06052138311013644,brier,0.11365911759138929,0.11166027712613222,-0.0019988404652570707,-0.0019365679736547267,-0.010051499240145312,0.004975586791111992,0.010576231843126498,0.634,0.11380238277844841,0.10621609723185169,0.11989447481319737,-0.0021421056523161924,0.27,0.5414585414585414,0.3761755485893417,0.3747366771159875,0.3742857142857143,319,350,epistemic,conch,0.5607963465106321,False,0.6489176470588236,False
within_encoder_mi_conch,0.8,0.9114285714285715,0.11142857142857143,0.06052138311013644,ece,0.05415177102333733,0.05396047255263711,-0.00019129847070022132,0.0015893751825909867,-0.013501004546982012,0.015815910438794382,0.021009885232024145,0.8,0.056810440183906206,0.047665594798895226,0.065909846542625,-0.0028499676312690944,0.263,0.5274725274725275,0.3761755485893417,0.3747366771159875,0.3742857142857143,319,350,epistemic,conch,0.6038172353961828,False,0.8592592592592594,False
within_encoder_mi_conch,0.8,0.9114285714285715,0.11142857142857143,0.06052138311013644,cal_gap,0.045390384918344906,0.03524364673220154,-0.010146738186143367,-0.010207605255716753,-0.023247263925667255,0.0010508489531144414,0.017000016964766353,0.082,0.045288999886027186,0.034518010034897365,0.05621937424737114,-0.010045353153825647,0.034,0.06993006993006994,0.3761755485893417,0.3747366771159875,0.3742857142857143,319,350,epistemic,conch,0.22349079491936635,False,0.2920714285714286,False
within_encoder_mi_conch,0.8,0.9114285714285715,0.11142857142857143,0.06052138311013644,accuracy,0.7457142857142857,0.7648902821316614,0.019175996417375774,0.019197628789166286,0.0022168345534645004,0.03710714285714277,0.025411215222400186,0.03,0.745755485893417,0.7335423197492164,0.7586990595611284,0.019134796238244434,0.991,0.01998001998001998,0.3761755485893417,0.3747366771159875,0.3742857142857143,319,350,epistemic,conch,0.02381180463372244,True,0.03527027027027027,True
within_encoder_mi_conch,0.7,0.8314285714285714,0.13142857142857145,0.04837472123547373,auroc,0.9156122555683363,0.9143804181540031,-0.0012318374143331923,-0.0014228167729868017,-0.012680279036238373,0.009147846520900475,0.015205991670995768,0.762,0.9153632521202103,0.9031897602600569,0.9285257389126034,-0.0009828339662072416,0.465,0.9310689310689311,0.3642611683848797,0.374979381443299,0.3742857142857143,291,350,epistemic,conch,0.9418953139883373,False,0.770860465116279,False
within_encoder_mi_conch,0.7,0.8314285714285714,0.13142857142857145,0.04837472123547373,auprc,0.8580007958180558,0.8535793553249278,-0.004421440493127982,-0.004452291929012665,-0.024189455805916943,0.01280725698701715,0.026885110219222547,0.64,0.8579508898217435,0.8339927607310712,0.8846490256974492,-0.00437153449681571,0.365,0.7312687312687313,0.3642611683848797,0.374979381443299,0.3742857142857143,291,350,epistemic,conch,0.7484750543574074,False,0.6550588235294118,False
within_encoder_mi_conch,0.7,0.8314285714285714,0.13142857142857145,0.04837472123547373,bss,0.5146836102706547,0.5028930702412717,-0.011790540029382957,-0.01261742465189657,-0.058553281327857115,0.03415572409904694,0.06522483957731484,0.568,0.513856799287423,0.47234959891597106,0.5568963257986395,-0.010963729046151283,0.316,0.6333666333666333,0.3642611683848797,0.374979381443299,0.3742857142857143,291,350,epistemic,conch,0.7064473987550911,False,0.6255189873417721,False
within_encoder_mi_conch,0.7,0.8314285714285714,0.13142857142857145,0.04837472123547373,balanced_accuracy,0.7906688974868417,0.8081591024987251,0.017490205011883475,0.017324780019312674,0.0010557759871619257,0.033537932847089995,0.023019498450109907,0.044,0.7904916933120114,0.7757936229098069,0.8079833573261855,0.017667409186713723,0.976,0.04995004995004995,0.3642611683848797,0.374979381443299,0.3742857142857143,291,350,epistemic,conch,0.05432067932067932,False,0.050368421052631576,False
within_encoder_mi_conch,0.7,0.8314285714285714,0.13142857142857145,0.04837472123547373,sensitivity,0.9694656488549618,0.9622641509433962,-0.007201497911565546,-0.007396760671857698,-0.015240175712439921,-0.0015755147366864593,0.010458820291610856,0.026,0.9691824482043774,0.9615384615384616,0.9823008849557522,-0.006918297260981143,0.046,0.16983016983016982,0.3642611683848797,0.374979381443299,0.3742857142857143,291,350,epistemic,conch,0.2787778259476373,False,0.04188888888888889,True
within_encoder_mi_conch,0.7,0.8314285714285714,0.13142857142857145,0.04837472123547373,specificity,0.6118721461187214,0.654054054054054,0.04218190793533261,0.04204632071048305,0.009219346634682277,0.07416674434106688,0.04476273549908747,0.01,0.6118009384196454,0.5837725225225225,0.6444444444444445,0.04225311563440859,0.992,0.017982017982017984,0.3642611683848797,0.374979381443299,0.3742857142857143,291,350,epistemic,conch,0.018848621258259812,True,0.011153846153846153,True
within_encoder_mi_conch,0.7,0.8314285714285714,0.13142857142857145,0.04837472123547373,ppv,0.5990566037735849,0.6144578313253012,0.015401227551716246,0.015619891335755351,-0.02124669954308499,0.051114659853082084,0.051149621163828915,0.402,0.5996669689865,0.5714083938660209,0.6309606943335994,0.014790862338801225,0.841,0.3196803196803197,0.3642611683848797,0.374979381443299,0.3742857142857143,291,350,epistemic,conch,0.34982517482517483,False,0.42863414634146346,False
within_encoder_mi_conch,0.7,0.8314285714285714,0.13142857142857145,0.04837472123547373,npv,0.9710144927536232,0.968,-0.003014492753623199,-0.00314398978273838,-0.007080867020463635,-0.0005784234460980702,0.004934755426575779,0.026,0.9706744729008395,0.9636363636363636,0.9830508474576272,-0.002674472900839553,0.475,0.9530469530469531,0.3642611683848797,0.374979381443299,0.3742857142857143,291,350,epistemic,conch,0.9944474130520643,False,0.07909090909090909,False
within_encoder_mi_conch,0.7,0.8314285714285714,0.13142857142857145,0.04837472123547373,f1,0.7405247813411079,0.75,0.009475218658892115,0.009477116988519586,-0.019192576294051602,0.03603724115071399,0.0393485307539175,0.49,0.7407966692518014,0.7185133020344289,0.7635228978978978,0.009203330748198568,0.781,0.43956043956043955,0.3642611683848797,0.374979381443299,0.3742857142857143,291,350,epistemic,conch,0.4552590266875981,False,0.5075000000000001,False
within_encoder_mi_conch,0.7,0.8314285714285714,0.13142857142857145,0.04837472123547373,brier,0.11365911759138929,0.11511752214273166,0.001458404551342371,0.0016081511327266664,-0.008546266137718144,0.010448213307427399,0.013704475830625904,0.736,0.11385696354135505,0.10401165166576562,0.12314794130076544,0.0012605586013766101,0.571,0.8591408591408591,0.3642611683848797,0.374979381443299,0.3742857142857143,291,350,epistemic,conch,0.8591408591408591,False,0.736,False
within_encoder_mi_conch,0.7,0.8314285714285714,0.13142857142857145,0.04837472123547373,ece,0.05415177102333733,0.05855599329630842,0.0044042222729710895,0.005501616427592129,-0.011830603164795051,0.02312738725321677,0.025160052022373012,0.556,0.05914298213177914,0.046838527189606065,0.07226038021923609,-0.000586988835470717,0.475,0.951048951048951,0.3642611683848797,0.374979381443299,0.3742857142857143,291,350,epistemic,conch,0.971028971028971,False,0.6449600000000001,False
within_encoder_mi_conch,0.7,0.8314285714285714,0.13142857142857145,0.04837472123547373,cal_gap,0.045390384918344906,0.03936542239987462,-0.006024962518470289,-0.0062834974083263604,-0.022771546960474114,0.009100404775632663,0.022173524218753106,0.416,0.04506116549029972,0.029334976937529046,0.06084963373977472,-0.005695743090425101,0.224,0.44955044955044954,0.3642611683848797,0.374979381443299,0.3742857142857143,291,350,epistemic,conch,0.5432067932067932,False,0.583741935483871,False
within_encoder_mi_conch,0.7,0.8314285714285714,0.13142857142857145,0.04837472123547373,accuracy,0.7457142857142857,0.7663230240549829,0.020608738340697208,0.02060288484266538,-0.0028601087493821398,0.0438897296206618,0.0332023727876597,0.084,0.7458144329896909,0.7250859106529209,0.7697594501718213,0.020508591065292014,0.954,0.0939060939060939,0.3642611683848797,0.374979381443299,0.3742857142857143,291,350,epistemic,conch,0.10749776539250225,False,0.09744000000000001,False
laplace_aleatoric_conch,0.9,0.9114285714285715,0.011428571428571455,0.562046571,auroc,0.9156122555683363,0.9278772378516624,0.012264982283326176,0.012404235446254446,0.006595940168350181,0.019712958564700973,0.009560723120674335,0.0,0.9154623724698244,0.9079324675708903,0.925218702225242,0.012414865381838003,0.992,0.017982017982017984,0.3605015673981191,0.3747366771159875,0.3742857142857143,319,350,laplace,conch,0.023006405359346536,True,0.0,True
laplace_aleatoric_conch,0.9,0.9114285714285715,0.011428571428571455,0.562046571,auprc,0.8580007958180558,0.8721427038683802,0.014141908050324448,0.014282939846318118,0.0061289431917443795,0.024106427829860142,0.013049873234316809,0.0,0.857953147609243,0.8429859650841417,0.8792012991519378,0.014189556259137204,0.929,0.14385614385614387,0.3605015673981191,0.3747366771159875,0.3742857142857143,319,350,laplace,conch,0.41980660848585377,False,0.0,True
laplace_aleatoric_conch,0.9,0.9114285714285715,0.011428571428571455,0.562046571,bss,0.5146836102706547,0.5564617430109837,0.041778132740329044,0.04166813590441421,0.017052379171647633,0.06767671620256563,0.03637190642432677,0.0,0.5141439660388715,0.48790398800129336,0.5458196830630594,0.04231777697211225,0.994,0.013986013986013986,0.3605015673981191,0.3747366771159875,0.3742857142857143,319,350,laplace,conch,0.018160943534077864,True,0.0,True
laplace_aleatoric_conch,0.9,0.9114285714285715,0.011428571428571455,0.562046571,balanced_accuracy,0.7906688974868417,0.8110400682011936,0.020371170714351905,0.020387744718130492,0.009775945892439727,0.031854468983950904,0.016221235386814862,0.0,0.79056661104639,0.7798157453936349,0.8017395320197044,0.02047345715480353,1.0,0.001998001998001998,0.3605015673981191,0.3747366771159875,0.3742857142857143,319,350,laplace,conch,0.002414252414252414,True,0.0,True
laplace_aleatoric_conch,0.9,0.9114285714285715,0.011428571428571455,0.562046571,sensitivity,0.9694656488549618,0.9652173913043478,-0.004248257550613976,-0.004458240475101973,-0.01042602736182254,-0.0008699751003899976,0.007022031463768107,0.026,0.9694314469915455,0.9652173913043478,0.9829059829059829,-0.004214055687197682,0.018,0.07792207792207792,0.3605015673981191,0.3747366771159875,0.3742857142857143,319,350,laplace,conch,0.1576562971911809,False,0.04188888888888889,True
laplace_aleatoric_conch,0.9,0.9114285714285715,0.011428571428571455,0.562046571,specificity,0.6118721461187214,0.6568627450980392,0.044990598979317786,0.04523372991136296,0.024517578056415096,0.06777806721307904,0.032004134853940616,0.0,0.6117017751012345,0.5920398009950248,0.6318535996488147,0.045160969996804745,1.0,0.001998001998001998,0.3605015673981191,0.3747366771159875,0.3742857142857143,319,350,laplace,conch,0.002414252414252414,True,0.0,True
laplace_aleatoric_conch,0.9,0.9114285714285715,0.011428571428571455,0.562046571,ppv,0.5990566037735849,0.6132596685082873,0.014203064734702342,0.014054302232581199,-0.014157901819134563,0.04237825359413326,0.04049212880380863,0.312,0.5994041672761856,0.5789406892866684,0.6205128205128205,0.013855501232101664,0.895,0.21178821178821178,0.3605015673981191,0.3747366771159875,0.3742857142857143,319,350,laplace,conch,0.2392931743581094,False,0.3393,False
laplace_aleatoric_conch,0.9,0.9114285714285715,0.011428571428571455,0.562046571,npv,0.9710144927536232,0.9710144927536232,0.0,0.0,0.0,0.0,0.0,1.0,0.9709217100519107,0.9669421487603306,0.9838709677419355,9.278270171242387e-05,0.692,0.6173826173826173,0.3605015673981191,0.3747366771159875,0.3742857142857143,319,350,laplace,conch,0.9944474130520643,False,1.0,False
laplace_aleatoric_conch,0.9,0.9114285714285715,0.011428571428571455,0.562046571,f1,0.7405247813411079,0.75,0.009475218658892115,0.009218288955664893,-0.013095709969087488,0.03059566163195143,0.03112701997990367,0.382,0.7407260980053353,0.7238095238095238,0.7570977917981072,0.009273901994664713,0.86,0.2817182817182817,0.3605015673981191,0.3747366771159875,0.3742857142857143,319,350,laplace,conch,0.3025863025863026,False,0.4052926829268293,False
laplace_aleatoric_conch,0.9,0.9114285714285715,0.011428571428571455,0.562046571,brier,0.11365911759138929,0.1022533928416812,-0.011405724749708093,-0.011446876001462719,-0.017156788349629117,-0.006464627638375464,0.007785632292684095,0.0,0.11380238277844841,0.10621609723185169,0.11989447481319737,-0.011548989936767215,0.001,0.003996003996003996,0.3605015673981191,0.3747366771159875,0.3742857142857143,319,350,laplace,conch,0.005348497656189964,True,0.0,True
laplace_aleatoric_conch,0.9,0.9114285714285715,0.011428571428571455,0.562046571,ece,0.05415177102333733,0.057744972801951226,0.003593201778613893,-0.003515430285220724,-0.016999492868016507,0.009544074901947856,0.019004950936425766,0.654,0.056810440183906206,0.047665594798895226,0.065909846542625,0.0009345326180450197,0.597,0.8071928071928072,0.3605015673981191,0.3747366771159875,0.3742857142857143,319,350,laplace,conch,0.8564118808021247,False,0.738935064935065,False
laplace_aleatoric_conch,0.9,0.9114285714285715,0.011428571428571455,0.562046571,cal_gap,0.045390384918344906,0.04897440166203859,0.0035840167436936854,0.003653878504742725,-0.011166354951419037,0.019104595393159864,0.022064152260270364,0.644,0.045288999886027186,0.034518010034897365,0.05621937424737114,0.003685401776011406,0.742,0.5174825174825175,0.3605015673981191,0.3747366771159875,0.3742857142857143,319,350,laplace,conch,0.6167257400134112,False,0.7372105263157894,False
laplace_aleatoric_conch,0.9,0.9114285714285715,0.011428571428571455,0.562046571,accuracy,0.7457142857142857,0.768025078369906,0.022310792655620304,0.022355491053143273,0.00536651661063316,0.04000180261379003,0.02518161262062115,0.014,0.745755485893417,0.7335423197492164,0.7586990595611284,0.022269592476488964,0.995,0.011988011988011988,0.3605015673981191,0.3747366771159875,0.3742857142857143,319,350,laplace,conch,0.014485514485514486,True,0.016916666666666667,True
laplace_aleatoric_conch,0.8,0.82,0.019999999999999907,0.50860631,auroc,0.9156122555683363,0.9402755696873344,0.024663314118998136,0.024869540396907374,0.014441193077771322,0.03687234702006369,0.016099952468566072,0.0,0.9155407593443388,0.9026458287315545,0.9299327051919195,0.024734810342995628,0.999,0.003996003996003996,0.3554006968641115,0.37481533101045295,0.3742857142857143,287,350,laplace,conch,0.008084938317496458,True,0.0,True
laplace_aleatoric_conch,0.8,0.82,0.019999999999999907,0.50860631,auprc,0.8580007958180558,0.8880112889847307,0.030010493166674923,0.0302763096040352,0.01534801729239973,0.04725058970577715,0.023265538416445422,0.0,0.8583499752557059,0.832584919317789,0.8880580467735721,0.029661313729024807,0.974,0.053946053946053944,0.3554006968641115,0.37481533101045295,0.3742857142857143,287,350,laplace,conch,0.25696043087347437,False,0.0,True
laplace_aleatoric_conch,0.8,0.82,0.019999999999999907,0.50860631,bss,0.5146836102706547,0.6231030467857861,0.10841943651513142,0.10876919118969625,0.06452545218929281,0.15852912142647535,0.0682282759217045,0.0,0.5140375341475992,0.4701507842728033,0.562172829582277,0.10906551263818687,1.0,0.001998001998001998,0.3554006968641115,0.37481533101045295,0.3742857142857143,287,350,laplace,conch,0.003160475887748615,True,0.0,True
laplace_aleatoric_conch,0.8,0.82,0.019999999999999907,0.50860631,balanced_accuracy,0.7906688974868417,0.8425543190249073,0.051885421538065635,0.05195892786164418,0.03450236697553936,0.07142835611022152,0.02647236550801459,0.0,0.7903435246109458,0.7740814555455324,0.8072423965008646,0.05221079441396148,1.0,0.001998001998001998,0.3554006968641115,0.37481533101045295,0.3742857142857143,287,350,laplace,conch,0.002414252414252414,True,0.0,True
laplace_aleatoric_conch,0.8,0.82,0.019999999999999907,0.50860631,sensitivity,0.9694656488549618,0.9607843137254902,-0.008681335129471557,-0.009076146246616151,-0.01958072263993317,-0.001904087516398212,0.013291804564195282,0.026,0.9696770822975027,0.9611650485436893,0.9823123283490998,-0.008892768572012488,0.014,0.04795204795204795,0.3554006968641115,0.37481533101045295,0.3742857142857143,287,350,laplace,conch,0.11275211275211275,False,0.04188888888888889,True
laplace_aleatoric_conch,0.8,0.82,0.019999999999999907,0.50860631,specificity,0.6118721461187214,0.7243243243243244,0.11245217820560294,0.1129940019699045,0.07978286608212719,0.15039901851554704,0.051478119335643974,0.0,0.6110099669243889,0.5809965759596324,0.6397903225806452,0.11331435739993545,1.0,0.001998001998001998,0.3554006968641115,0.37481533101045295,0.3742857142857143,287,350,laplace,conch,0.002414252414252414,True,0.0,True
laplace_aleatoric_conch,0.8,0.82,0.019999999999999907,0.50860631,ppv,0.5990566037735849,0.6577181208053692,0.05866151703178424,0.058759371550444923,0.013696368707505537,0.1043306475754611,0.06433039744510112,0.008,0.5991228869667664,0.5698307782252825,0.630057803468208,0.05859523383860277,1.0,0.001998001998001998,0.3554006968641115,0.37481533101045295,0.3742857142857143,287,350,laplace,conch,0.002716033966033966,True,0.010707692307692309,True
laplace_aleatoric_conch,0.8,0.82,0.019999999999999907,0.50860631,npv,0.9710144927536232,0.9710144927536232,0.0,0.0,0.0,0.0,0.0,1.0,0.971109005722786,0.9629629629629629,0.983336776859504,-9.451296916285212e-05,0.448,0.8971028971028971,0.3554006968641115,0.37481533101045295,0.3742857142857143,287,350,laplace,conch,0.9944474130520643,False,1.0,False
laplace_aleatoric_conch,0.8,0.82,0.019999999999999907,0.50860631,f1,0.7405247813411079,0.7808764940239044,0.04035171268279647,0.04019110455138056,0.006286962097800112,0.07349552985541673,0.04719397177078743,0.012,0.740521085530257,0.717921146953405,0.7638888888888888,0.04035540849364738,1.0,0.001998001998001998,0.3554006968641115,0.37481533101045295,0.3742857142857143,287,350,laplace,conch,0.0026337299064571793,True,0.0145,True
laplace_aleatoric_conch,0.8,0.82,0.019999999999999907,0.50860631,brier,0.11365911759138929,0.08634371556231368,-0.027315402029075606,-0.027404347983614727,-0.03804911896786264,-0.017657745201961176,0.014723360951417415,0.0,0.1137871779242336,0.10276101189390308,0.12374065406452042,-0.027443462361919913,0.0,0.001998001998001998,0.3554006968641115,0.37481533101045295,0.3742857142857143,287,350,laplace,conch,0.0031040388183245326,True,0.0,True
laplace_aleatoric_conch,0.8,0.82,0.019999999999999907,0.50860631,ece,0.05415177102333733,0.044437704026984645,-0.009714066996352688,-0.01646436292001542,-0.035362855482426396,0.0007507117217937685,0.026396940177667774,0.06,0.05982364772054778,0.04719010446438055,0.07344106991583876,-0.015385943693563137,0.005,0.011988011988011988,0.3554006968641115,0.37481533101045295,0.3742857142857143,287,350,laplace,conch,0.05489247594510752,False,0.1305,False
laplace_aleatoric_conch,0.8,0.82,0.019999999999999907,0.50860631,cal_gap,0.045390384918344906,0.0381459923435119,-0.007244392574833003,-0.007425347693672705,-0.03033880826413116,0.014953663471949038,0.03197705907315756,0.502,0.045428079705539345,0.02866921659302654,0.06161245587703738,-0.007282087362027442,0.194,0.38961038961038963,0.3554006968641115,0.37481533101045295,0.3742857142857143,287,350,laplace,conch,0.5162110616656072,False,0.6518507462686567,False
laplace_aleatoric_conch,0.8,0.82,0.019999999999999907,0.50860631,accuracy,0.7457142857142857,0.8083623693379791,0.06264808362369345,0.06288557544719965,0.03645048182979215,0.09206311341330431,0.03893929205561314,0.0,0.7454564459930314,0.7247386759581882,0.7665505226480837,0.06290592334494771,1.0,0.001998001998001998,0.3554006968641115,0.37481533101045295,0.3742857142857143,287,350,laplace,conch,0.0025192199105242585,True,0.0,True
laplace_aleatoric_conch,0.7,0.62,-0.07999999999999996,0.38019640200000004,auroc,0.9156122555683363,0.9608450704225352,0.045232814854198944,0.04548275018914144,0.02726029740918345,0.06629239747355342,0.027968811575013037,0.0,0.9157181171190624,0.8932480644945957,0.9387364888016696,0.04512695330347283,1.0,0.001998001998001998,0.3456221198156682,0.374036866359447,0.3742857142857143,217,350,laplace,conch,0.006685622070237455,True,0.0,True
laplace_aleatoric_conch,0.7,0.62,-0.07999999999999996,0.38019640200000004,auprc,0.8580007958180558,0.9160091640329077,0.05800836821485189,0.05834626433154431,0.031620606451522,0.09015177705749555,0.04191819940340595,0.0,0.8583641316279016,0.8136326006751269,0.9059679474572436,0.05764503240500607,0.989,0.023976023976023976,0.3456221198156682,0.374036866359447,0.3742857142857143,217,350,laplace,conch,0.25696043087347437,False,0.0,True
laplace_aleatoric_conch,0.7,0.62,-0.07999999999999996,0.38019640200000004,bss,0.5146836102706547,0.7706903976939103,0.25600678742325567,0.25741745816824985,0.17641968892192747,0.3505230032436039,0.12285250204039061,0.0,0.5144108595142022,0.44244563350490757,0.5935778057960122,0.25627953817970817,1.0,0.001998001998001998,0.3456221198156682,0.374036866359447,0.3742857142857143,217,350,laplace,conch,0.003160475887748615,True,0.0,True
laplace_aleatoric_conch,0.7,0.62,-0.07999999999999996,0.38019640200000004,balanced_accuracy,0.7906688974868417,0.9346009389671361,0.14393204148029448,0.14421157869102433,0.11248069463573282,0.17788528099804196,0.04705643719856221,0.0,0.7902392829516676,0.7633185648684727,0.8188961562305507,0.14436165601546858,1.0,0.001998001998001998,0.3456221198156682,0.374036866359447,0.3742857142857143,217,350,laplace,conch,0.002414252414252414,True,0.0,True
laplace_aleatoric_conch,0.7,0.62,-0.07999999999999996,0.38019640200000004,sensitivity,0.9694656488549618,0.9466666666666667,-0.022798982188295125,-0.023569274338316924,-0.049346399099774896,-0.005352509375785553,0.03225851091271967,0.026,0.9689641155030513,0.9487179487179487,0.988509012539185,-0.022297448836384626,0.006,0.023976023976023976,0.3456221198156682,0.374036866359447,0.3742857142857143,217,350,laplace,conch,0.061350414291590764,False,0.04188888888888889,True
laplace_aleatoric_conch,0.7,0.62,-0.07999999999999996,0.38019640200000004,specificity,0.6118721461187214,0.9225352112676056,0.3106630651488842,0.3119924317203655,0.2566327860936745,0.3762376315513942,0.08857554298025769,0.0,0.6115144504002837,0.5596949692098946,0.6641804662817301,0.3110207608673219,1.0,0.001998001998001998,0.3456221198156682,0.374036866359447,0.3742857142857143,217,350,laplace,conch,0.002414252414252414,True,0.0,True
laplace_aleatoric_conch,0.7,0.62,-0.07999999999999996,0.38019640200000004,ppv,0.5990566037735849,0.8658536585365854,0.2667970547630004,0.26852869673827984,0.19791390935007958,0.34924462961262026,0.11205919142152834,0.0,0.5984877432953379,0.5476147028154328,0.6470588235294118,0.2673659152412474,1.0,0.001998001998001998,0.3456221198156682,0.374036866359447,0.3742857142857143,217,350,laplace,conch,0.002716033966033966,True,0.0,True
laplace_aleatoric_conch,0.7,0.62,-0.07999999999999996,0.38019640200000004,npv,0.9710144927536232,0.9703703703703703,-0.0006441223832528431,-0.0006637374077069452,-0.0019364386572580355,0.0,0.0014593018670830498,0.138,0.9705566583392142,0.9512195121951219,0.9893645016797313,-0.0001862879688439012,0.524,0.9530469530469531,0.3456221198156682,0.374036866359447,0.3742857142857143,217,350,laplace,conch,0.9944474130520643,False,0.2450204081632653,False
laplace_aleatoric_conch,0.7,0.62,-0.07999999999999996,0.38019640200000004,f1,0.7405247813411079,0.9044585987261147,0.16393381738500679,0.16467615697832264,0.11638677288602299,0.21908009816528232,0.07589135981151698,0.0,0.7395989066647537,0.6994954325888374,0.7787610619469026,0.16485969206136097,1.0,0.001998001998001998,0.3456221198156682,0.374036866359447,0.3742857142857143,217,350,laplace,conch,0.0026337299064571793,True,0.0,True
laplace_aleatoric_conch,0.7,0.62,-0.07999999999999996,0.38019640200000004,brier,0.11365911759138929,0.05186237262545084,-0.06179674496593845,-0.06198890275805331,-0.08293471942777354,-0.04408650423675675,0.027261178724146993,0.0,0.11345748161660717,0.0955504384403476,0.13002768420661448,-0.061595108991156326,0.0,0.001998001998001998,0.3456221198156682,0.374036866359447,0.3742857142857143,217,350,laplace,conch,0.0031040388183245326,True,0.0,True
laplace_aleatoric_conch,0.7,0.62,-0.07999999999999996,0.38019640200000004,ece,0.05415177102333733,0.0295742248841626,-0.024577546139174733,-0.03308240769825337,-0.06214735854487552,-0.0063879852425972284,0.04001539553524886,0.012,0.06672176840079921,0.0457846562996129,0.08859046447479213,-0.037147543516636614,0.0,0.001998001998001998,0.3456221198156682,0.374036866359447,0.3742857142857143,217,350,laplace,conch,0.021728271728271728,True,0.0522,False
laplace_aleatoric_conch,0.7,0.62,-0.07999999999999996,0.38019640200000004,cal_gap,0.045390384918344906,0.02957422488416256,-0.015816160034182347,-0.016893464740899113,-0.04880294257675746,0.01497747237464869,0.045632370031266065,0.306,0.045690798875742726,0.017788285185467087,0.07313746363364484,-0.016116573991580167,0.115,0.23176823176823177,0.3456221198156682,0.374036866359447,0.3742857142857143,217,350,laplace,conch,0.3568010936431989,False,0.493,False
laplace_aleatoric_conch,0.7,0.62,-0.07999999999999996,0.38019640200000004,accuracy,0.7457142857142857,0.9308755760368663,0.18516129032258066,0.18593108988171372,0.14539358254512574,0.23193935472739816,0.0630534875414514,0.0,0.7452027649769585,0.7096774193548387,0.7789170506912441,0.18567281105990785,1.0,0.001998001998001998,0.3456221198156682,0.374036866359447,0.3742857142857143,217,350,laplace,conch,0.0025192199105242585,True,0.0,True
mc_epistemic_mi_conch,0.9,0.8457142857142858,-0.05428571428571427,0.009837224066697618,auroc,0.9156122555683363,0.9358254531126872,0.020213197544350914,0.020336204542228772,0.011842493325780681,0.03011590623066693,0.013492547748985404,0.0,0.9157416363874973,0.9045933021870249,0.9291456070779788,0.020083816725189885,1.0,0.001998001998001998,0.36486486486486486,0.3740844594594595,0.3742857142857143,296,350,mc_dropout,conch,0.006685622070237455,True,0.0,True
mc_epistemic_mi_conch,0.9,0.8457142857142858,-0.05428571428571427,0.009837224066697618,auprc,0.8580007958180558,0.8832904230643124,0.025289627246256607,0.025424180843232,0.013951749074197993,0.03925290221277269,0.018262693020226508,0.0,0.8583606147509324,0.8338159599085114,0.8849654519641408,0.024929808313379986,0.968,0.06593406593406594,0.36486486486486486,0.3740844594594595,0.3742857142857143,296,350,mc_dropout,conch,0.25696043087347437,False,0.0,True
mc_epistemic_mi_conch,0.9,0.8457142857142858,-0.05428571428571427,0.009837224066697618,bss,0.5146836102706547,0.5898941335066568,0.07521052323600208,0.0747189252662732,0.04069139338206813,0.11045161884934092,0.05177358305379423,0.0,0.5146532424785769,0.4762837079699609,0.5608043756029943,0.07524089102807985,1.0,0.001998001998001998,0.36486486486486486,0.3740844594594595,0.3742857142857143,296,350,mc_dropout,conch,0.003160475887748615,True,0.0,True
mc_epistemic_mi_conch,0.9,0.8457142857142858,-0.05428571428571427,0.009837224066697618,balanced_accuracy,0.7906688974868417,0.8378644602048857,0.04719556271804404,0.046908873782710615,0.030217297028636216,0.0635261252187312,0.0234420327669422,0.0,0.7903247136498999,0.7760047281323876,0.8070871777240047,0.04753974655498583,1.0,0.001998001998001998,0.36486486486486486,0.3740844594594595,0.3742857142857143,296,350,mc_dropout,conch,0.002414252414252414,True,0.0,True
mc_epistemic_mi_conch,0.9,0.8457142857142858,-0.05428571428571427,0.009837224066697618,sensitivity,0.9694656488549618,0.9629629629629629,-0.006502685891998872,-0.006801973174383331,-0.01488239552381693,-0.0013821760684749247,0.010060851669410434,0.026,0.9695375672801151,0.9622641509433962,0.9823008849557522,-0.006574604317152177,0.071,0.2217782217782218,0.36486486486486486,0.3740844594594595,0.3742857142857143,296,350,mc_dropout,conch,0.3571337753155935,False,0.04188888888888889,True
mc_epistemic_mi_conch,0.9,0.8457142857142858,-0.05428571428571427,0.009837224066697618,specificity,0.6118721461187214,0.7127659574468085,0.10089381132808706,0.10061972073980455,0.06899191383585522,0.13370147515527955,0.045630030941350236,0.0,0.6111118600196844,0.5828759475818299,0.6398229312762973,0.10165409742712406,1.0,0.001998001998001998,0.36486486486486486,0.3740844594594595,0.3742857142857143,296,350,mc_dropout,conch,0.002414252414252414,True,0.0,True
mc_epistemic_mi_conch,0.9,0.8457142857142858,-0.05428571428571427,0.009837224066697618,ppv,0.5990566037735849,0.6582278481012658,0.05917124432768084,0.05838245360089806,0.019718985008564584,0.09840597182059306,0.055774563262862904,0.002,0.5984066470826542,0.5721829710144927,0.6256991407755889,0.05982120101861155,1.0,0.001998001998001998,0.36486486486486486,0.3740844594594595,0.3742857142857143,296,350,mc_dropout,conch,0.002716033966033966,True,0.0029000000000000002,True
mc_epistemic_mi_conch,0.9,0.8457142857142858,-0.05428571428571427,0.009837224066697618,npv,0.9710144927536232,0.9710144927536232,0.0,0.0,0.0,0.0,0.0,1.0,0.9710731337177877,0.963963963963964,0.9831932773109243,-5.864096416452469e-05,0.489,0.9790209790209791,0.36486486486486486,0.3740844594594595,0.3742857142857143,296,350,mc_dropout,conch,0.9944474130520643,False,1.0,False
mc_epistemic_mi_conch,0.9,0.8457142857142858,-0.05428571428571427,0.009837224066697618,f1,0.7405247813411079,0.7819548872180451,0.041430105876937184,0.040744824672747045,0.011880452621947686,0.07034421277062525,0.04136111231482692,0.008,0.7399454318849392,0.7183098591549296,0.7602835167302943,0.04200945533310585,0.999,0.003996003996003996,0.36486486486486486,0.3740844594594595,0.3742857142857143,296,350,mc_dropout,conch,0.005188841009736532,True,0.009802816901408452,True
mc_epistemic_mi_conch,0.9,0.8457142857142858,-0.05428571428571427,0.009837224066697618,brier,0.11365911759138929,0.09503731639518856,-0.01862180119620073,-0.01856913283144916,-0.027159395304741905,-0.010836579299458006,0.011841895822595754,0.0,0.11356498552788169,0.10294260076437342,0.12234766487199819,-0.01852766913269313,0.0,0.001998001998001998,0.36486486486486486,0.3740844594594595,0.3742857142857143,296,350,mc_dropout,conch,0.0031040388183245326,True,0.0,True
mc_epistemic_mi_conch,0.9,0.8457142857142858,-0.05428571428571427,0.009837224066697618,ece,0.05415177102333733,0.0635577851522563,0.009406014128918963,5.987933848264138e-05,-0.019613655423424903,0.016934480628461614,0.025952017998746663,0.97,0.05903856479847565,0.04571425757344145,0.07198335746211955,0.004519220353780648,0.745,0.5114885114885115,0.36486486486486486,0.3740844594594595,0.3742857142857143,296,350,mc_dropout,conch,0.5933266733266733,False,0.978,False
mc_epistemic_mi_conch,0.9,0.8457142857142858,-0.05428571428571427,0.009837224066697618,cal_gap,0.045390384918344906,0.04690340568777174,0.0015130207694268316,0.0016854048753619304,-0.01730588196977351,0.022087949940554828,0.027514237765041274,0.846,0.04564743854370081,0.03110103691500184,0.06058123395133235,0.0012559671440709255,0.571,0.8591408591408591,0.36486486486486486,0.3740844594594595,0.3742857142857143,296,350,mc_dropout,conch,0.8898244612530326,False,0.8762142857142857,False
mc_epistemic_mi_conch,0.9,0.8457142857142858,-0.05428571428571427,0.009837224066697618,accuracy,0.7457142857142857,0.8040540540540541,0.058339768339768394,0.05803096771091164,0.03441605574268536,0.08330647553138897,0.034933344019127066,0.0,0.7451993243243243,0.7263513513513513,0.7668918918918919,0.058854729729729716,1.0,0.001998001998001998,0.36486486486486486,0.3740844594594595,0.3742857142857143,296,350,mc_dropout,conch,0.0025192199105242585,True,0.0,True
mc_epistemic_mi_conch,0.8,0.8171428571428572,0.017142857142857126,0.00858734883900884,auroc,0.9156122555683363,0.9397798742138365,0.02416761864550021,0.02424386942579183,0.014076781302300983,0.03610856578704181,0.015752085157300113,0.0,0.9154969849465888,0.901497075822714,0.9298350925229231,0.024282889267247643,0.999,0.003996003996003996,0.3706293706293706,0.37459090909090914,0.3742857142857143,286,350,mc_dropout,conch,0.008084938317496458,True,0.0,True
mc_epistemic_mi_conch,0.8,0.8171428571428572,0.017142857142857126,0.00858734883900884,auprc,0.8580007958180558,0.8892098786652067,0.03120908284715096,0.031234253875038333,0.01787909381225891,0.047822638855399655,0.021868934856309915,0.0,0.8581776882034904,0.831083335250789,0.8877926844704422,0.031032190461716347,0.979,0.04395604395604396,0.3706293706293706,0.37459090909090914,0.3742857142857143,286,350,mc_dropout,conch,0.25696043087347437,False,0.0,True
mc_epistemic_mi_conch,0.8,0.8171428571428572,0.017142857142857126,0.00858734883900884,bss,0.5146836102706547,0.6229254657191294,0.10824185544847476,0.1075775690524882,0.06377225419201814,0.15630205122360447,0.06783262316746241,0.0,0.5138789707130931,0.4675299735812686,0.5639530329683415,0.10904649500603636,1.0,0.001998001998001998,0.3706293706293706,0.37459090909090914,0.3742857142857143,286,350,mc_dropout,conch,0.003160475887748615,True,0.0,True
mc_epistemic_mi_conch,0.8,0.8171428571428572,0.017142857142857126,0.00858734883900884,balanced_accuracy,0.7906688974868417,0.8533542976939203,0.06268540020707869,0.06220958170649893,0.043774364755630346,0.08204034028098978,0.028224388833200328,0.0,0.7906860502305818,0.7736889433010248,0.8075360555939666,0.06266824746333854,1.0,0.001998001998001998,0.3706293706293706,0.37459090909090914,0.3742857142857143,286,350,mc_dropout,conch,0.002414252414252414,True,0.0,True
mc_epistemic_mi_conch,0.8,0.8171428571428572,0.017142857142857126,0.00858734883900884,sensitivity,0.9694656488549618,0.9622641509433962,-0.007201497911565546,-0.007552542457801224,-0.016124952481635778,-0.0015857578729432235,0.011108333956907633,0.026,0.9695401679607699,0.9607843137254902,0.9823008849557522,-0.0072760170173736816,0.139,0.3596403596403596,0.3706293706293706,0.37459090909090914,0.3742857142857143,286,350,mc_dropout,conch,0.48136478905709673,False,0.04188888888888889,True
mc_epistemic_mi_conch,0.8,0.8171428571428572,0.017142857142857126,0.00858734883900884,specificity,0.6118721461187214,0.7444444444444445,0.13257229832572304,0.1319717058707991,0.0952106855602412,0.1704664639760793,0.05531061365298759,0.0,0.6118319325003936,0.5804510382930083,0.6440677966101694,0.13261251194405088,1.0,0.001998001998001998,0.3706293706293706,0.37459090909090914,0.3742857142857143,286,350,mc_dropout,conch,0.002414252414252414,True,0.0,True
mc_epistemic_mi_conch,0.8,0.8171428571428572,0.017142857142857126,0.00858734883900884,ppv,0.5990566037735849,0.6891891891891891,0.0901325854156042,0.08884250817924598,0.0436451326851993,0.13532323967662022,0.06585377302116824,0.0,0.5993694934658553,0.5664739884393064,0.6331507155635062,0.08981969572333381,1.0,0.001998001998001998,0.3706293706293706,0.37459090909090914,0.3742857142857143,286,350,mc_dropout,conch,0.002716033966033966,True,0.0,True
mc_epistemic_mi_conch,0.8,0.8171428571428572,0.017142857142857126,0.00858734883900884,npv,0.9710144927536232,0.9710144927536232,0.0,0.0,0.0,0.0,0.0,1.0,0.9710585383167041,0.9626168224299065,0.9830508474576272,-4.404556308090779e-05,0.448,0.8971028971028971,0.3706293706293706,0.37459090909090914,0.3742857142857143,286,350,mc_dropout,conch,0.9944474130520643,False,1.0,False
mc_epistemic_mi_conch,0.8,0.8171428571428572,0.017142857142857126,0.00858734883900884,f1,0.7405247813411079,0.8031496062992126,0.06262482495810473,0.06162225402071893,0.02897556882379879,0.09453931558413442,0.047618562462093734,0.0,0.7406470682675882,0.7132352941176471,0.7666780821917809,0.06250253803162442,1.0,0.001998001998001998,0.3706293706293706,0.37459090909090914,0.3742857142857143,286,350,mc_dropout,conch,0.0026337299064571793,True,0.0,True
mc_epistemic_mi_conch,0.8,0.8171428571428572,0.017142857142857126,0.00858734883900884,brier,0.11365911759138929,0.08795762768447127,-0.02570148990691802,-0.02557170679466676,-0.03708497920500887,-0.01592175173304155,0.015101786806241928,0.0,0.11378680657795942,0.10253331841575349,0.12425626717844591,-0.025829178893488153,0.0,0.001998001998001998,0.3706293706293706,0.37459090909090914,0.3742857142857143,286,350,mc_dropout,conch,0.0031040388183245326,True,0.0,True
mc_epistemic_mi_conch,0.8,0.8171428571428572,0.017142857142857126,0.00858734883900884,ece,0.05415177102333733,0.051829634686945014,-0.002322136336392319,-0.009410442617103618,-0.029152006448191853,0.008855479366780921,0.027634905955276123,0.362,0.05956800253600064,0.04536255234559359,0.07530038864685587,-0.007738367849055627,0.14,0.2817182817182817,0.3706293706293706,0.37459090909090914,0.3742857142857143,286,350,mc_dropout,conch,0.3770690847613925,False,0.48452307692307695,False
mc_epistemic_mi_conch,0.8,0.8171428571428572,0.017142857142857126,0.00858734883900884,cal_gap,0.045390384918344906,0.03459293426216381,-0.010797450656181096,-0.010476007542729605,-0.03276837134829605,0.011785148300521305,0.03141039562310827,0.336,0.04523592241149448,0.028345001794046157,0.06212006743193014,-0.010642988149330672,0.115,0.23176823176823177,0.3706293706293706,0.37459090909090914,0.3742857142857143,286,350,mc_dropout,conch,0.3568010936431989,False,0.512842105263158,False
mc_epistemic_mi_conch,0.8,0.8171428571428572,0.017142857142857126,0.00858734883900884,accuracy,0.7457142857142857,0.8251748251748252,0.07946053946053955,0.0788923348946524,0.05192919799498745,0.10926707058358201,0.041297013853779874,0.0,0.7458216783216783,0.7237762237762237,0.7692307692307693,0.07935314685314687,1.0,0.001998001998001998,0.3706293706293706,0.37459090909090914,0.3742857142857143,286,350,mc_dropout,conch,0.0025192199105242585,True,0.0,True
mc_epistemic_mi_conch,0.7,0.6228571428571429,-0.07714285714285707,0.00545979359983368,auroc,0.9156122555683363,0.9606884057971015,0.04507615022876521,0.045368836796144466,0.026655905332294696,0.066555996517124,0.02839705504348237,0.0,0.9153433413655455,0.8927230653245534,0.9380097905969998,0.04534506443155595,1.0,0.001998001998001998,0.3669724770642202,0.37529816513761466,0.3742857142857143,218,350,mc_dropout,conch,0.006685622070237455,True,0.0,True
mc_epistemic_mi_conch,0.7,0.6228571428571429,-0.07714285714285707,0.00545979359983368,auprc,0.8580007958180558,0.9180391038778297,0.06003830805977395,0.06045743472330993,0.03433008904576693,0.09146604682851583,0.04081893737211904,0.0,0.8585414525495119,0.8123279780443292,0.9025101077370731,0.05949765132831786,0.994,0.013986013986013986,0.3669724770642202,0.37529816513761466,0.3742857142857143,218,350,mc_dropout,conch,0.25696043087347437,False,0.0,True
mc_epistemic_mi_conch,0.7,0.6228571428571429,-0.07714285714285707,0.00545979359983368,bss,0.5146836102706547,0.7761103503407452,0.2614267400700905,0.2628095203810473,0.18170097013843803,0.35563582663600396,0.12138588564906223,0.0,0.5141749423851096,0.4405394481207282,0.5933323212769691,0.2619354079556355,1.0,0.001998001998001998,0.3669724770642202,0.37529816513761466,0.3742857142857143,218,350,mc_dropout,conch,0.003160475887748615,True,0.0,True
mc_epistemic_mi_conch,0.7,0.6228571428571429,-0.07714285714285707,0.00545979359983368,balanced_accuracy,0.7906688974868417,0.9351449275362318,0.14447603004939014,0.1443642740123269,0.11180426129226848,0.17680806806325164,0.04620614210979951,0.0,0.7901511947025103,0.7621794871794871,0.8185921807747489,0.14499373283372152,1.0,0.001998001998001998,0.3669724770642202,0.37529816513761466,0.3742857142857143,218,350,mc_dropout,conch,0.002414252414252414,True,0.0,True
mc_epistemic_mi_conch,0.7,0.6228571428571429,-0.07714285714285707,0.00545979359983368,sensitivity,0.9694656488549618,0.95,-0.019465648854961826,-0.020098148407743932,-0.041481481481481564,-0.00429562776988609,0.027671021711686547,0.026,0.9690492308406019,0.9487179487179487,0.9886363636363636,-0.01904923084060195,0.034,0.0999000999000999,0.3669724770642202,0.37529816513761466,0.3742857142857143,218,350,mc_dropout,conch,0.19314019314019315,False,0.04188888888888889,True
mc_epistemic_mi_conch,0.7,0.6228571428571429,-0.07714285714285707,0.00545979359983368,specificity,0.6118721461187214,0.9202898550724637,0.3084177089537423,0.3088266964323978,0.24866434217717992,0.3758683624245102,0.08819232168203288,0.0,0.6112531585644185,0.5624759615384616,0.664179104477612,0.3090366965080452,1.0,0.001998001998001998,0.3669724770642202,0.37529816513761466,0.3742857142857143,218,350,mc_dropout,conch,0.002414252414252414,True,0.0,True
mc_epistemic_mi_conch,0.7,0.6228571428571429,-0.07714285714285707,0.00545979359983368,ppv,0.5990566037735849,0.8735632183908046,0.2745066146172197,0.27480389780904774,0.19678882183118318,0.34991061796887046,0.1061214226903645,0.0,0.5996215907614967,0.549618320610687,0.6525087954431228,0.27394162762930796,1.0,0.001998001998001998,0.3669724770642202,0.37529816513761466,0.3742857142857143,218,350,mc_dropout,conch,0.002716033966033966,True,0.0,True
mc_epistemic_mi_conch,0.7,0.6228571428571429,-0.07714285714285707,0.00545979359983368,npv,0.9710144927536232,0.9694656488549618,-0.0015488438986613895,-0.001602587610689031,-0.003790482170968887,-0.00022611871054414317,0.0027632474898074406,0.026,0.9704771156474126,0.9512195121951219,0.9888919413919415,-0.001011466792450788,0.533,0.935064935064935,0.3669724770642202,0.37529816513761466,0.3742857142857143,218,350,mc_dropout,conch,0.9944474130520643,False,0.07909090909090909,False
mc_epistemic_mi_conch,0.7,0.6228571428571429,-0.07714285714285707,0.00545979359983368,f1,0.7405247813411079,0.9101796407185628,0.16965485937745495,0.16976729937857646,0.1201168194550547,0.22158909233166216,0.07335978343074709,0.0,0.7404835484112734,0.699987684729064,0.7814160206718346,0.16969609230728944,1.0,0.001998001998001998,0.3669724770642202,0.37529816513761466,0.3742857142857143,218,350,mc_dropout,conch,0.0026337299064571793,True,0.0,True
mc_epistemic_mi_conch,0.7,0.6228571428571429,-0.07714285714285707,0.00545979359983368,brier,0.11365911759138929,0.052010389113672534,-0.061648728477716755,-0.06179206061699816,-0.08186804979049087,-0.04390179874117279,0.027411470010866565,0.0,0.11366051378688044,0.09551752048512915,0.1307266661989581,-0.06165012467320791,0.0,0.001998001998001998,0.3669724770642202,0.37529816513761466,0.3742857142857143,218,350,mc_dropout,conch,0.0031040388183245326,True,0.0,True
mc_epistemic_mi_conch,0.7,0.6228571428571429,-0.07714285714285707,0.00545979359983368,ece,0.05415177102333733,0.029367460019100435,-0.0247843110042369,-0.03284947383978023,-0.0619581510147923,-0.005440751014680044,0.04024782403614577,0.012,0.06642866926614213,0.04563976885001131,0.08863598181174026,-0.0370612092470417,0.0,0.001998001998001998,0.3669724770642202,0.37529816513761466,0.3742857142857143,218,350,mc_dropout,conch,0.021728271728271728,True,0.0522,False
mc_epistemic_mi_conch,0.7,0.6228571428571429,-0.07714285714285707,0.00545979359983368,cal_gap,0.045390384918344906,0.022744812545528903,-0.022645572372816003,-0.023633488554967136,-0.05642218265811281,0.008668218099167773,0.045937245269966745,0.154,0.04453683689989815,0.01832292891500533,0.06994636575061265,-0.02179202435436925,0.053,0.10789210789210789,0.3669724770642202,0.37529816513761466,0.3742857142857143,218,350,mc_dropout,conch,0.27607686431215844,False,0.38183333333333336,False
mc_epistemic_mi_conch,0.7,0.6228571428571429,-0.07714285714285707,0.00545979359983368,accuracy,0.7457142857142857,0.9311926605504587,0.18547837483617302,0.18567503230325438,0.1435345549007985,0.23143140339836374,0.06260221361424631,0.0,0.74551376146789,0.7110091743119266,0.7844036697247706,0.18567889908256874,1.0,0.001998001998001998,0.3669724770642202,0.37529816513761466,0.3742857142857143,218,350,mc_dropout,conch,0.0025192199105242585,True,0.0,True
entropy_conch,0.9,0.9114285714285715,0.011428571428571455,0.6569990470907223,auroc,0.9156122555683363,0.9276214833759591,0.012009227807622813,0.012214490390327067,0.006527482693617415,0.019646860158305076,0.009329815405888767,0.0,0.9154623724698244,0.9079324675708903,0.925218702225242,0.01215911090613464,0.991,0.01998001998001998,0.3605015673981191,0.3747366771159875,0.3742857142857143,319,350,predictive,conch,0.02483231054659626,True,0.0,True
entropy_conch,0.9,0.9114285714285715,0.011428571428571455,0.6569990470907223,auprc,0.8580007958180558,0.8717898735176803,0.013789077699624563,0.014072972758027859,0.006207247723062586,0.02359768924437409,0.012513875451575908,0.0,0.857953147609243,0.8429859650841417,0.8792012991519378,0.01383672590843732,0.924,0.15384615384615385,0.3605015673981191,0.3747366771159875,0.3742857142857143,319,350,predictive,conch,0.41980660848585377,False,0.0,True
entropy_conch,0.9,0.9114285714285715,0.011428571428571455,0.6569990470907223,bss,0.5146836102706547,0.5571204139016264,0.04243680363097169,0.04306402064148169,0.021485127645668466,0.06725498191578598,0.034039166492331165,0.0,0.5141439660388715,0.48790398800129336,0.5458196830630594,0.042976447862754896,0.994,0.013986013986013986,0.3605015673981191,0.3747366771159875,0.3742857142857143,319,350,predictive,conch,0.018160943534077864,True,0.0,True
entropy_conch,0.9,0.9114285714285715,0.011428571428571455,0.6569990470907223,balanced_accuracy,0.7906688974868417,0.8110400682011936,0.020371170714351905,0.02077697618830264,0.009141445035362078,0.03322013470434587,0.016287031645595838,0.0,0.79056661104639,0.7798157453936349,0.8017395320197044,0.02047345715480353,1.0,0.001998001998001998,0.3605015673981191,0.3747366771159875,0.3742857142857143,319,350,predictive,conch,0.002414252414252414,True,0.0,True
entropy_conch,0.9,0.9114285714285715,0.011428571428571455,0.6569990470907223,sensitivity,0.9694656488549618,0.9652173913043478,-0.004248257550613976,-0.004443283173213375,-0.01004682637029762,-0.0009213125469817483,0.006991674517679614,0.026,0.9694314469915455,0.9652173913043478,0.9829059829059829,-0.004214055687197682,0.018,0.07792207792207792,0.3605015673981191,0.3747366771159875,0.3742857142857143,319,350,predictive,conch,0.1576562971911809,False,0.04188888888888889,True
entropy_conch,0.9,0.9114285714285715,0.011428571428571455,0.6569990470907223,specificity,0.6118721461187214,0.6568627450980392,0.044990598979317786,0.04599723554981865,0.024517148249950806,0.06943475689343127,0.03183461202595715,0.0,0.6117017751012345,0.5920398009950248,0.6318535996488147,0.045160969996804745,1.0,0.001998001998001998,0.3605015673981191,0.3747366771159875,0.3742857142857143,319,350,predictive,conch,0.002414252414252414,True,0.0,True
entropy_conch,0.9,0.9114285714285715,0.011428571428571455,0.6569990470907223,ppv,0.5990566037735849,0.6132596685082873,0.014203064734702342,0.014959558917400135,-0.01319239028156447,0.04552398928563683,0.041032769925276394,0.294,0.5994041672761856,0.5789406892866684,0.6205128205128205,0.013855501232101664,0.895,0.21178821178821178,0.3605015673981191,0.3747366771159875,0.3742857142857143,319,350,predictive,conch,0.2392931743581094,False,0.32377215189873415,False
entropy_conch,0.9,0.9114285714285715,0.011428571428571455,0.6569990470907223,npv,0.9710144927536232,0.9710144927536232,0.0,0.0,0.0,0.0,0.0,1.0,0.9709217100519107,0.9669421487603306,0.9838709677419355,9.278270171242387e-05,0.692,0.6173826173826173,0.3605015673981191,0.3747366771159875,0.3742857142857143,319,350,predictive,conch,0.9944474130520643,False,1.0,False
entropy_conch,0.9,0.9114285714285715,0.011428571428571455,0.6569990470907223,f1,0.7405247813411079,0.75,0.009475218658892115,0.00989261317322985,-0.012103753839665974,0.03269609704878685,0.0314747252401684,0.354,0.7407260980053353,0.7238095238095238,0.7570977917981072,0.009273901994664713,0.86,0.2817182817182817,0.3605015673981191,0.3747366771159875,0.3742857142857143,319,350,predictive,conch,0.3025863025863026,False,0.3802222222222222,False
entropy_conch,0.9,0.9114285714285715,0.011428571428571455,0.6569990470907223,brier,0.11365911759138929,0.10210154273118234,-0.011557574860206948,-0.011725319395101479,-0.01710749417857481,-0.007087484746223334,0.007384274528223237,0.0,0.11380238277844841,0.10621609723185169,0.11989447481319737,-0.01170084004726607,0.001,0.003996003996003996,0.3605015673981191,0.3747366771159875,0.3742857142857143,319,350,predictive,conch,0.005348497656189964,True,0.0,True
entropy_conch,0.9,0.9114285714285715,0.011428571428571455,0.6569990470907223,ece,0.05415177102333733,0.055341658778021524,0.0011898877546841907,-0.0043614739735168846,-0.01556732570688968,0.006576079022106742,0.01603633255682548,0.474,0.056810440183906206,0.047665594798895226,0.065909846542625,-0.0014687814058846824,0.381,0.7632367632367633,0.3605015673981191,0.3747366771159875,0.3742857142857143,319,350,predictive,conch,0.8197728197728198,False,0.5881690140845071,False
entropy_conch,0.9,0.9114285714285715,0.011428571428571455,0.6569990470907223,cal_gap,0.045390384918344906,0.049681090586307874,0.0042907056679629685,0.003965834729708546,-0.011138859100137727,0.019463410509219715,0.022241720617639685,0.624,0.045288999886027186,0.034518010034897365,0.05621937424737114,0.004392090700280689,0.785,0.43156843156843155,0.3605015673981191,0.3747366771159875,0.3742857142857143,319,350,predictive,conch,0.5312715453560524,False,0.7308,False
entropy_conch,0.9,0.9114285714285715,0.011428571428571455,0.6569990470907223,accuracy,0.7457142857142857,0.768025078369906,0.022310792655620304,0.022949261911080238,0.005959134979548539,0.04101242725775261,0.02521408531044057,0.008,0.745755485893417,0.7335423197492164,0.7586990595611284,0.022269592476488964,0.995,0.011988011988011988,0.3605015673981191,0.3747366771159875,0.3742857142857143,319,350,predictive,conch,0.014485514485514486,True,0.009802816901408452,True
entropy_conch,0.8,0.8085714285714286,0.008571428571428563,0.5769162963747128,auroc,0.9156122555683363,0.9413556740289414,0.025743418460605128,0.02602337080165924,0.015364048713467837,0.03798483540499768,0.016513847942368046,0.0,0.915691614213445,0.9021398574277396,0.9308612143551893,0.025664059815496354,1.0,0.001998001998001998,0.3568904593639576,0.3741872791519435,0.3742857142857143,283,350,predictive,conch,0.006685622070237455,True,0.0,True
entropy_conch,0.8,0.8085714285714286,0.008571428571428563,0.5769162963747128,auprc,0.8580007958180558,0.8895677789929681,0.031566983174912355,0.0319661994876227,0.01720201745748682,0.04916938627994925,0.02346568976958186,0.0,0.8581114048630802,0.8324300120250059,0.8915263176518066,0.03145637412988789,0.972,0.057942057942057944,0.3568904593639576,0.3741872791519435,0.3742857142857143,283,350,predictive,conch,0.25696043087347437,False,0.0,True
entropy_conch,0.8,0.8085714285714286,0.008571428571428563,0.5769162963747128,bss,0.5146836102706547,0.6270180206444613,0.11233441037380665,0.1128060510907257,0.06663543620524455,0.1630255681249694,0.06728981464688444,0.0,0.5145088166452249,0.4688123463543067,0.5670786922378547,0.11250920399923647,1.0,0.001998001998001998,0.3568904593639576,0.3741872791519435,0.3742857142857143,283,350,predictive,conch,0.003160475887748615,True,0.0,True
entropy_conch,0.8,0.8085714285714286,0.008571428571428563,0.5769162963747128,balanced_accuracy,0.7906688974868417,0.8483298879338483,0.05766099044700668,0.05811108573293244,0.038391929867404674,0.07851686239524186,0.027954172133994613,0.0,0.7907254456642051,0.7741518451679412,0.8082304697463859,0.05760444226964323,1.0,0.001998001998001998,0.3568904593639576,0.3741872791519435,0.3742857142857143,283,350,predictive,conch,0.002414252414252414,True,0.0,True
entropy_conch,0.8,0.8085714285714286,0.008571428571428563,0.5769162963747128,sensitivity,0.9694656488549618,0.9603960396039604,-0.00906960925100142,-0.009455673260042737,-0.02058938683494614,-0.0019469578690889898,0.013668926656650069,0.026,0.9695693397643805,0.9603960396039604,0.98990399039904,-0.009173300160420172,0.019,0.06993006993006994,0.3568904593639576,0.3741872791519435,0.3742857142857143,283,350,predictive,conch,0.14838819716868498,False,0.04188888888888889,True
entropy_conch,0.8,0.8085714285714286,0.008571428571428563,0.5769162963747128,specificity,0.6118721461187214,0.7362637362637363,0.12439159014501489,0.12567784472590762,0.09039217216770745,0.165350129248938,0.05438609439576335,0.0,0.6118815515640296,0.581910924834193,0.6453488372093024,0.12438218469970674,1.0,0.001998001998001998,0.3568904593639576,0.3741872791519435,0.3742857142857143,283,350,predictive,conch,0.002414252414252414,True,0.0,True
entropy_conch,0.8,0.8085714285714286,0.008571428571428563,0.5769162963747128,ppv,0.5990566037735849,0.6689655172413793,0.06990891346779438,0.07092338719138952,0.023547133836813873,0.12004780334261386,0.06802869048155863,0.004,0.5989808125015279,0.5672470047068892,0.632183908045977,0.06998470473985141,1.0,0.001998001998001998,0.3568904593639576,0.3741872791519435,0.3742857142857143,283,350,predictive,conch,0.002716033966033966,True,0.005612903225806452,True
entropy_conch,0.8,0.8085714285714286,0.008571428571428563,0.5769162963747128,npv,0.9710144927536232,0.9710144927536232,0.0,0.0,0.0,0.0,0.0,1.0,0.971120089678607,0.9622641509433962,0.9905682419326397,-0.00010559692498379736,0.405,0.8111888111888111,0.3568904593639576,0.3741872791519435,0.3742857142857143,283,350,predictive,conch,0.9944474130520643,False,1.0,False
entropy_conch,0.8,0.8085714285714286,0.008571428571428563,0.5769162963747128,f1,0.7405247813411079,0.7886178861788617,0.048093104837753864,0.048590565339668705,0.013006939338562866,0.08362258891047517,0.04957919897862483,0.006,0.7403622633807772,0.7142857142857143,0.7664233576642335,0.048255622798084596,1.0,0.001998001998001998,0.3568904593639576,0.3741872791519435,0.3742857142857143,283,350,predictive,conch,0.0026337299064571793,True,0.007676470588235294,True
entropy_conch,0.8,0.8085714285714286,0.008571428571428563,0.5769162963747128,brier,0.11365911759138929,0.0856066968561664,-0.02805242073522289,-0.028142127437504598,-0.03916052767643041,-0.018643269859892925,0.014819890808672043,0.0,0.11358780262781039,0.10152232395394159,0.124380477393714,-0.02798110577164399,0.0,0.001998001998001998,0.3568904593639576,0.3741872791519435,0.3742857142857143,283,350,predictive,conch,0.0031040388183245326,True,0.0,True
entropy_conch,0.8,0.8085714285714286,0.008571428571428563,0.5769162963747128,ece,0.05415177102333733,0.048651156015694155,-0.005500615007643178,-0.01371780198453326,-0.031564376396518344,0.0034474188085254743,0.025590780740731445,0.132,0.060180628165711285,0.04623302701694475,0.07580351784961896,-0.01152947215001713,0.053,0.10789210789210789,0.3568904593639576,0.3741872791519435,0.3742857142857143,283,350,predictive,conch,0.17710591295496958,False,0.22517647058823528,False
entropy_conch,0.8,0.8085714285714286,0.008571428571428563,0.5769162963747128,cal_gap,0.045390384918344906,0.04227051554517591,-0.003119869373168993,-0.0035328973900799207,-0.026962339553619152,0.02007406457153478,0.03270856114000629,0.792,0.04542785037059152,0.027783523151542422,0.06222224681639822,-0.0031573348254156086,0.361,0.7232767232767233,0.3568904593639576,0.3741872791519435,0.3742857142857143,283,350,predictive,conch,0.7768527768527769,False,0.8613,False
entropy_conch,0.8,0.8085714285714286,0.008571428571428563,0.5769162963747128,accuracy,0.7457142857142857,0.8162544169611308,0.0705401312468451,0.07133850029102405,0.04317501097935883,0.1006619713419765,0.041215407758581644,0.0,0.745720848056537,0.7243816254416962,0.7667844522968198,0.07053356890459372,1.0,0.001998001998001998,0.3568904593639576,0.3741872791519435,0.3742857142857143,283,350,predictive,conch,0.0025192199105242585,True,0.0,True
entropy_conch,0.7,0.6485714285714286,-0.05142857142857138,0.4496831849363271,auroc,0.9156122555683363,0.9593013250731371,0.04368906950480089,0.04383785525107821,0.026512175819478272,0.06384480132610383,0.026726493836899273,0.0,0.9155081027886393,0.8952468389372575,0.9375976703627621,0.04379322228449789,1.0,0.001998001998001998,0.3436123348017621,0.37337444933920705,0.3742857142857143,227,350,predictive,conch,0.006685622070237455,True,0.0,True
entropy_conch,0.7,0.6485714285714286,-0.05142857142857138,0.4496831849363271,auprc,0.8580007958180558,0.9134047674910515,0.05540397167299571,0.05562637881949404,0.03010681837881277,0.08490188047557495,0.039553936211137807,0.0,0.8578764303737043,0.8151849541938689,0.8999133771475852,0.05552833711734717,0.998,0.005994005994005994,0.3436123348017621,0.37337444933920705,0.3742857142857143,227,350,predictive,conch,0.25696043087347437,False,0.0,True
entropy_conch,0.7,0.6485714285714286,-0.05142857142857138,0.4496831849363271,bss,0.5146836102706547,0.7351484533569062,0.22046484308625147,0.22096483887549284,0.1397112753764804,0.3021669462381496,0.11639058582303832,0.0,0.5125601057480774,0.4436567738898595,0.5893955069968398,0.22258834760882873,1.0,0.001998001998001998,0.3436123348017621,0.37337444933920705,0.3742857142857143,227,350,predictive,conch,0.003160475887748615,True,0.0,True
entropy_conch,0.7,0.6485714285714286,-0.05142857142857138,0.4496831849363271,balanced_accuracy,0.7906688974868417,0.9240234038891757,0.13335450640233404,0.1331988902548769,0.10375289983944194,0.16433748116572958,0.04529553165004378,0.0,0.7906530458440623,0.7641138414825389,0.8189114512928968,0.13337035804511344,1.0,0.001998001998001998,0.3436123348017621,0.37337444933920705,0.3742857142857143,227,350,predictive,conch,0.002414252414252414,True,0.0,True
entropy_conch,0.7,0.6485714285714286,-0.05142857142857138,0.4496831849363271,sensitivity,0.9694656488549618,0.9487179487179487,-0.020747700137013103,-0.021434162646716253,-0.0439212141452516,-0.004621786630394936,0.029556404429889535,0.026,0.9697066234949497,0.9512195121951219,0.9888888888888889,-0.02098867477700106,0.003,0.015984015984015984,0.3436123348017621,0.37337444933920705,0.3742857142857143,227,350,predictive,conch,0.05348497656189964,False,0.04188888888888889,True
entropy_conch,0.7,0.6485714285714286,-0.05142857142857138,0.4496831849363271,specificity,0.6118721461187214,0.8993288590604027,0.2874567129416813,0.28783194315647004,0.2310869929050771,0.34934301506353904,0.08515038132969854,0.0,0.6115994681931748,0.5646173469387755,0.6642857142857143,0.28772939086722793,1.0,0.001998001998001998,0.3436123348017621,0.37337444933920705,0.3742857142857143,227,350,predictive,conch,0.002414252414252414,True,0.0,True
entropy_conch,0.7,0.6485714285714286,-0.05142857142857138,0.4496831849363271,ppv,0.5990566037735849,0.8314606741573034,0.23240407038371846,0.23251219397127643,0.16000106562918767,0.3090068500070123,0.1058567562401017,0.0,0.5980351385512697,0.5492957746478874,0.6470588235294118,0.23342553560603374,1.0,0.001998001998001998,0.3436123348017621,0.37337444933920705,0.3742857142857143,227,350,predictive,conch,0.002716033966033966,True,0.0,True
entropy_conch,0.7,0.6485714285714286,-0.05142857142857138,0.4496831849363271,npv,0.9710144927536232,0.9710144927536232,0.0,0.0,0.0,0.0,0.0,1.0,0.9713597868141606,0.9534883720930233,0.9894736842105263,-0.0003452940605374044,0.54,0.9210789210789211,0.3436123348017621,0.37337444933920705,0.3742857142857143,227,350,predictive,conch,0.9944474130520643,False,1.0,False
entropy_conch,0.7,0.6485714285714286,-0.05142857142857138,0.4496831849363271,f1,0.7405247813411079,0.8862275449101796,0.14570276356907175,0.14559515103620127,0.0983996623750159,0.1963914153831117,0.07293113908101904,0.0,0.7394914591388467,0.6999887892376682,0.7777777777777778,0.1467360857713329,1.0,0.001998001998001998,0.3436123348017621,0.37337444933920705,0.3742857142857143,227,350,predictive,conch,0.0026337299064571793,True,0.0,True
entropy_conch,0.7,0.6485714285714286,-0.05142857142857138,0.4496831849363271,brier,0.11365911759138929,0.059735385415708366,-0.05392373217568092,-0.053989022670495636,-0.07271751024706313,-0.03672119105127904,0.0257849403421987,0.0,0.11381891370697275,0.09637953826742468,0.1292185543883042,-0.054083528291264386,0.0,0.001998001998001998,0.3436123348017621,0.37337444933920705,0.3742857142857143,227,350,predictive,conch,0.0031040388183245326,True,0.0,True
entropy_conch,0.7,0.6485714285714286,-0.05142857142857138,0.4496831849363271,ece,0.05415177102333733,0.03993686278338344,-0.014214908239953895,-0.026880792372091157,-0.05679807870941602,0.00048476637488729235,0.0404306144246088,0.052,0.06558507571157299,0.04647634774149037,0.08661066240637198,-0.02564821292818955,0.005,0.011988011988011988,0.3436123348017621,0.37337444933920705,0.3742857142857143,227,350,predictive,conch,0.05489247594510752,False,0.12227027027027026,False
entropy_conch,0.7,0.6485714285714286,-0.05142857142857138,0.4496831849363271,cal_gap,0.045390384918344906,0.03993686278338343,-0.005453522134961475,-0.006291796501586319,-0.03767961642102194,0.024255246247404952,0.04403520141659296,0.686,0.04623642546628983,0.020949528907581623,0.07260708523512147,-0.0062995626829064,0.312,0.6253746253746254,0.3436123348017621,0.37337444933920705,0.3742857142857143,227,350,predictive,conch,0.6975332359947745,False,0.7576708860759493,False
entropy_conch,0.7,0.6485714285714286,-0.05142857142857138,0.4496831849363271,accuracy,0.7457142857142857,0.9162995594713657,0.17058527375708,0.17076815047705762,0.1298645204916068,0.21457569097298745,0.06104068982386347,0.0,0.7453083700440528,0.7136563876651982,0.7797356828193832,0.17099118942731284,1.0,0.001998001998001998,0.3436123348017621,0.37337444933920705,0.3742857142857143,227,350,predictive,conch,0.0025192199105242585,True,0.0,True
de_within_fold_mi_hoptimus,0.9,0.9342857142857143,0.03428571428571425,0.08253880601966185,auroc,0.8899578235560668,0.9006797281087565,0.010721904552689732,0.01060950774004562,0.0048315863983604546,0.01860001185287811,0.009734456002890647,0.0,0.8897438567145487,0.8821661335465814,0.8994647776581322,0.010935871394207819,0.99,0.02197802197802198,0.3730886850152905,0.3743302752293578,0.3742857142857143,327,350,deep_ensemble,hoptimus,0.026930815663210032,True,0.0,True
de_within_fold_mi_hoptimus,0.9,0.9342857142857143,0.03428571428571425,0.08253880601966185,auprc,0.7806618290877523,0.7910594708253766,0.010397641737624364,0.010369696982094383,0.0032249586435827067,0.018992172258178026,0.01127686928513659,0.002,0.7804109744188316,0.7616406843063694,0.8063022454313709,0.010648496406545083,0.839,0.32367632367632365,0.3730886850152905,0.3743302752293578,0.3742857142857143,327,350,deep_ensemble,hoptimus,0.4224941724941724,False,0.0034117647058823533,True
de_within_fold_mi_hoptimus,0.9,0.9342857142857143,0.03428571428571425,0.08253880601966185,bss,0.3447955547049807,0.3892951373978787,0.044499582692898,0.04344556558168185,0.009641833843940167,0.08537348490090167,0.05410027002721431,0.014,0.343829124814015,0.3109771772441163,0.3855345507087005,0.04546601258386368,0.988,0.025974025974025976,0.3730886850152905,0.3743302752293578,0.3742857142857143,327,350,deep_ensemble,hoptimus,0.03182732760197549,True,0.017154929577464787,True
de_within_fold_mi_hoptimus,0.9,0.9342857142857143,0.03428571428571425,0.08253880601966185,balanced_accuracy,0.8041583882324236,0.8262295081967213,0.02207111996429767,0.021760740200898708,0.00645312732442947,0.03936429251595446,0.02396237171286876,0.002,0.8039162758039512,0.794140902877316,0.8156764865705022,0.022313232392770055,1.0,0.001998001998001998,0.3730886850152905,0.3743302752293578,0.3742857142857143,327,350,deep_ensemble,hoptimus,0.002414252414252414,True,0.002416666666666667,True
de_within_fold_mi_hoptimus,0.9,0.9342857142857143,0.03428571428571425,0.08253880601966185,sensitivity,0.8320610687022901,0.8524590163934426,0.02039794769115244,0.019864466448688844,-0.0029408456857003104,0.04746700600081642,0.03658416444052859,0.094,0.8318985230033064,0.8181818181818182,0.8512396694214877,0.020560493390136214,0.976,0.04995004995004995,0.3730886850152905,0.3743302752293578,0.3742857142857143,327,350,deep_ensemble,hoptimus,0.11435932488564067,False,0.12390909090909093,False
de_within_fold_mi_hoptimus,0.9,0.9342857142857143,0.03428571428571425,0.08253880601966185,specificity,0.776255707762557,0.8,0.02374429223744301,0.02365701395310859,0.004607831332644994,0.04865136779984338,0.030778392429051133,0.012,0.7759340286045959,0.7632850241545893,0.7910447761194029,0.024065971395404118,0.997,0.007992007992007992,0.3730886850152905,0.3743302752293578,0.3742857142857143,327,350,deep_ensemble,hoptimus,0.008584008584008583,True,0.01305,True
de_within_fold_mi_hoptimus,0.9,0.9342857142857143,0.03428571428571425,0.08253880601966185,ppv,0.689873417721519,0.7172413793103448,0.027367961588825818,0.02701766681746173,0.0014886563944877206,0.0577196890847728,0.04008511169691573,0.042,0.6895590285972496,0.6713286713286714,0.7086092715231788,0.027682350713095216,0.995,0.011988011988011988,0.3730886850152905,0.3743302752293578,0.3742857142857143,327,350,deep_ensemble,hoptimus,0.015802379438743075,True,0.0522,False
de_within_fold_mi_hoptimus,0.9,0.9342857142857143,0.03428571428571425,0.08253880601966185,npv,0.8854166666666666,0.9010989010989011,0.015682234432234488,0.015408755465767246,-0.0008642089271270719,0.036630234871279234,0.026174293880658138,0.06,0.8852511953800913,0.8757062146892656,0.8994413407821229,0.01584770571880978,0.989,0.023976023976023976,0.3730886850152905,0.3743302752293578,0.3742857142857143,327,350,deep_ensemble,hoptimus,0.0672875511585189,False,0.13384615384615384,False
de_within_fold_mi_hoptimus,0.9,0.9342857142857143,0.03428571428571425,0.08253880601966185,f1,0.754325259515571,0.7790262172284644,0.02470095771289349,0.024272752822161132,0.005762104100562563,0.04544690750353509,0.029044096495828845,0.022,0.7540284301493325,0.7404580152671756,0.7686710677382319,0.024997787079131917,1.0,0.001998001998001998,0.3730886850152905,0.3743302752293578,0.3742857142857143,327,350,deep_ensemble,hoptimus,0.0026337299064571793,True,0.025864864864864865,True
de_within_fold_mi_hoptimus,0.9,0.9342857142857143,0.03428571428571425,0.08253880601966185,brier,0.15344620678423515,0.14283990885240724,-0.010606297931827907,-0.010377894041049905,-0.019175860825463856,-0.0032045021814849734,0.011195822693977862,0.002,0.15363652843956185,0.1444202874363307,0.16099523738460086,-0.01079661958715461,0.01,0.02197802197802198,0.3730886850152905,0.3743302752293578,0.3742857142857143,327,350,deep_ensemble,hoptimus,0.02655677655677656,True,0.002416666666666667,True
de_within_fold_mi_hoptimus,0.9,0.9342857142857143,0.03428571428571425,0.08253880601966185,ece,0.11978641100714282,0.11141488511373952,-0.0083715258934033,-0.0073420423352982935,-0.02129262062767596,0.006974730495135854,0.0199321491906214,0.306,0.12066935028618928,0.11023721295604355,0.13000740862462354,-0.009254465172449752,0.044,0.0899100899100899,0.3730886850152905,0.3743302752293578,0.3742857142857143,327,350,deep_ensemble,hoptimus,0.1533760357289769,False,0.435,False
de_within_fold_mi_hoptimus,0.9,0.9342857142857143,0.03428571428571425,0.08253880601966185,cal_gap,0.08989143235920766,0.08338712243019175,-0.006504309929015906,-0.006522408633968348,-0.021639276012987464,0.009297798718219267,0.021210367368064545,0.376,0.08993231081912342,0.07927316363370618,0.09995805921819985,-0.006545188388931672,0.11,0.2217782217782218,0.3730886850152905,0.3743302752293578,0.3742857142857143,327,350,deep_ensemble,hoptimus,0.3568010936431989,False,0.5533770491803278,False
de_within_fold_mi_hoptimus,0.9,0.9342857142857143,0.03428571428571425,0.08253880601966185,accuracy,0.7971428571428572,0.8195718654434251,0.022429008300567932,0.022169097128459853,0.006902989252127137,0.039592807181063304,0.02373618000027358,0.0,0.7968837920489298,0.7859327217125383,0.8073394495412844,0.0226880733944953,1.0,0.001998001998001998,0.3730886850152905,0.3743302752293578,0.3742857142857143,327,350,deep_ensemble,hoptimus,0.0025192199105242585,True,0.0,True
de_within_fold_mi_hoptimus,0.8,0.8371428571428572,0.037142857142857144,0.05764308071056494,auroc,0.8899578235560668,0.9109575219453133,0.020999698389246535,0.020922143884565446,0.011928709870465177,0.03208329416430226,0.014627811632559731,0.0,0.8896981531316905,0.8755719348782711,0.9058149259817172,0.02125936881362278,0.995,0.011988011988011988,0.36177474402730375,0.374334470989761,0.3742857142857143,293,350,deep_ensemble,hoptimus,0.017097656441918737,True,0.0,True
de_within_fold_mi_hoptimus,0.8,0.8371428571428572,0.037142857142857144,0.05764308071056494,auprc,0.7806618290877523,0.7975855021899534,0.01692367310220111,0.017207190490709266,0.0020495905541590117,0.03256092137382964,0.021845343392634317,0.028,0.7806791842895473,0.7488837419626054,0.8196558635997422,0.016906317900406087,0.829,0.3436563436563437,0.36177474402730375,0.374334470989761,0.3742857142857143,293,350,deep_ensemble,hoptimus,0.4224941724941724,False,0.030074074074074073,True
de_within_fold_mi_hoptimus,0.8,0.8371428571428572,0.037142857142857144,0.05764308071056494,bss,0.3447955547049807,0.4181798705782467,0.07338431587326599,0.07125422749527494,0.01392119701190409,0.13302475973013939,0.08532685597547973,0.02,0.3433037696728785,0.2838545298135941,0.40721723568128537,0.07487610090536817,0.986,0.029970029970029972,0.36177474402730375,0.374334470989761,0.3742857142857143,293,350,deep_ensemble,hoptimus,0.036213786213786216,True,0.024166666666666666,True
de_within_fold_mi_hoptimus,0.8,0.8371428571428572,0.037142857142857144,0.05764308071056494,balanced_accuracy,0.8041583882324236,0.8457269700332963,0.04156858180087275,0.04128655737597357,0.01743208017682656,0.06619455977834385,0.03513540940014859,0.0,0.8039422589957131,0.7861359439842659,0.8235339917660359,0.04178471103758319,1.0,0.001998001998001998,0.36177474402730375,0.374334470989761,0.3742857142857143,293,350,deep_ensemble,hoptimus,0.002414252414252414,True,0.0,True
de_within_fold_mi_hoptimus,0.8,0.8371428571428572,0.037142857142857144,0.05764308071056494,sensitivity,0.8320610687022901,0.8679245283018868,0.03586345959959669,0.03563465884666981,-0.0011266722863224493,0.07571889476180298,0.05381660669600029,0.074,0.8321063157437764,0.8058185005393743,0.8623853211009175,0.03581821255811046,0.989,0.023976023976023976,0.36177474402730375,0.374334470989761,0.3742857142857143,293,350,deep_ensemble,hoptimus,0.061350414291590764,False,0.10219047619047619,False
de_within_fold_mi_hoptimus,0.8,0.8371428571428572,0.037142857142857144,0.05764308071056494,specificity,0.776255707762557,0.8235294117647058,0.04727370400214881,0.04693845590527733,0.017427198726712827,0.08113840528171189,0.0448272808298414,0.0,0.7757782022476499,0.7527457757296467,0.8,0.047751209517055915,1.0,0.001998001998001998,0.36177474402730375,0.374334470989761,0.3742857142857143,293,350,deep_ensemble,hoptimus,0.002414252414252414,True,0.0,True
de_within_fold_mi_hoptimus,0.8,0.8371428571428572,0.037142857142857144,0.05764308071056494,ppv,0.689873417721519,0.736,0.04612658227848099,0.04547526804998733,0.006035021547806147,0.09029589613305929,0.05958080246173187,0.018,0.6894669068795272,0.6585365853658537,0.7218045112781954,0.046533093120472824,0.997,0.007992007992007992,0.36177474402730375,0.374334470989761,0.3742857142857143,293,350,deep_ensemble,hoptimus,0.010696995312379928,True,0.023373134328358205,True
de_within_fold_mi_hoptimus,0.8,0.8371428571428572,0.037142857142857144,0.05764308071056494,npv,0.8854166666666666,0.9166666666666666,0.03125,0.031157818219157727,0.006459268325853476,0.058073295322693834,0.03654727422097719,0.008,0.8853662490407312,0.8670886075949367,0.906832298136646,0.031300417625935384,0.999,0.003996003996003996,0.36177474402730375,0.374334470989761,0.3742857142857143,293,350,deep_ensemble,hoptimus,0.018297491981702507,True,0.034800000000000005,True
de_within_fold_mi_hoptimus,0.8,0.8371428571428572,0.037142857142857144,0.05764308071056494,f1,0.754325259515571,0.7965367965367965,0.0422115370212256,0.041698563153588025,0.01047271258118917,0.0723987192742976,0.04388405812629501,0.008,0.7539830221201633,0.7288135593220338,0.7777885862516213,0.04255377441663322,1.0,0.001998001998001998,0.36177474402730375,0.374334470989761,0.3742857142857143,293,350,deep_ensemble,hoptimus,0.0026337299064571793,True,0.009802816901408452,True
de_within_fold_mi_hoptimus,0.8,0.8371428571428572,0.037142857142857144,0.05764308071056494,brier,0.15344620678423515,0.13433864815429408,-0.019107558629941068,-0.018696135668649937,-0.031303500687770464,-0.007579722304817197,0.017470579319319657,0.004,0.15368545935528805,0.13962716000868622,0.16645404833253694,-0.019346811200993963,0.004,0.00999000999000999,0.36177474402730375,0.374334470989761,0.3742857142857143,293,350,deep_ensemble,hoptimus,0.01241615527329813,True,0.004767123287671233,True
de_within_fold_mi_hoptimus,0.8,0.8371428571428572,0.037142857142857144,0.05764308071056494,ece,0.11978641100714282,0.10923198216981947,-0.010554428837323354,-0.009719442117190169,-0.029087826745253884,0.010010972796562325,0.027372408729000767,0.298,0.12242702915657183,0.10668979341951253,0.13855660013500043,-0.013195046986752362,0.066,0.13386613386613386,0.36177474402730375,0.374334470989761,0.3742857142857143,293,350,deep_ensemble,hoptimus,0.204321993795678,False,0.4321,False
de_within_fold_mi_hoptimus,0.8,0.8371428571428572,0.037142857142857144,0.05764308071056494,cal_gap,0.08989143235920766,0.07692821770833935,-0.012963214650868304,-0.012730194991512388,-0.033840378465033114,0.008535250899053538,0.030228304535344162,0.234,0.09027609727283638,0.0730525182213932,0.10777075038856807,-0.013347879564497026,0.065,0.13186813186813187,0.36177474402730375,0.374334470989761,0.3742857142857143,293,350,deep_ensemble,hoptimus,0.29089278068869906,False,0.4331489361702128,False
de_within_fold_mi_hoptimus,0.8,0.8371428571428572,0.037142857142857144,0.05764308071056494,accuracy,0.7971428571428572,0.8395904436860068,0.04244758654314962,0.04213992320391456,0.018880183953354657,0.06670047411691518,0.03461788617325937,0.0,0.7968703071672355,0.7815699658703071,0.8156996587030717,0.04272013651877127,1.0,0.001998001998001998,0.36177474402730375,0.374334470989761,0.3742857142857143,293,350,deep_ensemble,hoptimus,0.0025192199105242585,True,0.0,True
de_within_fold_mi_hoptimus,0.7,0.7,0.0,0.03469327456621776,auroc,0.8899578235560668,0.936483288967761,0.04652546541169422,0.04674537047652325,0.029279390026603784,0.0677780402726399,0.027641853163422176,0.0,0.8896076502029076,0.8677807914534177,0.9100516870821554,0.046875638764853456,1.0,0.001998001998001998,0.34285714285714286,0.3746938775510204,0.3742857142857143,245,350,deep_ensemble,hoptimus,0.006685622070237455,True,0.0,True
de_within_fold_mi_hoptimus,0.7,0.7,0.0,0.03469327456621776,auprc,0.7806618290877523,0.8347638606954293,0.054102031607677015,0.055032269154853646,0.015673939130487473,0.10068672554463337,0.061844859557790524,0.004,0.7815220349503418,0.7287283720898097,0.8369029478878826,0.05324182574508751,0.968,0.06593406593406594,0.34285714285714286,0.3746938775510204,0.3742857142857143,245,350,deep_ensemble,hoptimus,0.25696043087347437,False,0.006,True
de_within_fold_mi_hoptimus,0.7,0.7,0.0,0.03469327456621776,bss,0.3447955547049807,0.517576032126433,0.1727804774214523,0.1723418744911566,0.07210401249778406,0.2748061989228166,0.14707356288834522,0.0,0.3432403054147813,0.24834892854012117,0.4343860386571913,0.1743357267116517,1.0,0.001998001998001998,0.34285714285714286,0.3746938775510204,0.3742857142857143,245,350,deep_ensemble,hoptimus,0.003160475887748615,True,0.0,True
de_within_fold_mi_hoptimus,0.7,0.7,0.0,0.03469327456621776,balanced_accuracy,0.8041583882324236,0.8812111801242236,0.07705279189180003,0.07692897864205554,0.04353446737876602,0.11404500372857428,0.04878435839583019,0.0,0.8037158433234326,0.7753701176538016,0.8327603132705331,0.07749533680079101,1.0,0.001998001998001998,0.34285714285714286,0.3746938775510204,0.3742857142857143,245,350,deep_ensemble,hoptimus,0.002414252414252414,True,0.0,True
de_within_fold_mi_hoptimus,0.7,0.7,0.0,0.03469327456621776,sensitivity,0.8320610687022901,0.8928571428571429,0.060796074154852775,0.059975841996240516,0.01198889921343973,0.11322023984645346,0.0737425493147501,0.02,0.8314159429890173,0.7906976744186046,0.875,0.06144119986812557,0.995,0.011988011988011988,0.34285714285714286,0.3746938775510204,0.3742857142857143,245,350,deep_ensemble,hoptimus,0.047407138316229225,True,0.04188888888888889,True
de_within_fold_mi_hoptimus,0.7,0.7,0.0,0.03469327456621776,specificity,0.776255707762557,0.8695652173913043,0.09330950962874729,0.09388211528787058,0.051893516134655766,0.13778253081287536,0.0618360633916097,0.0,0.7760157436578481,0.7402532467532468,0.8129139784946237,0.09354947373345623,1.0,0.001998001998001998,0.34285714285714286,0.3746938775510204,0.3742857142857143,245,350,deep_ensemble,hoptimus,0.002414252414252414,True,0.0,True
de_within_fold_mi_hoptimus,0.7,0.7,0.0,0.03469327456621776,ppv,0.689873417721519,0.78125,0.091376582278481,0.09199918370991839,0.03221143172149979,0.15818202838314302,0.08941375394969085,0.002,0.6898312346993162,0.6415094339622641,0.7387387387387387,0.09141876530068382,1.0,0.001998001998001998,0.34285714285714286,0.3746938775510204,0.3742857142857143,245,350,deep_ensemble,hoptimus,0.002716033966033966,True,0.0029000000000000002,True
de_within_fold_mi_hoptimus,0.7,0.7,0.0,0.03469327456621776,npv,0.8854166666666666,0.9395973154362416,0.05418064876957496,0.05377393976147355,0.022342022937994498,0.09065013933328124,0.048831190776280516,0.0,0.88483822270828,0.8561151079136691,0.916046437659033,0.054759092727961534,1.0,0.001998001998001998,0.34285714285714286,0.3746938775510204,0.3742857142857143,245,350,deep_ensemble,hoptimus,0.01337124414047491,True,0.0,True
de_within_fold_mi_hoptimus,0.7,0.7,0.0,0.03469327456621776,f1,0.754325259515571,0.8333333333333334,0.07900807381776243,0.07892086753519004,0.03527902713224743,0.12697654240144135,0.06367125971771656,0.0,0.7537640118186517,0.7156862745098039,0.7918925390288287,0.07956932151468166,1.0,0.001998001998001998,0.34285714285714286,0.3746938775510204,0.3742857142857143,245,350,deep_ensemble,hoptimus,0.0026337299064571793,True,0.0,True
de_within_fold_mi_hoptimus,0.7,0.7,0.0,0.03469327456621776,brier,0.15344620678423515,0.10869307357804449,-0.04475313320619066,-0.044686619941819584,-0.06849332280257762,-0.024615232131009496,0.030593209887865295,0.0,0.15362916799265236,0.13394071892055803,0.17472908745634488,-0.04493609441460787,0.0,0.001998001998001998,0.34285714285714286,0.3746938775510204,0.3742857142857143,245,350,deep_ensemble,hoptimus,0.0031040388183245326,True,0.0,True
de_within_fold_mi_hoptimus,0.7,0.7,0.0,0.03469327456621776,ece,0.11978641100714282,0.10212033484445895,-0.01766607616268387,-0.023758623146547846,-0.0517729407547344,0.004139382365208729,0.03898459990217185,0.082,0.1248060779215455,0.10149613056905636,0.14931158584601228,-0.02268574307708654,0.031,0.06393606393606394,0.34285714285714286,0.3746938775510204,0.3742857142857143,245,350,deep_ensemble,hoptimus,0.11706660686252524,False,0.15508695652173915,False
de_within_fold_mi_hoptimus,0.7,0.7,0.0,0.03469327456621776,cal_gap,0.08989143235920766,0.06559171157441224,-0.02429972078479542,-0.024859997539845517,-0.056181044642136635,0.005586267117114074,0.04417117429734228,0.11,0.08956013076251751,0.06382569404957285,0.11621134569021467,-0.023968419188105272,0.035,0.07192807192807193,0.34285714285714286,0.3746938775510204,0.3742857142857143,245,350,deep_ensemble,hoptimus,0.22349079491936635,False,0.3248,False
de_within_fold_mi_hoptimus,0.7,0.7,0.0,0.03469327456621776,accuracy,0.7971428571428572,0.8775510204081632,0.08040816326530609,0.08051039409313793,0.049123076923076936,0.11635345022482353,0.04807684819109125,0.0,0.7967632653061225,0.7673469387755102,0.8244897959183674,0.08078775510204073,1.0,0.001998001998001998,0.34285714285714286,0.3746938775510204,0.3742857142857143,245,350,deep_ensemble,hoptimus,0.0025192199105242585,True,0.0,True
within_encoder_mi_hoptimus,0.9,0.8257142857142857,-0.07428571428571429,0.08139766935862422,auroc,0.8899578235560668,0.9137311286843998,0.023773305128332978,0.023769642411787622,0.013605345100089556,0.035677171901548344,0.016313080167953204,0.0,0.889524064692797,0.8751218461151573,0.9049182822680752,0.024207063991602773,0.999,0.003996003996003996,0.370242214532872,0.3739065743944636,0.3742857142857143,289,350,epistemic,hoptimus,0.008084938317496458,True,0.0,True
within_encoder_mi_hoptimus,0.9,0.8257142857142857,-0.07428571428571429,0.08139766935862422,auprc,0.7806618290877523,0.8035915375586675,0.022929708470915244,0.02329996356888082,0.009370655885876452,0.039235781131275516,0.02163819460055899,0.002,0.780043458966669,0.7457295996960248,0.8190273610700318,0.023548078591998478,0.892,0.2177822177822178,0.370242214532872,0.3739065743944636,0.3742857142857143,289,350,epistemic,hoptimus,0.41980660848585377,False,0.0034117647058823533,True
within_encoder_mi_hoptimus,0.9,0.8257142857142857,-0.07428571428571429,0.08139766935862422,bss,0.3447955547049807,0.42623539187580295,0.08143983717082226,0.07959337071687632,0.021498959717028625,0.13911585762343726,0.08203549484101272,0.008,0.3423429702621238,0.2814222090264035,0.40743993301386033,0.08389242161367916,0.994,0.013986013986013986,0.370242214532872,0.3739065743944636,0.3742857142857143,289,350,epistemic,hoptimus,0.018160943534077864,True,0.009942857142857144,True
within_encoder_mi_hoptimus,0.9,0.8257142857142857,-0.07428571428571429,0.08139766935862422,balanced_accuracy,0.8041583882324236,0.8568347540310157,0.05267636579859214,0.052148843750640245,0.026181259121638704,0.08079680379661591,0.03897434160719141,0.0,0.8037680776672411,0.785192148765067,0.8240317840054682,0.0530666763637746,1.0,0.001998001998001998,0.370242214532872,0.3739065743944636,0.3742857142857143,289,350,epistemic,hoptimus,0.002414252414252414,True,0.0,True
within_encoder_mi_hoptimus,0.9,0.8257142857142857,-0.07428571428571429,0.08139766935862422,sensitivity,0.8320610687022901,0.8785046728971962,0.04644360419490612,0.04569091193433281,0.007857527594436078,0.08759003513566274,0.05750482258759874,0.012,0.8319679647398829,0.805514705882353,0.8636473962930273,0.04653670815731337,0.997,0.007992007992007992,0.370242214532872,0.3739065743944636,0.3742857142857143,289,350,epistemic,hoptimus,0.038628038628038625,True,0.04188888888888889,True
within_encoder_mi_hoptimus,0.9,0.8257142857142857,-0.07428571428571429,0.08139766935862422,specificity,0.776255707762557,0.8351648351648352,0.05890912740227816,0.058606775566947676,0.02680981328457458,0.09409684033669179,0.04932388273580056,0.0,0.7755681905945991,0.751411649030808,0.8011363636363636,0.05959664457023606,1.0,0.001998001998001998,0.370242214532872,0.3739065743944636,0.3742857142857143,289,350,epistemic,hoptimus,0.002414252414252414,True,0.0,True
within_encoder_mi_hoptimus,0.9,0.8257142857142857,-0.07428571428571429,0.08139766935862422,ppv,0.689873417721519,0.7580645161290323,0.06819109840751325,0.06752101874399699,0.023294048818980242,0.11277420930221446,0.06563502725604041,0.004,0.6888427653162955,0.6587253193960511,0.7230769230769231,0.06922175081273674,1.0,0.001998001998001998,0.370242214532872,0.3739065743944636,0.3742857142857143,289,350,epistemic,hoptimus,0.002716033966033966,True,0.005612903225806452,True
within_encoder_mi_hoptimus,0.9,0.8257142857142857,-0.07428571428571429,0.08139766935862422,npv,0.8854166666666666,0.9212121212121213,0.03579545454545463,0.0354085061466215,0.009536376350440124,0.06481491705781632,0.04095728677868961,0.006,0.8854198721550848,0.8670886075949367,0.9084977283596365,0.035792249057036485,0.999,0.003996003996003996,0.370242214532872,0.3739065743944636,0.3742857142857143,289,350,epistemic,hoptimus,0.018297491981702507,True,0.029,True
within_encoder_mi_hoptimus,0.9,0.8257142857142857,-0.07428571428571429,0.08139766935862422,f1,0.754325259515571,0.8138528138528138,0.05952755433724288,0.058833166095708635,0.025925803929813907,0.09258258237367463,0.047758573197701694,0.0,0.7535345219104927,0.7288135593220338,0.7786885245901639,0.06031829194232108,1.0,0.001998001998001998,0.370242214532872,0.3739065743944636,0.3742857142857143,289,350,epistemic,hoptimus,0.0026337299064571793,True,0.0,True
within_encoder_mi_hoptimus,0.9,0.8257142857142857,-0.07428571428571429,0.08139766935862422,brier,0.15344620678423515,0.13378062976509636,-0.01966557701913879,-0.01927478629641496,-0.031881553831667485,-0.007274389371143821,0.017051952453975578,0.0,0.1538303271370784,0.1396659353642227,0.16712654895207782,-0.020049697371982034,0.004,0.00999000999000999,0.370242214532872,0.3739065743944636,0.3742857142857143,289,350,epistemic,hoptimus,0.01241615527329813,True,0.0,True
within_encoder_mi_hoptimus,0.9,0.8257142857142857,-0.07428571428571429,0.08139766935862422,ece,0.11978641100714282,0.1230427271593946,0.003256316152251776,-0.003404382666173137,-0.02463255532127851,0.016472905719012786,0.029260665860197488,0.714,0.12296901114171252,0.10604891502968106,0.1396100301873844,7.371601768207947e-05,0.483,0.967032967032967,0.370242214532872,0.3739065743944636,0.3742857142857143,289,350,epistemic,hoptimus,0.971028971028971,False,0.7863037974683543,False
within_encoder_mi_hoptimus,0.9,0.8257142857142857,-0.07428571428571429,0.08139766935862422,cal_gap,0.08989143235920766,0.07692279004801833,-0.012968642311189327,-0.012946322930133716,-0.03515088320471643,0.00997458258688336,0.03209691231333532,0.25,0.09045594852526079,0.07282273243644527,0.10785226438944485,-0.013533158477242457,0.077,0.15584415584415584,0.370242214532872,0.3739065743944636,0.3742857142857143,289,350,epistemic,hoptimus,0.29089278068869906,False,0.435,False
within_encoder_mi_hoptimus,0.9,0.8257142857142857,-0.07428571428571429,0.08139766935862422,accuracy,0.7971428571428572,0.8512110726643599,0.05406821552150276,0.05360224083167655,0.02744994679181959,0.08160686681739315,0.038589872939207,0.0,0.7966539792387544,0.7785467128027682,0.8166089965397924,0.05455709342560555,1.0,0.001998001998001998,0.370242214532872,0.3739065743944636,0.3742857142857143,289,350,epistemic,hoptimus,0.0025192199105242585,True,0.0,True
within_encoder_mi_hoptimus,0.8,0.7228571428571429,-0.07714285714285718,0.032760426086508754,auroc,0.8899578235560668,0.9247834776815457,0.03482565412547889,0.035171683896701354,0.018615435121678296,0.05433944083464268,0.025745900935652027,0.0,0.8895722187200759,0.8696913076741801,0.9107516306884936,0.035211258961469816,1.0,0.001998001998001998,0.37549407114624506,0.374794466403162,0.3742857142857143,253,350,epistemic,hoptimus,0.006685622070237455,True,0.0,True
within_encoder_mi_hoptimus,0.8,0.7228571428571429,-0.07714285714285718,0.032760426086508754,auprc,0.7806618290877523,0.8166401118552079,0.03597828276745563,0.0368724831273866,0.013753887874379154,0.06165497100031083,0.03392578539136917,0.004,0.782173049685223,0.7363195259893953,0.8378261513872842,0.03446706216998485,0.911,0.1798201798201798,0.37549407114624506,0.374794466403162,0.3742857142857143,253,350,epistemic,hoptimus,0.41980660848585377,False,0.006,True
within_encoder_mi_hoptimus,0.8,0.7228571428571429,-0.07714285714285718,0.032760426086508754,bss,0.3447955547049807,0.5141237186067319,0.1693281639017512,0.16919915428509227,0.08801465298240455,0.25431690345056074,0.11811950053877554,0.0,0.3421023541798054,0.25482941384351293,0.423802464961771,0.1720213644269265,1.0,0.001998001998001998,0.37549407114624506,0.374794466403162,0.3742857142857143,253,350,epistemic,hoptimus,0.003160475887748615,True,0.0,True
within_encoder_mi_hoptimus,0.8,0.7228571428571429,-0.07714285714285718,0.032760426086508754,balanced_accuracy,0.8041583882324236,0.8851099267155229,0.08095153848309933,0.08126054832368979,0.04775530039082678,0.11639456516584547,0.04824022295428097,0.0,0.8034451430917666,0.7784574001969723,0.8289271709738343,0.08166478362375629,1.0,0.001998001998001998,0.37549407114624506,0.374794466403162,0.3742857142857143,253,350,epistemic,hoptimus,0.002414252414252414,True,0.0,True
within_encoder_mi_hoptimus,0.8,0.7228571428571429,-0.07714285714285718,0.032760426086508754,sensitivity,0.8320610687022901,0.9157894736842105,0.08372840498192036,0.08425206326343483,0.03202269107393467,0.14202173141979632,0.07575815635363375,0.0,0.8309928305177614,0.7934782608695652,0.8720992083127165,0.08479664316644908,1.0,0.001998001998001998,0.37549407114624506,0.374794466403162,0.3742857142857143,253,350,epistemic,hoptimus,0.014485514485514486,True,0.0,True
within_encoder_mi_hoptimus,0.8,0.7228571428571429,-0.07714285714285718,0.032760426086508754,specificity,0.776255707762557,0.8544303797468354,0.07817467198427841,0.07826903338394472,0.038004769734244416,0.1202037580614393,0.06012529189312139,0.0,0.775897455665772,0.7423312883435583,0.8117086038961039,0.0785329240810635,1.0,0.001998001998001998,0.37549407114624506,0.374794466403162,0.3742857142857143,253,350,epistemic,hoptimus,0.002414252414252414,True,0.0,True
within_encoder_mi_hoptimus,0.8,0.7228571428571429,-0.07714285714285718,0.032760426086508754,ppv,0.689873417721519,0.7909090909090909,0.1010356731875719,0.10078990215975857,0.04912011897865129,0.1575383582662063,0.07862910785677955,0.0,0.6897282444586672,0.6454396771452847,0.7391304347826086,0.10118084645042369,1.0,0.001998001998001998,0.37549407114624506,0.374794466403162,0.3742857142857143,253,350,epistemic,hoptimus,0.002716033966033966,True,0.0,True
within_encoder_mi_hoptimus,0.8,0.7228571428571429,-0.07714285714285718,0.032760426086508754,npv,0.8854166666666666,0.9440559440559441,0.05863927738927743,0.0590083584849432,0.022575136904947026,0.09823742186199313,0.053344932873286295,0.002,0.8844613750400451,0.8571428571428571,0.9142857142857143,0.05959456901589899,0.999,0.003996003996003996,0.37549407114624506,0.374794466403162,0.3742857142857143,253,350,epistemic,hoptimus,0.018297491981702507,True,0.011600000000000001,True
within_encoder_mi_hoptimus,0.8,0.7228571428571429,-0.07714285714285718,0.032760426086508754,f1,0.754325259515571,0.848780487804878,0.09445522828930708,0.09455968188081355,0.054666021685143736,0.1351781108617837,0.05757240393020141,0.0,0.753531281216557,0.7192118226600985,0.7854136188322914,0.09524920658832103,1.0,0.001998001998001998,0.37549407114624506,0.374794466403162,0.3742857142857143,253,350,epistemic,hoptimus,0.0026337299064571793,True,0.0,True
within_encoder_mi_hoptimus,0.8,0.7228571428571429,-0.07714285714285718,0.032760426086508754,brier,0.15344620678423515,0.11393714920890739,-0.03950905757532776,-0.03955770189782705,-0.059091048523251984,-0.02204662272427813,0.02625425235953962,0.0,0.15391925908547932,0.13569289853687533,0.17233741318022958,-0.03998210987657193,0.0,0.001998001998001998,0.37549407114624506,0.374794466403162,0.3742857142857143,253,350,epistemic,hoptimus,0.0031040388183245326,True,0.0,True
within_encoder_mi_hoptimus,0.8,0.7228571428571429,-0.07714285714285718,0.032760426086508754,ece,0.11978641100714282,0.10381629139033335,-0.01597011961680947,-0.0238652108587495,-0.0495843679100982,-0.0009270288839581805,0.03580268925033286,0.038,0.12491818211026891,0.10287059645255392,0.14803042645223533,-0.021101890719935554,0.032,0.06593406593406594,0.37549407114624506,0.374794466403162,0.3742857142857143,253,350,epistemic,hoptimus,0.11706660686252524,False,0.1033125,False
within_encoder_mi_hoptimus,0.8,0.7228571428571429,-0.07714285714285718,0.032760426086508754,cal_gap,0.08989143235920766,0.07078999698431493,-0.019101435374892728,-0.018746440356736123,-0.0495008705302846,0.010879279213132708,0.04305753212176438,0.214,0.08960015189897041,0.0631660160102048,0.11529727888710221,-0.018810154914655486,0.08,0.16183816183816183,0.37549407114624506,0.374794466403162,0.3742857142857143,253,350,epistemic,hoptimus,0.29089278068869906,False,0.4231363636363636,False
within_encoder_mi_hoptimus,0.8,0.7228571428571429,-0.07714285714285718,0.032760426086508754,accuracy,0.7971428571428572,0.8774703557312253,0.08032749858836818,0.08051712814280439,0.0482932361999526,0.11355446008016146,0.0469410367542237,0.0,0.7965256916996047,0.7707509881422925,0.8221343873517787,0.0809446640316206,1.0,0.001998001998001998,0.37549407114624506,0.374794466403162,0.3742857142857143,253,350,epistemic,hoptimus,0.0025192199105242585,True,0.0,True
within_encoder_mi_hoptimus,0.7,0.6142857142857143,-0.08571428571428563,0.012375645149102152,auroc,0.8899578235560668,0.9278933917488135,0.03793556819274668,0.03842763235440549,0.015049616907947877,0.06401911305437048,0.03436916881743917,0.0,0.8897022225250639,0.8652829986612148,0.915946928331328,0.038191169223749544,0.999,0.003996003996003996,0.386046511627907,0.375846511627907,0.3742857142857143,215,350,epistemic,hoptimus,0.008084938317496458,True,0.0,True
within_encoder_mi_hoptimus,0.7,0.6142857142857143,-0.08571428571428563,0.012375645149102152,auprc,0.7806618290877523,0.8237732997810122,0.043111470693259935,0.044432599183405086,0.013465707046631895,0.07808977661062717,0.045206931389502214,0.012,0.7837806537416582,0.7182455741865692,0.8532405846177665,0.03999264603935404,0.879,0.24375624375624375,0.386046511627907,0.375846511627907,0.3742857142857143,215,350,epistemic,hoptimus,0.41980660848585377,False,0.01392,True
within_encoder_mi_hoptimus,0.7,0.6142857142857143,-0.08571428571428563,0.012375645149102152,bss,0.3447955547049807,0.5724735307899667,0.22767797608498597,0.2275551953784625,0.12044963385368816,0.3294602619821605,0.15086351561523753,0.0,0.34260745586842833,0.233396965604767,0.4517935495828188,0.22986607492153832,1.0,0.001998001998001998,0.386046511627907,0.375846511627907,0.3742857142857143,215,350,epistemic,hoptimus,0.003160475887748615,True,0.0,True
within_encoder_mi_hoptimus,0.7,0.6142857142857143,-0.08571428571428563,0.012375645149102152,balanced_accuracy,0.8041583882324236,0.9121942314713399,0.10803584323891635,0.10861659117894336,0.07253343782131084,0.14794133325198477,0.05364909617556326,0.0,0.8038671631827974,0.7709823407829741,0.8355905952667082,0.10832706828854255,1.0,0.001998001998001998,0.386046511627907,0.375846511627907,0.3742857142857143,215,350,epistemic,hoptimus,0.002414252414252414,True,0.0,True
within_encoder_mi_hoptimus,0.7,0.6142857142857143,-0.08571428571428563,0.012375645149102152,sensitivity,0.8320610687022901,0.9759036144578314,0.14384254575554123,0.14475658234035563,0.08702097644317035,0.20752025021204415,0.08468509897869211,0.0,0.8318636338960869,0.782051282051282,0.8815982972136223,0.1440399805617445,1.0,0.001998001998001998,0.386046511627907,0.375846511627907,0.3742857142857143,215,350,epistemic,hoptimus,0.014485514485514486,True,0.0,True
within_encoder_mi_hoptimus,0.7,0.6142857142857143,-0.08571428571428563,0.012375645149102152,specificity,0.776255707762557,0.8484848484848485,0.07222914072229147,0.07247660001753109,0.026008592901223714,0.12157498252722657,0.06911444352347872,0.0,0.7758706924695077,0.7328109034080663,0.8222222222222222,0.07261415601534082,1.0,0.001998001998001998,0.386046511627907,0.375846511627907,0.3742857142857143,215,350,epistemic,hoptimus,0.002414252414252414,True,0.0,True
within_encoder_mi_hoptimus,0.7,0.6142857142857143,-0.08571428571428563,0.012375645149102152,ppv,0.689873417721519,0.801980198019802,0.11210678029828303,0.11187759837710459,0.05549583828377997,0.17353136421537174,0.0865856023113829,0.0,0.6909043014046318,0.63438997125519,0.7474771991762283,0.11107589661517026,1.0,0.001998001998001998,0.386046511627907,0.375846511627907,0.3742857142857143,215,350,epistemic,hoptimus,0.002716033966033966,True,0.0,True
within_encoder_mi_hoptimus,0.7,0.6142857142857143,-0.08571428571428563,0.012375645149102152,npv,0.8854166666666666,0.9824561403508771,0.09703947368421051,0.09772469564869678,0.05840118634235485,0.1407498715523626,0.06049543246149801,0.0,0.8845684663135683,0.85,0.9210526315789473,0.0978876740373088,1.0,0.001998001998001998,0.386046511627907,0.375846511627907,0.3742857142857143,215,350,epistemic,hoptimus,0.01337124414047491,True,0.0,True
within_encoder_mi_hoptimus,0.7,0.6142857142857143,-0.08571428571428563,0.012375645149102152,f1,0.754325259515571,0.8804347826086957,0.12610952309312473,0.12639680333404024,0.0850991586559646,0.17054913243937633,0.06390997747577291,0.0,0.7544514832595727,0.7116428084526244,0.7955801104972375,0.125983299349123,1.0,0.001998001998001998,0.386046511627907,0.375846511627907,0.3742857142857143,215,350,epistemic,hoptimus,0.0026337299064571793,True,0.0,True
within_encoder_mi_hoptimus,0.7,0.6142857142857143,-0.08571428571428563,0.012375645149102152,brier,0.15344620678423515,0.10133001615284207,-0.05211619063139308,-0.052231945065241855,-0.0759621315468737,-0.02788759882595527,0.034659617764686505,0.0,0.1538203544161854,0.1299230424051552,0.1764419534111922,-0.052490338263343345,0.0,0.001998001998001998,0.386046511627907,0.375846511627907,0.3742857142857143,215,350,epistemic,hoptimus,0.0031040388183245326,True,0.0,True
within_encoder_mi_hoptimus,0.7,0.6142857142857143,-0.08571428571428563,0.012375645149102152,ece,0.11978641100714282,0.09600950972384195,-0.023776901283300872,-0.0317787067642289,-0.06402619401917058,-0.0029894908540399703,0.04289198500605594,0.036,0.12705669229678163,0.0986064591186969,0.15501118067635064,-0.031047182572939674,0.016,0.03396603396603397,0.386046511627907,0.375846511627907,0.3742857142857143,215,350,epistemic,hoptimus,0.08926208926208926,False,0.10103225806451611,False
within_encoder_mi_hoptimus,0.7,0.6142857142857143,-0.08571428571428563,0.012375645149102152,cal_gap,0.08989143235920766,0.0889198984438418,-0.0009715339153658631,-0.0004011231863062234,-0.03525414970751769,0.036288275312088454,0.0503190423299051,0.986,0.08975171603101541,0.05736368319364694,0.119998313669206,-0.0008318175871736139,0.466,0.9330669330669331,0.386046511627907,0.375846511627907,0.3742857142857143,215,350,epistemic,hoptimus,0.9439165485677113,False,0.986,False
within_encoder_mi_hoptimus,0.7,0.6142857142857143,-0.08571428571428563,0.012375645149102152,accuracy,0.7971428571428572,0.8976744186046511,0.10053156146179398,0.10086790631636754,0.06505041761974074,0.13853414861205138,0.052652029460156125,0.0,0.7969302325581396,0.7673255813953489,0.827906976744186,0.10074418604651159,1.0,0.001998001998001998,0.386046511627907,0.375846511627907,0.3742857142857143,215,350,epistemic,hoptimus,0.0025192199105242585,True,0.0,True
laplace_epistemic_mi_hoptimus,0.9,0.8257142857142857,-0.07428571428571429,0.12905515210000001,auroc,0.8899578235560668,0.913371675053918,0.023413851497851246,0.02347723526242207,0.012876378022561285,0.035781126805218416,0.01656385910133694,0.0,0.889524064692797,0.8751218461151573,0.9049182822680752,0.02384761036112104,0.999,0.003996003996003996,0.370242214532872,0.3739065743944636,0.3742857142857143,289,350,laplace,hoptimus,0.008084938317496458,True,0.0,True
laplace_epistemic_mi_hoptimus,0.9,0.8257142857142857,-0.07428571428571429,0.12905515210000001,auprc,0.7806618290877523,0.8029645968531822,0.022302767765429943,0.022781066586098582,0.008459504376279167,0.03856898623523643,0.021947461261516782,0.004,0.780043458966669,0.7457295996960248,0.8190273610700318,0.022921137886513177,0.884,0.23376623376623376,0.370242214532872,0.3739065743944636,0.3742857142857143,289,350,laplace,hoptimus,0.41980660848585377,False,0.006,True
laplace_epistemic_mi_hoptimus,0.9,0.8257142857142857,-0.07428571428571429,0.12905515210000001,bss,0.3447955547049807,0.432937606471375,0.08814205176639434,0.08803938373694009,0.03383876872411522,0.15151585050776656,0.08408892823120298,0.006,0.3423429702621238,0.2814222090264035,0.40743993301386033,0.09059463620925123,0.997,0.007992007992007992,0.370242214532872,0.3739065743944636,0.3742857142857143,289,350,laplace,hoptimus,0.010864135864135864,True,0.007565217391304348,True
laplace_epistemic_mi_hoptimus,0.9,0.8257142857142857,-0.07428571428571429,0.12905515210000001,balanced_accuracy,0.8041583882324236,0.8513402485365102,0.047181860304086665,0.0471919875230184,0.022702339557172845,0.07455416253417226,0.037117424303621326,0.0,0.8037680776672411,0.785192148765067,0.8240317840054682,0.047572170869269126,1.0,0.001998001998001998,0.370242214532872,0.3739065743944636,0.3742857142857143,289,350,laplace,hoptimus,0.002414252414252414,True,0.0,True
laplace_epistemic_mi_hoptimus,0.9,0.8257142857142857,-0.07428571428571429,0.12905515210000001,sensitivity,0.8320610687022901,0.8785046728971962,0.04644360419490612,0.045763034548171384,0.010187722038297847,0.08493555715317498,0.05505269553016086,0.014,0.8319679647398829,0.805514705882353,0.8636473962930273,0.04653670815731337,0.997,0.007992007992007992,0.370242214532872,0.3739065743944636,0.3742857142857143,289,350,laplace,hoptimus,0.038628038628038625,True,0.04188888888888889,True
laplace_epistemic_mi_hoptimus,0.9,0.8257142857142857,-0.07428571428571429,0.12905515210000001,specificity,0.776255707762557,0.8241758241758241,0.0479201164132671,0.04862094049786541,0.018465482615935835,0.0830356937366431,0.046028649556222934,0.0,0.7755681905945991,0.751411649030808,0.8011363636363636,0.048607633581224996,1.0,0.001998001998001998,0.370242214532872,0.3739065743944636,0.3742857142857143,289,350,laplace,hoptimus,0.002414252414252414,True,0.0,True
laplace_epistemic_mi_hoptimus,0.9,0.8257142857142857,-0.07428571428571429,0.12905515210000001,ppv,0.689873417721519,0.746031746031746,0.056158328310227046,0.05670615856634785,0.0168575464943117,0.10148600340337628,0.06030701547332068,0.006,0.6888427653162955,0.6587253193960511,0.7230769230769231,0.05718898071545053,1.0,0.001998001998001998,0.370242214532872,0.3739065743944636,0.3742857142857143,289,350,laplace,hoptimus,0.002716033966033966,True,0.00815625,True
laplace_epistemic_mi_hoptimus,0.9,0.8257142857142857,-0.07428571428571429,0.12905515210000001,npv,0.8854166666666666,0.9202453987730062,0.03482873210633952,0.03451629123506362,0.010632010225097258,0.062035555415006424,0.03807141039935507,0.004,0.8854198721550848,0.8670886075949367,0.9084977283596365,0.034825526617921376,0.997,0.007992007992007992,0.370242214532872,0.3739065743944636,0.3742857142857143,289,350,laplace,hoptimus,0.03310974739546168,True,0.02047058823529412,True
laplace_epistemic_mi_hoptimus,0.9,0.8257142857142857,-0.07428571428571429,0.12905515210000001,f1,0.754325259515571,0.8068669527896996,0.05254169327412861,0.05253216564700388,0.02222806898283617,0.0845742057578721,0.04532437079587707,0.002,0.7535345219104927,0.7288135593220338,0.7786885245901639,0.053332430879206805,1.0,0.001998001998001998,0.370242214532872,0.3739065743944636,0.3742857142857143,289,350,laplace,hoptimus,0.0026337299064571793,True,0.0027619047619047623,True
laplace_epistemic_mi_hoptimus,0.9,0.8257142857142857,-0.07428571428571429,0.12905515210000001,brier,0.15344620678423515,0.13221792185889109,-0.021228284925344065,-0.021236727329729112,-0.03456049390587814,-0.010329527639955696,0.017891359972977597,0.0,0.1538303271370784,0.1396659353642227,0.16712654895207782,-0.021612405278187308,0.001,0.003996003996003996,0.370242214532872,0.3739065743944636,0.3742857142857143,289,350,laplace,hoptimus,0.005348497656189964,True,0.0,True
laplace_epistemic_mi_hoptimus,0.9,0.8257142857142857,-0.07428571428571429,0.12905515210000001,ece,0.11978641100714282,0.12285550943420509,0.0030690984270622668,-0.002749467320854272,-0.026750422747009443,0.017137421061192405,0.030913049729015513,0.812,0.12296901114171252,0.10604891502968106,0.1396100301873844,-0.0001135017075074296,0.476,0.9530469530469531,0.370242214532872,0.3739065743944636,0.3742857142857143,289,350,laplace,hoptimus,0.971028971028971,False,0.8615121951219513,False
laplace_epistemic_mi_hoptimus,0.9,0.8257142857142857,-0.07428571428571429,0.12905515210000001,cal_gap,0.08989143235920766,0.07664808291339864,-0.013243349445809016,-0.013715113400829017,-0.035273337439135764,0.006133567857589466,0.029932553458108736,0.178,0.09045594852526079,0.07282273243644527,0.10785226438944485,-0.013807865611862147,0.076,0.15384615384615385,0.370242214532872,0.3739065743944636,0.3742857142857143,289,350,laplace,hoptimus,0.29089278068869906,False,0.4075263157894737,False
laplace_epistemic_mi_hoptimus,0.9,0.8257142857142857,-0.07428571428571429,0.12905515210000001,accuracy,0.7971428571428572,0.8442906574394463,0.04714780029658916,0.04732752641908602,0.023545896519527317,0.07500073385518598,0.03656333949770248,0.0,0.7966539792387544,0.7785467128027682,0.8166089965397924,0.04763667820069195,1.0,0.001998001998001998,0.370242214532872,0.3739065743944636,0.3742857142857143,289,350,laplace,hoptimus,0.0025192199105242585,True,0.0,True
laplace_epistemic_mi_hoptimus,0.8,0.7257142857142858,-0.07428571428571429,0.097950514,auroc,0.8899578235560668,0.9229394240317775,0.03298160047571075,0.03316242549604353,0.016360314195265083,0.051152484268379976,0.02450728819678949,0.0,0.889653791229655,0.8698315336690141,0.9097254359113863,0.03328563280212249,0.998,0.005994005994005994,0.37401574803149606,0.37475196850393705,0.3742857142857143,254,350,laplace,hoptimus,0.01022506904859846,True,0.0,True
laplace_epistemic_mi_hoptimus,0.8,0.7257142857142858,-0.07428571428571429,0.097950514,auprc,0.7806618290877523,0.8143236646337046,0.03366183554595237,0.03450961678832705,0.012401954012845403,0.05813082572259219,0.032758707364982806,0.004,0.7816131448497058,0.73414795507052,0.8354634276139731,0.03271051978399886,0.901,0.1998001998001998,0.37401574803149606,0.37475196850393705,0.3742857142857143,254,350,laplace,hoptimus,0.41980660848585377,False,0.006,True
laplace_epistemic_mi_hoptimus,0.8,0.7257142857142858,-0.07428571428571429,0.097950514,bss,0.3447955547049807,0.4784799512463286,0.1336843965413479,0.1322781545963304,0.057849675148714565,0.21044501261551524,0.10891369915032648,0.002,0.3437472977361432,0.25953411557194045,0.4241625024341188,0.13473265351018537,1.0,0.001998001998001998,0.37401574803149606,0.37475196850393705,0.3742857142857143,254,350,laplace,hoptimus,0.003160475887748615,True,0.0025970149253731344,True
laplace_epistemic_mi_hoptimus,0.8,0.7257142857142858,-0.07428571428571429,0.097950514,balanced_accuracy,0.8041583882324236,0.8782522343594836,0.07409384612706005,0.07381551867300334,0.04295945149181114,0.1083663866024872,0.04576290205811938,0.0,0.8040646439546693,0.7772112906928498,0.8310794885313649,0.07418759040481437,1.0,0.001998001998001998,0.37401574803149606,0.37475196850393705,0.3742857142857143,254,350,laplace,hoptimus,0.002414252414252414,True,0.0,True
laplace_epistemic_mi_hoptimus,0.8,0.7257142857142858,-0.07428571428571429,0.097950514,sensitivity,0.8320610687022901,0.9263157894736842,0.09425472077139407,0.09332494882008684,0.044236264731097284,0.1478073171799716,0.07309033851618357,0.0,0.8320313660791676,0.7938144329896907,0.8723404255319149,0.09428442339451659,1.0,0.001998001998001998,0.37401574803149606,0.37475196850393705,0.3742857142857143,254,350,laplace,hoptimus,0.014485514485514486,True,0.0,True
laplace_epistemic_mi_hoptimus,0.8,0.7257142857142858,-0.07428571428571429,0.097950514,specificity,0.776255707762557,0.8301886792452831,0.05393297148272602,0.054306088525919845,0.018663233924000766,0.09762058625446639,0.05540699755204991,0.002,0.7760979218301709,0.7425103780169722,0.8121212121212121,0.054090757415112156,1.0,0.001998001998001998,0.37401574803149606,0.37475196850393705,0.3742857142857143,254,350,laplace,hoptimus,0.002414252414252414,True,0.0023835616438356165,True
laplace_epistemic_mi_hoptimus,0.8,0.7257142857142858,-0.07428571428571429,0.097950514,ppv,0.689873417721519,0.7652173913043478,0.07534397358282885,0.075387972764382,0.02928608553608554,0.1258236012544072,0.07005153448596445,0.002,0.6901821490583211,0.6481082375478927,0.7339449541284404,0.07503524224602676,1.0,0.001998001998001998,0.37401574803149606,0.37475196850393705,0.3742857142857143,254,350,laplace,hoptimus,0.002716033966033966,True,0.0029000000000000002,True
laplace_epistemic_mi_hoptimus,0.8,0.7257142857142858,-0.07428571428571429,0.097950514,npv,0.8854166666666666,0.9496402877697842,0.06422362110311752,0.06370466587679326,0.027829061608294244,0.10244308957766242,0.05246551109186712,0.0,0.885144985640103,0.8591312802186252,0.9139111651490066,0.06449530212968113,1.0,0.001998001998001998,0.37401574803149606,0.37475196850393705,0.3742857142857143,254,350,laplace,hoptimus,0.01337124414047491,True,0.0,True
laplace_epistemic_mi_hoptimus,0.8,0.7257142857142858,-0.07428571428571429,0.097950514,f1,0.754325259515571,0.8380952380952381,0.08376997857966717,0.08341261910597245,0.04911631659725396,0.12170429983652065,0.053537565179877324,0.0,0.7542510142850439,0.7199802955665024,0.7878933566433566,0.08384422381019419,1.0,0.001998001998001998,0.37401574803149606,0.37475196850393705,0.3742857142857143,254,350,laplace,hoptimus,0.0026337299064571793,True,0.0,True
laplace_epistemic_mi_hoptimus,0.8,0.7257142857142858,-0.07428571428571429,0.097950514,brier,0.15344620678423515,0.12210242941943406,-0.031343777364801095,-0.03110267559827012,-0.04772837840341037,-0.01540413858241649,0.024175409217625676,0.0,0.15355012178883876,0.13421569604532083,0.1725320196637672,-0.0314476923694047,0.0,0.001998001998001998,0.37401574803149606,0.37475196850393705,0.3742857142857143,254,350,laplace,hoptimus,0.0031040388183245326,True,0.0,True
laplace_epistemic_mi_hoptimus,0.8,0.7257142857142858,-0.07428571428571429,0.097950514,ece,0.11978641100714282,0.11370817186819862,-0.0060782391389442025,-0.015033595485331716,-0.04006836557977177,0.007457771279274885,0.03347852633758158,0.19,0.12435846275794649,0.10246983319441888,0.1462869748869191,-0.010650290889747865,0.186,0.37362637362637363,0.37401574803149606,0.37475196850393705,0.3742857142857143,254,350,laplace,hoptimus,0.4710941232680363,False,0.2930526315789474,False
laplace_epistemic_mi_hoptimus,0.8,0.7257142857142858,-0.07428571428571429,0.097950514,cal_gap,0.08989143235920766,0.07958163230882281,-0.010309800050384843,-0.010618322778798029,-0.039276610385538216,0.014913510273567404,0.03937139460747656,0.444,0.08987961100499656,0.06526475900941084,0.11315754154478871,-0.010297978696173743,0.199,0.3996003996003996,0.37401574803149606,0.37475196850393705,0.3742857142857143,254,350,laplace,hoptimus,0.5188841009736532,False,0.6035625,False
laplace_epistemic_mi_hoptimus,0.8,0.7257142857142858,-0.07428571428571429,0.097950514,accuracy,0.7971428571428572,0.8661417322834646,0.06899887514060743,0.06885784246300689,0.03934740849701483,0.09950760035419128,0.04413973951660101,0.0,0.7970511811023623,0.7716535433070866,0.8228346456692913,0.0690905511811023,1.0,0.001998001998001998,0.37401574803149606,0.37475196850393705,0.3742857142857143,254,350,laplace,hoptimus,0.0025192199105242585,True,0.0,True
laplace_epistemic_mi_hoptimus,0.7,0.6028571428571429,-0.09714285714285709,0.0661450077,auroc,0.8899578235560668,0.9308592251630227,0.04090140160695588,0.041286585064322145,0.01817184487674429,0.06646375671719766,0.03417686490562525,0.002,0.8895785974954347,0.8624733143613876,0.9176806878227901,0.041280627667588,0.999,0.003996003996003996,0.3744075829383886,0.3750947867298578,0.3742857142857143,211,350,laplace,hoptimus,0.008084938317496458,True,0.002558823529411765,True
laplace_epistemic_mi_hoptimus,0.7,0.6028571428571429,-0.09714285714285709,0.0661450077,auprc,0.7806618290877523,0.8236236701124275,0.04296184102467526,0.04447587568703866,0.011318413197523917,0.07911805246174411,0.04905616479619526,0.016,0.7822951856089958,0.7183888027903983,0.8530199139701007,0.04132848450343174,0.879,0.24375624375624375,0.3744075829383886,0.3750947867298578,0.3742857142857143,211,350,laplace,hoptimus,0.41980660848585377,False,0.017620253164556964,True
laplace_epistemic_mi_hoptimus,0.7,0.6028571428571429,-0.09714285714285709,0.0661450077,bss,0.3447955547049807,0.5833388040265237,0.23854324932154303,0.2392102250941889,0.1336239995552601,0.3491267575680442,0.15889501932395375,0.0,0.34227350822711217,0.22608141924418787,0.45463637653598,0.24106529579941155,1.0,0.001998001998001998,0.3744075829383886,0.3750947867298578,0.3742857142857143,211,350,laplace,hoptimus,0.003160475887748615,True,0.0,True
laplace_epistemic_mi_hoptimus,0.7,0.6028571428571429,-0.09714285714285709,0.0661450077,balanced_accuracy,0.8041583882324236,0.9153720751822018,0.11121368694977818,0.11178364360010809,0.07509819378005238,0.15030777263285533,0.05295782420702586,0.0,0.8038965997696017,0.7674050632911392,0.8382242259212674,0.11147547541260006,1.0,0.001998001998001998,0.3744075829383886,0.3750947867298578,0.3742857142857143,211,350,laplace,hoptimus,0.002414252414252414,True,0.0,True
laplace_epistemic_mi_hoptimus,0.7,0.6028571428571429,-0.09714285714285709,0.0661450077,sensitivity,0.8320610687022901,0.9746835443037974,0.14262247560150731,0.14292731799549255,0.08623088544967959,0.2056776075881943,0.08463310602465893,0.0,0.8322029690077202,0.7804878048780488,0.8888888888888888,0.14248057529607727,1.0,0.001998001998001998,0.3744075829383886,0.3750947867298578,0.3742857142857143,211,350,laplace,hoptimus,0.014485514485514486,True,0.0,True
laplace_epistemic_mi_hoptimus,0.7,0.6028571428571429,-0.09714285714285709,0.0661450077,specificity,0.776255707762557,0.8560606060606061,0.07980489829804904,0.08063996920472363,0.03319161557287889,0.12943313467777967,0.06878008603876543,0.0,0.7755902305314833,0.7301587301587301,0.8203331427845528,0.08047037552912273,1.0,0.001998001998001998,0.3744075829383886,0.3750947867298578,0.3742857142857143,211,350,laplace,hoptimus,0.002414252414252414,True,0.0,True
laplace_epistemic_mi_hoptimus,0.7,0.6028571428571429,-0.09714285714285709,0.0661450077,ppv,0.689873417721519,0.8020833333333334,0.11220991561181437,0.11286133652537811,0.05324814563120835,0.17396955731730834,0.08934602491581423,0.0,0.6900128175529617,0.63438997125519,0.7475378787878788,0.11207051578037164,1.0,0.001998001998001998,0.3744075829383886,0.3750947867298578,0.3742857142857143,211,350,laplace,hoptimus,0.002716033966033966,True,0.0,True
laplace_epistemic_mi_hoptimus,0.7,0.6028571428571429,-0.09714285714285709,0.0661450077,npv,0.8854166666666666,0.9826086956521739,0.09719202898550727,0.0974175586533494,0.05657412255745458,0.140885221889803,0.060112595215927614,0.0,0.8850482735625985,0.8487074490813274,0.9230769230769231,0.09756042208957538,1.0,0.001998001998001998,0.3744075829383886,0.3750947867298578,0.3742857142857143,211,350,laplace,hoptimus,0.01337124414047491,True,0.0,True
laplace_epistemic_mi_hoptimus,0.7,0.6028571428571429,-0.09714285714285709,0.0661450077,f1,0.754325259515571,0.88,0.12567474048442906,0.1262113829998884,0.08388492163414556,0.1753816089447592,0.06457297179331677,0.0,0.7540483395188412,0.707851466155111,0.8,0.1259516604811588,1.0,0.001998001998001998,0.3744075829383886,0.3750947867298578,0.3742857142857143,211,350,laplace,hoptimus,0.0026337299064571793,True,0.0,True
laplace_epistemic_mi_hoptimus,0.7,0.6028571428571429,-0.09714285714285709,0.0661450077,brier,0.15344620678423515,0.09759311227536242,-0.05585309450887273,-0.056140378504396383,-0.08125865053866488,-0.03237614529660124,0.03576834096484346,0.0,0.15376301343743148,0.12880593883554572,0.17905990856700815,-0.05616990116206906,0.0,0.001998001998001998,0.3744075829383886,0.3750947867298578,0.3742857142857143,211,350,laplace,hoptimus,0.0031040388183245326,True,0.0,True
laplace_epistemic_mi_hoptimus,0.7,0.6028571428571429,-0.09714285714285709,0.0661450077,ece,0.11978641100714282,0.09021669270845092,-0.0295697182986919,-0.03632723354461622,-0.0674153753991814,-0.00903248376078662,0.043100426961331165,0.006,0.12767599727606518,0.0984235856338661,0.15479193370295075,-0.03745930456761426,0.006,0.013986013986013986,0.3744075829383886,0.3750947867298578,0.3742857142857143,211,350,laplace,hoptimus,0.057942057942057944,False,0.043500000000000004,True
laplace_epistemic_mi_hoptimus,0.7,0.6028571428571429,-0.09714285714285709,0.0661450077,cal_gap,0.08989143235920766,0.08312484313549323,-0.006766589223714425,-0.006908231080857742,-0.04183007998776175,0.0286113648822614,0.051392595683510046,0.688,0.0898942097390812,0.05817137426230229,0.12265484389873903,-0.00676936660358797,0.338,0.6773226773226774,0.3744075829383886,0.3750947867298578,0.3742857142857143,211,350,laplace,hoptimus,0.7459123155325688,False,0.7576708860759493,False
laplace_epistemic_mi_hoptimus,0.7,0.6028571428571429,-0.09714285714285709,0.0661450077,accuracy,0.7971428571428572,0.9004739336492891,0.10333107650643192,0.10387994107340999,0.06903384551495009,0.14033912547384775,0.052107927236689576,0.0,0.796824644549763,0.7630331753554502,0.8341232227488151,0.10364928909952609,1.0,0.001998001998001998,0.3744075829383886,0.3750947867298578,0.3742857142857143,211,350,laplace,hoptimus,0.0025192199105242585,True,0.0,True
mc_epistemic_mi_hoptimus,0.9,0.9171428571428571,0.017142857142857126,0.01965417414641043,auroc,0.8899578235560668,0.9063599798893917,0.01640215633332487,0.01635227594160998,0.007296552205643259,0.027480090406784598,0.014596493214214344,0.0,0.8895353428506211,0.880718542375628,0.8997081357943362,0.016824637038770573,0.997,0.007992007992007992,0.3644859813084112,0.3745576323987539,0.3742857142857143,321,350,mc_dropout,hoptimus,0.012876012876012876,True,0.0,True
mc_epistemic_mi_hoptimus,0.9,0.9171428571428571,0.017142857142857126,0.01965417414641043,auprc,0.7806618290877523,0.7940230407075538,0.013361211619801527,0.013550436548481162,0.005477922424621201,0.024452801039324307,0.013525755031662796,0.0,0.7802518143577758,0.7597729653831286,0.8079302382651486,0.01377122634977801,0.857,0.28771228771228774,0.3644859813084112,0.3745576323987539,0.3742857142857143,321,350,mc_dropout,hoptimus,0.4224941724941724,False,0.0,True
mc_epistemic_mi_hoptimus,0.9,0.9171428571428571,0.017142857142857126,0.01965417414641043,bss,0.3447955547049807,0.38023745821500776,0.03544190351002707,0.03472587481165313,0.005406201528363777,0.0698554923625025,0.04593255972007383,0.028,0.3434256620102493,0.3038670280727717,0.38767831687022614,0.03681179620475844,0.944,0.11388611388611389,0.3644859813084112,0.3745576323987539,0.3742857142857143,321,350,mc_dropout,hoptimus,0.13572728641221793,False,0.03336986301369863,True
mc_epistemic_mi_hoptimus,0.9,0.9171428571428571,0.017142857142857126,0.01965417414641043,balanced_accuracy,0.8041583882324236,0.8341503267973855,0.029991938564961962,0.029464321360051688,0.0104371607448905,0.05245639075379922,0.029254318525983144,0.0,0.8037484201823786,0.7926093514328808,0.817186316912608,0.03040190661500697,1.0,0.001998001998001998,0.3644859813084112,0.3745576323987539,0.3742857142857143,321,350,mc_dropout,hoptimus,0.002414252414252414,True,0.0,True
mc_epistemic_mi_hoptimus,0.9,0.9171428571428571,0.017142857142857126,0.01965417414641043,sensitivity,0.8320610687022901,0.8888888888888888,0.05682782018659871,0.055753982939103525,0.020755578561990142,0.0976480325197874,0.05437859080166665,0.0,0.8314725788020592,0.8151260504201681,0.8524590163934426,0.05741631008682968,1.0,0.001998001998001998,0.3644859813084112,0.3745576323987539,0.3742857142857143,321,350,mc_dropout,hoptimus,0.014485514485514486,True,0.0,True
mc_epistemic_mi_hoptimus,0.9,0.9171428571428571,0.017142857142857126,0.01965417414641043,specificity,0.776255707762557,0.7794117647058824,0.003156056943325325,0.003174659780999858,-0.011329957949888655,0.020537316599845604,0.02269548966382241,0.748,0.776024261562698,0.76,0.7939956030150753,0.003387503143184367,0.662,0.6773226773226774,0.3644859813084112,0.3745576323987539,0.3742857142857143,321,350,mc_dropout,hoptimus,0.6851985224078248,False,0.7479999999999999,False
mc_epistemic_mi_hoptimus,0.9,0.9171428571428571,0.017142857142857126,0.01965417414641043,ppv,0.689873417721519,0.697986577181208,0.008113159459689046,0.008165701330698194,-0.010754483588653949,0.03142921335200741,0.0292810254906913,0.458,0.6897464053878799,0.6689655172413793,0.7143105158730159,0.008240171793328144,0.763,0.4755244755244755,0.3644859813084112,0.3745576323987539,0.3742857142857143,321,350,mc_dropout,hoptimus,0.49250749250749254,False,0.48007228915662653,False
mc_epistemic_mi_hoptimus,0.9,0.9171428571428571,0.017142857142857126,0.01965417414641043,npv,0.8854166666666666,0.9244186046511628,0.03900193798449614,0.03829019727322228,0.013636063753436059,0.06670118837698662,0.039279561998802566,0.0,0.8849147042577851,0.8735632183908046,0.8994413407821229,0.0395039003933777,1.0,0.001998001998001998,0.3644859813084112,0.3745576323987539,0.3742857142857143,321,350,mc_dropout,hoptimus,0.01337124414047491,True,0.0,True
mc_epistemic_mi_hoptimus,0.9,0.9171428571428571,0.017142857142857126,0.01965417414641043,f1,0.754325259515571,0.7819548872180451,0.027629627702474124,0.027233705086886828,0.008237137022766267,0.04992961309234027,0.029177700227974324,0.006,0.7539471850075394,0.7376328934615671,0.7709090909090909,0.028007702210505636,0.996,0.00999000999000999,0.3644859813084112,0.3745576323987539,0.3742857142857143,321,350,mc_dropout,hoptimus,0.012596099552621292,True,0.007676470588235294,True
mc_epistemic_mi_hoptimus,0.9,0.9171428571428571,0.017142857142857126,0.01965417414641043,brier,0.15344620678423515,0.14355928559820066,-0.009886921186034486,-0.009748615645417917,-0.01822378537553387,-0.003325664192634041,0.010696762843620873,0.002,0.15375281239519786,0.14380864430517276,0.1621266489813338,-0.010193526796997199,0.02,0.04195804195804196,0.3644859813084112,0.3745576323987539,0.3742857142857143,321,350,mc_dropout,hoptimus,0.05000478973081713,False,0.002416666666666667,True
mc_epistemic_mi_hoptimus,0.9,0.9171428571428571,0.017142857142857126,0.01965417414641043,ece,0.11978641100714282,0.12390849898835661,0.004122087981213787,0.0018470159243182559,-0.012615713640010004,0.016235562433976298,0.020151114050374928,0.742,0.12093772874177369,0.10802350523895214,0.13135475492934892,0.0029707702465829183,0.685,0.6313686313686314,0.3644859813084112,0.3745576323987539,0.3742857142857143,321,350,mc_dropout,hoptimus,0.7131330208253285,False,0.806925,False
mc_epistemic_mi_hoptimus,0.9,0.9171428571428571,0.017142857142857126,0.01965417414641043,cal_gap,0.08989143235920766,0.10217673120913395,0.012285298849926296,0.01200487203545188,-0.003159001654602532,0.028722907212409415,0.022938087320137846,0.116,0.08975412472340795,0.0767000203192207,0.1013948580304544,0.012422606485726004,0.978,0.04595404595404595,0.3644859813084112,0.3745576323987539,0.3742857142857143,321,350,mc_dropout,hoptimus,0.17382617382617382,False,0.3255483870967742,False
mc_epistemic_mi_hoptimus,0.9,0.9171428571428571,0.017142857142857126,0.01965417414641043,accuracy,0.7971428571428572,0.8193146417445483,0.022171784601691114,0.02182714798822546,0.006707039337474077,0.041087444427648855,0.02411898116704213,0.002,0.7967943925233645,0.7850467289719626,0.8099688473520249,0.022520249221183786,0.996,0.00999000999000999,0.3644859813084112,0.3745576323987539,0.3742857142857143,321,350,mc_dropout,hoptimus,0.01241615527329813,True,0.002558823529411765,True
mc_epistemic_mi_hoptimus,0.8,0.7114285714285714,-0.08857142857142863,0.00825282370584278,auroc,0.8899578235560668,0.9270747173972981,0.03711689384123129,0.037443926576967115,0.018873196711561634,0.058562101448001516,0.028159836128229653,0.0,0.8903977906136784,0.8698505843392647,0.9121061951005698,0.03667692678361967,1.0,0.001998001998001998,0.37349397590361444,0.3745542168674699,0.3742857142857143,249,350,mc_dropout,hoptimus,0.006685622070237455,True,0.0,True
mc_epistemic_mi_hoptimus,0.8,0.7114285714285714,-0.08857142857142863,0.00825282370584278,auprc,0.7806618290877523,0.818637151004819,0.03797532191706676,0.038947832374121166,0.01403055807646492,0.06461798154743306,0.036028319195907835,0.0,0.7831041820041322,0.7310395909254126,0.8406900977571252,0.03553296900068681,0.895,0.21178821178821178,0.37349397590361444,0.3745542168674699,0.3742857142857143,249,350,mc_dropout,hoptimus,0.41980660848585377,False,0.0,True
mc_epistemic_mi_hoptimus,0.8,0.7114285714285714,-0.08857142857142863,0.00825282370584278,bss,0.3447955547049807,0.547685104468635,0.20288954976365436,0.20309290568978425,0.12206650448234145,0.2951939769202284,0.12488179188836887,0.0,0.34613689107301004,0.2603599110675586,0.43562447552756317,0.201548213395625,1.0,0.001998001998001998,0.37349397590361444,0.3745542168674699,0.3742857142857143,249,350,mc_dropout,hoptimus,0.003160475887748615,True,0.0,True
mc_epistemic_mi_hoptimus,0.8,0.7114285714285714,-0.08857142857142863,0.00825282370584278,balanced_accuracy,0.8041583882324236,0.9047766749379653,0.10061828670554174,0.10099717261007768,0.06604050422216656,0.1401240961863502,0.05107431278831358,0.0,0.8044402406071487,0.7790851953524004,0.8309858719074878,0.10033643433081663,1.0,0.001998001998001998,0.37349397590361444,0.3745542168674699,0.3742857142857143,249,350,mc_dropout,hoptimus,0.002414252414252414,True,0.0,True
mc_epistemic_mi_hoptimus,0.8,0.7114285714285714,-0.08857142857142863,0.00825282370584278,sensitivity,0.8320610687022901,0.956989247311828,0.12492817860953787,0.12540323058544703,0.07221100636988491,0.1869862343873104,0.0831011483156121,0.0,0.8318005206069784,0.7916666666666666,0.8750351123595506,0.1251887267048496,1.0,0.001998001998001998,0.37349397590361444,0.3745542168674699,0.3742857142857143,249,350,mc_dropout,hoptimus,0.014485514485514486,True,0.0,True
mc_epistemic_mi_hoptimus,0.8,0.7114285714285714,-0.08857142857142863,0.00825282370584278,specificity,0.776255707762557,0.8525641025641025,0.0763083948015455,0.07659111463470836,0.036926549912743016,0.12033283133706738,0.060066537618559984,0.0,0.777079960607319,0.7402532467532468,0.8116883116883117,0.07548414195678355,1.0,0.001998001998001998,0.37349397590361444,0.3745542168674699,0.3742857142857143,249,350,mc_dropout,hoptimus,0.002414252414252414,True,0.0,True
mc_epistemic_mi_hoptimus,0.8,0.7114285714285714,-0.08857142857142863,0.00825282370584278,ppv,0.689873417721519,0.7946428571428571,0.1047694394213381,0.10482619008942021,0.053678030092721124,0.15895174158848263,0.07755552949658252,0.0,0.6908678062620786,0.6486361361361361,0.7383282815525806,0.10377505088077854,1.0,0.001998001998001998,0.37349397590361444,0.3745542168674699,0.3742857142857143,249,350,mc_dropout,hoptimus,0.002716033966033966,True,0.0,True
mc_epistemic_mi_hoptimus,0.8,0.7114285714285714,-0.08857142857142863,0.00825282370584278,npv,0.8854166666666666,0.9708029197080292,0.0853862530413626,0.08573526943103403,0.04827621265897672,0.13112953223247342,0.0589846851406935,0.0,0.8852651224080014,0.8582089552238806,0.9172932330827067,0.08553779730002786,1.0,0.001998001998001998,0.37349397590361444,0.3745542168674699,0.3742857142857143,249,350,mc_dropout,hoptimus,0.01337124414047491,True,0.0,True
mc_epistemic_mi_hoptimus,0.8,0.7114285714285714,-0.08857142857142863,0.00825282370584278,f1,0.754325259515571,0.8682926829268293,0.11396742341125832,0.11427772078241955,0.07396040633807371,0.15862576763438252,0.059743920802857155,0.0,0.75455887228082,0.7192118226600985,0.788738855149244,0.11373381064600929,1.0,0.001998001998001998,0.37349397590361444,0.3745542168674699,0.3742857142857143,249,350,mc_dropout,hoptimus,0.0026337299064571793,True,0.0,True
mc_epistemic_mi_hoptimus,0.8,0.7114285714285714,-0.08857142857142863,0.00825282370584278,brier,0.15344620678423515,0.10583997845791264,-0.04760622832632251,-0.04771009971923927,-0.06900279965251757,-0.02887665026033023,0.028322058252565657,0.0,0.15294603239705232,0.13253816625434586,0.17140950151046416,-0.04710605393913968,0.0,0.001998001998001998,0.37349397590361444,0.3745542168674699,0.3742857142857143,249,350,mc_dropout,hoptimus,0.0031040388183245326,True,0.0,True
mc_epistemic_mi_hoptimus,0.8,0.7114285714285714,-0.08857142857142863,0.00825282370584278,ece,0.11978641100714282,0.09835640973081658,-0.021430001276326244,-0.029651659136466887,-0.05756587159871982,-0.006132979107119833,0.03701761322229494,0.014,0.12396601790896158,0.10028560569747548,0.14662250994681167,-0.025609608178145005,0.018,0.03796203796203796,0.37349397590361444,0.3745542168674699,0.3742857142857143,249,350,mc_dropout,hoptimus,0.08926208926208926,False,0.055363636363636365,False
mc_epistemic_mi_hoptimus,0.8,0.7114285714285714,-0.08857142857142863,0.00825282370584278,cal_gap,0.08989143235920766,0.08247852707757425,-0.0074129052816334084,-0.00721163279717762,-0.037413589103211124,0.02432728565534001,0.044396145475415934,0.66,0.08914543456056617,0.06500760990418195,0.11377387573857012,-0.006666907482991924,0.31,0.6213786213786214,0.37349397590361444,0.3745542168674699,0.3742857142857143,249,350,mc_dropout,hoptimus,0.6975332359947745,False,0.7457142857142858,False
mc_epistemic_mi_hoptimus,0.8,0.7114285714285714,-0.08857142857142863,0.00825282370584278,accuracy,0.7971428571428572,0.891566265060241,0.0944234079173838,0.09469983821231122,0.06240142021720962,0.1314327036599764,0.04859695552722865,0.0,0.797582329317269,0.7710843373493976,0.8232931726907631,0.09398393574297192,1.0,0.001998001998001998,0.37349397590361444,0.3745542168674699,0.3742857142857143,249,350,mc_dropout,hoptimus,0.0025192199105242585,True,0.0,True
mc_epistemic_mi_hoptimus,0.7,0.6457142857142857,-0.05428571428571427,0.00574393620768629,auroc,0.8899578235560668,0.9288205980066445,0.03886277445057773,0.03937533216978871,0.017787299577176004,0.06236259950445276,0.03301201539217227,0.0,0.8888200505567603,0.8651510738427791,0.9147205380066019,0.04000054744988424,0.997,0.007992007992007992,0.3805309734513274,0.3744026548672566,0.3742857142857143,226,350,mc_dropout,hoptimus,0.012876012876012876,True,0.0,True
mc_epistemic_mi_hoptimus,0.7,0.6457142857142857,-0.05428571428571427,0.00574393620768629,auprc,0.7806618290877523,0.8229040768799116,0.04224224779215935,0.04351415224654549,0.013710060310121326,0.07324165551037445,0.042639793658932695,0.006,0.7802740312851801,0.7248804371788564,0.8471046476263121,0.04263004559473149,0.898,0.2057942057942058,0.3805309734513274,0.3744026548672566,0.3742857142857143,226,350,mc_dropout,hoptimus,0.41980660848585377,False,0.00815625,True
mc_epistemic_mi_hoptimus,0.7,0.6457142857142857,-0.05428571428571427,0.00574393620768629,bss,0.3447955547049807,0.5648832810112203,0.22008772630623963,0.22111697294418686,0.12259402685674119,0.32296121940704314,0.14254493702409193,0.0,0.33987311296969075,0.23923478617617105,0.4407579640763286,0.22501016804152957,1.0,0.001998001998001998,0.3805309734513274,0.3744026548672566,0.3742857142857143,226,350,mc_dropout,hoptimus,0.003160475887748615,True,0.0,True
mc_epistemic_mi_hoptimus,0.7,0.6457142857142857,-0.05428571428571427,0.00574393620768629,balanced_accuracy,0.8041583882324236,0.9098006644518273,0.1056422762194037,0.10641345796217339,0.07160294985039363,0.1476627208558767,0.05384019234187004,0.0,0.8032545065444079,0.772770488018982,0.8355979114609479,0.10654615790741939,1.0,0.001998001998001998,0.3805309734513274,0.3744026548672566,0.3742857142857143,226,350,mc_dropout,hoptimus,0.002414252414252414,True,0.0,True
mc_epistemic_mi_hoptimus,0.7,0.6457142857142857,-0.05428571428571427,0.00574393620768629,sensitivity,0.8320610687022901,0.9767441860465116,0.14468311734422146,0.1455116723432895,0.09021132079725827,0.20863516163588602,0.08724926073265998,0.0,0.8312405253417158,0.7847921461449943,0.8795180722891566,0.1455036607047958,1.0,0.001998001998001998,0.3805309734513274,0.3744026548672566,0.3742857142857143,226,350,mc_dropout,hoptimus,0.014485514485514486,True,0.0,True
mc_epistemic_mi_hoptimus,0.7,0.6457142857142857,-0.05428571428571427,0.00574393620768629,specificity,0.776255707762557,0.8428571428571429,0.06660143509458583,0.06731524358105727,0.02466852353141393,0.1146309333940913,0.06430320226621121,0.0,0.7752684877471,0.7357142857142858,0.8156028368794326,0.06758865511004286,0.999,0.003996003996003996,0.3805309734513274,0.3744026548672566,0.3742857142857143,226,350,mc_dropout,hoptimus,0.004457081380158303,True,0.0,True
mc_epistemic_mi_hoptimus,0.7,0.6457142857142857,-0.05428571428571427,0.00574393620768629,ppv,0.689873417721519,0.7924528301886793,0.10257941246716029,0.10290921681473938,0.04828674282376085,0.1619646815732662,0.08238842560714302,0.0,0.6887822514712905,0.6363636363636364,0.74290273556231,0.10367057871738883,1.0,0.001998001998001998,0.3805309734513274,0.3744026548672566,0.3742857142857143,226,350,mc_dropout,hoptimus,0.002716033966033966,True,0.0,True
mc_epistemic_mi_hoptimus,0.7,0.6457142857142857,-0.05428571428571427,0.00574393620768629,npv,0.8854166666666666,0.9833333333333333,0.09791666666666665,0.09852176446580993,0.05980002196222343,0.14564975254391513,0.06236094255913469,0.0,0.8847717465328396,0.8538414634146341,0.9193709677419354,0.09856158680049365,1.0,0.001998001998001998,0.3805309734513274,0.3744026548672566,0.3742857142857143,226,350,mc_dropout,hoptimus,0.01337124414047491,True,0.0,True
mc_epistemic_mi_hoptimus,0.7,0.6457142857142857,-0.05428571428571427,0.00574393620768629,f1,0.754325259515571,0.875,0.12067474048442905,0.12124824513597597,0.08032655712304126,0.17028379552262135,0.0630189069582868,0.0,0.7529682085404302,0.710021978021978,0.7933006436725771,0.12203179145956977,1.0,0.001998001998001998,0.3805309734513274,0.3744026548672566,0.3742857142857143,226,350,mc_dropout,hoptimus,0.0026337299064571793,True,0.0,True
mc_epistemic_mi_hoptimus,0.7,0.6457142857142857,-0.05428571428571427,0.00574393620768629,brier,0.15344620678423515,0.10256882482232178,-0.05087738196191337,-0.051266748962891275,-0.07432985219872797,-0.02847264440054955,0.03270798669528608,0.0,0.15425954842781622,0.13154551665938125,0.17651136391050193,-0.05169072360549444,0.0,0.001998001998001998,0.3805309734513274,0.3744026548672566,0.3742857142857143,226,350,mc_dropout,hoptimus,0.0031040388183245326,True,0.0,True
mc_epistemic_mi_hoptimus,0.7,0.6457142857142857,-0.05428571428571427,0.00574393620768629,ece,0.11978641100714282,0.09491166100659316,-0.02487475000054966,-0.03221061138463403,-0.06177960872353778,-0.004745339433751987,0.04109941604574895,0.016,0.1267886790125538,0.09999578796638178,0.15390120915159797,-0.03187701800596064,0.01,0.02197802197802198,0.3805309734513274,0.3744026548672566,0.3742857142857143,226,350,mc_dropout,hoptimus,0.07081807081807082,False,0.060521739130434786,False
mc_epistemic_mi_hoptimus,0.7,0.6457142857142857,-0.05428571428571427,0.00574393620768629,cal_gap,0.08989143235920766,0.09074878827039001,0.0008573559111823559,0.0010649710959197965,-0.031699483418081854,0.03565580277424867,0.04846171320925014,0.968,0.08990305847306124,0.05999012985623939,0.11869405749127016,0.0008457297973287758,0.512,0.977022977022977,0.3805309734513274,0.3744026548672566,0.3742857142857143,226,350,mc_dropout,hoptimus,0.977022977022977,False,0.9792558139534883,False
mc_epistemic_mi_hoptimus,0.7,0.6457142857142857,-0.05428571428571427,0.00574393620768629,accuracy,0.7971428571428572,0.8938053097345132,0.09666245259165607,0.09726245712265842,0.06248773529568601,0.13493768668245962,0.05143439491849072,0.0,0.7962256637168141,0.7654867256637168,0.827433628318584,0.09757964601769908,1.0,0.001998001998001998,0.3805309734513274,0.3744026548672566,0.3742857142857143,226,350,mc_dropout,hoptimus,0.0025192199105242585,True,0.0,True
ood_attention_hoptimus,0.9,0.8857142857142857,-0.014285714285714346,94.61395263671875,auroc,0.8899578235560668,0.8870086142813416,-0.0029492092747251952,-0.0030788669331077052,-0.010865204467380169,0.005509830239432226,0.011973482665546622,0.452,0.8898794023084026,0.8787052253512418,0.9021983281911213,-0.0028707880270609776,0.335,0.6713286713286714,0.3903225806451613,0.3739322580645162,0.3742857142857143,310,350,ood,hoptimus,0.6953046953046953,False,0.5041538461538462,False
ood_attention_hoptimus,0.9,0.8857142857142857,-0.014285714285714346,94.61395263671875,auprc,0.7806618290877523,0.784653938514333,0.003992109426580681,0.00409370809314382,-0.0041016638339327225,0.012369782472398373,0.0119383527688592,0.316,0.7802982119744698,0.7545573286571751,0.813911582415402,0.004355726539863158,0.643,0.7152847152847153,0.3903225806451613,0.3739322580645162,0.3742857142857143,310,350,ood,hoptimus,0.7408305979734552,False,0.33526829268292685,False
ood_attention_hoptimus,0.9,0.8857142857142857,-0.014285714285714346,94.61395263671875,bss,0.3447955547049807,0.34148295782998084,-0.0033125968749998513,-0.004210703120872155,-0.041065615876784714,0.035992408599765165,0.05454889489502798,0.8,0.34392198698355336,0.2945763146336319,0.3972821009132389,-0.002439029153572525,0.473,0.9470529470529471,0.3903225806451613,0.3739322580645162,0.3742857142857143,310,350,ood,hoptimus,0.9580651906233301,False,0.8285714285714286,False
ood_attention_hoptimus,0.9,0.8857142857142857,-0.014285714285714346,94.61395263671875,balanced_accuracy,0.8041583882324236,0.8035987581442127,-0.0005596300882109162,-0.000880292531594177,-0.014710304897762459,0.014946202598354927,0.021170900727041263,0.858,0.80406647287854,0.7898316170074398,0.8196525892926698,-0.00046771473432738464,0.485,0.973026973026973,0.3903225806451613,0.3739322580645162,0.3742857142857143,310,350,ood,hoptimus,0.973026973026973,False,0.858,False
ood_attention_hoptimus,0.9,0.8857142857142857,-0.014285714285714346,94.61395263671875,sensitivity,0.8320610687022901,0.8347107438016529,0.0026496750993627582,0.0022494058051245784,-0.014186348255788225,0.023247509636168052,0.027675260157705935,0.882,0.8321004063531037,0.8108108108108109,0.8559322033898306,0.002610337448549216,0.581,0.8391608391608392,0.3903225806451613,0.3739322580645162,0.3742857142857143,310,350,ood,hoptimus,0.8963566553928,False,0.9,False
ood_attention_hoptimus,0.9,0.8857142857142857,-0.014285714285714346,94.61395263671875,specificity,0.776255707762557,0.7724867724867724,-0.0037689352757845906,-0.004009990868312934,-0.02471926341882394,0.0196251867209326,0.03178701163407493,0.694,0.7760325394039763,0.7577040037091584,0.796875,-0.003545766917203874,0.371,0.7492507492507493,0.3903225806451613,0.3739322580645162,0.3742857142857143,310,350,ood,hoptimus,0.7492507492507493,False,0.7020697674418603,False
ood_attention_hoptimus,0.9,0.8857142857142857,-0.014285714285714346,94.61395263671875,ppv,0.689873417721519,0.7013888888888888,0.01151547116736984,0.011247084386161562,-0.012548706278914065,0.037186868041454164,0.035998612345843034,0.404,0.689343721838414,0.6666666666666666,0.7183150756390193,0.01204516705047487,0.816,0.3696303696303696,0.3903225806451613,0.3739322580645162,0.3742857142857143,310,350,ood,hoptimus,0.3921688068029531,False,0.42863414634146346,False
ood_attention_hoptimus,0.9,0.8857142857142857,-0.014285714285714346,94.61395263671875,npv,0.8854166666666666,0.8795180722891566,-0.005898594377510058,-0.0062138858360109624,-0.02042727215546264,0.01055683778430866,0.022551178986074227,0.426,0.8855764333332938,0.8713261093911249,0.9024390243902439,-0.0060583610441372615,0.244,0.5074925074925075,0.3903225806451613,0.3739322580645162,0.3742857142857143,310,350,ood,hoptimus,0.91983016983017,False,0.6176999999999999,False
ood_attention_hoptimus,0.9,0.8857142857142857,-0.014285714285714346,94.61395263671875,f1,0.754325259515571,0.7622641509433963,0.007938891427825334,0.007569351052654831,-0.010350725445371528,0.025467380915086223,0.0258015200259366,0.43,0.7539370601648981,0.7343623991935484,0.7744360902255639,0.008327090778498136,0.782,0.43756243756243757,0.3903225806451613,0.3739322580645162,0.3742857142857143,310,350,ood,hoptimus,0.4552590266875981,False,0.450722891566265,False
ood_attention_hoptimus,0.9,0.8857142857142857,-0.014285714285714346,94.61395263671875,brier,0.15344620678423515,0.15670786927561048,0.003261662491375328,0.0034360246400033986,-0.0059240573015822565,0.012122548591273187,0.012720406889705228,0.434,0.15351161861092869,0.14206147227324703,0.16433121678992296,0.0031962506646817934,0.699,0.6033966033966034,0.3903225806451613,0.3739322580645162,0.3742857142857143,310,350,ood,hoptimus,0.617594170535347,False,0.45491566265060246,False
ood_attention_hoptimus,0.9,0.8857142857142857,-0.014285714285714346,94.61395263671875,ece,0.11978641100714282,0.1217410745288362,0.0019546635216933783,0.005705662537508005,-0.00822788681655195,0.01945329980309761,0.01945923612562923,0.424,0.12134919217683697,0.10697056809259763,0.13492281091511685,0.0003918823519992315,0.515,0.971028971028971,0.3903225806451613,0.3739322580645162,0.3742857142857143,310,350,ood,hoptimus,0.971028971028971,False,0.542470588235294,False
ood_attention_hoptimus,0.9,0.8857142857142857,-0.014285714285714346,94.61395263671875,cal_gap,0.08989143235920766,0.08848228933981567,-0.0014091430193919896,-0.0014728126376733763,-0.014426076422386861,0.011609642722275954,0.018524177054523038,0.812,0.09008579598503448,0.07612049972412464,0.10368797062114145,-0.0016035066452188135,0.403,0.8071928071928072,0.3903225806451613,0.3739322580645162,0.3742857142857143,310,350,ood,hoptimus,0.8460936653707739,False,0.8615121951219513,False
ood_attention_hoptimus,0.9,0.8857142857142857,-0.014285714285714346,94.61395263671875,accuracy,0.7971428571428572,0.7967741935483871,-0.0003686635944700756,-0.0006648023393627647,-0.015364729937534427,0.015452929696853555,0.02222103448418808,0.888,0.7969967741935484,0.7838709677419354,0.8129032258064516,-0.00022258064516134102,0.411,1.0,0.3903225806451613,0.3739322580645162,0.3742857142857143,310,350,ood,hoptimus,1.0,False,0.888,False
ood_attention_hoptimus,0.8,0.7257142857142858,-0.07428571428571429,89.3962173461914,auroc,0.8899578235560668,0.8815384615384615,-0.008419362017605292,-0.00871640686882949,-0.026278570316276877,0.007689518933435194,0.023803961183325235,0.3,0.889653791229655,0.8698315336690141,0.9097254359113863,-0.008115329691193551,0.217,0.4355644355644356,0.4094488188976378,0.37475196850393705,0.3742857142857143,254,350,ood,hoptimus,0.49438872815496193,False,0.35270270270270265,False
ood_attention_hoptimus,0.8,0.7257142857142858,-0.07428571428571429,89.3962173461914,auprc,0.7806618290877523,0.791247100915839,0.010585271828086773,0.011069550113056987,-0.011263192000903805,0.033780134107439574,0.03259329231971377,0.33,0.7816131448497058,0.73414795507052,0.8354634276139731,0.009633956066133265,0.644,0.7132867132867133,0.4094488188976378,0.37475196850393705,0.3742857142857143,254,350,ood,hoptimus,0.7408305979734552,False,0.34590361445783135,False
ood_attention_hoptimus,0.8,0.7257142857142858,-0.07428571428571429,89.3962173461914,bss,0.3447955547049807,0.31131286846960704,-0.03348268623537365,-0.03534276181073823,-0.10705351000497255,0.03568138736616616,0.10158032508560415,0.312,0.3437472977361432,0.25953411557194045,0.4241625024341188,-0.03243442926653617,0.23,0.46153846153846156,0.4094488188976378,0.37475196850393705,0.3742857142857143,254,350,ood,hoptimus,0.5426195426195426,False,0.36191999999999996,False
ood_attention_hoptimus,0.8,0.7257142857142858,-0.07428571428571429,89.3962173461914,balanced_accuracy,0.8041583882324236,0.790128205128205,-0.014030183104218552,-0.014691133050929445,-0.039307596490918646,0.010129454922159206,0.03429232983631059,0.216,0.8040646439546693,0.7772112906928498,0.8310794885313649,-0.013936438826464226,0.146,0.2937062937062937,0.4094488188976378,0.37475196850393705,0.3742857142857143,254,350,ood,hoptimus,0.30061703002879475,False,0.22917073170731705,False
ood_attention_hoptimus,0.8,0.7257142857142858,-0.07428571428571429,89.3962173461914,sensitivity,0.8320610687022901,0.8269230769230769,-0.005137991779213258,-0.0063229279780550995,-0.0362025293990231,0.02409154418077476,0.04426091063915657,0.688,0.8320313660791676,0.7938144329896907,0.8723404255319149,-0.0051082891560907395,0.411,0.8311688311688312,0.4094488188976378,0.37475196850393705,0.3742857142857143,254,350,ood,hoptimus,0.8963566553928,False,0.761780487804878,False
ood_attention_hoptimus,0.8,0.7257142857142858,-0.07428571428571429,89.3962173461914,specificity,0.776255707762557,0.7533333333333333,-0.022922374429223735,-0.023059338123803782,-0.061279917269748616,0.013343296833382624,0.05262915991674428,0.228,0.7760979218301709,0.7425103780169722,0.8121212121212121,-0.0227645884968376,0.107,0.21578421578421578,0.4094488188976378,0.37475196850393705,0.3742857142857143,254,350,ood,hoptimus,0.22086149144972675,False,0.23336470588235297,False
ood_attention_hoptimus,0.8,0.7257142857142858,-0.07428571428571429,89.3962173461914,ppv,0.689873417721519,0.6991869918699187,0.009313574148399728,0.009325995768438048,-0.02829758528919174,0.05118375374360403,0.05663276274764746,0.652,0.6901821490583211,0.6481082375478927,0.7339449541284404,0.009004842811597635,0.655,0.6913086913086913,0.4094488188976378,0.37475196850393705,0.3742857142857143,254,350,ood,hoptimus,0.7075747781630135,False,0.6673411764705883,False
ood_attention_hoptimus,0.8,0.7257142857142858,-0.07428571428571429,89.3962173461914,npv,0.8854166666666666,0.8625954198473282,-0.022821246819338392,-0.023878723685224444,-0.05237655100183974,0.0026410710610966066,0.03959308341248336,0.084,0.885144985640103,0.8591312802186252,0.9139111651490066,-0.022549565792774784,0.044,0.0919080919080919,0.4094488188976378,0.37475196850393705,0.3742857142857143,254,350,ood,hoptimus,0.1992641504836627,False,0.1782439024390244,False
ood_attention_hoptimus,0.8,0.7257142857142858,-0.07428571428571429,89.3962173461914,f1,0.754325259515571,0.7577092511013216,0.0033839915857506453,0.00273937468462296,-0.02837944626825279,0.03253882108696205,0.04209594172655379,0.862,0.7542510142850439,0.7199802955665024,0.7878933566433566,0.00345823681627766,0.579,0.8431568431568431,0.4094488188976378,0.37475196850393705,0.3742857142857143,254,350,ood,hoptimus,0.8431568431568431,False,0.862,False
ood_attention_hoptimus,0.8,0.7257142857142858,-0.07428571428571429,89.3962173461914,brier,0.15344620678423515,0.16652488145381195,0.013078674669576795,0.013404843533382416,-0.0031432879884875768,0.03084406429128374,0.023936509213069675,0.122,0.15355012178883876,0.13421569604532083,0.1725320196637672,0.01297475966497319,0.908,0.18581418581418582,0.4094488188976378,0.37475196850393705,0.3742857142857143,254,350,ood,hoptimus,0.20994589825758658,False,0.1396578947368421,False
ood_attention_hoptimus,0.8,0.7257142857142858,-0.07428571428571429,89.3962173461914,ece,0.11978641100714282,0.1374615036427455,0.017675092635602685,0.021480687076676025,-0.0002471519016211223,0.04375611998144371,0.03154528046757233,0.054,0.12435846275794649,0.10246983319441888,0.1462869748869191,0.013103040884799022,0.851,0.2997002997002997,0.4094488188976378,0.37475196850393705,0.3742857142857143,254,350,ood,hoptimus,0.3950594859685769,False,0.12363157894736841,False
ood_attention_hoptimus,0.8,0.7257142857142858,-0.07428571428571429,89.3962173461914,cal_gap,0.08989143235920766,0.0933453285956996,0.003453896236491949,0.0029999290891142083,-0.019740978305022524,0.024972406230700576,0.03225029008509378,0.802,0.08987961100499656,0.06526475900941084,0.11315754154478871,0.003465717590703049,0.613,0.7752247752247752,0.4094488188976378,0.37475196850393705,0.3742857142857143,254,350,ood,hoptimus,0.8224945785921395,False,0.8614074074074074,False
ood_attention_hoptimus,0.8,0.7257142857142858,-0.07428571428571429,89.3962173461914,accuracy,0.7971428571428572,0.7834645669291339,-0.013678290213723243,-0.014173575464703568,-0.04069472497606472,0.010959635859471,0.036016007042628084,0.258,0.7970511811023623,0.7716535433070866,0.8228346456692913,-0.013586614173228373,0.119,0.3676323676323676,0.4094488188976378,0.37475196850393705,0.3742857142857143,254,350,ood,hoptimus,0.41537683096124656,False,0.2877692307692308,False
ood_attention_hoptimus,0.7,0.6171428571428571,-0.08285714285714285,86.41647872924804,auroc,0.8899578235560668,0.8624879797185069,-0.027469843837559904,-0.027820274419791693,-0.054453571890371345,-0.005335827249661191,0.033992980912340535,0.014,0.8898394474232314,0.865084425965721,0.9163345976388142,-0.02735146770472452,0.014,0.029970029970029972,0.4305555555555556,0.3733796296296296,0.3742857142857143,216,350,ood,hoptimus,0.03571770695058367,True,0.016684931506849316,True
ood_attention_hoptimus,0.7,0.6171428571428571,-0.08285714285714285,86.41647872924804,auprc,0.7806618290877523,0.7838219633296153,0.0031601342418630107,0.003924013999974526,-0.02493440443643416,0.03199439117207255,0.03980902366061596,0.758,0.7822243147615613,0.7210084510686409,0.8428087038751977,0.0015976485680539998,0.535,0.9310689310689311,0.4305555555555556,0.3733796296296296,0.3742857142857143,216,350,ood,hoptimus,0.9310689310689311,False,0.7668139534883721,False
ood_attention_hoptimus,0.7,0.6171428571428571,-0.08285714285714285,86.41647872924804,bss,0.3447955547049807,0.22340458936276453,-0.12139096534221616,-0.12447609746810005,-0.22258967293496873,-0.040753285410273295,0.12957618098586673,0.006,0.34155769650273077,0.23596235864262918,0.4519909160206597,-0.11815310713996624,0.012,0.025974025974025976,0.4305555555555556,0.3733796296296296,0.3742857142857143,216,350,ood,hoptimus,0.03182732760197549,True,0.007565217391304348,True
ood_attention_hoptimus,0.7,0.6171428571428571,-0.08285714285714285,86.41647872924804,balanced_accuracy,0.8041583882324236,0.7676370312090217,-0.03652135702340187,-0.03711996422426775,-0.06943894874938097,-0.007602810910406115,0.045187561846758185,0.008,0.8038308531590083,0.7727401331506023,0.8360071677688197,-0.03619382194998655,0.012,0.025974025974025976,0.4305555555555556,0.3733796296296296,0.3742857142857143,216,350,ood,hoptimus,0.029733424470266577,True,0.009534246575342466,True
ood_attention_hoptimus,0.7,0.6171428571428571,-0.08285714285714285,86.41647872924804,sensitivity,0.8320610687022901,0.8279569892473119,-0.00410407945497826,-0.005302230275134427,-0.04652329013021784,0.03549621065361089,0.058668841405410795,0.806,0.8317466844890744,0.7831054989187519,0.8831543456543456,-0.0037896952417625362,0.446,0.8931068931068931,0.4305555555555556,0.3733796296296296,0.3742857142857143,216,350,ood,hoptimus,0.9250035678607107,False,0.8448433734939759,False
ood_attention_hoptimus,0.7,0.6171428571428571,-0.08285714285714285,86.41647872924804,specificity,0.776255707762557,0.7073170731707317,-0.06893863459182537,-0.06893769817340106,-0.11916226507316523,-0.02396809039078899,0.06917709934476521,0.006,0.7759150218289421,0.7318840579710145,0.8168120020059063,-0.06859794865821045,0.001,0.003996003996003996,0.4305555555555556,0.3733796296296296,0.3742857142857143,216,350,ood,hoptimus,0.004457081380158303,True,0.00677922077922078,True
ood_attention_hoptimus,0.7,0.6171428571428571,-0.08285714285714285,86.41647872924804,ppv,0.689873417721519,0.6814159292035398,-0.008457488517979228,-0.008355992122269158,-0.0533714385973647,0.035090199009891916,0.06439370434366033,0.7,0.6886476121140104,0.6353966346153845,0.7422680412371134,-0.007231682910470605,0.412,0.8251748251748252,0.4305555555555556,0.3733796296296296,0.3742857142857143,216,350,ood,hoptimus,0.8311688311688312,False,0.7,False
ood_attention_hoptimus,0.7,0.6171428571428571,-0.08285714285714285,86.41647872924804,npv,0.8854166666666666,0.8446601941747572,-0.04075647249190939,-0.04188190366138008,-0.08762436849159709,-0.003027434063737831,0.05861161431252441,0.038,0.8855693207432233,0.8518365472910927,0.9196428571428571,-0.040909126568466014,0.007,0.015984015984015984,0.4305555555555556,0.3733796296296296,0.3742857142857143,216,350,ood,hoptimus,0.04966462109319252,True,0.09445714285714286,False
ood_attention_hoptimus,0.7,0.6171428571428571,-0.08285714285714285,86.41647872924804,f1,0.754325259515571,0.7475728155339806,-0.006752443981590361,-0.007447530356311454,-0.04419027527086984,0.026980029203977594,0.05118702558677602,0.752,0.7530820889540057,0.7092912864292023,0.7934825741890958,-0.0055092734200251625,0.394,0.7892107892107892,0.4305555555555556,0.3733796296296296,0.3742857142857143,216,350,ood,hoptimus,0.7983876588527751,False,0.7607441860465117,False
ood_attention_hoptimus,0.7,0.6171428571428571,-0.08285714285714285,86.41647872924804,brier,0.15344620678423515,0.19040369732251664,0.036957490538281484,0.03734074842096109,0.01562771071430414,0.061028962100688686,0.031850638820746874,0.0,0.15369296995527504,0.12991933294272326,0.17644350040773538,0.0367107273672416,1.0,0.001998001998001998,0.4305555555555556,0.3733796296296296,0.3742857142857143,216,350,ood,hoptimus,0.0031040388183245326,True,0.0,True
ood_attention_hoptimus,0.7,0.6171428571428571,-0.08285714285714285,86.41647872924804,ece,0.11978641100714282,0.16530305212250418,0.045516641115361356,0.050713171479762384,0.022628858651506604,0.07900749988718636,0.03993021410680288,0.0,0.12724796005888642,0.09862178410440987,0.15513845888730327,0.03805509206361776,0.997,0.007992007992007992,0.4305555555555556,0.3733796296296296,0.3742857142857143,216,350,ood,hoptimus,0.043456543456543456,True,0.0,True
ood_attention_hoptimus,0.7,0.6171428571428571,-0.08285714285714285,86.41647872924804,cal_gap,0.08989143235920766,0.11123320615998067,0.021341773800773012,0.020858530738317786,-0.006485805109079369,0.05027831028900342,0.041205422143010796,0.158,0.09048634074650005,0.06011533226654436,0.12390607342399901,0.020746865413480614,0.913,0.17582417582417584,0.4305555555555556,0.3733796296296296,0.3742857142857143,216,350,ood,hoptimus,0.30593406593406597,False,0.38183333333333336,False
ood_attention_hoptimus,0.7,0.6171428571428571,-0.08285714285714285,86.41647872924804,accuracy,0.7971428571428572,0.7592592592592593,-0.03788359788359785,-0.03829425146815137,-0.07266269841269839,-0.008596985583224082,0.046185772321987416,0.016,0.7967638888888889,0.7638888888888888,0.8287037037037037,-0.03750462962962964,0.007,0.025974025974025976,0.4305555555555556,0.3733796296296296,0.3742857142857143,216,350,ood,hoptimus,0.030537030537030538,True,0.019068493150684932,True
entropy_hoptimus,0.9,0.8514285714285714,-0.0485714285714286,0.564667807985556,auroc,0.8899578235560668,0.9102607031810571,0.020302879624990333,0.020310346305342293,0.009919246015028823,0.03215736738260219,0.016181336645450288,0.0,0.8901412049379808,0.8770296091094865,0.9045412796190555,0.02011949824307635,0.998,0.005994005994005994,0.37919463087248323,0.3742114093959732,0.3742857142857143,298,350,predictive,hoptimus,0.01022506904859846,True,0.0,True
entropy_hoptimus,0.9,0.8514285714285714,-0.0485714285714286,0.564667807985556,auprc,0.7806618290877523,0.8025532475797468,0.021891418491994497,0.022199546183150027,0.011341901568796438,0.03566205904300798,0.017677915360596815,0.0,0.7817751118988181,0.7495363297596731,0.8194112800909706,0.020778135680928678,0.879,0.24375624375624375,0.37919463087248323,0.3742114093959732,0.3742857142857143,298,350,predictive,hoptimus,0.41980660848585377,False,0.0,True
entropy_hoptimus,0.9,0.8514285714285714,-0.0485714285714286,0.564667807985556,bss,0.3447955547049807,0.43984914812448583,0.09505359341950514,0.09439534573481503,0.05524867264403596,0.13785668313704147,0.05942079294198982,0.0,0.34470788983755835,0.2899007789748634,0.40219239445388155,0.09514125828692749,1.0,0.001998001998001998,0.37919463087248323,0.3742114093959732,0.3742857142857143,298,350,predictive,hoptimus,0.003160475887748615,True,0.0,True
entropy_hoptimus,0.9,0.8514285714285714,-0.0485714285714286,0.564667807985556,balanced_accuracy,0.8041583882324236,0.8638603204974886,0.05970193226506504,0.05952656246332802,0.033467179847651,0.08678673923292393,0.03779422622414664,0.0,0.8043631713864003,0.7879714320065108,0.8227756286266925,0.05949714911108828,1.0,0.001998001998001998,0.37919463087248323,0.3742114093959732,0.3742857142857143,298,350,predictive,hoptimus,0.002414252414252414,True,0.0,True
entropy_hoptimus,0.9,0.8514285714285714,-0.0485714285714286,0.564667807985556,sensitivity,0.8320610687022901,0.911504424778761,0.0794433560764709,0.0789390856226885,0.03776523631593066,0.12605054524516018,0.0635721871915224,0.0,0.8323059140589959,0.808695652173913,0.8611111111111112,0.07919851071976514,1.0,0.001998001998001998,0.37919463087248323,0.3742114093959732,0.3742857142857143,298,350,predictive,hoptimus,0.014485514485514486,True,0.0,True
entropy_hoptimus,0.9,0.8514285714285714,-0.0485714285714286,0.564667807985556,specificity,0.776255707762557,0.8162162162162162,0.03996050845365917,0.04011403930396753,0.011840119186073814,0.07112880394828265,0.04242858745569412,0.004,0.7764204287138048,0.7553191489361702,0.798941798941799,0.03979578750241142,0.999,0.003996003996003996,0.37919463087248323,0.3742114093959732,0.3742857142857143,298,350,predictive,hoptimus,0.004457081380158303,True,0.004578947368421053,True
entropy_hoptimus,0.9,0.8514285714285714,-0.0485714285714286,0.564667807985556,ppv,0.689873417721519,0.7518248175182481,0.061951399796729145,0.0620309860246527,0.02534909323164444,0.10088431643071567,0.05272423114164305,0.0,0.6900196602906492,0.6616541353383458,0.7197045454545454,0.06180515722759894,1.0,0.001998001998001998,0.37919463087248323,0.3742114093959732,0.3742857142857143,298,350,predictive,hoptimus,0.002716033966033966,True,0.0,True
entropy_hoptimus,0.9,0.8514285714285714,-0.0485714285714286,0.564667807985556,npv,0.8854166666666666,0.937888198757764,0.05247153209109734,0.05216667462718227,0.02294559396687192,0.08599196454064643,0.04611488766347608,0.0,0.8856168621795414,0.8679245283018868,0.906832298136646,0.05227133657822258,1.0,0.001998001998001998,0.37919463087248323,0.3742114093959732,0.3742857142857143,298,350,predictive,hoptimus,0.01337124414047491,True,0.0,True
entropy_hoptimus,0.9,0.8514285714285714,-0.0485714285714286,0.564667807985556,f1,0.754325259515571,0.824,0.06967474048442901,0.0695752160854537,0.04072700658405473,0.10169134415942013,0.04155389883084681,0.0,0.7543960150255058,0.7310924369747899,0.7777777777777778,0.06960398497449416,1.0,0.001998001998001998,0.37919463087248323,0.3742114093959732,0.3742857142857143,298,350,predictive,hoptimus,0.0026337299064571793,True,0.0,True
entropy_hoptimus,0.9,0.8514285714285714,-0.0485714285714286,0.564667807985556,brier,0.15344620678423515,0.13186290660845934,-0.02158330017577581,-0.021413576022267237,-0.031210135369269608,-0.01264729759409261,0.013133239996742513,0.0,0.15335218970809705,0.14045076835431913,0.1652591953954884,-0.021489283099637713,0.001,0.003996003996003996,0.37919463087248323,0.3742114093959732,0.3742857142857143,298,350,predictive,hoptimus,0.005348497656189964,True,0.0,True
entropy_hoptimus,0.9,0.8514285714285714,-0.0485714285714286,0.564667807985556,ece,0.11978641100714282,0.11648770316056445,-0.003298707846578375,-0.010912546165756733,-0.02918260132399012,0.00453119159687105,0.023886170073753817,0.19,0.121941917231379,0.10629603978745857,0.1370572166351617,-0.0054542140708145476,0.25,0.5014985014985015,0.37919463087248323,0.3742114093959732,0.3742857142857143,298,350,predictive,hoptimus,0.5895995895995896,False,0.2930526315789474,False
entropy_hoptimus,0.9,0.8514285714285714,-0.0485714285714286,0.564667807985556,cal_gap,0.08989143235920766,0.08137615105728485,-0.008515281301922806,-0.00866021984219674,-0.02997665839720119,0.012939816801728463,0.03086457373468212,0.428,0.090006512349214,0.07290831876973072,0.10543209741186461,-0.00863036129192915,0.168,0.33766233766233766,0.37919463087248323,0.3742114093959732,0.3742857142857143,298,350,predictive,hoptimus,0.4815839897807111,False,0.591047619047619,False
entropy_hoptimus,0.9,0.8514285714285714,-0.0485714285714286,0.564667807985556,accuracy,0.7971428571428572,0.8523489932885906,0.05520613614573344,0.05511562542616721,0.031367612737387654,0.07964437689969601,0.034968170360980766,0.0,0.7973221476510066,0.7818791946308725,0.8154362416107382,0.055026845637583977,1.0,0.001998001998001998,0.37919463087248323,0.3742114093959732,0.3742857142857143,298,350,predictive,hoptimus,0.0025192199105242585,True,0.0,True
entropy_hoptimus,0.8,0.6885714285714286,-0.11142857142857143,0.26385605127804523,auroc,0.8899578235560668,0.9281089036055924,0.03815108004952561,0.03842961123596207,0.020069012131591412,0.05909827682976066,0.028604342263317383,0.0,0.8899206060608569,0.8686364971798543,0.9115870373434068,0.03818829754473552,1.0,0.001998001998001998,0.37344398340248963,0.3743526970954357,0.3742857142857143,241,350,predictive,hoptimus,0.006685622070237455,True,0.0,True
entropy_hoptimus,0.8,0.6885714285714286,-0.11142857142857143,0.26385605127804523,auprc,0.7806618290877523,0.8198254529455657,0.03916362385781347,0.04024165808705152,0.013768840151982582,0.06796430558991835,0.03839728870440141,0.006,0.7818244151959475,0.7322417542362765,0.8399172804628251,0.03800103774961827,0.905,0.1918081918081918,0.37344398340248963,0.3743526970954357,0.3742857142857143,241,350,predictive,hoptimus,0.41980660848585377,False,0.00815625,True
entropy_hoptimus,0.8,0.6885714285714286,-0.11142857142857143,0.26385605127804523,bss,0.3447955547049807,0.5528244299869208,0.20802887528194014,0.20811952040627382,0.12075517924908763,0.30178298259967523,0.12910045087487418,0.0,0.3437306899305513,0.2531666778107614,0.4382225344876422,0.20909374005636955,1.0,0.001998001998001998,0.37344398340248963,0.3743526970954357,0.3742857142857143,241,350,predictive,hoptimus,0.003160475887748615,True,0.0,True
entropy_hoptimus,0.8,0.6885714285714286,-0.11142857142857143,0.26385605127804523,balanced_accuracy,0.8041583882324236,0.9049300956585725,0.10077170742614894,0.10106390983135187,0.06513283224385318,0.13839174200934587,0.05090221551817412,0.0,0.8043246120789681,0.7771758264610458,0.8327322209236895,0.10060548357960442,1.0,0.001998001998001998,0.37344398340248963,0.3743526970954357,0.3742857142857143,241,350,predictive,hoptimus,0.002414252414252414,True,0.0,True
entropy_hoptimus,0.8,0.6885714285714286,-0.11142857142857143,0.26385605127804523,sensitivity,0.8320610687022901,0.9555555555555556,0.12349448685326547,0.12365062582879642,0.06993978102189781,0.18546993954321545,0.0813407348878746,0.0,0.8322482624216346,0.7894590643274854,0.879540990047145,0.12330729313392097,1.0,0.001998001998001998,0.37344398340248963,0.3743526970954357,0.3742857142857143,241,350,predictive,hoptimus,0.014485514485514486,True,0.0,True
entropy_hoptimus,0.8,0.6885714285714286,-0.11142857142857143,0.26385605127804523,specificity,0.776255707762557,0.8543046357615894,0.0780489279990324,0.0784771938339073,0.03710941729890779,0.12393569052470624,0.06280191746657085,0.0,0.7764009617363019,0.7417162229130063,0.8145820103420122,0.07790367402528753,1.0,0.001998001998001998,0.37344398340248963,0.3743526970954357,0.3742857142857143,241,350,predictive,hoptimus,0.002414252414252414,True,0.0,True
entropy_hoptimus,0.8,0.6885714285714286,-0.11142857142857143,0.26385605127804523,ppv,0.689873417721519,0.7962962962962963,0.10642287857477728,0.10671605296131598,0.05556821075086912,0.1656098650954476,0.08128805272660232,0.0,0.690137152257902,0.6442307692307693,0.7407490079365079,0.10615914403839433,1.0,0.001998001998001998,0.37344398340248963,0.3743526970954357,0.3742857142857143,241,350,predictive,hoptimus,0.002716033966033966,True,0.0,True
entropy_hoptimus,0.8,0.6885714285714286,-0.11142857142857143,0.26385605127804523,npv,0.8854166666666666,0.9699248120300752,0.08450814536340856,0.08464221780025281,0.04507738452614306,0.1279697779922623,0.05800946313487439,0.0,0.8855022100744474,0.8560606060606061,0.9172932330827067,0.08442260195562779,1.0,0.001998001998001998,0.37344398340248963,0.3743526970954357,0.3742857142857143,241,350,predictive,hoptimus,0.01337124414047491,True,0.0,True
entropy_hoptimus,0.8,0.6885714285714286,-0.11142857142857143,0.26385605127804523,f1,0.754325259515571,0.8686868686868687,0.11436160917129778,0.11465648318032026,0.07501339575724798,0.15857923420748984,0.06059218966908761,0.0,0.754248108678194,0.719567597153804,0.7920839910077965,0.1144387600086747,1.0,0.001998001998001998,0.37344398340248963,0.3743526970954357,0.3742857142857143,241,350,predictive,hoptimus,0.0026337299064571793,True,0.0,True
entropy_hoptimus,0.8,0.6885714285714286,-0.11142857142857143,0.26385605127804523,brier,0.15344620678423515,0.10463173837361178,-0.04881446841062337,-0.04888344261669501,-0.06981610707965531,-0.029416941793957964,0.02906684003162834,0.0,0.15343517572107526,0.13350848194823814,0.1728531393551934,-0.04880343734746348,0.0,0.001998001998001998,0.37344398340248963,0.3743526970954357,0.3742857142857143,241,350,predictive,hoptimus,0.0031040388183245326,True,0.0,True
entropy_hoptimus,0.8,0.6885714285714286,-0.11142857142857143,0.26385605127804523,ece,0.11978641100714282,0.09492318714705358,-0.02486322386008924,-0.03387984353699638,-0.06155134440987694,-0.009133570413749188,0.03751169978902434,0.004,0.12512076519972634,0.09938864399947038,0.14924786586608316,-0.030197578052672758,0.01,0.02197802197802198,0.37344398340248963,0.3743526970954357,0.3742857142857143,241,350,predictive,hoptimus,0.07081807081807082,False,0.03866666666666667,True
entropy_hoptimus,0.8,0.6885714285714286,-0.11142857142857143,0.26385605127804523,cal_gap,0.08989143235920766,0.07923900284310481,-0.010652429516102846,-0.01065563675268082,-0.04222078124218343,0.02100147189584028,0.04604311198982246,0.52,0.08991057961344884,0.06247298465209025,0.11761325007632936,-0.010671576770344027,0.216,0.43356643356643354,0.37344398340248963,0.3743526970954357,0.3742857142857143,241,350,predictive,hoptimus,0.5312715453560524,False,0.6556521739130435,False
entropy_hoptimus,0.8,0.6885714285714286,-0.11142857142857143,0.26385605127804523,accuracy,0.7971428571428572,0.8921161825726142,0.094973325429757,0.0952463120640509,0.06258555522356585,0.12967212468725034,0.049348739908640034,0.0,0.7972821576763487,0.7717842323651453,0.8257261410788381,0.09483402489626547,1.0,0.001998001998001998,0.37344398340248963,0.3743526970954357,0.3742857142857143,241,350,predictive,hoptimus,0.0025192199105242585,True,0.0,True
entropy_hoptimus,0.7,0.6285714285714286,-0.0714285714285714,0.17758263520210393,auroc,0.8899578235560668,0.9295343137254902,0.03957649016942344,0.03990622832803756,0.017798387464527853,0.06367332763172842,0.03357282232532245,0.0,0.8904562650199289,0.8641527117045165,0.914878728934782,0.03907804870556131,0.998,0.005994005994005994,0.38181818181818183,0.37322727272727274,0.3742857142857143,220,350,predictive,hoptimus,0.01022506904859846,True,0.0,True
entropy_hoptimus,0.7,0.6285714285714286,-0.0714285714285714,0.17758263520210393,auprc,0.7806618290877523,0.8241127334355306,0.04345090434777832,0.04475962593700648,0.013841217975337694,0.07725944149358517,0.04451656115469753,0.008,0.7825732520304309,0.720638584489606,0.8495334550490736,0.041539481405099665,0.9,0.2017982017982018,0.38181818181818183,0.37322727272727274,0.3742857142857143,220,350,predictive,hoptimus,0.41980660848585377,False,0.01023529411764706,True
entropy_hoptimus,0.7,0.6285714285714286,-0.0714285714285714,0.17758263520210393,bss,0.3447955547049807,0.6017431074849,0.2569475527799193,0.2573549391480781,0.1541187964914726,0.36330828318064795,0.15215111844849857,0.0,0.3442026115234238,0.2312331358897987,0.44931145069221823,0.2575404959614762,1.0,0.001998001998001998,0.38181818181818183,0.37322727272727274,0.3742857142857143,220,350,predictive,hoptimus,0.003160475887748615,True,0.0,True
entropy_hoptimus,0.7,0.6285714285714286,-0.0714285714285714,0.17758263520210393,balanced_accuracy,0.8041583882324236,0.9182422969187676,0.114083908686344,0.11447876774383509,0.07924115319878418,0.15492577465667606,0.05339060504843765,0.0,0.8048791414776272,0.7718954248366012,0.837590266141423,0.1133631554411404,1.0,0.001998001998001998,0.38181818181818183,0.37322727272727274,0.3742857142857143,220,350,predictive,hoptimus,0.002414252414252414,True,0.0,True
entropy_hoptimus,0.7,0.6285714285714286,-0.0714285714285714,0.17758263520210393,sensitivity,0.8320610687022901,0.9761904761904762,0.14412940748818603,0.1444866931072039,0.08871886624518739,0.2079574122817363,0.0840388643080461,0.0,0.8324980182523426,0.7837675024422013,0.8837432915921288,0.14369245793813357,1.0,0.001998001998001998,0.38181818181818183,0.37322727272727274,0.3742857142857143,220,350,predictive,hoptimus,0.014485514485514486,True,0.0,True
entropy_hoptimus,0.7,0.6285714285714286,-0.0714285714285714,0.17758263520210393,specificity,0.776255707762557,0.8602941176470589,0.08403840988450184,0.08447084238046626,0.037834383139716564,0.13435852491648517,0.06847812207935376,0.0,0.7772602647029119,0.7352829768270945,0.819563747498242,0.083033852944147,0.999,0.003996003996003996,0.38181818181818183,0.37322727272727274,0.3742857142857143,220,350,predictive,hoptimus,0.004457081380158303,True,0.0,True
entropy_hoptimus,0.7,0.6285714285714286,-0.0714285714285714,0.17758263520210393,ppv,0.689873417721519,0.8118811881188119,0.12200777039729294,0.122343117287862,0.06468868511999873,0.18505209842807657,0.08774021087159538,0.0,0.6898959374429698,0.6336633663366337,0.7449029611844739,0.1219852506758421,1.0,0.001998001998001998,0.38181818181818183,0.37322727272727274,0.3742857142857143,220,350,predictive,hoptimus,0.002716033966033966,True,0.0,True
entropy_hoptimus,0.7,0.6285714285714286,-0.0714285714285714,0.17758263520210393,npv,0.8854166666666666,0.9831932773109243,0.09777661064425769,0.09801770108854138,0.0574711066254651,0.1415313133055068,0.059912341887388976,0.0,0.8862322618765345,0.8524590163934426,0.9210697940503432,0.09696101543438984,1.0,0.001998001998001998,0.38181818181818183,0.37322727272727274,0.3742857142857143,220,350,predictive,hoptimus,0.01337124414047491,True,0.0,True
entropy_hoptimus,0.7,0.6285714285714286,-0.0714285714285714,0.17758263520210393,f1,0.754325259515571,0.8864864864864865,0.1321612269709156,0.13259637515966288,0.08999500016850544,0.1813764305566699,0.06439829674223915,0.0,0.7541064838421787,0.7089841269841269,0.7956989247311828,0.13238000264430783,1.0,0.001998001998001998,0.38181818181818183,0.37322727272727274,0.3742857142857143,220,350,predictive,hoptimus,0.0026337299064571793,True,0.0,True
entropy_hoptimus,0.7,0.6285714285714286,-0.0714285714285714,0.17758263520210393,brier,0.15344620678423515,0.09400179215067156,-0.05944441463356359,-0.05957099536979253,-0.0834918060557388,-0.0360290078611071,0.034686583201478285,0.0,0.15301609446916156,0.13028501222232344,0.17710116779663257,-0.05901430231849,0.0,0.001998001998001998,0.38181818181818183,0.37322727272727274,0.3742857142857143,220,350,predictive,hoptimus,0.0031040388183245326,True,0.0,True
entropy_hoptimus,0.7,0.6285714285714286,-0.0714285714285714,0.17758263520210393,ece,0.11978641100714282,0.08661210654569332,-0.033174304461449505,-0.040998271170647,-0.07363981593785167,-0.014102195502390105,0.0426515276639359,0.002,0.12623148262854975,0.09806129903446742,0.15524252263261254,-0.03961937608285643,0.001,0.003996003996003996,0.38181818181818183,0.37322727272727274,0.3742857142857143,220,350,predictive,hoptimus,0.034765234765234763,True,0.02485714285714286,True
entropy_hoptimus,0.7,0.6285714285714286,-0.0714285714285714,0.17758263520210393,cal_gap,0.08989143235920766,0.08039978028940492,-0.009491652069802736,-0.009449378761354772,-0.04233596916780325,0.02679758344315302,0.04994675442472017,0.572,0.0902233061467847,0.058424220220967986,0.12190842800778472,-0.009823525857379778,0.266,0.5334665334665335,0.38181818181818183,0.37322727272727274,0.3742857142857143,220,350,predictive,hoptimus,0.6271836271836272,False,0.6984166666666666,False
entropy_hoptimus,0.7,0.6285714285714286,-0.0714285714285714,0.17758263520210393,accuracy,0.7971428571428572,0.9045454545454545,0.10740259740259739,0.10774871992281265,0.07299992739359121,0.1453063361663163,0.05240311853428191,0.0,0.7978363636363637,0.7680681818181818,0.8318181818181818,0.10670909090909086,1.0,0.001998001998001998,0.38181818181818183,0.37322727272727274,0.3742857142857143,220,350,predictive,hoptimus,0.0025192199105242585,True,0.0,True
de_predictive_entropy_uni2,0.9,0.8685714285714285,-0.03142857142857147,0.5923906656255286,auroc,0.9218864373104674,0.938875641966251,0.016989204655783574,0.01706050415308242,0.009072401292775695,0.027936957447183674,0.013667851005419356,0.0,0.9221182150469538,0.9114738266337086,0.9334713240843884,0.016757426919297158,0.996,0.00999000999000999,0.3815789473684211,0.37398026315789473,0.3742857142857143,304,350,deep_ensemble,uni2+hoptimus,0.014731031680184222,True,0.0,True
de_predictive_entropy_uni2,0.9,0.8685714285714285,-0.03142857142857147,0.5923906656255286,auprc,0.8369480232797907,0.8567804579024298,0.019832434622639172,0.02024652160227914,0.009576504658209112,0.033600940502498455,0.017456652091295745,0.0,0.8377562433899617,0.8131227878200649,0.8769969081086915,0.019024214512468163,0.873,0.25574425574425574,0.3815789473684211,0.37398026315789473,0.3742857142857143,304,350,deep_ensemble,uni2+hoptimus,0.41980660848585377,False,0.0,True
de_predictive_entropy_uni2,0.9,0.8685714285714285,-0.03142857142857147,0.5923906656255286,bss,0.4819544189849594,0.5812587113227672,0.0993042923378078,0.09936525193372489,0.056402833611912895,0.14736018450065544,0.06453819278070323,0.0,0.48233245734234576,0.4361742344511725,0.5301074270870562,0.09892625398042143,0.999,0.003996003996003996,0.3815789473684211,0.37398026315789473,0.3742857142857143,304,350,deep_ensemble,uni2+hoptimus,0.005699218813972912,True,0.0,True
de_predictive_entropy_uni2,0.9,0.8685714285714285,-0.03142857142857147,0.5923906656255286,balanced_accuracy,0.8096831538220224,0.856107850330154,0.046424696508131635,0.04626995058970722,0.02967294840502585,0.06587834638850083,0.025953047781957596,0.0,0.8099826992356123,0.7968142968142968,0.823613001338773,0.04612515109454174,1.0,0.001998001998001998,0.3815789473684211,0.37398026315789473,0.3742857142857143,304,350,deep_ensemble,uni2+hoptimus,0.002414252414252414,True,0.0,True
de_predictive_entropy_uni2,0.9,0.8685714285714285,-0.03142857142857147,0.5923906656255286,sensitivity,0.9618320610687023,0.9568965517241379,-0.004935509344564437,-0.005095922892535572,-0.011297746475892817,-0.001283633660972075,0.007302794924617216,0.014,0.9620440479325041,0.9545454545454546,0.9741379310344828,-0.005147496208366187,0.316,0.7312687312687313,0.3815789473684211,0.37398026315789473,0.3742857142857143,304,350,deep_ensemble,uni2+hoptimus,0.8156458925689696,False,0.04188888888888889,True
de_predictive_entropy_uni2,0.9,0.8685714285714285,-0.03142857142857147,0.5923906656255286,specificity,0.6575342465753424,0.7553191489361702,0.09778490236082782,0.09763582407195,0.06461507665887818,0.13679173956155086,0.05119565784518727,0.0,0.6579213505387201,0.6349206349206349,0.6808510638297872,0.09739779839745011,1.0,0.001998001998001998,0.3815789473684211,0.37398026315789473,0.3742857142857143,304,350,deep_ensemble,uni2+hoptimus,0.002414252414252414,True,0.0,True
de_predictive_entropy_uni2,0.9,0.8685714285714285,-0.03142857142857147,0.5923906656255286,ppv,0.6268656716417911,0.7070063694267515,0.08014069778496047,0.07991063973303776,0.041508283479061193,0.12334772402228585,0.05916865682006747,0.0,0.6268754267527151,0.6,0.6514285714285715,0.08013094267403642,1.0,0.001998001998001998,0.3815789473684211,0.37398026315789473,0.3742857142857143,304,350,deep_ensemble,uni2+hoptimus,0.002716033966033966,True,0.0,True
de_predictive_entropy_uni2,0.9,0.8685714285714285,-0.03142857142857147,0.5923906656255286,npv,0.9664429530201343,0.9659863945578231,-0.00045655846231118513,-0.00046490574913576465,-0.0015250117980179195,0.0,0.0011643666167277776,0.268,0.9666808956584056,0.96,0.9774436090225563,-0.0006945011005825563,0.471,0.9430569430569431,0.3815789473684211,0.37398026315789473,0.3742857142857143,304,350,deep_ensemble,uni2+hoptimus,0.9944474130520643,False,0.421728813559322,False
de_predictive_entropy_uni2,0.9,0.8685714285714285,-0.03142857142857147,0.5923906656255286,f1,0.7590361445783133,0.8131868131868132,0.05415066860849993,0.05399916144035571,0.02626183753448621,0.08517250994322974,0.04198892668295036,0.0,0.7590258857379079,0.7386678405954566,0.777027027027027,0.05416092744890533,1.0,0.001998001998001998,0.3815789473684211,0.37398026315789473,0.3742857142857143,304,350,deep_ensemble,uni2+hoptimus,0.0026337299064571793,True,0.0,True
de_predictive_entropy_uni2,0.9,0.8685714285714285,-0.03142857142857147,0.5923906656255286,brier,0.12132416060196326,0.09881308456839825,-0.022511076033565003,-0.022451971671025445,-0.03315597156934399,-0.013302677567866687,0.013802457868735019,0.0,0.12112684673220145,0.11059668555721922,0.13110783452813046,-0.022313762163803194,0.001,0.003996003996003996,0.3815789473684211,0.37398026315789473,0.3742857142857143,304,350,deep_ensemble,uni2+hoptimus,0.005348497656189964,True,0.0,True
de_predictive_entropy_uni2,0.9,0.8685714285714285,-0.03142857142857147,0.5923906656255286,ece,0.08565922886332764,0.07696139410760033,-0.008697834755727302,-0.007956635208676238,-0.028394690041267188,0.010968852796892619,0.028846468626018862,0.444,0.08718003824165499,0.07406047866346563,0.10124909895181954,-0.010218644134054655,0.063,0.12787212787212787,0.3815789473684211,0.37398026315789473,0.3742857142857143,304,350,deep_ensemble,uni2+hoptimus,0.1986584843727701,False,0.5598260869565217,False
de_predictive_entropy_uni2,0.9,0.8685714285714285,-0.03142857142857147,0.5923906656255286,cal_gap,0.08565922886332766,0.06886434623907245,-0.016794882624255214,-0.016769324684996825,-0.03653206206579979,0.002915832631938764,0.02803091962948585,0.094,0.08579112932496279,0.07185169024336283,0.099544901853752,-0.016926783085890337,0.012,0.025974025974025976,0.3815789473684211,0.37398026315789473,0.3742857142857143,304,350,deep_ensemble,uni2+hoptimus,0.11893369788106631,False,0.2920714285714286,False
de_predictive_entropy_uni2,0.9,0.8685714285714285,-0.03142857142857147,0.5923906656255286,accuracy,0.7714285714285715,0.8322368421052632,0.0608082706766917,0.060710849936020196,0.03583358308358303,0.08803457469682642,0.03706690479395592,0.0,0.7716513157894738,0.756578947368421,0.7894736842105263,0.060585526315789395,1.0,0.001998001998001998,0.3815789473684211,0.37398026315789473,0.3742857142857143,304,350,deep_ensemble,uni2+hoptimus,0.0025192199105242585,True,0.0,True
de_predictive_entropy_uni2,0.8,0.7514285714285714,-0.0485714285714286,0.42394968809490585,auroc,0.9218864373104674,0.949092680550481,0.02720624324001364,0.027259616855497795,0.013187965981058133,0.04403333008033374,0.02181583336828348,0.0,0.9218615426338597,0.9069216247021528,0.9377401842716839,0.02723113791662135,0.998,0.005994005994005994,0.38783269961977185,0.3750950570342205,0.3742857142857143,263,350,deep_ensemble,uni2+hoptimus,0.01022506904859846,True,0.0,True
de_predictive_entropy_uni2,0.8,0.7514285714285714,-0.0485714285714286,0.42394968809490585,auprc,0.8369480232797907,0.8684976590993392,0.031549635819548505,0.032512040786138,0.01272670472601762,0.05493387863828169,0.029754039276687346,0.002,0.8385674033343702,0.8005646165773405,0.8882633512244231,0.029930255764968994,0.887,0.22777222777222778,0.38783269961977185,0.3750950570342205,0.3742857142857143,263,350,deep_ensemble,uni2+hoptimus,0.41980660848585377,False,0.0034117647058823533,True
de_predictive_entropy_uni2,0.8,0.7514285714285714,-0.0485714285714286,0.42394968809490585,bss,0.4819544189849594,0.6544250216540473,0.17247060266908787,0.17246675693022634,0.1041323470279322,0.24699331532857424,0.10188403584347432,0.0,0.48152528208452633,0.4192852122757744,0.5510078703102961,0.17289973956952093,1.0,0.001998001998001998,0.38783269961977185,0.3750950570342205,0.3742857142857143,263,350,deep_ensemble,uni2+hoptimus,0.003160475887748615,True,0.0,True
de_predictive_entropy_uni2,0.8,0.7514285714285714,-0.0485714285714286,0.42394968809490585,balanced_accuracy,0.8096831538220224,0.8903300450615028,0.08064689123948043,0.08065573531067867,0.05599286752506541,0.10748429789090513,0.037449553025359926,0.0,0.8099230887624219,0.7907665464243422,0.8300521674326171,0.0804069562990809,1.0,0.001998001998001998,0.38783269961977185,0.3750950570342205,0.3742857142857143,263,350,deep_ensemble,uni2+hoptimus,0.002414252414252414,True,0.0,True
de_predictive_entropy_uni2,0.8,0.7514285714285714,-0.0485714285714286,0.42394968809490585,sensitivity,0.9618320610687023,0.9607843137254902,-0.0010477473432121132,-0.0012426657854624447,-0.016443678931784927,0.016908971005604116,0.024146022594300917,0.854,0.9622106821610334,0.9473684210526315,0.9803969160479725,-0.0014263684355432238,0.531,0.939060939060939,0.38783269961977185,0.3750950570342205,0.3742857142857143,263,350,deep_ensemble,uni2+hoptimus,0.9410589410589411,False,0.8845000000000001,False
de_predictive_entropy_uni2,0.8,0.7514285714285714,-0.0485714285714286,0.42394968809490585,specificity,0.6575342465753424,0.8198757763975155,0.1623415298221731,0.16255413640681976,0.11614642954409864,0.2138368495553967,0.06983476481293074,0.0,0.6576354953638106,0.6249810606060606,0.6946235577625237,0.16224028103370491,1.0,0.001998001998001998,0.38783269961977185,0.3750950570342205,0.3742857142857143,263,350,deep_ensemble,uni2+hoptimus,0.002414252414252414,True,0.0,True
de_predictive_entropy_uni2,0.8,0.7514285714285714,-0.0485714285714286,0.42394968809490585,ppv,0.6268656716417911,0.7716535433070866,0.1447878716652955,0.14516611637047544,0.09066083157885305,0.20350945678801818,0.08154774101115037,0.0,0.6278203146265993,0.5894039735099338,0.6666666666666666,0.1438332286804873,1.0,0.001998001998001998,0.38783269961977185,0.3750950570342205,0.3742857142857143,263,350,deep_ensemble,uni2+hoptimus,0.002716033966033966,True,0.0,True
de_predictive_entropy_uni2,0.8,0.7514285714285714,-0.0485714285714286,0.42394968809490585,npv,0.9664429530201343,0.9705882352941176,0.004145282273983364,0.004075261279779187,-0.004910494397657575,0.018979880324989026,0.018334807336772573,0.724,0.9666498886596024,0.9537037037037037,0.9829059829059829,0.0039383466345152,0.641,0.7192807192807192,0.38783269961977185,0.3750950570342205,0.3742857142857143,263,350,deep_ensemble,uni2+hoptimus,0.9944474130520643,False,0.9453134328358209,False
de_predictive_entropy_uni2,0.8,0.7514285714285714,-0.0485714285714286,0.42394968809490585,f1,0.7590361445783133,0.8558951965065502,0.09685905192823696,0.09710570825028114,0.05886367873412526,0.13853325396245544,0.056877341583465885,0.0,0.7596684812176998,0.7302708999387796,0.7890625,0.0962267152888504,1.0,0.001998001998001998,0.38783269961977185,0.3750950570342205,0.3742857142857143,263,350,deep_ensemble,uni2+hoptimus,0.0026337299064571793,True,0.0,True
de_predictive_entropy_uni2,0.8,0.7514285714285714,-0.0485714285714286,0.42394968809490585,brier,0.12132416060196326,0.0820458918648128,-0.03927826873715046,-0.039135940815874265,-0.056229933607906145,-0.02401865308593791,0.02288163809111294,0.0,0.12136011583384279,0.10614838230930239,0.13528771537558426,-0.03931422396902999,0.0,0.001998001998001998,0.38783269961977185,0.3750950570342205,0.3742857142857143,263,350,deep_ensemble,uni2+hoptimus,0.0031040388183245326,True,0.0,True
de_predictive_entropy_uni2,0.8,0.7514285714285714,-0.0485714285714286,0.42394968809490585,ece,0.08565922886332764,0.06789971228260477,-0.01775951658072286,-0.017512506215880082,-0.04311367715033057,0.00626933834151046,0.0361901868779376,0.176,0.08921672784321774,0.06940503585851261,0.1084337259533004,-0.021317015560612967,0.017,0.03596403596403597,0.38783269961977185,0.3750950570342205,0.3742857142857143,263,350,deep_ensemble,uni2+hoptimus,0.08926208926208926,False,0.28355555555555556,False
de_predictive_entropy_uni2,0.8,0.7514285714285714,-0.0485714285714286,0.42394968809490585,cal_gap,0.08565922886332766,0.06159848436808829,-0.024060744495239372,-0.02449847156706791,-0.051238284387556496,0.0017630547990378678,0.037691024217460976,0.07,0.08556549159689726,0.06498499841145113,0.10553141997570702,-0.02396700722880897,0.007,0.015984015984015984,0.38783269961977185,0.3750950570342205,0.3742857142857143,263,350,deep_ensemble,uni2+hoptimus,0.11174539745968318,False,0.2920714285714286,False
de_predictive_entropy_uni2,0.8,0.7514285714285714,-0.0485714285714286,0.42394968809490585,accuracy,0.7714285714285715,0.8745247148288974,0.10309614340032591,0.10328084373341041,0.07062173566505694,0.1397218325567562,0.0496912377866479,0.0,0.7718783269961976,0.7489543726235741,0.7946768060836502,0.10264638783269975,1.0,0.001998001998001998,0.38783269961977185,0.3750950570342205,0.3742857142857143,263,350,deep_ensemble,uni2+hoptimus,0.0025192199105242585,True,0.0,True
de_predictive_entropy_uni2,0.7,0.6171428571428571,-0.08285714285714285,0.24766291075308944,auroc,0.9218864373104674,0.9591234347048301,0.0372369973943627,0.037704601815325194,0.01802458808873453,0.06049639588975607,0.03169787617240683,0.002,0.9217440256288242,0.9009571504211566,0.9434294906504945,0.0373794090760059,1.0,0.001998001998001998,0.39814814814814814,0.3733796296296296,0.3742857142857143,216,350,deep_ensemble,uni2+hoptimus,0.006685622070237455,True,0.002558823529411765,True
de_predictive_entropy_uni2,0.7,0.6171428571428571,-0.08285714285714285,0.24766291075308944,auprc,0.8369480232797907,0.8801859984749104,0.04323797519511974,0.04536740890891961,0.01265651043804894,0.078428898920312,0.04662931918059891,0.01,0.8394618261508804,0.781570457028684,0.9022476910540808,0.04072417232403003,0.909,0.1838161838161838,0.39814814814814814,0.3733796296296296,0.3742857142857143,216,350,deep_ensemble,uni2+hoptimus,0.41980660848585377,False,0.012428571428571428,True
de_predictive_entropy_uni2,0.7,0.6171428571428571,-0.08285714285714285,0.24766291075308944,bss,0.4819544189849594,0.747999660746624,0.26604524176166466,0.2679152216531199,0.17467842396933694,0.3715979996106355,0.14091122532476977,0.0,0.4787749460961005,0.38942094403941585,0.5699251423971143,0.26922471465052356,1.0,0.001998001998001998,0.39814814814814814,0.3733796296296296,0.3742857142857143,216,350,deep_ensemble,uni2+hoptimus,0.003160475887748615,True,0.0,True
de_predictive_entropy_uni2,0.7,0.6171428571428571,-0.08285714285714285,0.24766291075308944,balanced_accuracy,0.8096831538220224,0.9326475849731664,0.12296443115114397,0.12321624038060518,0.0919238495375878,0.15687407524854924,0.046253168523431906,0.0,0.8099088561440726,0.7827205882352941,0.8378777460058098,0.12273872882909376,1.0,0.001998001998001998,0.39814814814814814,0.3733796296296296,0.3742857142857143,216,350,deep_ensemble,uni2+hoptimus,0.002414252414252414,True,0.0,True
de_predictive_entropy_uni2,0.7,0.6171428571428571,-0.08285714285714285,0.24766291075308944,sensitivity,0.9618320610687023,0.9883720930232558,0.026540031954553456,0.027486789985324344,0.0,0.058831637918325234,0.04361009442587306,0.06,0.9621475972185939,0.9367088607594937,0.9876543209876543,0.026224495804661907,0.99,0.02197802197802198,0.39814814814814814,0.3733796296296296,0.3742857142857143,216,350,deep_ensemble,uni2+hoptimus,0.061350414291590764,False,0.087,False
de_predictive_entropy_uni2,0.7,0.6171428571428571,-0.08285714285714285,0.24766291075308944,specificity,0.6575342465753424,0.8769230769230769,0.2193888303477345,0.218945690775886,0.16004128883554058,0.2761916799459612,0.08173635455509518,0.0,0.6576701150695512,0.6090143837855508,0.7067984742879095,0.21925296185352572,1.0,0.001998001998001998,0.39814814814814814,0.3733796296296296,0.3742857142857143,216,350,deep_ensemble,uni2+hoptimus,0.002414252414252414,True,0.0,True
de_predictive_entropy_uni2,0.7,0.6171428571428571,-0.08285714285714285,0.24766291075308944,ppv,0.6268656716417911,0.8415841584158416,0.21471848677405048,0.21453507720843265,0.1522919146116672,0.2805033878977521,0.09470777158220119,0.0,0.6261335963480056,0.5759939393939394,0.6821797711332594,0.21545056206783597,1.0,0.001998001998001998,0.39814814814814814,0.3733796296296296,0.3742857142857143,216,350,deep_ensemble,uni2+hoptimus,0.002716033966033966,True,0.0,True
de_predictive_entropy_uni2,0.7,0.6171428571428571,-0.08285714285714285,0.24766291075308944,npv,0.9664429530201343,0.991304347826087,0.02486139480595273,0.025600822203434823,0.0030766281237885776,0.05229618163054699,0.03717170266730661,0.032,0.9668325686256799,0.9450396825396825,0.9891333567087424,0.024471779200407107,0.993,0.015984015984015984,0.39814814814814814,0.3733796296296296,0.3742857142857143,216,350,deep_ensemble,uni2+hoptimus,0.04966462109319252,True,0.08188235294117648,False
de_predictive_entropy_uni2,0.7,0.6171428571428571,-0.08285714285714285,0.24766291075308944,f1,0.7590361445783133,0.9090909090909091,0.1500547645125958,0.15055036225475646,0.1072689067308826,0.1975690211639917,0.06637993315796378,0.0,0.7582620760995372,0.719092345505618,0.7982110091743119,0.15082883299137184,1.0,0.001998001998001998,0.39814814814814814,0.3733796296296296,0.3742857142857143,216,350,deep_ensemble,uni2+hoptimus,0.0026337299064571793,True,0.0,True
de_predictive_entropy_uni2,0.7,0.6171428571428571,-0.08285714285714285,0.24766291075308944,brier,0.12132416060196326,0.06038588376313321,-0.06093827683883005,-0.06118391304194202,-0.08552062753972897,-0.03907364499132825,0.03222325484911998,0.0,0.1216624373212209,0.10066717751338203,0.14029769556148533,-0.061276553558087685,0.0,0.001998001998001998,0.39814814814814814,0.3733796296296296,0.3742857142857143,216,350,deep_ensemble,uni2+hoptimus,0.0031040388183245326,True,0.0,True
de_predictive_entropy_uni2,0.7,0.6171428571428571,-0.08285714285714285,0.24766291075308944,ece,0.08565922886332764,0.063384827660802,-0.022274401202525634,-0.02965355260668108,-0.05964235965782497,-0.0007398990544060527,0.040920504508670394,0.044,0.09274774624151931,0.06818663332906674,0.11879838153793199,-0.02936291858071731,0.014,0.029970029970029972,0.39814814814814814,0.3733796296296296,0.3742857142857143,216,350,deep_ensemble,uni2+hoptimus,0.08926208926208926,False,0.10937142857142856,False
de_predictive_entropy_uni2,0.7,0.6171428571428571,-0.08285714285714285,0.24766291075308944,cal_gap,0.08565922886332766,0.05527450146338975,-0.030384727399937916,-0.030360395118846903,-0.061762391066027766,0.003170461978259797,0.04525102910341809,0.072,0.08629995470044431,0.05806151379077128,0.11612029403994606,-0.031025453237054565,0.013,0.027972027972027972,0.39814814814814814,0.3733796296296296,0.3742857142857143,216,350,deep_ensemble,uni2+hoptimus,0.12167832167832168,False,0.2920714285714286,False
de_predictive_entropy_uni2,0.7,0.6171428571428571,-0.08285714285714285,0.24766291075308944,accuracy,0.7714285714285715,0.9212962962962963,0.14986772486772482,0.15009002810991143,0.11163684247989182,0.19019929666213736,0.05757446323260832,0.0,0.7713472222222223,0.7361111111111112,0.8055555555555556,0.14994907407407398,1.0,0.001998001998001998,0.39814814814814814,0.3733796296296296,0.3742857142857143,216,350,deep_ensemble,uni2+hoptimus,0.0025192199105242585,True,0.0,True
within_encoder_mi_uni2,0.9,0.94,0.039999999999999925,0.10052518590412668,auroc,0.9218864373104674,0.93311950582086,0.01123306851039263,0.011114531065168107,0.0036192166887238225,0.020889877777281202,0.012285620800060787,0.002,0.9220482201715149,0.9162902909459598,0.9299231868818285,0.01107128564934512,0.998,0.005994005994005994,0.3708206686930091,0.3743161094224924,0.3742857142857143,329,350,epistemic,uni2+hoptimus,0.01022506904859846,True,0.002558823529411765,True
within_encoder_mi_uni2,0.9,0.94,0.039999999999999925,0.10052518590412668,auprc,0.8369480232797907,0.8479049330039987,0.010956909724208042,0.01110584447222346,0.003929046170780013,0.02016642850630281,0.012167924899713205,0.0,0.8377241182192904,0.8224264622539377,0.8643885377761188,0.010180814784708336,0.846,0.3096903096903097,0.3708206686930091,0.3743161094224924,0.3742857142857143,329,350,epistemic,uni2+hoptimus,0.4224941724941724,False,0.0,True
within_encoder_mi_uni2,0.9,0.94,0.039999999999999925,0.10052518590412668,bss,0.4819544189849594,0.5215902766129583,0.03963585762799893,0.038846803192464675,0.01357140601596667,0.06877050403126277,0.041118121116933866,0.002,0.48238410341993015,0.4544433144052477,0.5150976209841878,0.03920617319302816,0.992,0.017982017982017984,0.3708206686930091,0.3743161094224924,0.3742857142857143,329,350,epistemic,uni2+hoptimus,0.023006405359346536,True,0.0025970149253731344,True
within_encoder_mi_uni2,0.9,0.94,0.039999999999999925,0.10052518590412668,balanced_accuracy,0.8096831538220224,0.8290171853963728,0.01933403157435043,0.019307076174379337,0.008180153263969902,0.03311492328422907,0.01819333874659636,0.0,0.8097066920144089,0.8014542275905913,0.8197843137254901,0.01931049338196389,1.0,0.001998001998001998,0.3708206686930091,0.3743161094224924,0.3742857142857143,329,350,epistemic,uni2+hoptimus,0.002414252414252414,True,0.0,True
within_encoder_mi_uni2,0.9,0.94,0.039999999999999925,0.10052518590412668,sensitivity,0.9618320610687023,0.9672131147540983,0.005381053685395987,0.005367885024681951,-0.00429642560022131,0.022228412542066842,0.020851988082095613,0.718,0.9618515293273033,0.957983193277311,0.9752066115702479,0.00536158542679499,0.795,0.4115884115884116,0.3708206686930091,0.3743161094224924,0.3742857142857143,329,350,epistemic,uni2+hoptimus,0.5265910560028207,False,0.761780487804878,False
within_encoder_mi_uni2,0.9,0.94,0.039999999999999925,0.10052518590412668,specificity,0.6575342465753424,0.6908212560386473,0.03328700946330487,0.03324626732407672,0.015447243375921288,0.055567738288087504,0.02941013300078075,0.0,0.6575618547015143,0.642512077294686,0.6747572815533981,0.03325940133713301,1.0,0.001998001998001998,0.3708206686930091,0.3743161094224924,0.3742857142857143,329,350,epistemic,uni2+hoptimus,0.002414252414252414,True,0.0,True
within_encoder_mi_uni2,0.9,0.94,0.039999999999999925,0.10052518590412668,ppv,0.6268656716417911,0.6483516483516484,0.021485976709857302,0.021698808463312215,-0.0012536327866297602,0.04617632161989906,0.034493547265451424,0.074,0.6269184700638908,0.6105263157894737,0.6436170212765957,0.021433178287757593,0.994,0.013986013986013986,0.3708206686930091,0.3743161094224924,0.3742857142857143,329,350,epistemic,uni2+hoptimus,0.018160943534077864,True,0.08941666666666666,False
within_encoder_mi_uni2,0.9,0.94,0.039999999999999925,0.10052518590412668,npv,0.9664429530201343,0.9727891156462585,0.006346162626124197,0.006321360652567779,-0.0006712879391071985,0.0208744155541696,0.017957555106400486,0.714,0.9664572478308662,0.9632352941176471,0.9779452018033491,0.0063318678153923,0.968,0.06593406593406594,0.3708206686930091,0.3743161094224924,0.3742857142857143,329,350,epistemic,uni2+hoptimus,0.16389324960753532,False,0.9453134328358209,False
within_encoder_mi_uni2,0.9,0.94,0.039999999999999925,0.10052518590412668,f1,0.7590361445783133,0.7763157894736842,0.017279644895370927,0.017409997294133353,-0.00020555972363661684,0.03636571189091402,0.02616966395426158,0.054,0.7590452889372074,0.7458745874587459,0.7712418300653595,0.01727050053647683,0.995,0.011988011988011988,0.3708206686930091,0.3743161094224924,0.3742857142857143,329,350,epistemic,uni2+hoptimus,0.014899386327957757,True,0.061815789473684206,False
within_encoder_mi_uni2,0.9,0.94,0.039999999999999925,0.10052518590412668,brier,0.12132416060196326,0.11161906444338422,-0.009705096158579035,-0.009501198991413945,-0.016981087137940564,-0.003443136249443716,0.009866466744972267,0.0,0.12119693112328074,0.11422778433646251,0.12706660465858635,-0.009577866679896518,0.004,0.00999000999000999,0.3708206686930091,0.3743161094224924,0.3742857142857143,329,350,epistemic,uni2+hoptimus,0.01241615527329813,True,0.0,True
within_encoder_mi_uni2,0.9,0.94,0.039999999999999925,0.10052518590412668,ece,0.08565922886332764,0.08991932764997576,0.0042600987866481255,0.00044588430566870136,-0.012669429743834148,0.014217699975190031,0.019046023912285322,0.974,0.0859642710569527,0.07652271867837292,0.09528831445911365,0.00395505659302306,0.802,0.39760239760239763,0.3708206686930091,0.3743161094224924,0.3742857142857143,329,350,epistemic,uni2+hoptimus,0.48043623043623046,False,0.978,False
within_encoder_mi_uni2,0.9,0.94,0.039999999999999925,0.10052518590412668,cal_gap,0.08565922886332766,0.08991932764997573,0.00426009878664807,0.0040850617374612475,-0.008833740442161418,0.019395617407513416,0.01987801208987605,0.578,0.08564501765965679,0.0763449169062347,0.09489198445157068,0.004274309990318942,0.823,0.35564435564435565,0.3708206686930091,0.3743161094224924,0.3742857142857143,329,350,epistemic,uni2+hoptimus,0.49112791969934827,False,0.6984166666666666,False
within_encoder_mi_uni2,0.9,0.94,0.039999999999999925,0.10052518590412668,accuracy,0.7714285714285715,0.7933130699088146,0.021884498480243098,0.021928247803664463,0.007557546767539689,0.038404732501212874,0.0228903937444901,0.004,0.7714620060790274,0.7598784194528876,0.78419452887538,0.021851063829787187,1.0,0.001998001998001998,0.3708206686930091,0.3743161094224924,0.3742857142857143,329,350,epistemic,uni2+hoptimus,0.0025192199105242585,True,0.004971428571428572,True
within_encoder_mi_uni2,0.8,0.8314285714285714,0.03142857142857136,0.04811648403226121,auroc,0.9218864373104674,0.9441914592187817,0.022305021908314293,0.022363073752092136,0.010386733414713176,0.03695224711927721,0.018799870848131478,0.0,0.9215771130079257,0.9096642970147365,0.9340980431088619,0.022614346210856007,1.0,0.001998001998001998,0.3711340206185567,0.374979381443299,0.3742857142857143,291,350,epistemic,uni2+hoptimus,0.006685622070237455,True,0.0,True
within_encoder_mi_uni2,0.8,0.8314285714285714,0.03142857142857136,0.04811648403226121,auprc,0.8369480232797907,0.8596916603785751,0.022743637098784464,0.02349305589357777,0.007523816866258657,0.04205227164501071,0.02444812395413047,0.002,0.8378995578071656,0.8086430004165516,0.8791412102629182,0.02179210257140951,0.882,0.23776223776223776,0.3711340206185567,0.374979381443299,0.3742857142857143,291,350,epistemic,uni2+hoptimus,0.41980660848585377,False,0.0034117647058823533,True
within_encoder_mi_uni2,0.8,0.8314285714285714,0.03142857142857136,0.04811648403226121,bss,0.4819544189849594,0.5879562882457038,0.1060018692607444,0.10570072386840422,0.04990437903546394,0.17071056863447123,0.08637639246312907,0.0,0.4808711328431156,0.4283155274466798,0.5329967208117704,0.10708515540258817,1.0,0.001998001998001998,0.3711340206185567,0.374979381443299,0.3742857142857143,291,350,epistemic,uni2+hoptimus,0.003160475887748615,True,0.0,True
within_encoder_mi_uni2,0.8,0.8314285714285714,0.03142857142857136,0.04811648403226121,balanced_accuracy,0.8096831538220224,0.86316029143898,0.053477137616957604,0.05376377847580008,0.033210138278996514,0.07646042096647124,0.031344047759974875,0.0,0.8092345301534961,0.7941433566433567,0.824264049955397,0.053925761285483875,1.0,0.001998001998001998,0.3711340206185567,0.374979381443299,0.3742857142857143,291,350,epistemic,uni2+hoptimus,0.002414252414252414,True,0.0,True
within_encoder_mi_uni2,0.8,0.8314285714285714,0.03142857142857136,0.04811648403226121,sensitivity,0.9618320610687023,0.9722222222222222,0.010390161153519872,0.010842053816550795,-0.0067043222655684635,0.036354287150253316,0.030594391609847008,0.328,0.9616008672539169,0.9523695054945055,0.9811320754716981,0.010621354968305297,0.875,0.2517482517482518,0.3711340206185567,0.374979381443299,0.3742857142857143,291,350,epistemic,uni2+hoptimus,0.3842473316157527,False,0.39633333333333337,False
within_encoder_mi_uni2,0.8,0.8314285714285714,0.03142857142857136,0.04811648403226121,specificity,0.6575342465753424,0.7540983606557377,0.09656411408039522,0.09668550313504937,0.061377281255330055,0.1361368006286782,0.05314923164041678,0.0,0.6568681930530754,0.6285675253708041,0.6847826086956522,0.09723016760266223,1.0,0.001998001998001998,0.3711340206185567,0.374979381443299,0.3742857142857143,291,350,epistemic,uni2+hoptimus,0.002414252414252414,True,0.0,True
within_encoder_mi_uni2,0.8,0.8314285714285714,0.03142857142857136,0.04811648403226121,ppv,0.6268656716417911,0.7,0.07313432835820888,0.07356326352962789,0.032158406422820626,0.1185156288343835,0.06159385162633328,0.0,0.6270539410833091,0.5976331360946746,0.6549707602339181,0.07294605891669081,1.0,0.001998001998001998,0.3711340206185567,0.374979381443299,0.3742857142857143,291,350,epistemic,uni2+hoptimus,0.002716033966033966,True,0.0,True
within_encoder_mi_uni2,0.8,0.8314285714285714,0.03142857142857136,0.04811648403226121,npv,0.9664429530201343,0.9787234042553191,0.012280451235184842,0.012665388891132409,-0.0011347721280425688,0.032908675996399406,0.025726625477069467,0.238,0.9661230481075082,0.957983193277311,0.9830544082039596,0.012600356147810965,0.966,0.06993006993006994,0.3711340206185567,0.374979381443299,0.3742857142857143,291,350,epistemic,uni2+hoptimus,0.16443016443016445,False,0.38666666666666666,False
within_encoder_mi_uni2,0.8,0.8314285714285714,0.03142857142857136,0.04811648403226121,f1,0.7590361445783133,0.813953488372093,0.05491734379377977,0.0553709058413058,0.02518175568216298,0.08900647806817967,0.0451756768970757,0.0,0.7589934706757888,0.7372071727845266,0.7797923547635507,0.05496001769630421,1.0,0.001998001998001998,0.3711340206185567,0.374979381443299,0.3742857142857143,291,350,epistemic,uni2+hoptimus,0.0026337299064571793,True,0.0,True
within_encoder_mi_uni2,0.8,0.8314285714285714,0.03142857142857136,0.04811648403226121,brier,0.12132416060196326,0.0961683484974423,-0.02515581210452096,-0.025016167355016605,-0.03928297830004023,-0.011901287944870801,0.019410508249484554,0.0,0.1215725152844073,0.10952937685909968,0.13296395620355467,-0.025404166786965,0.0,0.001998001998001998,0.3711340206185567,0.374979381443299,0.3742857142857143,291,350,epistemic,uni2+hoptimus,0.0031040388183245326,True,0.0,True
within_encoder_mi_uni2,0.8,0.8314285714285714,0.03142857142857136,0.04811648403226121,ece,0.08565922886332764,0.07982881487782445,-0.005830413985503186,-0.006793853165267199,-0.029629683413169672,0.015029389032174097,0.03195657640326481,0.554,0.08759585135057969,0.07281726937908262,0.10227863160152025,-0.007767036472755243,0.163,0.3276723276723277,0.3711340206185567,0.374979381443299,0.3742857142857143,291,350,epistemic,uni2+hoptimus,0.42548496279839565,False,0.6449600000000001,False
within_encoder_mi_uni2,0.8,0.8314285714285714,0.03142857142857136,0.04811648403226121,cal_gap,0.08565922886332766,0.07625531036762001,-0.009403918495707653,-0.00944840781132436,-0.030463504415940115,0.012414290971948839,0.030282045229246015,0.378,0.08554594112517029,0.06981028657687809,0.10080536825098722,-0.00929063075755028,0.125,0.2517482517482518,0.3711340206185567,0.374979381443299,0.3742857142857143,291,350,epistemic,uni2+hoptimus,0.37762237762237766,False,0.5533770491803278,False
within_encoder_mi_uni2,0.8,0.8314285714285714,0.03142857142857136,0.04811648403226121,accuracy,0.7714285714285715,0.8350515463917526,0.06362297496318114,0.06396266728918609,0.03804495148762996,0.0940243482169613,0.039642071070045845,0.0,0.7711374570446737,0.7525773195876289,0.7903780068728522,0.06391408934707887,1.0,0.001998001998001998,0.3711340206185567,0.374979381443299,0.3742857142857143,291,350,epistemic,uni2+hoptimus,0.0025192199105242585,True,0.0,True
within_encoder_mi_uni2,0.7,0.7371428571428571,0.037142857142857144,0.02780203316229761,auroc,0.9218864373104674,0.9551826131687243,0.03329617585825695,0.03369791533848037,0.017457610076144613,0.051993122452701455,0.025013141765524518,0.0,0.9219877251306734,0.9051918509076549,0.9384011447810543,0.03319488803805093,1.0,0.001998001998001998,0.37209302325581395,0.3743682170542635,0.3742857142857143,258,350,epistemic,uni2+hoptimus,0.006685622070237455,True,0.0,True
within_encoder_mi_uni2,0.7,0.7371428571428571,0.037142857142857144,0.02780203316229761,auprc,0.8369480232797907,0.8722676452093792,0.035319621929588485,0.03689537389412583,0.012283093686184512,0.06498784612790863,0.036944445423584736,0.002,0.8386980880740678,0.793672571846866,0.8870269708128697,0.0335695571353114,0.901,0.1998001998001998,0.37209302325581395,0.3743682170542635,0.3742857142857143,258,350,epistemic,uni2+hoptimus,0.41980660848585377,False,0.0034117647058823533,True
within_encoder_mi_uni2,0.7,0.7371428571428571,0.037142857142857144,0.02780203316229761,bss,0.4819544189849594,0.6648677390091116,0.18291332002415217,0.1844868991210003,0.10792761178579058,0.2704620627012688,0.11654653508713528,0.0,0.4821347056868847,0.4099326054362884,0.55522348893924,0.18273303332222685,1.0,0.001998001998001998,0.37209302325581395,0.3743682170542635,0.3742857142857143,258,350,epistemic,uni2+hoptimus,0.003160475887748615,True,0.0,True
within_encoder_mi_uni2,0.7,0.7371428571428571,0.037142857142857144,0.02780203316229761,balanced_accuracy,0.8096831538220224,0.8939043209876543,0.08422116716563188,0.084653479834731,0.06033574327512206,0.1118848255865781,0.03803227632777637,0.0,0.8099930118349159,0.7898927419885504,0.831569743832276,0.08391130915273837,1.0,0.001998001998001998,0.37209302325581395,0.3743682170542635,0.3742857142857143,258,350,epistemic,uni2+hoptimus,0.002414252414252414,True,0.0,True
within_encoder_mi_uni2,0.7,0.7371428571428571,0.037142857142857144,0.02780203316229761,sensitivity,0.9618320610687023,0.9791666666666666,0.017334605597964292,0.018261312758967394,-0.004752389276066413,0.04697114557158103,0.037097352907847506,0.146,0.9619156401904259,0.9456521739130435,0.9801980198019802,0.01725102647624077,0.939,0.12387612387612387,0.37209302325581395,0.3743682170542635,0.3742857142857143,258,350,epistemic,uni2+hoptimus,0.22930261228133567,False,0.18408695652173912,False
within_encoder_mi_uni2,0.7,0.7371428571428571,0.037142857142857144,0.02780203316229761,specificity,0.6575342465753424,0.808641975308642,0.15110772873329958,0.1510456469104946,0.10755737835536473,0.1986739263086932,0.06606846591588793,0.0,0.6580703834794063,0.622751666478364,0.6951219512195121,0.15057159182923574,1.0,0.001998001998001998,0.37209302325581395,0.3743682170542635,0.3742857142857143,258,350,epistemic,uni2+hoptimus,0.002414252414252414,True,0.0,True
within_encoder_mi_uni2,0.7,0.7371428571428571,0.037142857142857144,0.02780203316229761,ppv,0.6268656716417911,0.752,0.12513432835820892,0.12532012441422885,0.07348241360342535,0.1835537517792436,0.07973729581119271,0.0,0.6273044341047409,0.5866666666666667,0.6689200838769804,0.1246955658952591,1.0,0.001998001998001998,0.37209302325581395,0.3743682170542635,0.3742857142857143,258,350,epistemic,uni2+hoptimus,0.002716033966033966,True,0.0,True
within_encoder_mi_uni2,0.7,0.7371428571428571,0.037142857142857144,0.02780203316229761,npv,0.9664429530201343,0.9849624060150376,0.018519452994903318,0.019263240169657858,-0.0008311486809985418,0.043051107176214236,0.031176922387049232,0.08,0.9665172414568076,0.9528301886792453,0.9824599542334096,0.018445164558229976,0.982,0.03796203796203796,0.37209302325581395,0.3743682170542635,0.3742857142857143,258,350,epistemic,uni2+hoptimus,0.1000817364453728,False,0.174,False
within_encoder_mi_uni2,0.7,0.7371428571428571,0.037142857142857144,0.02780203316229761,f1,0.7590361445783133,0.8506787330316742,0.09164258845336093,0.09212490653032909,0.05620051191336797,0.13328564579434438,0.05609041298125198,0.0,0.7591812101782205,0.7272727272727273,0.7894949066213922,0.0914975228534537,1.0,0.001998001998001998,0.37209302325581395,0.3743682170542635,0.3742857142857143,258,350,epistemic,uni2+hoptimus,0.0026337299064571793,True,0.0,True
within_encoder_mi_uni2,0.7,0.7371428571428571,0.037142857142857144,0.02780203316229761,brier,0.12132416060196326,0.07830023620771433,-0.04302392439424893,-0.043294428492880045,-0.06304988937318866,-0.02587181335246809,0.026355500669240927,0.0,0.12110666405421147,0.10490873951060405,0.13701376415853747,-0.042806427846497144,0.0,0.001998001998001998,0.37209302325581395,0.3743682170542635,0.3742857142857143,258,350,epistemic,uni2+hoptimus,0.0031040388183245326,True,0.0,True
within_encoder_mi_uni2,0.7,0.7371428571428571,0.037142857142857144,0.02780203316229761,ece,0.08565922886332764,0.0681288887289995,-0.017530340134328137,-0.01732825338414198,-0.042906464618599,0.008280994316246862,0.036530350177555355,0.192,0.08916644463860862,0.06902731391082358,0.10967332056325103,-0.021037555909609124,0.02,0.04195804195804196,0.37209302325581395,0.3743682170542635,0.3742857142857143,258,350,epistemic,uni2+hoptimus,0.09125874125874125,False,0.2930526315789474,False
within_encoder_mi_uni2,0.7,0.7371428571428571,0.037142857142857144,0.02780203316229761,cal_gap,0.08565922886332766,0.06812888872899953,-0.017530340134328137,-0.017551148646102823,-0.04452258366836868,0.008633870627681787,0.03923876953090543,0.22,0.08543403838197484,0.06471487035572823,0.10548501574917597,-0.01730514965297532,0.051,0.1038961038961039,0.37209302325581395,0.3743682170542635,0.3742857142857143,258,350,epistemic,uni2+hoptimus,0.27390791027154665,False,0.42533333333333334,False
within_encoder_mi_uni2,0.7,0.7371428571428571,0.037142857142857144,0.02780203316229761,accuracy,0.7714285714285715,0.872093023255814,0.10066445182724248,0.10104007118379743,0.06916655253451204,0.13735776942355896,0.04803995850273545,0.0,0.7718139534883721,0.748062015503876,0.7984496124031008,0.10027906976744183,1.0,0.001998001998001998,0.37209302325581395,0.3743682170542635,0.3742857142857143,258,350,epistemic,uni2+hoptimus,0.0025192199105242585,True,0.0,True
laplace_predictive_entropy_uni2,0.9,0.8685714285714285,-0.03142857142857147,0.6243585555200079,auroc,0.9218864373104674,0.9377028200557612,0.015816382745293844,0.015910245616351508,0.008292708562810395,0.02647249951238615,0.01291745456178355,0.0,0.9221182150469538,0.9114738266337086,0.9334713240843884,0.015584605008807428,0.993,0.015984015984015984,0.3848684210526316,0.37398026315789473,0.3742857142857143,304,350,laplace,uni2+hoptimus,0.021393990624759857,True,0.0,True
laplace_predictive_entropy_uni2,0.9,0.8685714285714285,-0.03142857142857147,0.6243585555200079,auprc,0.8369480232797907,0.8561786033969457,0.01923058011715506,0.019663403018622922,0.009546980409193617,0.032369183235470146,0.016677392657592424,0.0,0.8377562433899617,0.8131227878200649,0.8769969081086915,0.01842236000698405,0.861,0.27972027972027974,0.3848684210526316,0.37398026315789473,0.3742857142857143,304,350,laplace,uni2+hoptimus,0.4224941724941724,False,0.0,True
laplace_predictive_entropy_uni2,0.9,0.8685714285714285,-0.03142857142857147,0.6243585555200079,bss,0.4819544189849594,0.5756679075952713,0.09371348861031192,0.0939656584862639,0.05308563440737317,0.14291150572210268,0.06381090738873928,0.0,0.48233245734234576,0.4361742344511725,0.5301074270870562,0.09333545025292556,0.999,0.003996003996003996,0.3848684210526316,0.37398026315789473,0.3742857142857143,304,350,laplace,uni2+hoptimus,0.005699218813972912,True,0.0,True
laplace_predictive_entropy_uni2,0.9,0.8685714285714285,-0.03142857142857147,0.6243585555200079,balanced_accuracy,0.8096831538220224,0.8583116230175054,0.048628469195483026,0.04853617460024125,0.03084627551689747,0.06874459267205561,0.0266901187037168,0.0,0.8099826992356123,0.7968142968142968,0.823613001338773,0.04832892378189313,1.0,0.001998001998001998,0.3848684210526316,0.37398026315789473,0.3742857142857143,304,350,laplace,uni2+hoptimus,0.002414252414252414,True,0.0,True
laplace_predictive_entropy_uni2,0.9,0.8685714285714285,-0.03142857142857147,0.6243585555200079,sensitivity,0.9618320610687023,0.9572649572649573,-0.004567103803745032,-0.004716794597056753,-0.010535612208999002,-0.0011931469320199126,0.006752655029147263,0.014,0.9620440479325041,0.9545454545454546,0.9741379310344828,-0.0047790906675467815,0.365,0.8211788211788211,0.3848684210526316,0.37398026315789473,0.3742857142857143,304,350,laplace,uni2+hoptimus,0.8963566553928,False,0.04188888888888889,True
laplace_predictive_entropy_uni2,0.9,0.8685714285714285,-0.03142857142857147,0.6243585555200079,specificity,0.6575342465753424,0.7593582887700535,0.10182404219471108,0.10178914379753924,0.06770815354669388,0.14068247336352252,0.05268119043644185,0.0,0.6579213505387201,0.6349206349206349,0.6808510638297872,0.10143693823133337,1.0,0.001998001998001998,0.3848684210526316,0.37398026315789473,0.3742857142857143,304,350,laplace,uni2+hoptimus,0.002414252414252414,True,0.0,True
laplace_predictive_entropy_uni2,0.9,0.8685714285714285,-0.03142857142857147,0.6243585555200079,ppv,0.6268656716417911,0.7133757961783439,0.08651012453655282,0.0864689305211476,0.04400683590506988,0.12783089700382932,0.0604798833393323,0.0,0.6268754267527151,0.6,0.6514285714285715,0.08650036942562878,1.0,0.001998001998001998,0.3848684210526316,0.37398026315789473,0.3742857142857143,304,350,laplace,uni2+hoptimus,0.002716033966033966,True,0.0,True
laplace_predictive_entropy_uni2,0.9,0.8685714285714285,-0.03142857142857147,0.6243585555200079,npv,0.9664429530201343,0.9659863945578231,-0.00045655846231118513,-0.0004781002464375116,-0.0015389610389611008,0.0,0.0011891043633983863,0.28,0.9666808956584056,0.96,0.9774436090225563,-0.0006945011005825563,0.471,0.9430569430569431,0.3848684210526316,0.37398026315789473,0.3742857142857143,304,350,laplace,uni2+hoptimus,0.9944474130520643,False,0.421728813559322,False
laplace_predictive_entropy_uni2,0.9,0.8685714285714285,-0.03142857142857147,0.6243585555200079,f1,0.7590361445783133,0.8175182481751825,0.05848210359686923,0.058488734830927175,0.02899190543927392,0.08883308324846699,0.04306204605281759,0.0,0.7590258857379079,0.7386678405954566,0.777027027027027,0.058492362437274625,1.0,0.001998001998001998,0.3848684210526316,0.37398026315789473,0.3742857142857143,304,350,laplace,uni2+hoptimus,0.0026337299064571793,True,0.0,True
laplace_predictive_entropy_uni2,0.9,0.8685714285714285,-0.03142857142857147,0.6243585555200079,brier,0.12132416060196326,0.10045838220354764,-0.02086577839841562,-0.020830235834322336,-0.031148301167268962,-0.012050945040461997,0.01337320167959049,0.0,0.12112684673220145,0.11059668555721922,0.13110783452813046,-0.020668464528653813,0.001,0.003996003996003996,0.3848684210526316,0.37398026315789473,0.3742857142857143,304,350,laplace,uni2+hoptimus,0.005348497656189964,True,0.0,True
laplace_predictive_entropy_uni2,0.9,0.8685714285714285,-0.03142857142857147,0.6243585555200079,ece,0.08565922886332764,0.07425627279276101,-0.011402956070566628,-0.009713097460031656,-0.02986463493185204,0.008476109278942675,0.02841764338105237,0.36,0.08718003824165499,0.07406047866346563,0.10124909895181954,-0.012923765448893981,0.027,0.055944055944055944,0.3848684210526316,0.37398026315789473,0.3742857142857143,304,350,laplace,uni2+hoptimus,0.11061665607120154,False,0.48452307692307695,False
laplace_predictive_entropy_uni2,0.9,0.8685714285714285,-0.03142857142857147,0.6243585555200079,cal_gap,0.08565922886332766,0.0660495594362912,-0.019609669427036458,-0.019568570587698626,-0.03861890326791454,0.00019408342896239404,0.027716323414936978,0.056,0.08579112932496279,0.07185169024336283,0.099544901853752,-0.01974156988867158,0.005,0.011988011988011988,0.3848684210526316,0.37398026315789473,0.3742857142857143,304,350,laplace,uni2+hoptimus,0.09481427663245845,False,0.2920714285714286,False
laplace_predictive_entropy_uni2,0.9,0.8685714285714285,-0.03142857142857147,0.6243585555200079,accuracy,0.7714285714285715,0.8355263157894737,0.06409774436090221,0.06410452690288243,0.03842697736428721,0.09333352317909255,0.03825574339690181,0.0,0.7716513157894738,0.756578947368421,0.7894736842105263,0.0638749999999999,1.0,0.001998001998001998,0.3848684210526316,0.37398026315789473,0.3742857142857143,304,350,laplace,uni2+hoptimus,0.0025192199105242585,True,0.0,True
laplace_predictive_entropy_uni2,0.8,0.7228571428571429,-0.07714285714285718,0.4667481798935149,auroc,0.9218864373104674,0.9530795664816283,0.031193129171160905,0.03137431985880689,0.015581918869789994,0.048682879484823645,0.02386575118059049,0.0,0.9216423543372889,0.905189061540938,0.9391821518187343,0.031437212144339366,1.0,0.001998001998001998,0.383399209486166,0.374794466403162,0.3742857142857143,253,350,laplace,uni2+hoptimus,0.006685622070237455,True,0.0,True
laplace_predictive_entropy_uni2,0.8,0.7228571428571429,-0.07714285714285718,0.4667481798935149,auprc,0.8369480232797907,0.8716106558554431,0.034662632575652386,0.03589961372789486,0.012861548947157247,0.06066387151592066,0.034027700125339004,0.002,0.8395043364464752,0.7974623530604245,0.8943896123694395,0.03210631940896791,0.889,0.22377622377622378,0.383399209486166,0.374794466403162,0.3742857142857143,253,350,laplace,uni2+hoptimus,0.41980660848585377,False,0.0034117647058823533,True
laplace_predictive_entropy_uni2,0.8,0.7228571428571429,-0.07714285714285718,0.4667481798935149,bss,0.4819544189849594,0.6761196207969381,0.19416520181197872,0.19428909312889833,0.12127149845323955,0.2796897265207151,0.11172798513910552,0.0,0.48037992210371133,0.4088826296058748,0.5508786838545632,0.19573969869322677,1.0,0.001998001998001998,0.383399209486166,0.374794466403162,0.3742857142857143,253,350,laplace,uni2+hoptimus,0.003160475887748615,True,0.0,True
laplace_predictive_entropy_uni2,0.8,0.7228571428571429,-0.07714285714285718,0.4667481798935149,balanced_accuracy,0.8096831538220224,0.9012027491408935,0.0915195953188711,0.09160777850824703,0.06273168254750415,0.11938820143421815,0.0398995516467835,0.0,0.8092022213038895,0.7875155760997999,0.8312222066245852,0.09200052783700396,1.0,0.001998001998001998,0.383399209486166,0.374794466403162,0.3742857142857143,253,350,laplace,uni2+hoptimus,0.002414252414252414,True,0.0,True
laplace_predictive_entropy_uni2,0.8,0.7228571428571429,-0.07714285714285718,0.4667481798935149,sensitivity,0.9618320610687023,0.9690721649484536,0.00724010387975127,0.00753016065229759,-0.011802428293559116,0.03292949869053717,0.03188479782039917,0.528,0.9613198270781576,0.945054945054945,0.9803969160479725,0.0077523378702960555,0.806,0.38961038961038963,0.383399209486166,0.374794466403162,0.3742857142857143,253,350,laplace,uni2+hoptimus,0.5135773317591499,False,0.6207567567567568,False
laplace_predictive_entropy_uni2,0.8,0.7228571428571429,-0.07714285714285718,0.4667481798935149,specificity,0.6575342465753424,0.8333333333333334,0.17579908675799094,0.17568539636419647,0.12648314305736244,0.22871924080876516,0.07333349384320809,0.0,0.6570846155296214,0.6193548387096774,0.6953714367981572,0.17624871780371199,1.0,0.001998001998001998,0.383399209486166,0.374794466403162,0.3742857142857143,253,350,laplace,uni2+hoptimus,0.002414252414252414,True,0.0,True
laplace_predictive_entropy_uni2,0.8,0.7228571428571429,-0.07714285714285718,0.4667481798935149,ppv,0.6268656716417911,0.7833333333333333,0.15646766169154225,0.15645676812306616,0.09803961153871714,0.21991164936184876,0.0860554993859874,0.0,0.6269317761173882,0.5861775744780671,0.6690140845070423,0.15640155721594518,1.0,0.001998001998001998,0.383399209486166,0.374794466403162,0.3742857142857143,253,350,laplace,uni2+hoptimus,0.002716033966033966,True,0.0,True
laplace_predictive_entropy_uni2,0.8,0.7228571428571429,-0.07714285714285718,0.4667481798935149,npv,0.9664429530201343,0.9774436090225563,0.01100065600242206,0.011307773232150837,-0.0030525547698916104,0.03145521289169818,0.025598855256751454,0.24,0.9659003194529729,0.9514563106796117,0.9824561403508771,0.011543289569583393,0.881,0.23976023976023977,0.383399209486166,0.374794466403162,0.3742857142857143,253,350,laplace,uni2+hoptimus,0.4534595838943666,False,0.38666666666666666,False
laplace_predictive_entropy_uni2,0.8,0.7228571428571429,-0.07714285714285718,0.4667481798935149,f1,0.7590361445783133,0.8663594470046083,0.10732330242629506,0.10753199375225907,0.06630687495797774,0.15091137593324067,0.06004273231268017,0.0,0.7586987814088609,0.7257383966244726,0.7905184300027576,0.10766066559574738,1.0,0.001998001998001998,0.383399209486166,0.374794466403162,0.3742857142857143,253,350,laplace,uni2+hoptimus,0.0026337299064571793,True,0.0,True
laplace_predictive_entropy_uni2,0.8,0.7228571428571429,-0.07714285714285718,0.4667481798935149,brier,0.12132416060196326,0.07656669996564128,-0.04475746063632198,-0.04466052047919729,-0.06386874733798006,-0.027828561308239914,0.024988737167342734,0.0,0.12156597041595979,0.10559639547119198,0.13737845306079996,-0.04499927045031851,0.0,0.001998001998001998,0.383399209486166,0.374794466403162,0.3742857142857143,253,350,laplace,uni2+hoptimus,0.0031040388183245326,True,0.0,True
laplace_predictive_entropy_uni2,0.8,0.7228571428571429,-0.07714285714285718,0.4667481798935149,ece,0.08565922886332764,0.067377247802523,-0.018281981060804642,-0.0212814075118756,-0.04653762867262838,0.0048049872992431105,0.03784849889624087,0.108,0.08943083975886883,0.06899651892967759,0.11024854882917524,-0.022053591956345833,0.019,0.03996003996003996,0.383399209486166,0.374794466403162,0.3742857142857143,253,350,laplace,uni2+hoptimus,0.09125874125874125,False,0.19991489361702125,False
laplace_predictive_entropy_uni2,0.8,0.7228571428571429,-0.07714285714285718,0.4667481798935149,cal_gap,0.08565922886332766,0.061507601956303115,-0.024151626907024548,-0.024268601759350476,-0.05238163182889144,0.0040230729295459835,0.04019371704609611,0.092,0.08525395201391028,0.06228765969023404,0.10752851435187151,-0.02374635005760717,0.024,0.04995004995004995,0.383399209486166,0.374794466403162,0.3742857142857143,253,350,laplace,uni2+hoptimus,0.18051179589641128,False,0.2920714285714286,False
laplace_predictive_entropy_uni2,0.8,0.7228571428571429,-0.07714285714285718,0.4667481798935149,accuracy,0.7714285714285715,0.8853754940711462,0.11394692264257478,0.11408882527013352,0.07773765640531458,0.1519093180482069,0.05201238652222178,0.0,0.771098814229249,0.7430830039525692,0.7984189723320159,0.11427667984189727,1.0,0.001998001998001998,0.383399209486166,0.374794466403162,0.3742857142857143,253,350,laplace,uni2+hoptimus,0.0025192199105242585,True,0.0,True
laplace_predictive_entropy_uni2,0.7,0.6514285714285715,-0.04857142857142849,0.34922278161780007,auroc,0.9218864373104674,0.9583703823458087,0.03648394503534136,0.036884728570210606,0.017154373018055207,0.05871481063174145,0.029764895370018783,0.0,0.9213807995340505,0.9015452011150936,0.9430809249667389,0.03698958281175824,1.0,0.001998001998001998,0.39035087719298245,0.3752280701754386,0.3742857142857143,228,350,laplace,uni2+hoptimus,0.006685622070237455,True,0.0,True
laplace_predictive_entropy_uni2,0.7,0.6514285714285715,-0.04857142857142849,0.34922278161780007,auprc,0.8369480232797907,0.8779808654923905,0.04103284221259984,0.0429064649586301,0.013127313046376292,0.07422399933665005,0.04313509373353734,0.008,0.8387665596289947,0.7862365672377801,0.9015268285277265,0.039214305863395804,0.897,0.2077922077922078,0.39035087719298245,0.3752280701754386,0.3742857142857143,228,350,laplace,uni2+hoptimus,0.41980660848585377,False,0.01023529411764706,True
laplace_predictive_entropy_uni2,0.7,0.6514285714285715,-0.04857142857142849,0.34922278161780007,bss,0.4819544189849594,0.7369081761946538,0.2549537572096944,0.2566135878890008,0.17076029122190525,0.3569394868248837,0.1326117005998389,0.0,0.47954895692032834,0.3957692303702911,0.5692081479533126,0.2573592192743254,1.0,0.001998001998001998,0.39035087719298245,0.3752280701754386,0.3742857142857143,228,350,laplace,uni2+hoptimus,0.003160475887748615,True,0.0,True
laplace_predictive_entropy_uni2,0.7,0.6514285714285715,-0.04857142857142849,0.34922278161780007,balanced_accuracy,0.8096831538220224,0.9224395764287446,0.11275642260672225,0.11305838231329265,0.08280047429734515,0.14492935860272826,0.0448314282821789,0.0,0.8091264201993931,0.7844102590531162,0.8354997943233238,0.11331315622935156,1.0,0.001998001998001998,0.39035087719298245,0.3752280701754386,0.3742857142857143,228,350,laplace,uni2+hoptimus,0.002414252414252414,True,0.0,True
laplace_predictive_entropy_uni2,0.7,0.6514285714285715,-0.04857142857142849,0.34922278161780007,sensitivity,0.9618320610687023,0.9887640449438202,0.02693198387511786,0.027902398551484894,0.00037090455843843414,0.05929233406140031,0.04338604752589504,0.048,0.9617863158526236,0.9397590361445783,0.9882352941176471,0.026977729091196556,0.989,0.023976023976023976,0.39035087719298245,0.3752280701754386,0.3742857142857143,228,350,laplace,uni2+hoptimus,0.061350414291590764,False,0.07200000000000001,False
laplace_predictive_entropy_uni2,0.7,0.6514285714285715,-0.04857142857142849,0.34922278161780007,specificity,0.6575342465753424,0.8561151079136691,0.19858086133832664,0.19821436607510043,0.1423262206807494,0.25176136363636364,0.07832201779401621,0.0,0.6564665245461627,0.6137931034482759,0.7021469318532223,0.19964858336750635,1.0,0.001998001998001998,0.39035087719298245,0.3752280701754386,0.3742857142857143,228,350,laplace,uni2+hoptimus,0.002414252414252414,True,0.0,True
laplace_predictive_entropy_uni2,0.7,0.6514285714285715,-0.04857142857142849,0.34922278161780007,ppv,0.6268656716417911,0.8148148148148148,0.1879491431730237,0.1879643984363513,0.12685299755918203,0.2534615607606679,0.09170097516047834,0.0,0.6270237395157334,0.5793340773809524,0.6762642826914939,0.18779107529908134,1.0,0.001998001998001998,0.39035087719298245,0.3752280701754386,0.3742857142857143,228,350,laplace,uni2+hoptimus,0.002716033966033966,True,0.0,True
laplace_predictive_entropy_uni2,0.7,0.6514285714285715,-0.04857142857142849,0.34922278161780007,npv,0.9664429530201343,0.9916666666666667,0.02522371364653242,0.025982570630793272,0.0037411817157807143,0.052631664555011524,0.03705229540628678,0.03,0.9662361038319407,0.9468085106382979,0.9895833333333334,0.025430562834726,0.997,0.007992007992007992,0.39035087719298245,0.3752280701754386,0.3742857142857143,228,350,laplace,uni2+hoptimus,0.03310974739546168,True,0.07909090909090909,False
laplace_predictive_entropy_uni2,0.7,0.6514285714285715,-0.04857142857142849,0.34922278161780007,f1,0.7590361445783133,0.8934010152284264,0.13436487065011316,0.13492632139603208,0.09231658463483709,0.17920343481726905,0.06453892229659294,0.0,0.7588522619283756,0.7227646443058402,0.7945205479452054,0.13454875330005078,1.0,0.001998001998001998,0.39035087719298245,0.3752280701754386,0.3742857142857143,228,350,laplace,uni2+hoptimus,0.0026337299064571793,True,0.0,True
laplace_predictive_entropy_uni2,0.7,0.6514285714285715,-0.04857142857142849,0.34922278161780007,brier,0.12132416060196326,0.06260982133533276,-0.0587143392666305,-0.05891924676440039,-0.08104870361917234,-0.039429576859190636,0.03003375322226404,0.0,0.1217444893357483,0.1012893106488593,0.1405753391541016,-0.059134668000415544,0.0,0.001998001998001998,0.39035087719298245,0.3752280701754386,0.3742857142857143,228,350,laplace,uni2+hoptimus,0.0031040388183245326,True,0.0,True
laplace_predictive_entropy_uni2,0.7,0.6514285714285715,-0.04857142857142849,0.34922278161780007,ece,0.08565922886332764,0.06828930471072037,-0.01736992415260727,-0.025292185891169997,-0.05304527465476568,0.0026659532883452023,0.03994275005367012,0.082,0.09158940793167628,0.0697598684175765,0.11529326239700853,-0.02330010322095591,0.018,0.03796203796203796,0.39035087719298245,0.3752280701754386,0.3742857142857143,228,350,laplace,uni2+hoptimus,0.08926208926208926,False,0.15508695652173915,False
laplace_predictive_entropy_uni2,0.7,0.6514285714285715,-0.04857142857142849,0.34922278161780007,cal_gap,0.08565922886332766,0.059257802409487526,-0.026401426453840138,-0.026355761701346205,-0.056940375342038656,0.005925409167595717,0.04412488085297367,0.094,0.08583061090601289,0.06025050145248667,0.11259312047786486,-0.026572808496525366,0.019,0.03996003996003996,0.39035087719298245,0.3752280701754386,0.3742857142857143,228,350,laplace,uni2+hoptimus,0.15802379438743075,False,0.2920714285714286,False
laplace_predictive_entropy_uni2,0.7,0.6514285714285715,-0.04857142857142849,0.34922278161780007,accuracy,0.7714285714285715,0.9078947368421053,0.13646616541353385,0.1367549391250475,0.0988596984143589,0.1752380952380952,0.0559431880556192,0.0,0.7710438596491228,0.7412280701754386,0.8026315789473685,0.1368508771929825,1.0,0.001998001998001998,0.39035087719298245,0.3752280701754386,0.3742857142857143,228,350,laplace,uni2+hoptimus,0.0025192199105242585,True,0.0,True
mc_epistemic_mi_uni2,0.9,0.8428571428571429,-0.05714285714285716,0.007558752186826369,auroc,0.9218864373104674,0.9428182437031994,0.020931806392732066,0.020952775181121958,0.010805393051847304,0.03405557094783937,0.016375128315721334,0.0,0.9214999512096662,0.9109734390161126,0.9335006993714859,0.02131829249353323,0.999,0.003996003996003996,0.38305084745762713,0.3747016949152543,0.3742857142857143,295,350,mc_dropout,uni2+hoptimus,0.008084938317496458,True,0.0,True
mc_epistemic_mi_uni2,0.9,0.8428571428571429,-0.05714285714285716,0.007558752186826369,auprc,0.8369480232797907,0.8620201546484656,0.02507213136867492,0.02553528678331231,0.010866754286842454,0.04297395370424846,0.022222409104855668,0.0,0.8375655049997938,0.8102633156103057,0.8769775363779193,0.024454649648671833,0.907,0.1878121878121878,0.38305084745762713,0.3747016949152543,0.3742857142857143,295,350,mc_dropout,uni2+hoptimus,0.41980660848585377,False,0.0,True
mc_epistemic_mi_uni2,0.9,0.8428571428571429,-0.05714285714285716,0.007558752186826369,bss,0.4819544189849594,0.6079942728524159,0.12603985386745653,0.1260716844474697,0.07112912321304828,0.19273143831063375,0.08740534343105467,0.0,0.4802067011575913,0.4314391895188162,0.536349576355375,0.12778757169482463,1.0,0.001998001998001998,0.38305084745762713,0.3747016949152543,0.3742857142857143,295,350,mc_dropout,uni2+hoptimus,0.003160475887748615,True,0.0,True
mc_epistemic_mi_uni2,0.9,0.8428571428571429,-0.05714285714285716,0.007558752186826369,balanced_accuracy,0.8096831538220224,0.8542497325683167,0.04456657874629433,0.04466600815918846,0.02700417020611279,0.06458421373647746,0.02763443917737229,0.0,0.8090906470028443,0.7942640765763518,0.8256839079929268,0.045159085565472434,1.0,0.001998001998001998,0.38305084745762713,0.3747016949152543,0.3742857142857143,295,350,mc_dropout,uni2+hoptimus,0.002414252414252414,True,0.0,True
mc_epistemic_mi_uni2,0.9,0.8428571428571429,-0.05714285714285716,0.007558752186826369,sensitivity,0.9618320610687023,0.9557522123893806,-0.006079848679321764,-0.00626767768114855,-0.013579745015595168,-0.0016606823114471343,0.008933531925223465,0.014,0.961575899893564,0.9528301886792453,0.9813084112149533,-0.0058236875041833835,0.285,0.6593406593406593,0.38305084745762713,0.3747016949152543,0.3742857142857143,295,350,mc_dropout,uni2+hoptimus,0.7857895529128406,False,0.04188888888888889,True
mc_epistemic_mi_uni2,0.9,0.8428571428571429,-0.05714285714285716,0.007558752186826369,specificity,0.6575342465753424,0.7527472527472527,0.09521300617191031,0.09559969399952548,0.060230160863762205,0.1328838622378136,0.054271925626656704,0.0,0.6566053941121247,0.6312781943656081,0.6864946539946539,0.09614185863512803,1.0,0.001998001998001998,0.38305084745762713,0.3747016949152543,0.3742857142857143,295,350,mc_dropout,uni2+hoptimus,0.002414252414252414,True,0.0,True
mc_epistemic_mi_uni2,0.9,0.8428571428571429,-0.05714285714285716,0.007558752186826369,ppv,0.6268656716417911,0.7058823529411765,0.07901668129938544,0.07933680023830567,0.039425068956214684,0.12282687339760828,0.06228744708435488,0.0,0.6265851092241241,0.5965884170653907,0.6585402365999709,0.07929724371705238,1.0,0.001998001998001998,0.38305084745762713,0.3747016949152543,0.3742857142857143,295,350,mc_dropout,uni2+hoptimus,0.002716033966033966,True,0.0,True
mc_epistemic_mi_uni2,0.9,0.8428571428571429,-0.05714285714285716,0.007558752186826369,npv,0.9664429530201343,0.9647887323943662,-0.0016542206257680325,-0.001676827753455905,-0.004122408704846042,-0.00029935091840063184,0.0027358098070998198,0.016,0.9661067767904024,0.9586776859504132,0.9834710743801653,-0.001318044396036111,0.434,0.8691308691308691,0.38305084745762713,0.3747016949152543,0.3742857142857143,295,350,mc_dropout,uni2+hoptimus,0.9944474130520643,False,0.06327272727272727,False
mc_epistemic_mi_uni2,0.9,0.8428571428571429,-0.05714285714285716,0.007558752186826369,f1,0.7590361445783133,0.8120300751879699,0.052993930609656625,0.05320621256059827,0.023400945468207403,0.08419824768271991,0.04448618998386877,0.002,0.7586409389824038,0.7352941176470589,0.7816901408450704,0.05338913620556607,1.0,0.001998001998001998,0.38305084745762713,0.3747016949152543,0.3742857142857143,295,350,mc_dropout,uni2+hoptimus,0.0026337299064571793,True,0.0027619047619047623,True
mc_epistemic_mi_uni2,0.9,0.8428571428571429,-0.05714285714285716,0.007558752186826369,brier,0.12132416060196326,0.09263992857819266,-0.0286842320237706,-0.028566918132030706,-0.0428925209036871,-0.01684458127801546,0.01893017962932682,0.0,0.12169822896775045,0.10970750704557493,0.13199185614300998,-0.029058300389557798,0.0,0.001998001998001998,0.38305084745762713,0.3747016949152543,0.3742857142857143,295,350,mc_dropout,uni2+hoptimus,0.0031040388183245326,True,0.0,True
mc_epistemic_mi_uni2,0.9,0.8428571428571429,-0.05714285714285716,0.007558752186826369,ece,0.08565922886332764,0.06744389231158893,-0.01821533655173871,-0.016638364651125354,-0.04021540448501674,0.004705108017097868,0.03192839160261445,0.126,0.08764981794703863,0.07324566004768215,0.10145830503364991,-0.020205925635449706,0.006,0.013986013986013986,0.38305084745762713,0.3747016949152543,0.3742857142857143,295,350,mc_dropout,uni2+hoptimus,0.057942057942057944,False,0.22272000000000003,False
mc_epistemic_mi_uni2,0.9,0.8428571428571429,-0.05714285714285716,0.007558752186826369,cal_gap,0.08565922886332766,0.06336956777041619,-0.022289661092911472,-0.022423237188748123,-0.0453453196412241,0.00017573068441144188,0.032098749616136305,0.054,0.0857274123711914,0.0703428152696253,0.10008726606891347,-0.02235784460077521,0.002,0.005994005994005994,0.38305084745762713,0.3747016949152543,0.3742857142857143,295,350,mc_dropout,uni2+hoptimus,0.09481427663245845,False,0.2920714285714286,False
mc_epistemic_mi_uni2,0.9,0.8428571428571429,-0.05714285714285716,0.007558752186826369,accuracy,0.7714285714285715,0.8305084745762712,0.05907990314769973,0.05934595387257938,0.03350470494869902,0.08680348223205363,0.03922512149780677,0.0,0.7708644067796611,0.752542372881356,0.7898305084745763,0.059644067796610134,1.0,0.001998001998001998,0.38305084745762713,0.3747016949152543,0.3742857142857143,295,350,mc_dropout,uni2+hoptimus,0.0025192199105242585,True,0.0,True
mc_epistemic_mi_uni2,0.8,0.7457142857142857,-0.05428571428571438,0.0050067686374784,auroc,0.9218864373104674,0.9553889639916431,0.033502526681175704,0.03382897787661592,0.016457245834266943,0.054523851919226034,0.026623175065752975,0.0,0.921851622217027,0.9064721780374169,0.9374026070170116,0.03353734177461609,0.999,0.003996003996003996,0.3946360153256705,0.3737088122605364,0.3742857142857143,261,350,mc_dropout,uni2+hoptimus,0.008084938317496458,True,0.0,True
mc_epistemic_mi_uni2,0.8,0.7457142857142857,-0.05428571428571438,0.0050067686374784,auprc,0.8369480232797907,0.8772036436854503,0.040255620405659664,0.04140646512523469,0.019521201957077603,0.06670303226837665,0.03430475998408052,0.0,0.8383599663972691,0.7985500015171776,0.8868605497074674,0.03884367728818128,0.928,0.14585414585414586,0.3946360153256705,0.3737088122605364,0.3742857142857143,261,350,mc_dropout,uni2+hoptimus,0.41980660848585377,False,0.0,True
mc_epistemic_mi_uni2,0.8,0.7457142857142857,-0.05428571428571438,0.0050067686374784,bss,0.4819544189849594,0.7055849916109906,0.22363057262603125,0.22515582821504412,0.1482900728390889,0.30873646983049574,0.11827933338798524,0.0,0.480273582385266,0.4103263769247692,0.5470126255317782,0.22531140922572462,1.0,0.001998001998001998,0.3946360153256705,0.3737088122605364,0.3742857142857143,261,350,mc_dropout,uni2+hoptimus,0.003160475887748615,True,0.0,True
mc_epistemic_mi_uni2,0.8,0.7457142857142857,-0.05428571428571438,0.0050067686374784,balanced_accuracy,0.8096831538220224,0.9065380361312523,0.0968548823092299,0.09733977330453097,0.06875346198304422,0.12468983276204001,0.04066056671624215,0.0,0.8094811923374302,0.7894074463209108,0.8289772727272727,0.09705684379382207,1.0,0.001998001998001998,0.3946360153256705,0.3737088122605364,0.3742857142857143,261,350,mc_dropout,uni2+hoptimus,0.002414252414252414,True,0.0,True
mc_epistemic_mi_uni2,0.8,0.7457142857142857,-0.05428571428571438,0.0050067686374784,sensitivity,0.9618320610687023,0.9902912621359223,0.028459201067219997,0.029460486192850972,0.003597552505673099,0.061411198051229014,0.042656811641582124,0.03,0.9619872460476038,0.9468085106382979,0.9800049504950494,0.028304016088318562,1.0,0.001998001998001998,0.3946360153256705,0.3737088122605364,0.3742857142857143,261,350,mc_dropout,uni2+hoptimus,0.014485514485514486,True,0.04745454545454545,True
mc_epistemic_mi_uni2,0.8,0.7457142857142857,-0.05428571428571438,0.0050067686374784,specificity,0.6575342465753424,0.8227848101265823,0.1652505635512399,0.16521906041621098,0.11550606711197543,0.21568144649094942,0.07047859381181788,0.0,0.6569751386272569,0.6212971810797897,0.6909203142536476,0.16580967149932546,1.0,0.001998001998001998,0.3946360153256705,0.3737088122605364,0.3742857142857143,261,350,mc_dropout,uni2+hoptimus,0.002414252414252414,True,0.0,True
mc_epistemic_mi_uni2,0.8,0.7457142857142857,-0.05428571428571438,0.0050067686374784,ppv,0.6268656716417911,0.7846153846153846,0.15774971297359353,0.15788346166717543,0.10436993865228138,0.2150627867664815,0.0795626483636347,0.0,0.6259148134028976,0.5878293918918919,0.6666666666666666,0.15870057121248704,1.0,0.001998001998001998,0.3946360153256705,0.3737088122605364,0.3742857142857143,261,350,mc_dropout,uni2+hoptimus,0.002716033966033966,True,0.0,True
mc_epistemic_mi_uni2,0.8,0.7457142857142857,-0.05428571428571438,0.0050067686374784,npv,0.9664429530201343,0.9923664122137404,0.02592345919360617,0.02671661021864946,0.005023767579227745,0.053692384093188335,0.03689761853869215,0.03,0.9666419971266701,0.9532710280373832,0.9824561403508771,0.02572441508707035,1.0,0.001998001998001998,0.3946360153256705,0.3737088122605364,0.3742857142857143,261,350,mc_dropout,uni2+hoptimus,0.01337124414047491,True,0.07909090909090909,False
mc_epistemic_mi_uni2,0.8,0.7457142857142857,-0.05428571428571438,0.0050067686374784,f1,0.7590361445783133,0.8755364806866953,0.11650033610838206,0.11715223085722752,0.07758819968794604,0.15842543880409918,0.05721138144711036,0.0,0.7581906322408657,0.728744939271255,0.7888500684760956,0.11734584844582963,1.0,0.001998001998001998,0.3946360153256705,0.3737088122605364,0.3742857142857143,261,350,mc_dropout,uni2+hoptimus,0.0026337299064571793,True,0.0,True
mc_epistemic_mi_uni2,0.8,0.7457142857142857,-0.05428571428571438,0.0050067686374784,brier,0.12132416060196326,0.07033528348853861,-0.05098887711342465,-0.051151639947168544,-0.07018730644573962,-0.03407254788848658,0.026583669306859566,0.0,0.12146406726410261,0.1068712995648266,0.13602514669827845,-0.051128783775564,0.0,0.001998001998001998,0.3946360153256705,0.3737088122605364,0.3742857142857143,261,350,mc_dropout,uni2+hoptimus,0.0031040388183245326,True,0.0,True
mc_epistemic_mi_uni2,0.8,0.7457142857142857,-0.05428571428571438,0.0050067686374784,ece,0.08565922886332764,0.06290323430247664,-0.022755994560850992,-0.022109281034182544,-0.04964873475853032,0.006210724703476956,0.04050113907887725,0.128,0.08984725413034703,0.0705441376819477,0.10885779729455984,-0.026944019827870383,0.003,0.007992007992007992,0.3946360153256705,0.3737088122605364,0.3742857142857143,261,350,mc_dropout,uni2+hoptimus,0.043456543456543456,True,0.22272000000000003,False
mc_epistemic_mi_uni2,0.8,0.7457142857142857,-0.05428571428571438,0.0050067686374784,cal_gap,0.08565922886332766,0.05431466013232383,-0.03134456873100383,-0.031073809943082245,-0.05822681701679039,-0.0019536612220001828,0.04043209064661695,0.042,0.08615603983626162,0.06586421443536605,0.10606734559534944,-0.031841379703937786,0.001,0.003996003996003996,0.3946360153256705,0.3737088122605364,0.3742857142857143,261,350,mc_dropout,uni2+hoptimus,0.09481427663245845,False,0.2920714285714286,False
mc_epistemic_mi_uni2,0.8,0.7457142857142857,-0.05428571428571438,0.0050067686374784,accuracy,0.7714285714285715,0.8888888888888888,0.11746031746031738,0.11790679040343867,0.08131279678723578,0.15335432098765428,0.05064006402922735,0.0,0.7709540229885057,0.7471264367816092,0.7969348659003831,0.11793486590038316,1.0,0.001998001998001998,0.3946360153256705,0.3737088122605364,0.3742857142857143,261,350,mc_dropout,uni2+hoptimus,0.0025192199105242585,True,0.0,True
mc_epistemic_mi_uni2,0.7,0.6628571428571428,-0.037142857142857144,0.00349297230497162,auroc,0.9218864373104674,0.9603156184729635,0.03842918116249616,0.038822454186627144,0.018667172020927107,0.06060449472290424,0.030527264137455275,0.0,0.9217895430960344,0.9030121864086544,0.9425741479265416,0.03852607537692909,1.0,0.001998001998001998,0.40086206896551724,0.3738965517241379,0.3742857142857143,232,350,mc_dropout,uni2+hoptimus,0.006685622070237455,True,0.0,True
mc_epistemic_mi_uni2,0.7,0.6628571428571428,-0.037142857142857144,0.00349297230497162,auprc,0.8369480232797907,0.8836649385198307,0.04671691524004007,0.0483820174179223,0.01994211543774088,0.08075568276376724,0.04339676806003218,0.0,0.8386529998010757,0.7878196124103405,0.8966569255285003,0.045011938718755085,0.936,0.12987012987012986,0.40086206896551724,0.3738965517241379,0.3742857142857143,232,350,mc_dropout,uni2+hoptimus,0.41980660848585377,False,0.0,True
mc_epistemic_mi_uni2,0.7,0.6628571428571428,-0.037142857142857144,0.00349297230497162,bss,0.4819544189849594,0.7670356867399559,0.28508126775499654,0.28710462656700725,0.19976989295740902,0.3888960251224003,0.13710767659706025,0.0,0.4804587165148157,0.3951228785654657,0.5652539843397933,0.2865769702251402,1.0,0.001998001998001998,0.40086206896551724,0.3738965517241379,0.3742857142857143,232,350,mc_dropout,uni2+hoptimus,0.003160475887748615,True,0.0,True
mc_epistemic_mi_uni2,0.7,0.6628571428571428,-0.037142857142857144,0.00349297230497162,balanced_accuracy,0.8096831538220224,0.9334725767772878,0.1237894229552654,0.12392136945742047,0.0939988692785554,0.15528244166379487,0.04338576187645487,0.0,0.8099330640791127,0.7842466640045528,0.8349178910976663,0.12353951269817509,1.0,0.001998001998001998,0.40086206896551724,0.3738965517241379,0.3742857142857143,232,350,mc_dropout,uni2+hoptimus,0.002414252414252414,True,0.0,True
mc_epistemic_mi_uni2,0.7,0.6628571428571428,-0.037142857142857144,0.00349297230497162,sensitivity,0.9618320610687023,0.989247311827957,0.02741525075925466,0.028397835211253032,0.0010047788421112204,0.059658325052391284,0.04314514893615383,0.042,0.9616907955686305,0.9418604651162791,0.9882352941176471,0.027556516259326536,0.99,0.02197802197802198,0.40086206896551724,0.3738965517241379,0.3742857142857143,232,350,mc_dropout,uni2+hoptimus,0.061350414291590764,False,0.06525,False
mc_epistemic_mi_uni2,0.7,0.6628571428571428,-0.037142857142857144,0.00349297230497162,specificity,0.6575342465753424,0.8776978417266187,0.22016359515127626,0.21944490370358793,0.16466957236674126,0.2749528361409396,0.07709836518859906,0.0,0.6581753325895948,0.6122348281417831,0.7015084153699588,0.21952250913702387,1.0,0.001998001998001998,0.40086206896551724,0.3738965517241379,0.3742857142857143,232,350,mc_dropout,uni2+hoptimus,0.002414252414252414,True,0.0,True
mc_epistemic_mi_uni2,0.7,0.6628571428571428,-0.037142857142857144,0.00349297230497162,ppv,0.6268656716417911,0.8440366972477065,0.2171710256059154,0.2165570070102963,0.1540130697600844,0.28153064097979613,0.0889961891084054,0.0,0.626892447121105,0.5826624750264425,0.6720032786885246,0.21714425012660143,1.0,0.001998001998001998,0.40086206896551724,0.3738965517241379,0.3742857142857143,232,350,mc_dropout,uni2+hoptimus,0.002716033966033966,True,0.0,True
mc_epistemic_mi_uni2,0.7,0.6628571428571428,-0.037142857142857144,0.00349297230497162,npv,0.9664429530201343,0.991869918699187,0.02542696567905267,0.02619471020505256,0.004147259768503645,0.052798872552614916,0.03699354541003849,0.03,0.9664069273830925,0.9479166666666666,0.9896933515674311,0.02546299131609442,0.993,0.015984015984015984,0.40086206896551724,0.3738965517241379,0.3742857142857143,232,350,mc_dropout,uni2+hoptimus,0.04966462109319252,True,0.07909090909090909,False
mc_epistemic_mi_uni2,0.7,0.6628571428571428,-0.037142857142857144,0.00349297230497162,f1,0.7590361445783133,0.9108910891089109,0.15185494453059767,0.15216940666967083,0.10926589892307302,0.1967151657229682,0.06323621843752737,0.0,0.7587324192864007,0.7232090459423206,0.7942679853041695,0.15215866982251025,1.0,0.001998001998001998,0.40086206896551724,0.3738965517241379,0.3742857142857143,232,350,mc_dropout,uni2+hoptimus,0.0026337299064571793,True,0.0,True
mc_epistemic_mi_uni2,0.7,0.6628571428571428,-0.037142857142857144,0.00349297230497162,brier,0.12132416060196326,0.05595142831288254,-0.06537273228908072,-0.06558834732543505,-0.08758679016422344,-0.04650430445636246,0.030876708741131152,0.0,0.12137655427167397,0.10241505403724223,0.13932373906178838,-0.06542512595879144,0.0,0.001998001998001998,0.40086206896551724,0.3738965517241379,0.3742857142857143,232,350,mc_dropout,uni2+hoptimus,0.0031040388183245326,True,0.0,True
mc_epistemic_mi_uni2,0.7,0.6628571428571428,-0.037142857142857144,0.00349297230497162,ece,0.08565922886332764,0.06025499470254954,-0.025404234160778097,-0.03191251575758516,-0.060717605235856516,-0.0022097844443738756,0.04157250937409745,0.034,0.09116179599089584,0.06897136377790893,0.11547335203310999,-0.030906801288346303,0.005,0.011988011988011988,0.40086206896551724,0.3738965517241379,0.3742857142857143,232,350,mc_dropout,uni2+hoptimus,0.05489247594510752,False,0.10103225806451611,False
mc_epistemic_mi_uni2,0.7,0.6628571428571428,-0.037142857142857144,0.00349297230497162,cal_gap,0.08565922886332766,0.046738920591827826,-0.03892030827149984,-0.038710833269747766,-0.0691215188133696,-0.007294308398446518,0.04477384328307126,0.016,0.0857483036181205,0.06096730219430575,0.10992374815458751,-0.03900938302629267,0.001,0.003996003996003996,0.40086206896551724,0.3738965517241379,0.3742857142857143,232,350,mc_dropout,uni2+hoptimus,0.09481427663245845,False,0.2920714285714286,False
mc_epistemic_mi_uni2,0.7,0.6628571428571428,-0.037142857142857144,0.00349297230497162,accuracy,0.7714285714285715,0.9224137931034483,0.15098522167487682,0.15103699803609547,0.11289930484875627,0.1899900617781359,0.05472563175858065,0.0,0.7716637931034482,0.7413793103448276,0.8017241379310345,0.15075000000000005,1.0,0.001998001998001998,0.40086206896551724,0.3738965517241379,0.3742857142857143,232,350,mc_dropout,uni2+hoptimus,0.0025192199105242585,True,0.0,True
ood_attention_uni2,0.9,0.8714285714285714,-0.02857142857142858,95.47174835205078,auroc,0.9218864373104674,0.9176,-0.004286437310467406,-0.0043557867529634515,-0.013699530724145976,0.005796262176871393,0.013792842603977628,0.356,0.9218516770801469,0.9118265581770255,0.933228156906439,-0.004251677080146954,0.218,0.43756243756243757,0.4098360655737705,0.37477377049180327,0.3742857142857143,305,350,ood,uni2+hoptimus,0.49438872815496193,False,0.4075263157894737,False
ood_attention_uni2,0.9,0.8714285714285714,-0.02857142857142858,95.47174835205078,auprc,0.8369480232797907,0.8436902388900677,0.0067422156102769915,0.006933401746527741,0.0011637426158720738,0.014878590241783764,0.00975429895306482,0.016,0.8383082125697937,0.8126716173051342,0.8718051397900243,0.005382026320273958,0.685,0.6313686313686314,0.4098360655737705,0.37477377049180327,0.3742857142857143,305,350,ood,uni2+hoptimus,0.6698667186472065,False,0.017620253164556964,True
ood_attention_uni2,0.9,0.8714285714285714,-0.02857142857142858,95.47174835205078,bss,0.4819544189849594,0.4687158455256587,-0.013238573459300684,-0.013658056272487323,-0.035240461488754884,0.011353761258698851,0.034711236394081836,0.268,0.48178597811825147,0.43819567102145585,0.5298513970229579,-0.013070132592592765,0.299,0.5994005994005994,0.4098360655737705,0.37477377049180327,0.3742857142857143,305,350,ood,uni2+hoptimus,0.686155949313844,False,0.3150810810810811,False
ood_attention_uni2,0.9,0.8714285714285714,-0.02857142857142858,95.47174835205078,balanced_accuracy,0.8096831538220224,0.7951111111111111,-0.014572042710911282,-0.01471220060076261,-0.029645818260749145,0.0028379068690947942,0.022548693163290008,0.07,0.8095062856631148,0.7966819221967963,0.8234612618808457,-0.014395174552003676,0.013,0.027972027972027972,0.4098360655737705,0.37477377049180327,0.3742857142857143,305,350,ood,uni2+hoptimus,0.03160475887748615,True,0.07807692307692309,False
ood_attention_uni2,0.9,0.8714285714285714,-0.02857142857142858,95.47174835205078,sensitivity,0.9618320610687023,0.968,0.006167938931297634,0.00661221193334328,-0.002448115118078878,0.024278234358430493,0.021695580614117672,0.716,0.9617920374317523,0.9545454545454546,0.9745762711864406,0.006207962568247627,0.872,0.25774225774225773,0.4098360655737705,0.37477377049180327,0.3742857142857143,305,350,ood,uni2+hoptimus,0.38661338661338657,False,0.761780487804878,False
ood_attention_uni2,0.9,0.8714285714285714,-0.02857142857142858,95.47174835205078,specificity,0.6575342465753424,0.6222222222222222,-0.0353120243531202,-0.0360366131348685,-0.06238243617633075,-0.009399884493132971,0.04005449197061557,0.02,0.6572205338944774,0.6335078534031413,0.6822916666666666,-0.0349983116722552,0.001,0.003996003996003996,0.4098360655737705,0.37477377049180327,0.3742857142857143,305,350,ood,uni2+hoptimus,0.004457081380158303,True,0.020963855421686748,True
ood_attention_uni2,0.9,0.8714285714285714,-0.02857142857142858,95.47174835205078,ppv,0.6268656716417911,0.6402116402116402,0.013345968569849154,0.013312973059223583,-0.004636482533440167,0.033888912483595095,0.02743719353211875,0.158,0.6271344952843205,0.6022727272727273,0.6514285714285715,0.013077144927319706,0.84,0.32167832167832167,0.4098360655737705,0.37477377049180327,0.3742857142857143,305,350,ood,uni2+hoptimus,0.34982517482517483,False,0.17623076923076925,False
ood_attention_uni2,0.9,0.8714285714285714,-0.02857142857142858,95.47174835205078,npv,0.9664429530201343,0.9655172413793104,-0.0009257116408238897,-0.0008017913202094648,-0.013514399451899426,0.016771407851610073,0.02185253130409686,0.836,0.9663284346758985,0.96,0.9774436090225563,-0.0008111932965880753,0.511,0.9790209790209791,0.4098360655737705,0.37477377049180327,0.3742857142857143,305,350,ood,uni2+hoptimus,0.9944474130520643,False,1.0,False
ood_attention_uni2,0.9,0.8714285714285714,-0.02857142857142858,95.47174835205078,f1,0.7590361445783133,0.7707006369426752,0.011664492364361956,0.011778875596241493,-0.0024302852513148595,0.0274573512258497,0.02133509267653503,0.106,0.7591469119835101,0.7402135231316725,0.7781569965870307,0.011553724959165068,0.872,0.25774225774225773,0.4098360655737705,0.37477377049180327,0.3742857142857143,305,350,ood,uni2+hoptimus,0.283842739538942,False,0.11976623376623376,False
ood_attention_uni2,0.9,0.8714285714285714,-0.02857142857142858,95.47174835205078,brier,0.12132416060196326,0.12850194545200408,0.007177784850040822,0.00728944983563677,0.00011300003407284299,0.014465130212550909,0.010398691255878197,0.05,0.12135881654212972,0.11029500285945747,0.1309664859843138,0.007143128909874355,0.923,0.15584415584415584,0.4098360655737705,0.37477377049180327,0.3742857142857143,305,350,ood,uni2+hoptimus,0.1830969030969031,False,0.058783783783783794,False
ood_attention_uni2,0.9,0.8714285714285714,-0.02857142857142858,95.47174835205078,ece,0.08565922886332764,0.09765354972561732,0.011994320862289687,0.012487261413564519,0.0008014137064671891,0.025443557252606542,0.017683794989531803,0.03,0.08670907790966592,0.07419803363171819,0.098952270323758,0.010944471815951401,0.955,0.0919080919080919,0.4098360655737705,0.37477377049180327,0.3742857142857143,305,350,ood,uni2+hoptimus,0.15376930761546145,False,0.09666666666666666,False
ood_attention_uni2,0.9,0.8714285714285714,-0.02857142857142858,95.47174835205078,cal_gap,0.08565922886332766,0.09552164303642685,0.009862414173099188,0.009921118659327724,-0.0004880347659483361,0.02255188033983881,0.016939342988652302,0.074,0.08546419265165574,0.07277107948616728,0.09815635282582541,0.010057450384771113,0.931,0.13986013986013987,0.4098360655737705,0.37477377049180327,0.3742857142857143,305,350,ood,uni2+hoptimus,0.29089278068869906,False,0.2920714285714286,False
ood_attention_uni2,0.9,0.8714285714285714,-0.02857142857142858,95.47174835205078,accuracy,0.7714285714285715,0.7639344262295082,-0.007494145199063218,-0.007673132550984682,-0.022477842809364556,0.008816319970611226,0.023106720813349194,0.334,0.7713737704918031,0.7573770491803279,0.7868852459016393,-0.007439344262294867,0.13,0.5054945054945055,0.4098360655737705,0.37477377049180327,0.3742857142857143,305,350,ood,uni2+hoptimus,0.5566838225066073,False,0.36782278481012665,False
ood_attention_uni2,0.8,0.7742857142857142,-0.0257142857142858,92.65476837158204,auroc,0.9218864373104674,0.9163533834586466,-0.005533053851820791,-0.0051418603261927515,-0.019421049960749656,0.011285275935408099,0.02214827151400381,0.492,0.9220081789382147,0.907590730466944,0.9391471315357878,-0.005654795479568153,0.241,0.4835164835164835,0.43911439114391143,0.37396309963099633,0.3742857142857143,271,350,ood,uni2+hoptimus,0.5324801780497983,False,0.5418227848101266,False
ood_attention_uni2,0.8,0.7742857142857142,-0.0257142857142858,92.65476837158204,auprc,0.8369480232797907,0.8496302455742383,0.012682222294447598,0.013291122966978928,0.0033245778283237494,0.026296664046249318,0.01655886193413165,0.01,0.8385857590701452,0.8013354738293769,0.8860991752915286,0.011044486504093065,0.711,0.5794205794205795,0.43911439114391143,0.37396309963099633,0.3742857142857143,271,350,ood,uni2+hoptimus,0.6462768001229541,False,0.012428571428571428,True
ood_attention_uni2,0.8,0.7742857142857142,-0.0257142857142858,92.65476837158204,bss,0.4819544189849594,0.4760054085336878,-0.005949010451271608,-0.005052907673209763,-0.043786494796485886,0.042483900151878244,0.062105170021932506,0.766,0.48093287162115256,0.41705782155215526,0.5513099458454271,-0.0049274630874647785,0.449,0.8991008991008991,0.43911439114391143,0.37396309963099633,0.3742857142857143,271,350,ood,uni2+hoptimus,0.9202562143738614,False,0.8029156626506023,False
ood_attention_uni2,0.8,0.7742857142857142,-0.0257142857142858,92.65476837158204,balanced_accuracy,0.8096831538220224,0.7909387439186201,-0.018744409903402315,-0.01817809698444082,-0.04104482095715575,0.0067301178388879225,0.03443524929844015,0.156,0.8099125500784121,0.7911895872985254,0.8282732990280159,-0.01897380615979205,0.024,0.04995004995004995,0.43911439114391143,0.37396309963099633,0.3742857142857143,271,350,ood,uni2+hoptimus,0.05432067932067932,False,0.16965,False
ood_attention_uni2,0.8,0.7742857142857142,-0.0257142857142858,92.65476837158204,sensitivity,0.9618320610687023,0.9831932773109243,0.02136121624222198,0.022542963911427336,-0.00020522175859339346,0.05126127078395332,0.0365207989355675,0.066,0.9617083275208356,0.9484536082474226,0.9807692307692307,0.021484949790088748,0.985,0.03196803196803197,0.43911439114391143,0.37396309963099633,0.3742857142857143,271,350,ood,uni2+hoptimus,0.07946339374910803,False,0.09261290322580645,False
ood_attention_uni2,0.8,0.7742857142857142,-0.0257142857142858,92.65476837158204,specificity,0.6575342465753424,0.5986842105263158,-0.05885003604902661,-0.05889915788030898,-0.09927408748055859,-0.015719072797091248,0.0588862720941901,0.004,0.6581167726359886,0.6265042930342059,0.6927830955724739,-0.05943256210967274,0.0,0.001998001998001998,0.43911439114391143,0.37396309963099633,0.3742857142857143,271,350,ood,uni2+hoptimus,0.002414252414252414,True,0.004578947368421053,True
ood_attention_uni2,0.8,0.7742857142857142,-0.0257142857142858,92.65476837158204,ppv,0.6268656716417911,0.6573033707865169,0.030437699144725827,0.030482763664052857,0.0037863277490843175,0.059088647125172665,0.03869725601521141,0.022,0.6269066827408988,0.5909090909090909,0.6620735327700388,0.030396688045618125,0.953,0.0959040959040959,0.43911439114391143,0.37396309963099633,0.3742857142857143,271,350,ood,uni2+hoptimus,0.11429666224186771,False,0.027739130434782606,True
ood_attention_uni2,0.8,0.7742857142857142,-0.0257142857142858,92.65476837158204,npv,0.9664429530201343,0.978494623655914,0.012051670635779721,0.01305774957975679,-0.010095153817807224,0.04049520209652942,0.03565394380422352,0.286,0.9664295558743161,0.9553571428571429,0.9831932773109243,0.012065067781597882,0.908,0.18581418581418582,0.43911439114391143,0.37396309963099633,0.3742857142857143,271,350,ood,uni2+hoptimus,0.3713559168104623,False,0.421728813559322,False
ood_attention_uni2,0.8,0.7742857142857142,-0.0257142857142858,92.65476837158204,f1,0.7590361445783133,0.7878787878787878,0.02884264330047459,0.029252586531834688,0.008606931186520566,0.05013605924327348,0.030455784394340154,0.0,0.7588730338382076,0.7309236947791165,0.7852053610030264,0.029005754040580256,0.985,0.03196803196803197,0.43911439114391143,0.37396309963099633,0.3742857142857143,271,350,ood,uni2+hoptimus,0.038628038628038625,True,0.0,True
ood_attention_uni2,0.8,0.7742857142857142,-0.0257142857142858,92.65476837158204,brier,0.12132416060196326,0.12905616985665574,0.007732009254692487,0.0074976450004356,-0.004818244886620554,0.01956617933261195,0.017411991667263284,0.228,0.12138394683285242,0.10581300308566145,0.1347859851207953,0.007672223023803326,0.86,0.2817182817182817,0.43911439114391143,0.37396309963099633,0.3742857142857143,271,350,ood,uni2+hoptimus,0.31024671531000647,False,0.24795000000000003,False
ood_attention_uni2,0.8,0.7742857142857142,-0.0257142857142858,92.65476837158204,ece,0.08565922886332764,0.10658086263282546,0.02092163376949782,0.01809501261992137,0.0008667086598771762,0.03485026035850587,0.02479140029819494,0.042,0.08923691737065624,0.07103769238127526,0.10833576510248388,0.017343945262169216,0.968,0.06593406593406594,0.43911439114391143,0.37396309963099633,0.3742857142857143,271,350,ood,uni2+hoptimus,0.11706660686252524,False,0.10747058823529412,False
ood_attention_uni2,0.8,0.7742857142857142,-0.0257142857142858,92.65476837158204,cal_gap,0.08565922886332766,0.10107107041403657,0.015411841550708905,0.01575681440483831,-0.0015449264493821154,0.03410568471291968,0.02640170888309426,0.084,0.08593068873571022,0.06768408818243452,0.10544919099777292,0.015140381678326348,0.936,0.12987012987012986,0.43911439114391143,0.37396309963099633,0.3742857142857143,271,350,ood,uni2+hoptimus,0.29089278068869906,False,0.2920714285714286,False
ood_attention_uni2,0.8,0.7742857142857142,-0.0257142857142858,92.65476837158204,accuracy,0.7714285714285715,0.7675276752767528,-0.003900896151818656,-0.0036245462263827318,-0.026408948475759912,0.020433712688429688,0.034051875430894774,0.75,0.7716531365313652,0.7490774907749077,0.7933579335793358,-0.004125461254612439,0.31,0.8391608391608392,0.43911439114391143,0.37396309963099633,0.3742857142857143,271,350,ood,uni2+hoptimus,0.879602325385458,False,0.786144578313253,False
ood_attention_uni2,0.7,0.7057142857142857,0.005714285714285783,91.04461288452148,auroc,0.9218864373104674,0.9124785648331355,-0.00940787247733188,-0.008751531932367964,-0.0286454063123058,0.011926454242836797,0.028680810654225505,0.37,0.9220362940950821,0.9040534546375917,0.9403496381932275,-0.009557729261946646,0.151,0.3036963036963037,0.46153846153846156,0.37502429149797567,0.3742857142857143,247,350,ood,uni2+hoptimus,0.357048357048357,False,0.418051948051948,False
ood_attention_uni2,0.7,0.7057142857142857,0.005714285714285783,91.04461288452148,auprc,0.8369480232797907,0.851782379721469,0.014834356441678298,0.01564652264117697,0.0022962665507086587,0.03143487878651401,0.020720525276059217,0.014,0.8397102474188008,0.7932908449068272,0.8969159389327694,0.012072132302668126,0.694,0.6133866133866134,0.46153846153846156,0.37502429149797567,0.3742857142857143,247,350,ood,uni2+hoptimus,0.660968660968661,False,0.015818181818181818,True
ood_attention_uni2,0.7,0.7057142857142857,0.005714285714285783,91.04461288452148,bss,0.4819544189849594,0.4651643832355208,-0.016790035749438603,-0.015542804812954232,-0.06787573279861332,0.0395485921982244,0.07728835254970674,0.556,0.4822409879281505,0.4050653721859746,0.5609998398682805,-0.017076604692629727,0.339,0.6793206793206793,0.46153846153846156,0.37502429149797567,0.3742857142857143,247,350,ood,uni2+hoptimus,0.748112646846824,False,0.6201538461538463,False
ood_attention_uni2,0.7,0.7057142857142857,0.005714285714285783,91.04461288452148,balanced_accuracy,0.8096831538220224,0.7775689223057645,-0.03211423151625792,-0.031093559058103903,-0.06067200205285689,0.0007966467978238954,0.04175126025998365,0.054,0.8098362385670218,0.7879925748649975,0.8330259430893133,-0.03226731626125734,0.003,0.007992007992007992,0.46153846153846156,0.37502429149797567,0.3742857142857143,247,350,ood,uni2+hoptimus,0.009524721853488977,True,0.061012987012987005,False
ood_attention_uni2,0.7,0.7057142857142857,0.005714285714285783,91.04461288452148,sensitivity,0.9618320610687023,0.9912280701754386,0.02939600910673623,0.030634282030506662,0.00622719347201727,0.06266127704071624,0.04262267487926791,0.022,0.9617231837295753,0.9438202247191011,0.9885057471264368,0.029504886445863243,0.997,0.007992007992007992,0.46153846153846156,0.37502429149797567,0.3742857142857143,247,350,ood,uni2+hoptimus,0.038628038628038625,True,0.04188888888888889,True
ood_attention_uni2,0.7,0.7057142857142857,0.005714285714285783,91.04461288452148,specificity,0.6575342465753424,0.5639097744360902,-0.09362447213925218,-0.09282140014671447,-0.14461064844992294,-0.0434772771985048,0.07234980474407228,0.0,0.6579492934044683,0.6178247766425854,0.7020003772319557,-0.09403951896837803,0.0,0.001998001998001998,0.46153846153846156,0.37502429149797567,0.3742857142857143,247,350,ood,uni2+hoptimus,0.002414252414252414,True,0.0,True
ood_attention_uni2,0.7,0.7057142857142857,0.005714285714285783,91.04461288452148,ppv,0.6268656716417911,0.6608187134502924,0.03395304180850134,0.03388852517984703,0.004375896686474471,0.06477726601795673,0.043918293491900816,0.02,0.6278640347210491,0.5833333333333334,0.6736148049645391,0.03295467872924329,0.924,0.15384615384615385,0.46153846153846156,0.37502429149797567,0.3742857142857143,247,350,ood,uni2+hoptimus,0.17846153846153848,False,0.025588235294117648,True
ood_attention_uni2,0.7,0.7057142857142857,0.005714285714285783,91.04461288452148,npv,0.9664429530201343,0.9868421052631579,0.020399152243023577,0.021485535787940626,-0.004683660933660919,0.05264912280701758,0.04134740996553007,0.124,0.9662632524384853,0.9504950495049505,0.9900049019607843,0.020578852824672533,0.97,0.061938061938061936,0.46153846153846156,0.37502429149797567,0.3742857142857143,247,350,ood,uni2+hoptimus,0.15848857025327612,False,0.23452173913043478,False
ood_attention_uni2,0.7,0.7057142857142857,0.005714285714285783,91.04461288452148,f1,0.7590361445783133,0.7929824561403509,0.033946311562037645,0.034275342702752676,0.011136909192288153,0.05884975023609522,0.034428650013792826,0.006,0.7595002150686045,0.724134030269933,0.7935532061595035,0.033482241071746355,0.972,0.057942057942057944,0.46153846153846156,0.37502429149797567,0.3742857142857143,247,350,ood,uni2+hoptimus,0.06812106812106813,False,0.007676470588235294,True
ood_attention_uni2,0.7,0.7057142857142857,0.005714285714285783,91.04461288452148,brier,0.12132416060196326,0.13291772724324336,0.011593566641280098,0.011233054930349179,-0.004649791043537791,0.025818345591184528,0.021649582347416308,0.142,0.12114677369953357,0.10355873837317729,0.1381524307512252,0.011770953543709786,0.922,0.15784215784215785,0.46153846153846156,0.37502429149797567,0.3742857142857143,247,350,ood,uni2+hoptimus,0.1830969030969031,False,0.16044155844155844,False
ood_attention_uni2,0.7,0.7057142857142857,0.005714285714285783,91.04461288452148,ece,0.08565922886332764,0.11752431842909468,0.031865089565767044,0.02963690490240815,0.009571482788266514,0.050594458999024434,0.02893661170824863,0.0,0.08995133726008385,0.06790923544689766,0.11080983230509032,0.02757298116901083,0.997,0.007992007992007992,0.46153846153846156,0.37502429149797567,0.3742857142857143,247,350,ood,uni2+hoptimus,0.043456543456543456,True,0.0,True
ood_attention_uni2,0.7,0.7057142857142857,0.005714285714285783,91.04461288452148,cal_gap,0.08565922886332766,0.1114791617841886,0.025819932920860933,0.026240466011952478,0.005395271278834525,0.04914377616599577,0.03202943412633206,0.008,0.08526447351769778,0.06204718787476196,0.10785538189988375,0.026214688266490815,0.99,0.02197802197802198,0.46153846153846156,0.37502429149797567,0.3742857142857143,247,350,ood,uni2+hoptimus,0.11247575953458307,False,0.2920714285714286,False
ood_attention_uni2,0.7,0.7057142857142857,0.005714285714285783,91.04461288452148,accuracy,0.7714285714285715,0.7611336032388664,-0.0102949681897051,-0.009843901277757791,-0.037155052264808364,0.019153120154763136,0.04003548609949803,0.474,0.7718663967611337,0.7449392712550608,0.8016194331983806,-0.010732793522267303,0.204,0.5934065934065934,0.46153846153846156,0.37502429149797567,0.3742857142857143,247,350,ood,uni2+hoptimus,0.6373626373626374,False,0.5091111111111111,False
entropy_uni2,0.9,0.8685714285714285,-0.03142857142857147,0.5843285850478745,auroc,0.9218864373104674,0.9381878209831255,0.0163013836726581,0.016374131294546564,0.008478754078396109,0.0273530239821414,0.013408651031626964,0.0,0.9221182150469538,0.9114738266337086,0.9334713240843884,0.016069605936171683,0.993,0.015984015984015984,0.3815789473684211,0.37398026315789473,0.3742857142857143,304,350,predictive,uni2+hoptimus,0.021393990624759857,True,0.0,True
entropy_uni2,0.9,0.8685714285714285,-0.03142857142857147,0.5843285850478745,auprc,0.8369480232797907,0.8560051907968574,0.019057167517066764,0.019519714159358735,0.008943818813947568,0.03236368204721469,0.01694409459952985,0.0,0.8377562433899617,0.8131227878200649,0.8769969081086915,0.018248947406895755,0.86,0.2817182817182817,0.3815789473684211,0.37398026315789473,0.3742857142857143,304,350,predictive,uni2+hoptimus,0.4224941724941724,False,0.0,True
entropy_uni2,0.9,0.8685714285714285,-0.03142857142857147,0.5843285850478745,bss,0.4819544189849594,0.5686548711205976,0.08670045213563826,0.08686888350263135,0.04625300669185195,0.13269131218371008,0.06075077736414654,0.0,0.48233245734234576,0.4361742344511725,0.5301074270870562,0.0863224137782519,0.999,0.003996003996003996,0.3815789473684211,0.37398026315789473,0.3742857142857143,304,350,predictive,uni2+hoptimus,0.005699218813972912,True,0.0,True
entropy_uni2,0.9,0.8685714285714285,-0.03142857142857147,0.5843285850478745,balanced_accuracy,0.8096831538220224,0.853448275862069,0.04376512204004657,0.04369815093600482,0.026769434928777404,0.0628884860276727,0.025636696380386653,0.0,0.8099826992356123,0.7968142968142968,0.823613001338773,0.04346557662645667,1.0,0.001998001998001998,0.3815789473684211,0.37398026315789473,0.3742857142857143,304,350,predictive,uni2+hoptimus,0.002414252414252414,True,0.0,True
entropy_uni2,0.9,0.8685714285714285,-0.03142857142857147,0.5843285850478745,sensitivity,0.9618320610687023,0.9568965517241379,-0.004935509344564437,-0.005095922892535572,-0.011297746475892817,-0.001283633660972075,0.007302794924617216,0.014,0.9620440479325041,0.9545454545454546,0.9741379310344828,-0.005147496208366187,0.316,0.7312687312687313,0.3815789473684211,0.37398026315789473,0.3742857142857143,304,350,predictive,uni2+hoptimus,0.8156458925689696,False,0.04188888888888889,True
entropy_uni2,0.9,0.8685714285714285,-0.03142857142857147,0.5843285850478745,specificity,0.6575342465753424,0.75,0.09246575342465757,0.09249222476454523,0.05836904981494209,0.13022194784086402,0.0505123688943648,0.0,0.6579213505387201,0.6349206349206349,0.6808510638297872,0.09207864946127986,1.0,0.001998001998001998,0.3815789473684211,0.37398026315789473,0.3742857142857143,304,350,predictive,uni2+hoptimus,0.002414252414252414,True,0.0,True
entropy_uni2,0.9,0.8685714285714285,-0.03142857142857147,0.5843285850478745,ppv,0.6268656716417911,0.7025316455696202,0.07566597392782914,0.07577752403600485,0.03766098693723499,0.11860250745155962,0.05831540947569979,0.002,0.6268754267527151,0.6,0.6514285714285715,0.0756562188169051,1.0,0.001998001998001998,0.3815789473684211,0.37398026315789473,0.3742857142857143,304,350,predictive,uni2+hoptimus,0.002716033966033966,True,0.0029000000000000002,True
entropy_uni2,0.9,0.8685714285714285,-0.03142857142857147,0.5843285850478745,npv,0.9664429530201343,0.9657534246575342,-0.0006895283626000559,-0.0007274533744634617,-0.002192281342772273,0.0,0.0015745236664156418,0.124,0.9666808956584056,0.96,0.9774436090225563,-0.0009274710008714271,0.471,0.9430569430569431,0.3815789473684211,0.37398026315789473,0.3742857142857143,304,350,predictive,uni2+hoptimus,0.9944474130520643,False,0.23452173913043478,False
entropy_uni2,0.9,0.8685714285714285,-0.03142857142857147,0.5843285850478745,f1,0.7590361445783133,0.8102189781021898,0.051182833523876536,0.051265273611529535,0.02377960222426035,0.082422799534582,0.04165578706904625,0.002,0.7590258857379079,0.7386678405954566,0.777027027027027,0.051193092364281934,1.0,0.001998001998001998,0.3815789473684211,0.37398026315789473,0.3742857142857143,304,350,predictive,uni2+hoptimus,0.0026337299064571793,True,0.0027619047619047623,True
entropy_uni2,0.9,0.8685714285714285,-0.03142857142857147,0.5843285850478745,brier,0.12132416060196326,0.10178729408978973,-0.019536866512173526,-0.01949658880123384,-0.029330194347471007,-0.010749084994222833,0.01304504304268972,0.0,0.12112684673220145,0.11059668555721922,0.13110783452813046,-0.019339552642411717,0.001,0.003996003996003996,0.3815789473684211,0.37398026315789473,0.3742857142857143,304,350,predictive,uni2+hoptimus,0.005348497656189964,True,0.0,True
entropy_uni2,0.9,0.8685714285714285,-0.03142857142857147,0.5843285850478745,ece,0.08565922886332764,0.07736182340503497,-0.008297405458292662,-0.007190047003462118,-0.026801959194015353,0.01206926121367132,0.02801241293599623,0.48,0.08718003824165499,0.07406047866346563,0.10124909895181954,-0.009818214836620015,0.07,0.14185814185814186,0.3815789473684211,0.37398026315789473,0.3742857142857143,304,350,predictive,uni2+hoptimus,0.2056943056943057,False,0.5881690140845071,False
entropy_uni2,0.9,0.8685714285714285,-0.03142857142857147,0.5843285850478745,cal_gap,0.08565922886332766,0.07216333019727911,-0.013495898666048556,-0.013580622546223116,-0.032573867046564196,0.005543531620164934,0.027461010989501287,0.146,0.08579112932496279,0.07185169024336283,0.099544901853752,-0.013627799127683679,0.026,0.053946053946053944,0.3815789473684211,0.37398026315789473,0.3742857142857143,304,350,predictive,uni2+hoptimus,0.18051179589641128,False,0.37870588235294117,False
entropy_uni2,0.9,0.8685714285714285,-0.03142857142857147,0.5843285850478745,accuracy,0.7714285714285715,0.8289473684210527,0.05751879699248119,0.057584640710642974,0.03229688354291958,0.08550378633992561,0.03675883376769013,0.0,0.7716513157894738,0.756578947368421,0.7894736842105263,0.057296052631578887,1.0,0.001998001998001998,0.3815789473684211,0.37398026315789473,0.3742857142857143,304,350,predictive,uni2+hoptimus,0.0025192199105242585,True,0.0,True
entropy_uni2,0.8,0.7514285714285714,-0.0485714285714286,0.4071299380526955,auroc,0.9218864373104674,0.9507977103885032,0.02891127307803587,0.029103206696418207,0.01441787813526275,0.04642233152988476,0.022999623388948225,0.0,0.9218615426338597,0.9069216247021528,0.9377401842716839,0.028936167754643582,0.998,0.005994005994005994,0.38783269961977185,0.3750950570342205,0.3742857142857143,263,350,predictive,uni2+hoptimus,0.01022506904859846,True,0.0,True
entropy_uni2,0.8,0.7514285714285714,-0.0485714285714286,0.4071299380526955,auprc,0.8369480232797907,0.8703754167564525,0.03342739347666179,0.034492266213357485,0.013405916783754397,0.057104022510031396,0.03063301468502579,0.0,0.8385674033343702,0.8005646165773405,0.8882633512244231,0.03180801342208228,0.902,0.1978021978021978,0.38783269961977185,0.3750950570342205,0.3742857142857143,263,350,predictive,uni2+hoptimus,0.41980660848585377,False,0.0,True
entropy_uni2,0.8,0.7514285714285714,-0.0485714285714286,0.4071299380526955,bss,0.4819544189849594,0.6649936336918161,0.1830392147068567,0.18350190399590724,0.11343919926200234,0.2607401580741271,0.10365735948119,0.0,0.48152528208452633,0.4192852122757744,0.5510078703102961,0.18346835160728975,1.0,0.001998001998001998,0.38783269961977185,0.3750950570342205,0.3742857142857143,263,350,predictive,uni2+hoptimus,0.003160475887748615,True,0.0,True
entropy_uni2,0.8,0.7514285714285714,-0.0485714285714286,0.4071299380526955,balanced_accuracy,0.8096831538220224,0.8921264157837048,0.08244326196168239,0.08264923245029966,0.05573001720501733,0.11008725787101079,0.03820820748672668,0.0,0.8099230887624219,0.7907665464243422,0.8300521674326171,0.08220332702128286,1.0,0.001998001998001998,0.38783269961977185,0.3750950570342205,0.3742857142857143,263,350,predictive,uni2+hoptimus,0.002414252414252414,True,0.0,True
entropy_uni2,0.8,0.7514285714285714,-0.0485714285714286,0.4071299380526955,sensitivity,0.9618320610687023,0.9705882352941176,0.008756174225415303,0.00907217476105081,-0.009508564960247769,0.03423572487949565,0.0310098896944531,0.422,0.9622106821610334,0.9473684210526315,0.9803969160479725,0.008377553133084192,0.847,0.3076923076923077,0.38783269961977185,0.3750950570342205,0.3742857142857143,263,350,predictive,uni2+hoptimus,0.43883984867591425,False,0.5029315068493151,False
entropy_uni2,0.8,0.7514285714285714,-0.0485714285714286,0.4071299380526955,specificity,0.6575342465753424,0.8136645962732919,0.15613034969794948,0.1562262901395485,0.1114912287839092,0.20483987897918907,0.06957320662159258,0.0,0.6576354953638106,0.6249810606060606,0.6946235577625237,0.1560291009094813,1.0,0.001998001998001998,0.38783269961977185,0.3750950570342205,0.3742857142857143,263,350,predictive,uni2+hoptimus,0.002414252414252414,True,0.0,True
entropy_uni2,0.8,0.7514285714285714,-0.0485714285714286,0.4071299380526955,ppv,0.6268656716417911,0.7674418604651163,0.14057618882332523,0.14080105437787582,0.08568453997050635,0.19676549278247885,0.08066817404957961,0.0,0.6278203146265993,0.5894039735099338,0.6666666666666666,0.13962154583851705,1.0,0.001998001998001998,0.38783269961977185,0.3750950570342205,0.3742857142857143,263,350,predictive,uni2+hoptimus,0.002716033966033966,True,0.0,True
entropy_uni2,0.8,0.7514285714285714,-0.0485714285714286,0.4071299380526955,npv,0.9664429530201343,0.9776119402985075,0.011168987278373232,0.011474239186867694,-0.002853121640203349,0.031894230307254426,0.02556243496511882,0.238,0.9666498886596024,0.9537037037037037,0.9829059829059829,0.010962051638905068,0.893,0.21578421578421578,0.38783269961977185,0.3750950570342205,0.3742857142857143,263,350,predictive,uni2+hoptimus,0.4171828171828172,False,0.38666666666666666,False
entropy_uni2,0.8,0.7514285714285714,-0.0485714285714286,0.4071299380526955,f1,0.7590361445783133,0.8571428571428571,0.09810671256454384,0.09846667938220412,0.058574928338507644,0.13915571506663088,0.056863178870773703,0.0,0.7596684812176998,0.7302708999387796,0.7890625,0.09747437592515729,1.0,0.001998001998001998,0.38783269961977185,0.3750950570342205,0.3742857142857143,263,350,predictive,uni2+hoptimus,0.0026337299064571793,True,0.0,True
entropy_uni2,0.8,0.7514285714285714,-0.0485714285714286,0.4071299380526955,brier,0.12132416060196326,0.07953670788233162,-0.041787452719631635,-0.04176821482349083,-0.059089594359816366,-0.026092047947749837,0.02337684933684828,0.0,0.12136011583384279,0.10614838230930239,0.13528771537558426,-0.04182340795151117,0.0,0.001998001998001998,0.38783269961977185,0.3750950570342205,0.3742857142857143,263,350,predictive,uni2+hoptimus,0.0031040388183245326,True,0.0,True
entropy_uni2,0.8,0.7514285714285714,-0.0485714285714286,0.4071299380526955,ece,0.08565922886332764,0.071717218728736,-0.013942010134591634,-0.016484308309620544,-0.04210398314337468,0.0073990489681272234,0.03661745196676556,0.216,0.08921672784321774,0.06940503585851261,0.1084337259533004,-0.01749950911448174,0.04,0.08191808191808192,0.38783269961977185,0.3750950570342205,0.3742857142857143,263,350,predictive,uni2+hoptimus,0.14253746253746255,False,0.31850847457627113,False
entropy_uni2,0.8,0.7514285714285714,-0.0485714285714286,0.4071299380526955,cal_gap,0.08565922886332766,0.06601021631741227,-0.01964901254591539,-0.019863716106305628,-0.04767175312760292,0.007950920824910508,0.038347809433032946,0.144,0.08556549159689726,0.06498499841145113,0.10553141997570702,-0.019555275279484988,0.026,0.053946053946053944,0.38783269961977185,0.3750950570342205,0.3742857142857143,263,350,predictive,uni2+hoptimus,0.18051179589641128,False,0.37870588235294117,False
entropy_uni2,0.8,0.7514285714285714,-0.0485714285714286,0.4071299380526955,accuracy,0.7714285714285715,0.8745247148288974,0.10309614340032591,0.10337404245078395,0.0708076495050664,0.1385049327294878,0.04971274263762995,0.0,0.7718783269961976,0.7489543726235741,0.7946768060836502,0.10264638783269975,1.0,0.001998001998001998,0.38783269961977185,0.3750950570342205,0.3742857142857143,263,350,predictive,uni2+hoptimus,0.0025192199105242585,True,0.0,True
entropy_uni2,0.7,0.6571428571428571,-0.042857142857142816,0.2681864273791168,auroc,0.9218864373104674,0.9584126984126984,0.036526261102231006,0.03694906558842499,0.017487032517206024,0.059098044104967634,0.02962621069034929,0.0,0.9221005875958145,0.9025824742848947,0.9418235528276097,0.0363121108168839,1.0,0.001998001998001998,0.391304347826087,0.3733478260869565,0.3742857142857143,230,350,predictive,uni2+hoptimus,0.006685622070237455,True,0.0,True
entropy_uni2,0.7,0.6571428571428571,-0.042857142857142816,0.2681864273791168,auprc,0.8369480232797907,0.878303419077489,0.04135539579769831,0.04318155416870083,0.014234725343404205,0.07422672101328304,0.04250251721580497,0.004,0.8395917101192357,0.7884257754514082,0.8995275424970989,0.038711708958253266,0.906,0.18981018981018982,0.391304347826087,0.3733478260869565,0.3742857142857143,230,350,predictive,uni2+hoptimus,0.41980660848585377,False,0.006,True
entropy_uni2,0.7,0.6571428571428571,-0.042857142857142816,0.2681864273791168,bss,0.4819544189849594,0.7405337478701524,0.25857932888519297,0.2603114630042988,0.17566418986861343,0.3591691172857589,0.13165509018415056,0.0,0.4819055208479,0.3954202515959816,0.5649930395901361,0.25862822702225235,1.0,0.001998001998001998,0.391304347826087,0.3733478260869565,0.3742857142857143,230,350,predictive,uni2+hoptimus,0.003160475887748615,True,0.0,True
entropy_uni2,0.7,0.6571428571428571,-0.042857142857142816,0.2681864273791168,balanced_accuracy,0.8096831538220224,0.9265873015873016,0.11690414776527924,0.11717277562846296,0.08712656778089689,0.14943480562078193,0.04462314416832895,0.0,0.8094327738130568,0.7846421127653388,0.8365167283999262,0.11715452777424484,1.0,0.001998001998001998,0.391304347826087,0.3733478260869565,0.3742857142857143,230,350,predictive,uni2+hoptimus,0.002414252414252414,True,0.0,True
entropy_uni2,0.7,0.6571428571428571,-0.042857142857142816,0.2681864273791168,sensitivity,0.9618320610687023,0.9888888888888889,0.02705682782018659,0.028033909330348872,0.0007752983527389044,0.05943611165370313,0.04331309026787131,0.048,0.9612566066483452,0.9404761904761905,0.9879518072289156,0.027632282240543704,0.991,0.01998001998001998,0.391304347826087,0.3733478260869565,0.3742857142857143,230,350,predictive,uni2+hoptimus,0.061350414291590764,False,0.07200000000000001,False
entropy_uni2,0.7,0.6571428571428571,-0.042857142857142816,0.2681864273791168,specificity,0.6575342465753424,0.8642857142857143,0.2067514677103719,0.20631164192657706,0.1530814066092838,0.2609616849606815,0.07799323942667588,0.0,0.6576089409777682,0.6131271203865529,0.7054794520547946,0.2066767733079461,1.0,0.001998001998001998,0.391304347826087,0.3733478260869565,0.3742857142857143,230,350,predictive,uni2+hoptimus,0.002414252414252414,True,0.0,True
entropy_uni2,0.7,0.6571428571428571,-0.042857142857142816,0.2681864273791168,ppv,0.6268656716417911,0.8240740740740741,0.197208402432283,0.19699780299151332,0.13817483733031424,0.2591762182269924,0.09106440472204518,0.0,0.6258698382181171,0.5801416085850204,0.671878125,0.19820423585595692,1.0,0.001998001998001998,0.391304347826087,0.3733478260869565,0.3742857142857143,230,350,predictive,uni2+hoptimus,0.002716033966033966,True,0.0,True
entropy_uni2,0.7,0.6571428571428571,-0.042857142857142816,0.2681864273791168,npv,0.9664429530201343,0.9918032786885246,0.025360325668390304,0.026128232994447203,0.004116101296922292,0.05263919859869317,0.03700852331025063,0.03,0.9660749460077175,0.9473684210526315,0.9894764254385965,0.025728332680807098,0.996,0.00999000999000999,0.391304347826087,0.3733478260869565,0.3742857142857143,230,350,predictive,uni2+hoptimus,0.03778829865786387,True,0.07909090909090909,False
entropy_uni2,0.7,0.6571428571428571,-0.042857142857142816,0.2681864273791168,f1,0.7590361445783133,0.898989898989899,0.13995375441158575,0.14041887893564933,0.09982535752111593,0.18556547205726961,0.0643166859882446,0.0,0.7578561030524457,0.722739499977395,0.7926267281105991,0.14113379593745334,1.0,0.001998001998001998,0.391304347826087,0.3733478260869565,0.3742857142857143,230,350,predictive,uni2+hoptimus,0.0026337299064571793,True,0.0,True
entropy_uni2,0.7,0.6571428571428571,-0.042857142857142816,0.2681864273791168,brier,0.12132416060196326,0.0618010354789429,-0.059523125123020354,-0.059742165088227495,-0.08184801082547173,-0.04056774869446085,0.029801276909107225,0.0,0.12097748474489123,0.10183952876600845,0.13903594524223778,-0.059176449265948325,0.0,0.001998001998001998,0.391304347826087,0.3733478260869565,0.3742857142857143,230,350,predictive,uni2+hoptimus,0.0031040388183245326,True,0.0,True
entropy_uni2,0.7,0.6571428571428571,-0.042857142857142816,0.2681864273791168,ece,0.08565922886332764,0.06671778096756693,-0.018941447895760702,-0.026345207444333163,-0.054768892030111614,0.0012318804220608703,0.03962668219896699,0.06,0.09077588819886112,0.06750900429397638,0.11342195079540429,-0.024058107231294187,0.017,0.03596403596403597,0.391304347826087,0.3733478260869565,0.3742857142857143,230,350,predictive,uni2+hoptimus,0.08926208926208926,False,0.1305,False
entropy_uni2,0.7,0.6571428571428571,-0.042857142857142816,0.2681864273791168,cal_gap,0.08565922886332766,0.05776481346895351,-0.02789441539437415,-0.02783819169130119,-0.058096780444302755,0.0045393071454533996,0.0439067081109523,0.08,0.08534323057495867,0.06061459093552043,0.1098335859443456,-0.027578417106005157,0.016,0.03396603396603397,0.391304347826087,0.3733478260869565,0.3742857142857143,230,350,predictive,uni2+hoptimus,0.14071642643071214,False,0.2920714285714286,False
entropy_uni2,0.7,0.6571428571428571,-0.042857142857142816,0.2681864273791168,accuracy,0.7714285714285715,0.9130434782608695,0.14161490683229805,0.14184075471408802,0.10568600399296885,0.18170862308359015,0.05578018938761224,0.0,0.7709869565217391,0.7391304347826086,0.8,0.14205652173913041,1.0,0.001998001998001998,0.391304347826087,0.3733478260869565,0.3742857142857143,230,350,predictive,uni2+hoptimus,0.0025192199105242585,True,0.0,True
de_predictive_entropy,0.9,0.8485714285714285,-0.05142857142857149,0.6099262143315602,auroc,0.9230715605284255,0.9449833431314912,0.0219117826030657,0.022011767437010162,0.012605085442011965,0.033771730379146964,0.015716780893302956,0.0,0.9229323474517589,0.9122528181213108,0.9346954146606924,0.022050995679732344,0.999,0.003996003996003996,0.36363636363636365,0.3745218855218856,0.3742857142857143,297,350,deep_ensemble,ensemble,0.008084938317496458,True,0.0,True
de_predictive_entropy,0.9,0.8485714285714285,-0.05142857142857149,0.6099262143315602,auprc,0.8598421756650698,0.8862140113759154,0.02637183571084556,0.026556938652753794,0.014532218388304879,0.042373023205035325,0.02034240011264408,0.0,0.8598397584996779,0.8366983188501068,0.8867447171295254,0.026374252876237514,0.97,0.061938061938061936,0.36363636363636365,0.3745218855218856,0.3742857142857143,297,350,deep_ensemble,ensemble,0.25696043087347437,False,0.0,True
de_predictive_entropy,0.9,0.8485714285714285,-0.05142857142857149,0.6099262143315602,bss,0.5135339550960707,0.6171396566685676,0.10360570157249693,0.10374834646267778,0.0672415124535032,0.1452694047803772,0.055627021938632074,0.0,0.5129726886549597,0.4696747024184728,0.5573795623086173,0.10416696801360792,1.0,0.001998001998001998,0.36363636363636365,0.3745218855218856,0.3742857142857143,297,350,deep_ensemble,ensemble,0.003160475887748615,True,0.0,True
de_predictive_entropy,0.9,0.8485714285714285,-0.05142857142857149,0.6099262143315602,balanced_accuracy,0.8112168426923211,0.8597883597883598,0.048571517096038686,0.04836326594400817,0.031980774908452046,0.06663567177419022,0.02477442882018353,0.0,0.81120518612824,0.7973170038334165,0.8262065637065636,0.04858317366011977,1.0,0.001998001998001998,0.36363636363636365,0.3745218855218856,0.3742857142857143,297,350,deep_ensemble,ensemble,0.002414252414252414,True,0.0,True
de_predictive_entropy,0.9,0.8485714285714285,-0.05142857142857149,0.6099262143315602,sensitivity,0.9694656488549618,0.9629629629629629,-0.006502685891998872,-0.006715996719714236,-0.014176673266007933,-0.0014416557104013105,0.00950149821692032,0.022,0.9695447240409151,0.9626168224299065,0.9824561403508771,-0.006581761077952164,0.04,0.14785214785214784,0.36363636363636365,0.3745218855218856,0.3742857142857143,297,350,deep_ensemble,ensemble,0.26251299720687477,False,0.04188888888888889,True
de_predictive_entropy,0.9,0.8485714285714285,-0.05142857142857149,0.6099262143315602,specificity,0.6529680365296804,0.7566137566137566,0.10364572008407624,0.10344252860773057,0.0727691993525465,0.1387347474842729,0.04832821964526969,0.0,0.652865648215565,0.6264337568058076,0.6815950321379227,0.1037481083981916,1.0,0.001998001998001998,0.36363636363636365,0.3745218855218856,0.3742857142857143,297,350,deep_ensemble,ensemble,0.002414252414252414,True,0.0,True
de_predictive_entropy,0.9,0.8485714285714285,-0.05142857142857149,0.6099262143315602,ppv,0.625615763546798,0.6933333333333334,0.06771756978653531,0.06737951058534267,0.02777376042526988,0.11110941733192495,0.059167953263055025,0.002,0.6258047468708596,0.5976331360946746,0.6549707602339181,0.06752858646247373,1.0,0.001998001998001998,0.36363636363636365,0.3745218855218856,0.3742857142857143,297,350,deep_ensemble,ensemble,0.002716033966033966,True,0.0029000000000000002,True
de_predictive_entropy,0.9,0.8485714285714285,-0.05142857142857149,0.6099262143315602,npv,0.9727891156462585,0.9727891156462585,0.0,0.0,0.0,0.0,0.0,1.0,0.9728234634102547,0.9663865546218487,0.984251968503937,-3.4347763996245284e-05,0.509,0.983016983016983,0.36363636363636365,0.3745218855218856,0.3742857142857143,297,350,deep_ensemble,ensemble,0.9944474130520643,False,1.0,False
de_predictive_entropy,0.9,0.8485714285714285,-0.05142857142857149,0.6099262143315602,f1,0.7604790419161677,0.8062015503875969,0.045722508471429224,0.04541231792029042,0.01709863834167803,0.07641507329366899,0.04203496578597929,0.004,0.7605422925729766,0.7383512544802867,0.7832167832167832,0.045659257814620324,1.0,0.001998001998001998,0.36363636363636365,0.3745218855218856,0.3742857142857143,297,350,deep_ensemble,ensemble,0.0026337299064571793,True,0.0054375000000000005,True
de_predictive_entropy,0.9,0.8485714285714285,-0.05142857142857149,0.6099262143315602,brier,0.11392836214080676,0.08859578192793476,-0.025332580212872005,-0.025356554717545762,-0.034334911843220906,-0.01712740884676258,0.012510672989691074,0.0,0.11400803071863742,0.10439807476581574,0.12377666648267269,-0.02541224879070267,0.0,0.001998001998001998,0.36363636363636365,0.3745218855218856,0.3742857142857143,297,350,deep_ensemble,ensemble,0.0031040388183245326,True,0.0,True
de_predictive_entropy,0.9,0.8485714285714285,-0.05142857142857149,0.6099262143315602,ece,0.07223628157749773,0.07321372290489953,0.0009774413274017957,-0.006427459315931993,-0.02430190912380328,0.010505854583600288,0.025219809219592226,0.516,0.07422543671267164,0.05988216954534279,0.0887550311388059,-0.0010117138077721105,0.439,0.8791208791208791,0.36363636363636365,0.3745218855218856,0.3742857142857143,297,350,deep_ensemble,ensemble,0.921488150403813,False,0.6235,False
de_predictive_entropy,0.9,0.8485714285714285,-0.05142857142857149,0.6099262143315602,cal_gap,0.07223628157749773,0.07321372290489947,0.0009774413274017402,0.0007291590741983489,-0.019517463020241887,0.021825746717600472,0.029314475566270783,0.95,0.07212808944361743,0.057292172861417204,0.08704562086011484,0.0010856334612820429,0.543,0.9150849150849151,0.36363636363636365,0.3745218855218856,0.3742857142857143,297,350,deep_ensemble,ensemble,0.9366163248516189,False,0.9723529411764705,False
de_predictive_entropy,0.9,0.8485714285714285,-0.05142857142857149,0.6099262143315602,accuracy,0.7714285714285715,0.8316498316498316,0.060221260221260176,0.060074618716850624,0.03553272784215466,0.08651620396388289,0.035710341254561746,0.0,0.7714680134680136,0.7542087542087542,0.7912457912457912,0.060181818181818,1.0,0.001998001998001998,0.36363636363636365,0.3745218855218856,0.3742857142857143,297,350,deep_ensemble,ensemble,0.0025192199105242585,True,0.0,True
de_predictive_entropy,0.8,0.7342857142857143,-0.06571428571428573,0.4634183003100576,auroc,0.9230715605284255,0.9506369426751592,0.027565382146733652,0.027769781401029817,0.014008583084020828,0.04419596113438431,0.021904575460848404,0.0,0.9227226815859799,0.9068958169420404,0.9392711438114724,0.02791426108917927,1.0,0.001998001998001998,0.38910505836575876,0.3740739299610895,0.3742857142857143,257,350,deep_ensemble,ensemble,0.006685622070237455,True,0.0,True
de_predictive_entropy,0.8,0.7342857142857143,-0.06571428571428573,0.4634183003100576,auprc,0.8598421756650698,0.8985654701503509,0.03872329448528111,0.03908189890920768,0.02169256821876325,0.06089486973877731,0.027652309698292375,0.0,0.8593421218001517,0.825095498257411,0.8973839679668928,0.03922334835019925,0.976,0.04995004995004995,0.38910505836575876,0.3740739299610895,0.3742857142857143,257,350,deep_ensemble,ensemble,0.25696043087347437,False,0.0,True
de_predictive_entropy,0.8,0.7342857142857143,-0.06571428571428573,0.4634183003100576,bss,0.5135339550960707,0.6921979912159915,0.17866403611992077,0.17800603705275467,0.11993299648881331,0.24319226766802154,0.08799256201543064,0.0,0.5117156257507687,0.44664809250507226,0.575493684521988,0.18048236546522278,1.0,0.001998001998001998,0.38910505836575876,0.3740739299610895,0.3742857142857143,257,350,deep_ensemble,ensemble,0.003160475887748615,True,0.0,True
de_predictive_entropy,0.8,0.7342857142857143,-0.06571428571428573,0.4634183003100576,balanced_accuracy,0.8112168426923211,0.925859872611465,0.11464302991914388,0.11454782498842721,0.0885520971372747,0.14321214713705466,0.03957841213259529,0.0,0.8110338344970958,0.7912793824004694,0.8315881745349092,0.1148260381143692,1.0,0.001998001998001998,0.38910505836575876,0.3740739299610895,0.3742857142857143,257,350,deep_ensemble,ensemble,0.002414252414252414,True,0.0,True
de_predictive_entropy,0.8,0.7342857142857143,-0.06571428571428573,0.4634183003100576,sensitivity,0.9694656488549618,0.96,-0.009465648854961817,-0.009764369265491932,-0.02046280313645662,-0.0021698017406715096,0.013727998532347994,0.022,0.9693173242045776,0.9560439560439561,0.9896907216494846,-0.009317324204577648,0.22,0.48151848151848153,0.38910505836575876,0.3740739299610895,0.3742857142857143,257,350,deep_ensemble,ensemble,0.590029688621238,False,0.04188888888888889,True
de_predictive_entropy,0.8,0.7342857142857143,-0.06571428571428573,0.4634183003100576,specificity,0.6529680365296804,0.89171974522293,0.23875170869324958,0.23886001924234632,0.18780232048109208,0.29592319983453247,0.07717957875053416,0.0,0.652750344789614,0.6153726708074535,0.6913696715583507,0.23896940043331594,1.0,0.001998001998001998,0.38910505836575876,0.3740739299610895,0.3742857142857143,257,350,deep_ensemble,ensemble,0.002414252414252414,True,0.0,True
de_predictive_entropy,0.8,0.7342857142857143,-0.06571428571428573,0.4634183003100576,ppv,0.625615763546798,0.8495575221238938,0.22394175857709575,0.22386065292760327,0.16447317198936037,0.2894629607672209,0.08961690305036173,0.0,0.625217909237922,0.5855140082348729,0.6645171498570845,0.22433961288597182,1.0,0.001998001998001998,0.38910505836575876,0.3740739299610895,0.3742857142857143,257,350,deep_ensemble,ensemble,0.002716033966033966,True,0.0,True
de_predictive_entropy,0.8,0.7342857142857143,-0.06571428571428573,0.4634183003100576,npv,0.9727891156462585,0.9722222222222222,-0.0005668934240362633,-0.0005864906892241435,-0.001748614227059106,0.0,0.0013266189167663732,0.128,0.9727085043509512,0.9611650485436893,0.9906542056074766,-0.000486282128729032,0.483,1.0,0.38910505836575876,0.3740739299610895,0.3742857142857143,257,350,deep_ensemble,ensemble,1.0,False,0.235625,False
de_predictive_entropy,0.8,0.7342857142857143,-0.06571428571428573,0.4634183003100576,f1,0.7604790419161677,0.9014084507042254,0.1409294087880577,0.14102329569378316,0.09987685597126722,0.18654517472036108,0.06172806562765839,0.0,0.7599418823491,0.7288135593220338,0.7903561827956989,0.1414665683551254,1.0,0.001998001998001998,0.38910505836575876,0.3740739299610895,0.3742857142857143,257,350,deep_ensemble,ensemble,0.0026337299064571793,True,0.0,True
de_predictive_entropy,0.8,0.7342857142857143,-0.06571428571428573,0.4634183003100576,brier,0.11392836214080676,0.07316524910155998,-0.040763113039246776,-0.04047706565840859,-0.05472098781768829,-0.02705924995932274,0.02028564344520223,0.0,0.11416349185342788,0.09979350862552899,0.12793550433311904,-0.04099824275186789,0.0,0.001998001998001998,0.38910505836575876,0.3740739299610895,0.3742857142857143,257,350,deep_ensemble,ensemble,0.0031040388183245326,True,0.0,True
de_predictive_entropy,0.8,0.7342857142857143,-0.06571428571428573,0.4634183003100576,ece,0.07223628157749773,0.054003807513137506,-0.018232474064360224,-0.02487727304523229,-0.047355766758143465,-0.004267315235982496,0.031197568074518987,0.012,0.07624431034079336,0.05681177720867808,0.09464980443850783,-0.022240502827655856,0.012,0.025974025974025976,0.38910505836575876,0.3740739299610895,0.3742857142857143,257,350,deep_ensemble,ensemble,0.08070500927643785,False,0.0522,False
de_predictive_entropy,0.8,0.7342857142857143,-0.06571428571428573,0.4634183003100576,cal_gap,0.07223628157749773,0.05400380751313749,-0.018232474064360238,-0.01860845116297303,-0.045992642789152834,0.00753200365647834,0.037688921962292274,0.148,0.07224472867152817,0.05071600463906311,0.09152018757399302,-0.018240921158390683,0.037,0.07592407592407592,0.38910505836575876,0.3740739299610895,0.3742857142857143,257,350,deep_ensemble,ensemble,0.22777222777222778,False,0.37870588235294117,False
de_predictive_entropy,0.8,0.7342857142857143,-0.06571428571428573,0.4634183003100576,accuracy,0.7714285714285715,0.9182879377431906,0.14685936631461916,0.14692831033385056,0.1106571546471626,0.1861263056403664,0.05374044181906077,0.0,0.7711750972762648,0.7470817120622568,0.7976653696498055,0.14711284046692585,1.0,0.001998001998001998,0.38910505836575876,0.3740739299610895,0.3742857142857143,257,350,deep_ensemble,ensemble,0.0025192199105242585,True,0.0,True
de_predictive_entropy,0.7,0.6371428571428571,-0.06285714285714283,0.3674110269841139,auroc,0.9230715605284255,0.9605604566683965,0.03748889613997097,0.037821846592516715,0.021256500027375832,0.056489105494784864,0.026239659853504002,0.0,0.9232461902541383,0.9031394994117716,0.9434018773375784,0.03731426641425817,1.0,0.001998001998001998,0.36771300448430494,0.3743183856502242,0.3742857142857143,223,350,deep_ensemble,ensemble,0.006685622070237455,True,0.0,True
de_predictive_entropy,0.7,0.6371428571428571,-0.06285714285714283,0.3674110269841139,auprc,0.8598421756650698,0.9097249399738038,0.04988276430873395,0.05041648089730098,0.026093932607752952,0.07817852137440583,0.03760795667973028,0.0,0.8608065747248165,0.8191799738061089,0.9053128080908148,0.048918365248987294,0.982,0.03796203796203796,0.36771300448430494,0.3743183856502242,0.3742857142857143,223,350,deep_ensemble,ensemble,0.25696043087347437,False,0.0,True
de_predictive_entropy,0.7,0.6371428571428571,-0.06285714285714283,0.3674110269841139,bss,0.5135339550960707,0.7036577825107668,0.19012382741469613,0.19070814309268308,0.10941755820613125,0.2737873071315692,0.11694272800823144,0.0,0.5136180101429946,0.4356284991780632,0.5954465757787405,0.19003977236777225,1.0,0.001998001998001998,0.36771300448430494,0.3743183856502242,0.3742857142857143,223,350,deep_ensemble,ensemble,0.003160475887748615,True,0.0,True
de_predictive_entropy,0.7,0.6371428571428571,-0.06285714285714283,0.3674110269841139,balanced_accuracy,0.8112168426923211,0.9320619270022488,0.12084508430992769,0.12128001642853979,0.09102852663204943,0.15253432687198537,0.04421219030186427,0.0,0.8111619788173359,0.7854991394148021,0.8379024718536858,0.1208999481849129,1.0,0.001998001998001998,0.36771300448430494,0.3743183856502242,0.3742857142857143,223,350,deep_ensemble,ensemble,0.002414252414252414,True,0.0,True
de_predictive_entropy,0.7,0.6371428571428571,-0.06285714285714283,0.3674110269841139,sensitivity,0.9694656488549618,0.9634146341463414,-0.00605101470862035,-0.006011206183433398,-0.027200837568228893,0.016812461160346927,0.030917230636315185,0.574,0.9692423870412296,0.95,0.9886363636363636,-0.005827752894888127,0.293,0.6553446553446554,0.36771300448430494,0.3743183856502242,0.3742857142857143,223,350,deep_ensemble,ensemble,0.7857895529128406,False,0.66584,False
de_predictive_entropy,0.7,0.6371428571428571,-0.06285714285714283,0.3674110269841139,specificity,0.6529680365296804,0.900709219858156,0.2477411833284756,0.24857123904051298,0.1937686116865608,0.31069478193405226,0.08282223989914955,0.0,0.6530815705934424,0.6060550763105508,0.7054914276014259,0.2476276492647136,1.0,0.001998001998001998,0.36771300448430494,0.3743183856502242,0.3742857142857143,223,350,deep_ensemble,ensemble,0.002414252414252414,True,0.0,True
de_predictive_entropy,0.7,0.6371428571428571,-0.06285714285714283,0.3674110269841139,ppv,0.625615763546798,0.8494623655913979,0.22384660204459983,0.22463842466311326,0.1556542904996843,0.29588182900250115,0.10112331855148099,0.0,0.6256773830117254,0.5747773331612237,0.6793967676526718,0.2237849825796725,1.0,0.001998001998001998,0.36771300448430494,0.3743183856502242,0.3742857142857143,223,350,deep_ensemble,ensemble,0.002716033966033966,True,0.0,True
de_predictive_entropy,0.7,0.6371428571428571,-0.06285714285714283,0.3674110269841139,npv,0.9727891156462585,0.9769230769230769,0.004133961276818421,0.0044498183858931555,-0.005200963263918593,0.01999207555101484,0.019680254033564996,0.728,0.9726186375190196,0.9555555555555556,0.9897959183673469,0.004304439404057336,0.573,0.8551448551448552,0.36771300448430494,0.3743183856502242,0.3742857142857143,223,350,deep_ensemble,ensemble,0.9944474130520643,False,0.9453134328358209,False
de_predictive_entropy,0.7,0.6371428571428571,-0.06285714285714283,0.3674110269841139,f1,0.7604790419161677,0.9028571428571428,0.14237810094097514,0.14302387294614413,0.09644040509435987,0.19234453781512603,0.06867673323387831,0.0,0.7601229594723071,0.7184466019417476,0.8,0.14273418338483568,1.0,0.001998001998001998,0.36771300448430494,0.3743183856502242,0.3742857142857143,223,350,deep_ensemble,ensemble,0.0026337299064571793,True,0.0,True
de_predictive_entropy,0.7,0.6371428571428571,-0.06285714285714283,0.3674110269841139,brier,0.11392836214080676,0.0688996102598185,-0.04502875188098826,-0.045141812808347996,-0.06405996757159547,-0.02716287495735834,0.026209657131727595,0.0,0.11367029418772606,0.09569789000378641,0.13081144745720538,-0.04477068392790756,0.0,0.001998001998001998,0.36771300448430494,0.3743183856502242,0.3742857142857143,223,350,deep_ensemble,ensemble,0.0031040388183245326,True,0.0,True
de_predictive_entropy,0.7,0.6371428571428571,-0.06285714285714283,0.3674110269841139,ece,0.07223628157749773,0.05895323361032079,-0.013283047967176942,-0.02030937678703422,-0.04860811490637988,0.0064949664550085825,0.03794826350728304,0.136,0.07765813334330898,0.053136306600603436,0.10197832241410078,-0.018704899732988195,0.069,0.13986013986013987,0.36771300448430494,0.3743183856502242,0.3742857142857143,223,350,deep_ensemble,ensemble,0.2056943056943057,False,0.22753846153846155,False
de_predictive_entropy,0.7,0.6371428571428571,-0.06285714285714283,0.3674110269841139,cal_gap,0.07223628157749773,0.057989523863010595,-0.014246757714487135,-0.014837269000489041,-0.04547851671626157,0.016072160206813197,0.04266295256074517,0.318,0.07174264548269138,0.04501668799150686,0.09703884537607398,-0.013753121619680786,0.158,0.3176823176823177,0.36771300448430494,0.3743183856502242,0.3742857142857143,223,350,deep_ensemble,ensemble,0.4606393606393607,False,0.50025,False
de_predictive_entropy,0.7,0.6371428571428571,-0.06285714285714283,0.3674110269841139,accuracy,0.7714285714285715,0.9237668161434978,0.1523382447149263,0.15300092506089016,0.11358296607905988,0.19378520808154953,0.05789654560479569,0.0,0.7713856502242152,0.7354260089686099,0.8028026905829595,0.15238116591928252,1.0,0.001998001998001998,0.36771300448430494,0.3743183856502242,0.3742857142857143,223,350,deep_ensemble,ensemble,0.0025192199105242585,True,0.0,True
total_mi,0.9,0.8828571428571429,-0.017142857142857126,0.15536501189195032,auroc,0.9230715605284255,0.9379578345542254,0.014886274025799895,0.014982638799266963,0.006715494281554077,0.024304573526403576,0.01271174719618605,0.0,0.9229695042406189,0.9138097398669086,0.9341563558333541,0.01498833031360658,0.991,0.01998001998001998,0.37540453074433655,0.3745113268608414,0.3742857142857143,309,350,epistemic,ensemble,0.02483231054659626,True,0.0,True
total_mi,0.9,0.8828571428571429,-0.017142857142857126,0.15536501189195032,auprc,0.8598421756650698,0.878599712652159,0.018757536987089152,0.018917324100390452,0.009957296345984929,0.030291778987808375,0.014860429399955256,0.0,0.8598912348928791,0.8391187367658446,0.8844504031371946,0.018708477759279862,0.933,0.13586413586413587,0.37540453074433655,0.3745113268608414,0.3742857142857143,309,350,epistemic,ensemble,0.41980660848585377,False,0.0,True
total_mi,0.9,0.8828571428571429,-0.017142857142857126,0.15536501189195032,bss,0.5135339550960707,0.5815458162582611,0.06801186116219038,0.06790110736133247,0.03549942485595042,0.10111968992496892,0.04705648449486271,0.0,0.5131284213593174,0.47650887104715145,0.5565338713233582,0.06841739489894372,0.998,0.005994005994005994,0.37540453074433655,0.3745113268608414,0.3742857142857143,309,350,epistemic,ensemble,0.008410943894814862,True,0.0,True
total_mi,0.9,0.8828571428571429,-0.017142857142857126,0.15536501189195032,balanced_accuracy,0.8112168426923211,0.8532249419331785,0.042008099240857466,0.04174076855007529,0.02652022444480544,0.05792081322183824,0.022142893908156464,0.0,0.8110448093024948,0.7996190049305244,0.8245858323906284,0.042180132630683764,1.0,0.001998001998001998,0.37540453074433655,0.3745113268608414,0.3742857142857143,309,350,epistemic,ensemble,0.002414252414252414,True,0.0,True
total_mi,0.9,0.8828571428571429,-0.017142857142857126,0.15536501189195032,sensitivity,0.9694656488549618,0.9655172413793104,-0.003948407475651394,-0.004104374856135516,-0.009566890699262814,-0.0008121243899873566,0.00628372500485286,0.022,0.9695127895332973,0.963963963963964,0.9827623047450633,-0.00399554815398695,0.269,0.6693306693306693,0.37540453074433655,0.3745113268608414,0.3742857142857143,309,350,epistemic,ensemble,0.7869157869157869,False,0.04188888888888889,True
total_mi,0.9,0.8828571428571429,-0.017142857142857126,0.15536501189195032,specificity,0.6529680365296804,0.7409326424870466,0.08796460595736622,0.08758591195628607,0.056093384355564345,0.11901506044212919,0.043769568675742464,0.0,0.6525768290716921,0.6315723019670387,0.6755628089404684,0.08835581341535448,1.0,0.001998001998001998,0.37540453074433655,0.3745113268608414,0.3742857142857143,309,350,epistemic,ensemble,0.002414252414252414,True,0.0,True
total_mi,0.9,0.8828571428571429,-0.017142857142857126,0.15536501189195032,ppv,0.625615763546798,0.691358024691358,0.06574226114455994,0.06518100077767987,0.029158127012819314,0.10187371747104343,0.05211172181704861,0.0,0.6255923875249694,0.6033496781637114,0.6500068306010929,0.06576563716638861,1.0,0.001998001998001998,0.37540453074433655,0.3745113268608414,0.3742857142857143,309,350,epistemic,ensemble,0.002716033966033966,True,0.0,True
total_mi,0.9,0.8828571428571429,-0.017142857142857126,0.15536501189195032,npv,0.9727891156462585,0.9727891156462585,0.0,0.0,0.0,0.0,0.0,1.0,0.9727920558858798,0.968,0.9847328244274809,-2.94023962132961e-06,0.608,0.7852147852147852,0.37540453074433655,0.3745113268608414,0.3742857142857143,309,350,epistemic,ensemble,0.9944474130520643,False,1.0,False
total_mi,0.9,0.8828571428571429,-0.017142857142857126,0.15536501189195032,f1,0.7604790419161677,0.8057553956834532,0.04527635376728556,0.04488008978290914,0.018316237560560934,0.07185396756944909,0.03732126619186853,0.0,0.7604058743996484,0.7430555555555556,0.78,0.04534952128380487,1.0,0.001998001998001998,0.37540453074433655,0.3745113268608414,0.3742857142857143,309,350,epistemic,ensemble,0.0026337299064571793,True,0.0,True
total_mi,0.9,0.8828571428571429,-0.017142857142857126,0.15536501189195032,brier,0.11392836214080676,0.0981174502320886,-0.015810911908718167,-0.015772682832895353,-0.023754492817959005,-0.008222918262667609,0.010976599123515549,0.0,0.11399540644791595,0.1043778051351597,0.1218791499679904,-0.015877956215827355,0.002,0.005994005994005994,0.37540453074433655,0.3745113268608414,0.3742857142857143,309,350,epistemic,ensemble,0.0077832615146047985,True,0.0,True
total_mi,0.9,0.8828571428571429,-0.017142857142857126,0.15536501189195032,ece,0.07223628157749773,0.06822295504709568,-0.004013326530402053,-0.003589093374617673,-0.020557384506120383,0.01295763380293527,0.024259409264610798,0.684,0.07363478579951456,0.061373168787418664,0.08517686138178214,-0.0054118307524188836,0.173,0.34765234765234765,0.37540453074433655,0.3745113268608414,0.3742857142857143,309,350,epistemic,ensemble,0.444790503614033,False,0.7629230769230769,False
total_mi,0.9,0.8828571428571429,-0.017142857142857126,0.15536501189195032,cal_gap,0.07223628157749773,0.06722816432793072,-0.005008117249567012,-0.004953980212197402,-0.02133012888768088,0.013406067678305248,0.024365261370030818,0.544,0.07204999704797026,0.05935367705273324,0.08436291561021939,-0.00482183272003954,0.213,0.4275724275724276,0.37540453074433655,0.3745113268608414,0.3742857142857143,309,350,epistemic,ensemble,0.5312715453560524,False,0.6761142857142858,False
total_mi,0.9,0.8828571428571429,-0.017142857142857126,0.15536501189195032,accuracy,0.7714285714285715,0.8252427184466019,0.053814147018030445,0.053548116129068166,0.030453360938021985,0.07697306179355674,0.03238576253532925,0.0,0.7712718446601942,0.7572815533980582,0.7864077669902912,0.05397087378640775,1.0,0.001998001998001998,0.37540453074433655,0.3745113268608414,0.3742857142857143,309,350,epistemic,ensemble,0.0025192199105242585,True,0.0,True
total_mi,0.8,0.7542857142857143,-0.04571428571428571,0.10818231416218527,auroc,0.9230715605284255,0.9503520048974594,0.027280444369033874,0.027265280699151725,0.014516004645006398,0.04208518136846075,0.019835832892923306,0.0,0.9229640776050817,0.9074385173369639,0.938408478997759,0.02738792729237771,1.0,0.001998001998001998,0.375,0.3738257575757576,0.3742857142857143,264,350,epistemic,ensemble,0.006685622070237455,True,0.0,True
total_mi,0.8,0.7542857142857143,-0.04571428571428571,0.10818231416218527,auprc,0.8598421756650698,0.8961269366197582,0.036284760954688355,0.03637341425275869,0.020178562299625915,0.056228722244490804,0.026811796720980875,0.0,0.8596574669283797,0.8261119151606319,0.8970087008813493,0.03646946969137843,0.973,0.055944055944055944,0.375,0.3738257575757576,0.3742857142857143,264,350,epistemic,ensemble,0.25696043087347437,False,0.0,True
total_mi,0.8,0.7542857142857143,-0.04571428571428571,0.10818231416218527,bss,0.5135339550960707,0.649738089421402,0.1362041343253313,0.13438409078175725,0.07565587809123431,0.19263544999676294,0.08601224058585323,0.0,0.5123372567716239,0.4515461646933335,0.5728649691257369,0.1374008326497781,1.0,0.001998001998001998,0.375,0.3738257575757576,0.3742857142857143,264,350,epistemic,ensemble,0.003160475887748615,True,0.0,True
total_mi,0.8,0.7542857142857143,-0.04571428571428571,0.10818231416218527,balanced_accuracy,0.8112168426923211,0.8888888888888888,0.07767204619656776,0.07725751394122833,0.05361729864602699,0.10195408877072167,0.03438240055206683,0.0,0.8108577409382778,0.7919052151395105,0.830974003915893,0.07803114795061106,1.0,0.001998001998001998,0.375,0.3738257575757576,0.3742857142857143,264,350,epistemic,ensemble,0.002414252414252414,True,0.0,True
total_mi,0.8,0.7542857142857143,-0.04571428571428571,0.10818231416218527,sensitivity,0.9694656488549618,0.9595959595959596,-0.009869689259002223,-0.010236219453171757,-0.022638342964008216,-0.002246962505932602,0.01471824099785617,0.022,0.9693784421280156,0.956989247311828,0.98989898989899,-0.009782482532056047,0.134,0.33966033966033965,0.375,0.3738257575757576,0.3742857142857143,264,350,epistemic,ensemble,0.46905475476904046,False,0.04188888888888889,True
total_mi,0.8,0.7542857142857143,-0.04571428571428571,0.10818231416218527,specificity,0.6529680365296804,0.8181818181818182,0.16521378165213785,0.16475124733562843,0.1191141846431337,0.2114298293249392,0.0670923400370593,0.0,0.6523370397485398,0.6172710135284986,0.6867469879518072,0.16584477843327838,1.0,0.001998001998001998,0.375,0.3738257575757576,0.3742857142857143,264,350,epistemic,ensemble,0.002414252414252414,True,0.0,True
total_mi,0.8,0.7542857142857143,-0.04571428571428571,0.10818231416218527,ppv,0.625615763546798,0.76,0.13438423645320197,0.1337127589821668,0.07703405019873778,0.18608488924940972,0.07862878086824637,0.0,0.6246901961664123,0.5838926174496645,0.6621643994988365,0.1353098038335877,1.0,0.001998001998001998,0.375,0.3738257575757576,0.3742857142857143,264,350,epistemic,ensemble,0.002716033966033966,True,0.0,True
total_mi,0.8,0.7542857142857143,-0.04571428571428571,0.10818231416218527,npv,0.9727891156462585,0.9712230215827338,-0.0015660940635247034,-0.0016245914687380697,-0.003973214285714271,-0.0002683821475212373,0.002725088736844819,0.022,0.972735407572347,0.9622551662174303,0.990990990990991,-0.0015123859896132297,0.356,0.7132867132867133,0.375,0.3738257575757576,0.3742857142857143,264,350,epistemic,ensemble,0.9944474130520643,False,0.07656,False
total_mi,0.8,0.7542857142857143,-0.04571428571428571,0.10818231416218527,f1,0.7604790419161677,0.8482142857142857,0.08773524379811803,0.08725583299721834,0.04681431640068197,0.12545601595335393,0.05440527886655657,0.0,0.7595885523156901,0.7280326359832636,0.7874076551241906,0.08862573339859559,1.0,0.001998001998001998,0.375,0.3738257575757576,0.3742857142857143,264,350,epistemic,ensemble,0.0026337299064571793,True,0.0,True
total_mi,0.8,0.7542857142857143,-0.04571428571428571,0.10818231416218527,brier,0.11392836214080676,0.0820926352918589,-0.031835726848947865,-0.0313528245885056,-0.04501632483797644,-0.018627780804447356,0.019450956484352768,0.0,0.11399934114899074,0.10050972296716731,0.12729545313374846,-0.031906705857131845,0.0,0.001998001998001998,0.375,0.3738257575757576,0.3742857142857143,264,350,epistemic,ensemble,0.0031040388183245326,True,0.0,True
total_mi,0.8,0.7542857142857143,-0.04571428571428571,0.10818231416218527,ece,0.07223628157749773,0.06326963355637749,-0.008966648021120238,-0.009818376331943112,-0.03192513597224023,0.012243648559519675,0.031856129731907705,0.376,0.0759881212527539,0.05798140329381128,0.09456918368347088,-0.012718487696376415,0.086,0.17382617382617382,0.375,0.3738257575757576,0.3742857142857143,264,350,epistemic,ensemble,0.24791601840782168,False,0.4956363636363637,False
total_mi,0.8,0.7542857142857143,-0.04571428571428571,0.10818231416218527,cal_gap,0.07223628157749773,0.058830407176477195,-0.013405874401020534,-0.013622524054961895,-0.03696607035114947,0.01122073332621711,0.03459727543109276,0.25,0.0724177186160814,0.05400878737864061,0.09202977405838088,-0.013587311439604205,0.08,0.16183816183816183,0.375,0.3738257575757576,0.3742857142857143,264,350,epistemic,ensemble,0.29089278068869906,False,0.435,False
total_mi,0.8,0.7542857142857143,-0.04571428571428571,0.10818231416218527,accuracy,0.7714285714285715,0.8712121212121212,0.09978354978354975,0.09947203756588166,0.06763403701561602,0.1322032972332452,0.047292378910908706,0.0,0.7708560606060607,0.7462121212121212,0.7954545454545454,0.1003560606060605,1.0,0.001998001998001998,0.375,0.3738257575757576,0.3742857142857143,264,350,epistemic,ensemble,0.0025192199105242585,True,0.0,True
total_mi,0.7,0.7057142857142857,0.005714285714285783,0.09281778564840175,auroc,0.9230715605284255,0.9539306846999155,0.03085912417148995,0.030943309773845407,0.01660520446692809,0.04689500843063784,0.02156187612348989,0.0,0.9231599345858408,0.9063093936121029,0.9419703344530868,0.030770750114074708,1.0,0.001998001998001998,0.3684210526315789,0.37502429149797567,0.3742857142857143,247,350,epistemic,ensemble,0.006685622070237455,True,0.0,True
total_mi,0.7,0.7057142857142857,0.005714285714285783,0.09281778564840175,auprc,0.8598421756650698,0.9003688258719309,0.04052665020686108,0.040731944891837096,0.021547111871766715,0.06360262113164307,0.030334265340023134,0.0,0.8606410981671249,0.8211871972213488,0.8999437126348712,0.03972772770480604,0.977,0.04795204795204795,0.3684210526315789,0.37502429149797567,0.3742857142857143,247,350,epistemic,ensemble,0.25696043087347437,False,0.0,True
total_mi,0.7,0.7057142857142857,0.005714285714285783,0.09281778564840175,bss,0.5135339550960707,0.644124774631567,0.13059081953549634,0.1279669478204548,0.0589520429331324,0.18857029604473668,0.09372174272772521,0.0,0.513779426557863,0.44344188763825665,0.5841869899386213,0.13034534807370401,1.0,0.001998001998001998,0.3684210526315789,0.37502429149797567,0.3742857142857143,247,350,epistemic,ensemble,0.003160475887748615,True,0.0,True
total_mi,0.7,0.7057142857142857,0.005714285714285783,0.09281778564840175,balanced_accuracy,0.8112168426923211,0.8946886446886447,0.08347180199632365,0.08272713150610457,0.05678400393162669,0.10828088563923928,0.03751283280746607,0.0,0.8113510995949554,0.7901252816888292,0.8347246903685595,0.08333754509368929,1.0,0.001998001998001998,0.3684210526315789,0.37502429149797567,0.3742857142857143,247,350,epistemic,ensemble,0.002414252414252414,True,0.0,True
total_mi,0.7,0.7057142857142857,0.005714285714285783,0.09281778564840175,sensitivity,0.9694656488549618,0.9560439560439561,-0.013421692811005692,-0.013966047473710505,-0.030899319509229115,-0.0029459901800327204,0.019787159391247294,0.022,0.9695264499789094,0.9545454545454546,0.9893617021276596,-0.013482493934953266,0.064,0.16383616383616384,0.3684210526315789,0.37502429149797567,0.3742857142857143,247,350,epistemic,ensemble,0.27745331591485434,False,0.04188888888888889,True
total_mi,0.7,0.7057142857142857,0.005714285714285783,0.09281778564840175,specificity,0.6529680365296804,0.8333333333333334,0.18036529680365299,0.17942031048591964,0.13064682763731988,0.22878858311492672,0.07215603734961952,0.0,0.6531757492110016,0.6139133726799721,0.69621682319314,0.18015758412233174,1.0,0.001998001998001998,0.3684210526315789,0.37502429149797567,0.3742857142857143,247,350,epistemic,ensemble,0.002414252414252414,True,0.0,True
total_mi,0.7,0.7057142857142857,0.005714285714285783,0.09281778564840175,ppv,0.625615763546798,0.7699115044247787,0.1442957408779807,0.14301183651259158,0.08160168558583497,0.20255451251874346,0.08724511738868894,0.0,0.6265225125962074,0.583318345323741,0.6714285714285714,0.14338899182857134,1.0,0.001998001998001998,0.3684210526315789,0.37502429149797567,0.3742857142857143,247,350,epistemic,ensemble,0.002716033966033966,True,0.0,True
total_mi,0.7,0.7057142857142857,0.005714285714285783,0.09281778564840175,npv,0.9727891156462585,0.9701492537313433,-0.0026398619149151648,-0.002766774368522089,-0.006673280672142368,-0.0005364703422170467,0.004298338793548247,0.022,0.9727681584926992,0.9591836734693877,0.9904761904761905,-0.0026189047613558447,0.332,0.6653346653346653,0.3684210526315789,0.37502429149797567,0.3742857142857143,247,350,epistemic,ensemble,0.9944474130520643,False,0.07656,False
total_mi,0.7,0.7057142857142857,0.005714285714285783,0.09281778564840175,f1,0.7604790419161677,0.8529411764705882,0.09246213455442054,0.09149931937328502,0.04864733614679246,0.13382987940863153,0.059871505422441386,0.0,0.7609324103438615,0.7264947683109118,0.7935560053981107,0.0920087661267267,1.0,0.001998001998001998,0.3684210526315789,0.37502429149797567,0.3742857142857143,247,350,epistemic,ensemble,0.0026337299064571793,True,0.0,True
total_mi,0.7,0.7057142857142857,0.005714285714285783,0.09281778564840175,brier,0.11392836214080676,0.0828075316646769,-0.03112083047612986,-0.030522986877867274,-0.04511334620538813,-0.01611929279047367,0.02100451814240204,0.0,0.1137732980959853,0.0979722582122297,0.12876635057952807,-0.030965766431308397,0.0,0.001998001998001998,0.3684210526315789,0.37502429149797567,0.3742857142857143,247,350,epistemic,ensemble,0.0031040388183245326,True,0.0,True
total_mi,0.7,0.7057142857142857,0.005714285714285783,0.09281778564840175,ece,0.07223628157749773,0.06705920562253667,-0.005177075954961058,-0.007499802467186154,-0.03084542239852504,0.01596843232093886,0.03386101945962802,0.526,0.07635586396497317,0.055265921320170476,0.09605164056104655,-0.009296658342436495,0.194,0.38961038961038963,0.3684210526315789,0.37502429149797567,0.3742857142857143,247,350,epistemic,ensemble,0.4798581699990151,False,0.6268767123287672,False
total_mi,0.7,0.7057142857142857,0.005714285714285783,0.09281778564840175,cal_gap,0.07223628157749773,0.06518284301933369,-0.007053438558164038,-0.007197216101036644,-0.03087197202874254,0.017574114926261715,0.03718046963475176,0.606,0.07187844049741669,0.04833524046844695,0.09392143385249156,-0.006695597478083001,0.289,0.5794205794205795,0.3684210526315789,0.37502429149797567,0.3742857142857143,247,350,epistemic,ensemble,0.6721278721278722,False,0.7222191780821918,False
total_mi,0.7,0.7057142857142857,0.005714285714285783,0.09281778564840175,accuracy,0.7714285714285715,0.8785425101214575,0.10711393869288599,0.1064402440632552,0.07251177508040246,0.14089737022508275,0.0508809534578054,0.0,0.7718097165991903,0.7449392712550608,0.8016194331983806,0.10673279352226717,1.0,0.001998001998001998,0.3684210526315789,0.37502429149797567,0.3742857142857143,247,350,epistemic,ensemble,0.0025192199105242585,True,0.0,True
laplace_predictive_entropy,0.9,0.8657142857142858,-0.03428571428571425,0.641878775651276,auroc,0.9230715605284255,0.9416604338070307,0.018588873278605145,0.018675220270957065,0.010945537729107585,0.028575693711649752,0.013145820669049265,0.0,0.923238696154537,0.9137830928264575,0.9341845134912896,0.018421737652493664,0.998,0.005994005994005994,0.3696369636963696,0.37431353135313533,0.3742857142857143,303,350,laplace,ensemble,0.01022506904859846,True,0.0,True
laplace_predictive_entropy,0.9,0.8657142857142858,-0.03428571428571425,0.641878775651276,auprc,0.8598421756650698,0.8827578450913542,0.022915669426284424,0.023086838944008974,0.012882556170404702,0.03598423586119487,0.01725950905886375,0.0,0.8602484246771823,0.8382535656587912,0.8859764382771033,0.02250942041417192,0.959,0.08391608391608392,0.3696369636963696,0.37431353135313533,0.3742857142857143,303,350,laplace,ensemble,0.3041958041958042,False,0.0,True
laplace_predictive_entropy,0.9,0.8657142857142858,-0.03428571428571425,0.641878775651276,bss,0.5135339550960707,0.6020451509790345,0.08851119588296386,0.08870711569170373,0.056306144476793885,0.1275082695383105,0.05221285185902096,0.0,0.5141770112535748,0.4759715868134444,0.5563967593456318,0.0878681397254597,1.0,0.001998001998001998,0.3696369636963696,0.37431353135313533,0.3742857142857143,303,350,laplace,ensemble,0.003160475887748615,True,0.0,True
laplace_predictive_entropy,0.9,0.8657142857142858,-0.03428571428571425,0.641878775651276,balanced_accuracy,0.8112168426923211,0.856488406881077,0.045271564188755886,0.04517787352280823,0.02850372435491324,0.062458702205071034,0.024176136633584644,0.0,0.8115856835199141,0.7980903586399627,0.8256938020351526,0.044902723361162855,1.0,0.001998001998001998,0.3696369636963696,0.37431353135313533,0.3742857142857143,303,350,laplace,ensemble,0.002414252414252414,True,0.0,True
laplace_predictive_entropy,0.9,0.8657142857142858,-0.03428571428571425,0.641878775651276,sensitivity,0.9694656488549618,0.9642857142857143,-0.00517993456924748,-0.00531533916223386,-0.011527340636193841,-0.00113492517160442,0.00764222737422193,0.022,0.9694911149125602,0.9632942575603126,0.9826086956521739,-0.005205400626845935,0.123,0.3596403596403596,0.3696369636963696,0.37431353135313533,0.3742857142857143,303,350,laplace,ensemble,0.48136478905709673,False,0.04188888888888889,True
laplace_predictive_entropy,0.9,0.8657142857142858,-0.03428571428571425,0.641878775651276,specificity,0.6529680365296804,0.7486910994764397,0.09572306294675936,0.09567108620785031,0.06460097848766091,0.13060100858046061,0.04745889881093998,0.0,0.6536802521272683,0.6276595744680851,0.6793478260869565,0.09501084734917142,1.0,0.001998001998001998,0.3696369636963696,0.37431353135313533,0.3742857142857143,303,350,laplace,ensemble,0.002414252414252414,True,0.0,True
laplace_predictive_entropy,0.9,0.8657142857142858,-0.03428571428571425,0.641878775651276,ppv,0.625615763546798,0.6923076923076923,0.06669192876089425,0.06666662598015012,0.02778992146995568,0.1083954760657603,0.056954908520140304,0.0,0.6261497284209281,0.6022727272727273,0.6529411764705882,0.0661579638867642,1.0,0.001998001998001998,0.3696369636963696,0.37431353135313533,0.3742857142857143,303,350,laplace,ensemble,0.002716033966033966,True,0.0,True
laplace_predictive_entropy,0.9,0.8657142857142858,-0.03428571428571425,0.641878775651276,npv,0.9727891156462585,0.9727891156462585,0.0,0.0,0.0,0.0,0.0,1.0,0.9728453493843094,0.9672131147540983,0.9844961240310077,-5.623373805097032e-05,0.549,0.903096903096903,0.3696369636963696,0.37431353135313533,0.3742857142857143,303,350,laplace,ensemble,0.9944474130520643,False,1.0,False
laplace_predictive_entropy,0.9,0.8657142857142858,-0.03428571428571425,0.641878775651276,f1,0.7604790419161677,0.8059701492537313,0.045491107337563674,0.04544037882295132,0.017105566807332974,0.07505887218410935,0.040520742588782285,0.0,0.7607962644418499,0.7426470588235294,0.7804961577013031,0.04517388481188145,1.0,0.001998001998001998,0.3696369636963696,0.37431353135313533,0.3742857142857143,303,350,laplace,ensemble,0.0026337299064571793,True,0.0,True
laplace_predictive_entropy,0.9,0.8657142857142858,-0.03428571428571425,0.641878775651276,brier,0.11392836214080676,0.09272566012326126,-0.021202702017545497,-0.021198838993217898,-0.029637859581556868,-0.014091648121337993,0.011036450087949286,0.0,0.11371451633775805,0.10402743675428887,0.12217772024699088,-0.02098885621449678,0.0,0.001998001998001998,0.3696369636963696,0.37431353135313533,0.3742857142857143,303,350,laplace,ensemble,0.0031040388183245326,True,0.0,True
laplace_predictive_entropy,0.9,0.8657142857142858,-0.03428571428571425,0.641878775651276,ece,0.07223628157749773,0.06585569432306507,-0.0063805872544326625,-0.00955434465358737,-0.026706583624836033,0.0047572512446004845,0.02238778330150528,0.212,0.07369201857980845,0.060563436927037174,0.08614465883808523,-0.007836324256743382,0.129,0.2597402597402597,0.3696369636963696,0.37431353135313533,0.3742857142857143,303,350,laplace,ensemble,0.35308441558441556,False,0.318,False
laplace_predictive_entropy,0.9,0.8657142857142858,-0.03428571428571425,0.641878775651276,cal_gap,0.07223628157749773,0.06312698581664772,-0.009109295760850011,-0.009486889512012812,-0.028913054679530415,0.009438294203955144,0.02737401232561968,0.322,0.0718889233992057,0.058537775880223714,0.0848550535809931,-0.008761937582557985,0.106,0.2137862137862138,0.3696369636963696,0.37431353135313533,0.3742857142857143,303,350,laplace,ensemble,0.3568010936431989,False,0.50025,False
laplace_predictive_entropy,0.9,0.8657142857142858,-0.03428571428571425,0.641878775651276,accuracy,0.7714285714285715,0.8283828382838284,0.05695426685525695,0.05695294172839192,0.032903565223557835,0.08191754554170662,0.03503028524319948,0.0,0.7719009900990098,0.7557755775577558,0.7887788778877888,0.056481848184818606,1.0,0.001998001998001998,0.3696369636963696,0.37431353135313533,0.3742857142857143,303,350,laplace,ensemble,0.0025192199105242585,True,0.0,True
laplace_predictive_entropy,0.8,0.7257142857142858,-0.07428571428571429,0.505188416429627,auroc,0.9230715605284255,0.9534591194968554,0.030387558968429818,0.030610768589558645,0.016926884535080854,0.04674710183488856,0.022197615973222933,0.0,0.9230222787291007,0.9073006278846035,0.9396569341529127,0.030436840767754658,1.0,0.001998001998001998,0.37401574803149606,0.37475196850393705,0.3742857142857143,254,350,laplace,ensemble,0.006685622070237455,True,0.0,True
laplace_predictive_entropy,0.8,0.7257142857142858,-0.07428571428571429,0.505188416429627,auprc,0.8598421756650698,0.9000025409894076,0.040160365324337755,0.04054009320285672,0.02120926597192093,0.06248874401289917,0.029596333173595255,0.0,0.8604570831847389,0.8234034341311399,0.8962818534874244,0.03954545780466867,0.98,0.04195804195804196,0.37401574803149606,0.37475196850393705,0.3742857142857143,254,350,laplace,ensemble,0.25696043087347437,False,0.0,True
laplace_predictive_entropy,0.8,0.7257142857142858,-0.07428571428571429,0.505188416429627,bss,0.5135339550960707,0.6953938237860628,0.18185986868999215,0.18159138787706086,0.11841181098838875,0.2480926219983918,0.09380241766851447,0.0,0.512893830401942,0.4463729569724376,0.5778723563967817,0.18249999338412082,1.0,0.001998001998001998,0.37401574803149606,0.37475196850393705,0.3742857142857143,254,350,laplace,ensemble,0.003160475887748615,True,0.0,True
laplace_predictive_entropy,0.8,0.7257142857142858,-0.07428571428571429,0.505188416429627,balanced_accuracy,0.8112168426923211,0.9254882489241973,0.11427140623187626,0.11437583577661987,0.0871870445267316,0.14263185732655842,0.03994738362756417,0.0,0.8116098087037773,0.7914796959067311,0.833610188261351,0.11387844022042004,1.0,0.001998001998001998,0.37401574803149606,0.37475196850393705,0.3742857142857143,254,350,laplace,ensemble,0.002414252414252414,True,0.0,True
laplace_predictive_entropy,0.8,0.7257142857142858,-0.07428571428571429,0.505188416429627,sensitivity,0.9694656488549618,0.9578947368421052,-0.011570912012856538,-0.01198260553356119,-0.025969385887864155,-0.002644535414461824,0.01696031386612286,0.022,0.9699065540592438,0.9560439560439561,0.9895833333333334,-0.01201181721713851,0.081,0.22577422577422576,0.37401574803149606,0.37475196850393705,0.3742857142857143,254,350,laplace,ensemble,0.3571337753155935,False,0.04188888888888889,True
laplace_predictive_entropy,0.8,0.7257142857142858,-0.07428571428571429,0.505188416429627,specificity,0.6529680365296804,0.8930817610062893,0.24011372447660895,0.24073427708680092,0.19027842948895576,0.2978468712431127,0.07724498115770663,0.0,0.6533130633483112,0.6158930302051365,0.690326420890937,0.23976869765797815,1.0,0.001998001998001998,0.37401574803149606,0.37475196850393705,0.3742857142857143,254,350,laplace,ensemble,0.002414252414252414,True,0.0,True
laplace_predictive_entropy,0.8,0.7257142857142858,-0.07428571428571429,0.505188416429627,ppv,0.625615763546798,0.8425925925925926,0.21697682904579452,0.21744349648494937,0.15360794564536345,0.2829626189003171,0.0921771821349485,0.0,0.6264210025157854,0.5869565217391305,0.6666666666666666,0.2161715900768072,1.0,0.001998001998001998,0.37401574803149606,0.37475196850393705,0.3742857142857143,254,350,laplace,ensemble,0.002716033966033966,True,0.0,True
laplace_predictive_entropy,0.8,0.7257142857142858,-0.07428571428571429,0.505188416429627,npv,0.9727891156462585,0.9726027397260274,-0.0001863759202310744,-0.0001848041320586822,-0.0008115474037716259,0.0,0.0006687860474174643,0.806,0.9731225919122123,0.9611650485436893,0.9907407407407407,-0.0005198521861848882,0.586,0.8291708291708292,0.37401574803149606,0.37475196850393705,0.3742857142857143,254,350,laplace,ensemble,0.9944474130520643,False,0.9876338028169014,False
laplace_predictive_entropy,0.8,0.7257142857142858,-0.07428571428571429,0.505188416429627,f1,0.7604790419161677,0.896551724137931,0.13607268222176339,0.13638470561165475,0.09166444913951033,0.1806548830623494,0.06311867927491323,0.0,0.7610129639535544,0.7302904564315352,0.7905138339920948,0.1355387601843766,1.0,0.001998001998001998,0.37401574803149606,0.37475196850393705,0.3742857142857143,254,350,laplace,ensemble,0.0026337299064571793,True,0.0,True
laplace_predictive_entropy,0.8,0.7257142857142858,-0.07428571428571429,0.505188416429627,brier,0.11392836214080676,0.0713168251551789,-0.04261153698562786,-0.04245289659374856,-0.0574002434788967,-0.027764642256442363,0.0211648420308707,0.0,0.11397449073384947,0.09903639618176965,0.12808177464856232,-0.04265766557867057,0.0,0.001998001998001998,0.37401574803149606,0.37475196850393705,0.3742857142857143,254,350,laplace,ensemble,0.0031040388183245326,True,0.0,True
laplace_predictive_entropy,0.8,0.7257142857142858,-0.07428571428571429,0.505188416429627,ece,0.07223628157749773,0.057031359065206746,-0.015204922512290983,-0.023647295214869544,-0.04706373200135821,-0.002112514907888211,0.03169832773041382,0.024,0.07631514348894151,0.05705050150872992,0.09489554325274491,-0.019283784423734768,0.024,0.04995004995004995,0.37401574803149606,0.37475196850393705,0.3742857142857143,254,350,laplace,ensemble,0.10346796061081776,False,0.08030769230769232,False
laplace_predictive_entropy,0.8,0.7257142857142858,-0.07428571428571429,0.505188416429627,cal_gap,0.07223628157749773,0.05703135906520673,-0.015204922512290997,-0.01573441495124729,-0.04296051940832145,0.01095705848301569,0.03874320967482782,0.262,0.07205997610521157,0.050507665036418486,0.09177325977393845,-0.01502861704000484,0.08,0.16183816183816183,0.37401574803149606,0.37475196850393705,0.3742857142857143,254,350,laplace,ensemble,0.29089278068869906,False,0.44694117647058823,False
laplace_predictive_entropy,0.8,0.7257142857142858,-0.07428571428571429,0.505188416429627,accuracy,0.7714285714285715,0.9173228346456693,0.14589426321709786,0.14625094321183504,0.10858170795993675,0.1856911815628486,0.054088668364716624,0.0,0.7719606299212598,0.7440944881889764,0.7952755905511811,0.14536220472440953,1.0,0.001998001998001998,0.37401574803149606,0.37475196850393705,0.3742857142857143,254,350,laplace,ensemble,0.0025192199105242585,True,0.0,True
laplace_predictive_entropy,0.7,0.6571428571428571,-0.042857142857142816,0.4264341649044096,auroc,0.9230715605284255,0.9602087410306588,0.03713718050223325,0.037436573577832186,0.020906607785069767,0.05483066851270374,0.025538640580359716,0.0,0.9233051898616149,0.903657690877327,0.9430877960947504,0.03690355116904387,1.0,0.001998001998001998,0.3652173913043478,0.3733478260869565,0.3742857142857143,230,350,laplace,ensemble,0.006685622070237455,True,0.0,True
laplace_predictive_entropy,0.7,0.6571428571428571,-0.042857142857142816,0.4264341649044096,auprc,0.8598421756650698,0.9086364865779376,0.04879431091286779,0.049313232975383356,0.025389062671829027,0.075786090980154,0.0367797143601036,0.0,0.8607361279857869,0.8179566357666228,0.90354811599142,0.047900358592150694,0.983,0.03596403596403597,0.3652173913043478,0.3733478260869565,0.3742857142857143,230,350,laplace,ensemble,0.25696043087347437,False,0.0,True
laplace_predictive_entropy,0.7,0.6571428571428571,-0.042857142857142816,0.4264341649044096,bss,0.5135339550960707,0.7247441748569555,0.21121021976088483,0.2116905768751975,0.13315046981747922,0.29472223531194913,0.11735661461704043,0.0,0.513357136331499,0.43867065787898524,0.592231554038446,0.21138703852545648,1.0,0.001998001998001998,0.3652173913043478,0.3733478260869565,0.3742857142857143,230,350,laplace,ensemble,0.003160475887748615,True,0.0,True
laplace_predictive_entropy,0.7,0.6571428571428571,-0.042857142857142816,0.4264341649044096,balanced_accuracy,0.8112168426923211,0.9376223091976517,0.12640546650533058,0.1267638231178134,0.09654255464384487,0.1576946524111206,0.04426852049262455,0.0,0.8110708111407721,0.7878311795868203,0.8370869478233035,0.1265514980568796,1.0,0.001998001998001998,0.3652173913043478,0.3733478260869565,0.3742857142857143,230,350,laplace,ensemble,0.002414252414252414,True,0.0,True
laplace_predictive_entropy,0.7,0.6571428571428571,-0.042857142857142816,0.4264341649044096,sensitivity,0.9694656488549618,0.9642857142857143,-0.00517993456924748,-0.0051210362706042255,-0.025509866105251904,0.016811683570913904,0.030012335396469608,0.608,0.9690405498578057,0.9512044564890093,0.9886363636363636,-0.004754835572091443,0.316,0.7032967032967034,0.3652173913043478,0.3733478260869565,0.3742857142857143,230,350,laplace,ensemble,0.8156458925689696,False,0.6960000000000001,False
laplace_predictive_entropy,0.7,0.6571428571428571,-0.042857142857142816,0.4264341649044096,specificity,0.6529680365296804,0.910958904109589,0.25799086757990863,0.258648682506231,0.20481372115613436,0.3199794307989122,0.08298637146685688,0.0,0.6531010724237386,0.6102849916562371,0.6993006993006993,0.2578578316858504,1.0,0.001998001998001998,0.3652173913043478,0.3733478260869565,0.3742857142857143,230,350,laplace,ensemble,0.002414252414252414,True,0.0,True
laplace_predictive_entropy,0.7,0.6571428571428571,-0.042857142857142816,0.4264341649044096,ppv,0.625615763546798,0.8617021276595744,0.2360863641127764,0.23667060734118633,0.1683641327344334,0.30694678944999587,0.10050496681124518,0.0,0.6246943380901419,0.5789181286549708,0.6716446393984278,0.23700778956943258,1.0,0.001998001998001998,0.3652173913043478,0.3733478260869565,0.3742857142857143,230,350,laplace,ensemble,0.002716033966033966,True,0.0,True
laplace_predictive_entropy,0.7,0.6571428571428571,-0.042857142857142816,0.4264341649044096,npv,0.9727891156462585,0.9779411764705882,0.0051520608243297294,0.005480678821187561,-0.0031235328644630966,0.02116434819243331,0.01938266936519585,0.716,0.9725335058704573,0.956989247311828,0.99,0.0054076706001309205,0.61,0.7812187812187812,0.3652173913043478,0.3733478260869565,0.3742857142857143,230,350,laplace,ensemble,0.9944474130520643,False,0.9453134328358209,False
laplace_predictive_entropy,0.7,0.6571428571428571,-0.042857142857142816,0.4264341649044096,f1,0.7604790419161677,0.9101123595505618,0.14963331763439414,0.15021410454112988,0.10346288552161904,0.19957285260355573,0.06866906456433099,0.0,0.7593986431965623,0.7246376811594203,0.7931419334975369,0.15071371635399955,1.0,0.001998001998001998,0.3652173913043478,0.3733478260869565,0.3742857142857143,230,350,laplace,ensemble,0.0026337299064571793,True,0.0,True
laplace_predictive_entropy,0.7,0.6571428571428571,-0.042857142857142816,0.4264341649044096,brier,0.11392836214080676,0.06381356218439126,-0.050114799956415504,-0.05015181559989721,-0.0691180795921977,-0.03306402578450724,0.026144759475327007,0.0,0.11363982493193979,0.09656866647842233,0.1299105420971114,-0.04982626274754853,0.0,0.001998001998001998,0.3652173913043478,0.3733478260869565,0.3742857142857143,230,350,laplace,ensemble,0.0031040388183245326,True,0.0,True
laplace_predictive_entropy,0.7,0.6571428571428571,-0.042857142857142816,0.4264341649044096,ece,0.07223628157749773,0.05435067309552562,-0.017885608481972112,-0.025736239874522445,-0.05322939867686371,-0.0012507516580363026,0.03619230872082662,0.04,0.07739037643422009,0.05484310144943227,0.10061536844242767,-0.02303970333869447,0.022,0.04595404595404595,0.3652173913043478,0.3733478260869565,0.3742857142857143,230,350,laplace,ensemble,0.09751224385370727,False,0.10545454545454545,False
laplace_predictive_entropy,0.7,0.6571428571428571,-0.042857142857142816,0.4264341649044096,cal_gap,0.07223628157749773,0.0543506730955256,-0.017885608481972126,-0.01841277670655572,-0.05008867214690327,0.011434097124066088,0.04247721601735448,0.212,0.07204420056761364,0.047759615161618155,0.09621020658852775,-0.017693527472088036,0.081,0.16383616383616384,0.3652173913043478,0.3733478260869565,0.3742857142857143,230,350,laplace,ensemble,0.29089278068869906,False,0.4231363636363636,False
laplace_predictive_entropy,0.7,0.6571428571428571,-0.042857142857142816,0.4264341649044096,accuracy,0.7714285714285715,0.9304347826086956,0.15900621118012415,0.15957048110959535,0.12009403254972877,0.20159118086696556,0.05799507265428978,0.0,0.7710695652173912,0.7391304347826086,0.8,0.15936521739130438,1.0,0.001998001998001998,0.3652173913043478,0.3733478260869565,0.3742857142857143,230,350,laplace,ensemble,0.0025192199105242585,True,0.0,True
mc_predictive_entropy,0.9,0.8428571428571429,-0.05714285714285716,0.6097619295329443,auroc,0.9230715605284255,0.944312913090658,0.021241352562232474,0.021374225463450334,0.012576388581440123,0.03312745560489593,0.014891139576624754,0.0,0.92270127911431,0.9123688831369815,0.9349901760048819,0.02161163397634802,0.999,0.003996003996003996,0.3694915254237288,0.3747016949152543,0.3742857142857143,295,350,mc_dropout,ensemble,0.008084938317496458,True,0.0,True
mc_predictive_entropy,0.9,0.8428571428571429,-0.05714285714285716,0.6097619295329443,auprc,0.8598421756650698,0.8862671977691021,0.026425022104032303,0.026629107718290797,0.015076035339044832,0.04198166199338599,0.019484893410675313,0.0,0.8597643368992463,0.8380920991187509,0.8867999320543016,0.02650286086985587,0.973,0.055944055944055944,0.3694915254237288,0.3747016949152543,0.3742857142857143,295,350,mc_dropout,ensemble,0.25696043087347437,False,0.0,True
mc_predictive_entropy,0.9,0.8428571428571429,-0.05714285714285716,0.6097619295329443,bss,0.5135339550960707,0.6134311281705307,0.09989717307446,0.10026639705591373,0.06265750452635722,0.14073800868080566,0.05657603065010169,0.0,0.5119107546616135,0.4679800229724377,0.5621133240125198,0.10152037350891718,1.0,0.001998001998001998,0.3694915254237288,0.3747016949152543,0.3742857142857143,295,350,mc_dropout,ensemble,0.003160475887748615,True,0.0,True
mc_predictive_entropy,0.9,0.8428571428571429,-0.05714285714285716,0.6097619295329443,balanced_accuracy,0.8112168426923211,0.8660599782973266,0.05484313560500553,0.05462549256264704,0.03653232779256535,0.07399935647606527,0.02683304232510347,0.0,0.8107297406058612,0.7963505074160813,0.8265538562944222,0.05533023769146539,1.0,0.001998001998001998,0.3694915254237288,0.3747016949152543,0.3742857142857143,295,350,mc_dropout,ensemble,0.002414252414252414,True,0.0,True
mc_predictive_entropy,0.9,0.8428571428571429,-0.05714285714285716,0.6097619295329443,sensitivity,0.9694656488549618,0.963302752293578,-0.006162896561383802,-0.006371778808314193,-0.013538748832866543,-0.0014222893097588507,0.00902783571308854,0.022,0.9692819866520856,0.9622641509433962,0.9824561403508771,-0.005979234358507668,0.113,0.3196803196803197,0.3694915254237288,0.3747016949152543,0.3742857142857143,295,350,mc_dropout,ensemble,0.448583674390126,False,0.04188888888888889,True
mc_predictive_entropy,0.9,0.8428571428571429,-0.05714285714285716,0.6097619295329443,specificity,0.6529680365296804,0.7688172043010753,0.11584916777139487,0.11562276393360826,0.08080101528988137,0.15396357819613635,0.052773382659920584,0.0,0.652177494559637,0.627010692010692,0.6813248204309656,0.11663970974143822,1.0,0.001998001998001998,0.3694915254237288,0.3747016949152543,0.3742857142857143,295,350,mc_dropout,ensemble,0.002414252414252414,True,0.0,True
mc_predictive_entropy,0.9,0.8428571428571429,-0.05714285714285716,0.6097619295329443,ppv,0.625615763546798,0.7094594594594594,0.08384369591266139,0.08343927860513238,0.042399439990903454,0.13015573734329328,0.062986285302057,0.0,0.6254529463594467,0.5964912280701754,0.6569808970099668,0.08400651310001273,1.0,0.001998001998001998,0.3694915254237288,0.3747016949152543,0.3742857142857143,295,350,mc_dropout,ensemble,0.002716033966033966,True,0.0,True
mc_predictive_entropy,0.9,0.8428571428571429,-0.05714285714285716,0.6097619295329443,npv,0.9727891156462585,0.9727891156462585,0.0,0.0,0.0,0.0,0.0,1.0,0.9725416403712858,0.9663865546218487,0.984251968503937,0.00024747527497270827,0.525,0.951048951048951,0.3694915254237288,0.3747016949152543,0.3742857142857143,295,350,mc_dropout,ensemble,0.9944474130520643,False,1.0,False
mc_predictive_entropy,0.9,0.8428571428571429,-0.05714285714285716,0.6097619295329443,f1,0.7604790419161677,0.8171206225680934,0.056641580651925705,0.0563270504988721,0.02672600331921153,0.0883087457698786,0.044265870392494945,0.0,0.7601956195733299,0.7383512544802867,0.782925615309957,0.05692500299476344,1.0,0.001998001998001998,0.3694915254237288,0.3747016949152543,0.3742857142857143,295,350,mc_dropout,ensemble,0.0026337299064571793,True,0.0,True
mc_predictive_entropy,0.9,0.8428571428571429,-0.05714285714285716,0.6097619295329443,brier,0.11392836214080676,0.09005799836220238,-0.02387036377860438,-0.02393171522543223,-0.033357056469248164,-0.015828204107551255,0.012360702459566464,0.0,0.11427822707842576,0.10345032944425223,0.12373614345847836,-0.024220228716223383,0.0,0.001998001998001998,0.3694915254237288,0.3747016949152543,0.3742857142857143,295,350,mc_dropout,ensemble,0.0031040388183245326,True,0.0,True
mc_predictive_entropy,0.9,0.8428571428571429,-0.05714285714285716,0.6097619295329443,ece,0.07223628157749773,0.06528728173382708,-0.006948999843670645,-0.011284239918833556,-0.02724488528600957,0.0038362907520532335,0.02331266416534904,0.176,0.07454818714639899,0.06009436335075266,0.08792365325346463,-0.009260905412571907,0.104,0.2097902097902098,0.3694915254237288,0.3747016949152543,0.3742857142857143,295,350,mc_dropout,ensemble,0.2943830363185202,False,0.28355555555555556,False
mc_predictive_entropy,0.9,0.8428571428571429,-0.05714285714285716,0.6097619295329443,cal_gap,0.07223628157749773,0.06528728173382708,-0.006948999843670645,-0.007124172696590834,-0.028215108761004994,0.01326256157470895,0.029257789334306703,0.476,0.07228556839758056,0.057039529118860545,0.08620815709012289,-0.006998286663753475,0.182,0.36563436563436563,0.3694915254237288,0.3747016949152543,0.3742857142857143,295,350,mc_dropout,ensemble,0.4970342157842158,False,0.6371076923076923,False
mc_predictive_entropy,0.9,0.8428571428571429,-0.05714285714285716,0.6097619295329443,accuracy,0.7714285714285715,0.8406779661016949,0.06924939467312341,0.06908134685590057,0.04345841192173497,0.09777122048006194,0.03842451007460477,0.0,0.7709864406779662,0.752542372881356,0.7932203389830509,0.0696915254237287,1.0,0.001998001998001998,0.3694915254237288,0.3747016949152543,0.3742857142857143,295,350,mc_dropout,ensemble,0.0025192199105242585,True,0.0,True
mc_predictive_entropy,0.8,0.74,-0.06000000000000005,0.4772836837501814,auroc,0.9230715605284255,0.950566037735849,0.027494477207423484,0.027688372768684744,0.013830294996842896,0.04429895094067021,0.02154048522135776,0.0,0.9230035335095588,0.907573392050011,0.9392032073038697,0.027562504226290252,0.999,0.003996003996003996,0.3861003861003861,0.3742779922779923,0.3742857142857143,259,350,mc_dropout,ensemble,0.008084938317496458,True,0.0,True
mc_predictive_entropy,0.8,0.74,-0.06000000000000005,0.4772836837501814,auprc,0.8598421756650698,0.8979236231043939,0.03808144743932407,0.038439789794043305,0.02124200278374121,0.05921356439116815,0.027285244896994007,0.0,0.8599121987960586,0.8246666003905752,0.8966477599253434,0.03801142430833526,0.978,0.04595404595404595,0.3861003861003861,0.3742779922779923,0.3742857142857143,259,350,mc_dropout,ensemble,0.25696043087347437,False,0.0,True
mc_predictive_entropy,0.8,0.74,-0.06000000000000005,0.4772836837501814,bss,0.5135339550960707,0.6814941308479738,0.16796017575190314,0.16741646383157605,0.11165304646255399,0.22962072634157607,0.08544080660004558,0.0,0.5127936306441224,0.4493592594980855,0.5773104627570476,0.1687005002038514,1.0,0.001998001998001998,0.3861003861003861,0.3742779922779923,0.3742857142857143,259,350,mc_dropout,ensemble,0.003160475887748615,True,0.0,True
mc_predictive_entropy,0.8,0.74,-0.06000000000000005,0.4772836837501814,balanced_accuracy,0.8112168426923211,0.9233962264150943,0.11217938372277325,0.11214532035659663,0.08598572756261441,0.1392347470903703,0.03892332965842208,0.0,0.8114088909599694,0.791023663953132,0.8327672955974843,0.11198733545512496,1.0,0.001998001998001998,0.3861003861003861,0.3742779922779923,0.3742857142857143,259,350,mc_dropout,ensemble,0.002414252414252414,True,0.0,True
mc_predictive_entropy,0.8,0.74,-0.06000000000000005,0.4772836837501814,sensitivity,0.9694656488549618,0.96,-0.009465648854961817,-0.009778998387764092,-0.02136889991728694,-0.0021804986131213544,0.013840075187018637,0.022,0.9696494592212589,0.9565217391304348,0.9893617021276596,-0.009649459221258927,0.186,0.4115884115884116,0.3861003861003861,0.3742779922779923,0.3742857142857143,259,350,mc_dropout,ensemble,0.5265910560028207,False,0.04188888888888889,True
mc_predictive_entropy,0.8,0.74,-0.06000000000000005,0.4772836837501814,specificity,0.6529680365296804,0.8867924528301887,0.23382441630050832,0.23406963910095735,0.1838996338167114,0.28878497626458227,0.07590706378295518,0.0,0.6531683226986801,0.6149068322981367,0.6909203142536476,0.23362413013150862,1.0,0.001998001998001998,0.3861003861003861,0.3742779922779923,0.3742857142857143,259,350,mc_dropout,ensemble,0.002414252414252414,True,0.0,True
mc_predictive_entropy,0.8,0.74,-0.06000000000000005,0.4772836837501814,ppv,0.625615763546798,0.8421052631578947,0.21648949961109665,0.21658925978607754,0.15656189874939877,0.28022043309950234,0.08829499964154493,0.0,0.6257801850248561,0.5850340136054422,0.6645569620253164,0.21632507813303858,1.0,0.001998001998001998,0.3861003861003861,0.3742779922779923,0.3742857142857143,259,350,mc_dropout,ensemble,0.002716033966033966,True,0.0,True
mc_predictive_entropy,0.8,0.74,-0.06000000000000005,0.4772836837501814,npv,0.9727891156462585,0.9724137931034482,-0.00037532254281025246,-0.0003961351520903641,-0.0012791294670647768,0.0,0.0009653574870543524,0.28,0.9729680206617319,0.9615384615384616,0.9907407407407407,-0.0005542275582837153,0.47,0.9410589410589411,0.3861003861003861,0.3742779922779923,0.3742857142857143,259,350,mc_dropout,ensemble,0.9944474130520643,False,0.421728813559322,False
mc_predictive_entropy,0.8,0.74,-0.06000000000000005,0.4772836837501814,f1,0.7604790419161677,0.897196261682243,0.13671721976607532,0.13689399694649285,0.0946886279350558,0.18199892316915575,0.06090956993574983,0.0,0.7604602474541183,0.7294908307863296,0.7894847412649271,0.13673601422812465,1.0,0.001998001998001998,0.3861003861003861,0.3742779922779923,0.3742857142857143,259,350,mc_dropout,ensemble,0.0026337299064571793,True,0.0,True
mc_predictive_entropy,0.8,0.74,-0.06000000000000005,0.4772836837501814,brier,0.11392836214080676,0.07549445177497674,-0.03843391036583002,-0.038192631084007514,-0.05207664177794778,-0.024701417874144274,0.019705687145792544,0.0,0.11393541988587967,0.09920995294953514,0.1272085484796901,-0.03844096811090293,0.0,0.001998001998001998,0.3861003861003861,0.3742779922779923,0.3742857142857143,259,350,mc_dropout,ensemble,0.0031040388183245326,True,0.0,True
mc_predictive_entropy,0.8,0.74,-0.06000000000000005,0.4772836837501814,ece,0.07223628157749773,0.0577242662482913,-0.014512015329206429,-0.02237878086461657,-0.04397751158625096,-0.0024467450098327437,0.030528585789017713,0.024,0.07619527249887557,0.057246233247450665,0.09503959415338459,-0.018471006250584274,0.028,0.057942057942057944,0.3861003861003861,0.3742779922779923,0.3742857142857143,259,350,mc_dropout,ensemble,0.11202131202131203,False,0.08030769230769232,False
mc_predictive_entropy,0.8,0.74,-0.06000000000000005,0.4772836837501814,cal_gap,0.07223628157749773,0.0577242662482913,-0.014512015329206429,-0.014960009203252793,-0.03959775009788048,0.010168245616678501,0.037130102515076494,0.272,0.07229113162200337,0.05096871942806713,0.0925183710302352,-0.014566865373712073,0.075,0.15184815184815184,0.3861003861003861,0.3742779922779923,0.3742857142857143,259,350,mc_dropout,ensemble,0.29089278068869906,False,0.4550769230769231,False
mc_predictive_entropy,0.8,0.74,-0.06000000000000005,0.4772836837501814,accuracy,0.7714285714285715,0.915057915057915,0.14362934362934354,0.14378315998182087,0.10606728429721134,0.18145857290284534,0.05297954228346206,0.0,0.7716293436293435,0.7451737451737451,0.7992277992277992,0.14342857142857146,1.0,0.001998001998001998,0.3861003861003861,0.3742779922779923,0.3742857142857143,259,350,mc_dropout,ensemble,0.0025192199105242585,True,0.0,True
mc_predictive_entropy,0.7,0.6685714285714286,-0.03142857142857136,0.38425960460493436,auroc,0.9230715605284255,0.9574252801992528,0.03435371967082723,0.03466622191733292,0.018414214214371005,0.052124129147894945,0.025209030854799547,0.0,0.9232671657667997,0.9043640987692724,0.9422975352112676,0.03415811443245309,1.0,0.001998001998001998,0.37606837606837606,0.37497863247863245,0.3742857142857143,234,350,mc_dropout,ensemble,0.006685622070237455,True,0.0,True
mc_predictive_entropy,0.7,0.6685714285714286,-0.03142857142857136,0.38425960460493436,auprc,0.8598421756650698,0.9062809298149455,0.04643875414987564,0.04698963898889572,0.024484405785912534,0.07106256703026156,0.03449753050657216,0.0,0.8614169483489275,0.8221777838071184,0.9057756670073351,0.044863981466018,0.975,0.05194805194805195,0.37606837606837606,0.37497863247863245,0.3742857142857143,234,350,mc_dropout,ensemble,0.25696043087347437,False,0.0,True
mc_predictive_entropy,0.7,0.6685714285714286,-0.03142857142857136,0.38425960460493436,bss,0.5135339550960707,0.7176754968547889,0.20414154175871824,0.20494489243475095,0.13014546892765236,0.28516322378715886,0.11054003028546192,0.0,0.5135731570068252,0.4392286710716591,0.5848161763047032,0.20410233984796378,1.0,0.001998001998001998,0.37606837606837606,0.37497863247863245,0.3742857142857143,234,350,mc_dropout,ensemble,0.003160475887748615,True,0.0,True
mc_predictive_entropy,0.7,0.6685714285714286,-0.03142857142857136,0.38425960460493436,balanced_accuracy,0.8112168426923211,0.9350093399750934,0.1237924972827723,0.12421339166792894,0.09436441392390897,0.1549052164170569,0.04343976392935573,0.0,0.8110158566012826,0.787002455710903,0.8349091533466534,0.12399348337381078,1.0,0.001998001998001998,0.37606837606837606,0.37497863247863245,0.3742857142857143,234,350,mc_dropout,ensemble,0.002414252414252414,True,0.0,True
mc_predictive_entropy,0.7,0.6685714285714286,-0.03142857142857136,0.38425960460493436,sensitivity,0.9694656488549618,0.9659090909090909,-0.003556557945870842,-0.0034413319506890892,-0.021467177595762287,0.018007655720516023,0.028277424007373157,0.708,0.9691274148864292,0.95236660929432,0.989010989010989,-0.0032183239773382333,0.393,0.8531468531468531,0.37606837606837606,0.37497863247863245,0.3742857142857143,234,350,mc_dropout,ensemble,0.8963566553928,False,0.761780487804878,False
mc_predictive_entropy,0.7,0.6685714285714286,-0.03142857142857136,0.38425960460493436,specificity,0.6529680365296804,0.9041095890410958,0.25114155251141546,0.25186811528654696,0.19714640488790927,0.31470540246016393,0.08219758825424722,0.0,0.6529042983161362,0.6083916083916084,0.6971830985915493,0.2512052907249597,1.0,0.001998001998001998,0.37606837606837606,0.37497863247863245,0.3742857142857143,234,350,mc_dropout,ensemble,0.002414252414252414,True,0.0,True
mc_predictive_entropy,0.7,0.6685714285714286,-0.03142857142857136,0.38425960460493436,ppv,0.625615763546798,0.8585858585858586,0.23297009503906052,0.2337505473764531,0.166726217035769,0.30623030646717925,0.09793163366687582,0.0,0.6262055629381346,0.5808707836281366,0.6718096581480252,0.232380295647724,1.0,0.001998001998001998,0.37606837606837606,0.37497863247863245,0.3742857142857143,234,350,mc_dropout,ensemble,0.002716033966033966,True,0.0,True
mc_predictive_entropy,0.7,0.6685714285714286,-0.03142857142857136,0.38425960460493436,npv,0.9727891156462585,0.9777777777777777,0.0049886621315192725,0.005306880399307977,-0.003524222368381355,0.02116104306287223,0.019410010178930154,0.718,0.9724278264195277,0.9574468085106383,0.9900990099009901,0.005349951358250005,0.624,0.7532467532467533,0.37606837606837606,0.37497863247863245,0.3742857142857143,234,350,mc_dropout,ensemble,0.9944474130520643,False,0.9453134328358209,False
mc_predictive_entropy,0.7,0.6685714285714286,-0.03142857142857136,0.38425960460493436,f1,0.7604790419161677,0.9090909090909091,0.1486118671747414,0.1493403462431262,0.10433917937070798,0.1988519866949927,0.06696278108335763,0.0,0.7605513832150093,0.7247706422018348,0.7946457813474734,0.1485395258758998,1.0,0.001998001998001998,0.37606837606837606,0.37497863247863245,0.3742857142857143,234,350,mc_dropout,ensemble,0.0026337299064571793,True,0.0,True
mc_predictive_entropy,0.7,0.6685714285714286,-0.03142857142857136,0.38425960460493436,brier,0.11392836214080676,0.06624489035739778,-0.04768347178340898,-0.04776995722192377,-0.06596912408731533,-0.030716880484944666,0.025030181140785777,0.0,0.1138012092753172,0.0970751611143832,0.13032121404941963,-0.04755631891791942,0.0,0.001998001998001998,0.37606837606837606,0.37497863247863245,0.3742857142857143,234,350,mc_dropout,ensemble,0.0031040388183245326,True,0.0,True
mc_predictive_entropy,0.7,0.6685714285714286,-0.03142857142857136,0.38425960460493436,ece,0.07223628157749773,0.0545744138578765,-0.01766186771962123,-0.025237457978115458,-0.05192322745490342,-0.00048405219136439927,0.03582630566312268,0.036,0.07688842096156241,0.05568770033369065,0.09739097881122914,-0.02231400710368591,0.017,0.03596403596403597,0.37606837606837606,0.37497863247863245,0.3742857142857143,234,350,mc_dropout,ensemble,0.08926208926208926,False,0.10103225806451611,False
mc_predictive_entropy,0.7,0.6685714285714286,-0.03142857142857136,0.38425960460493436,cal_gap,0.07223628157749773,0.05457441385787648,-0.01766186771962125,-0.018251891361898635,-0.04885715052773542,0.011729823740922263,0.04172245453762111,0.21,0.0718133141449573,0.04742298559892652,0.09508000563404279,-0.01723890028708082,0.078,0.15784215784215785,0.37606837606837606,0.37497863247863245,0.3742857142857143,234,350,mc_dropout,ensemble,0.29089278068869906,False,0.4231363636363636,False
mc_predictive_entropy,0.7,0.6685714285714286,-0.03142857142857136,0.38425960460493436,accuracy,0.7714285714285715,0.9273504273504274,0.15592185592185592,0.1565488208581962,0.11693267187453237,0.19751806255744647,0.05722365801597783,0.0,0.7714871794871797,0.7393162393162394,0.8034188034188035,0.15586324786324768,1.0,0.001998001998001998,0.37606837606837606,0.37497863247863245,0.3742857142857143,234,350,mc_dropout,ensemble,0.0025192199105242585,True,0.0,True
ood_attention_uni2,0.9,0.8714285714285714,-0.02857142857142858,95.47174835205078,auroc,0.9230715605284255,0.9186222222222222,-0.00444933830620331,-0.004508251401216988,-0.013578962689520104,0.004821131184743324,0.012973117745916996,0.316,0.9229619327762609,0.9128021714280464,0.9339641815536284,-0.0043397105540387,0.207,0.4155844155844156,0.4098360655737705,0.37477377049180327,0.3742857142857143,305,350,ood,ensemble,0.4820779220779221,False,0.36656,False
ood_attention_uni2,0.9,0.8714285714285714,-0.02857142857142858,95.47174835205078,auprc,0.8598421756650698,0.8674280495613619,0.007585873896292061,0.007656055717955999,0.002374144162344416,0.015286426240355611,0.009348521246218522,0.0,0.860255318256535,0.8376247570303373,0.8846083025146746,0.007172731304826874,0.737,0.5274725274725275,0.4098360655737705,0.37477377049180327,0.3742857142857143,305,350,ood,ensemble,0.5982329358952735,False,0.0,True
ood_attention_uni2,0.9,0.8714285714285714,-0.02857142857142858,95.47174835205078,bss,0.5135339550960707,0.5028112567201873,-0.010722698375883355,-0.011100270994269147,-0.031663593893786694,0.013442144849876318,0.03345869227007605,0.348,0.5131590247023976,0.47372039218936857,0.556153349635412,-0.010347767982210265,0.311,0.6233766233766234,0.4098360655737705,0.37477377049180327,0.3742857142857143,305,350,ood,ensemble,0.7043346264125485,False,0.39836842105263154,False
ood_attention_uni2,0.9,0.8714285714285714,-0.02857142857142858,95.47174835205078,balanced_accuracy,0.8112168426923211,0.8018888888888889,-0.00932795380343221,-0.009519687853736875,-0.024677705704043117,0.007738757269518524,0.022908113409518985,0.238,0.8110910825354217,0.79757343550447,0.8247126765564585,-0.009202193646532852,0.086,0.17382617382617382,0.4098360655737705,0.37477377049180327,0.3742857142857143,305,350,ood,ensemble,0.18220333882984485,False,0.24946987951807229,False
ood_attention_uni2,0.9,0.8714285714285714,-0.02857142857142858,95.47174835205078,sensitivity,0.9694656488549618,0.976,0.0065343511450381975,0.006972846784369891,-0.001852986341620358,0.02448377581120942,0.021771354887008074,0.716,0.9694453598773839,0.963302752293578,0.9827586206896551,0.006554640122616084,0.918,0.16583416583416583,0.4098360655737705,0.37477377049180327,0.3742857142857143,305,350,ood,ensemble,0.27745331591485434,False,0.761780487804878,False
ood_attention_uni2,0.9,0.8714285714285714,-0.02857142857142858,95.47174835205078,specificity,0.6529680365296804,0.6277777777777778,-0.025190258751902617,-0.02601222249184365,-0.05312328517026034,0.003628954210602351,0.040854455369491144,0.088,0.6527368051934596,0.6288511361796297,0.675531914893617,-0.02495902741568179,0.024,0.04995004995004995,0.4098360655737705,0.37477377049180327,0.3742857142857143,305,350,ood,ensemble,0.05173398030540888,False,0.09114285714285714,False
ood_attention_uni2,0.9,0.8714285714285714,-0.02857142857142858,95.47174835205078,ppv,0.625615763546798,0.6455026455026455,0.019886881955847424,0.019809731388629032,-8.355213803458433e-05,0.04293123587855548,0.02998648459817244,0.054,0.6259448379056198,0.6,0.6497245762711864,0.019557807597025634,0.937,0.12787212787212787,0.4098360655737705,0.37477377049180327,0.3742857142857143,305,350,ood,ensemble,0.15033615033615033,False,0.06616901408450704,False
ood_attention_uni2,0.9,0.8714285714285714,-0.02857142857142858,95.47174835205078,npv,0.9727891156462585,0.9741379310344828,0.0013488153882242893,0.001476232433359483,-0.01047343445281051,0.01844005009856645,0.02110542493701103,0.948,0.9727107900582739,0.967479674796748,0.9844961240310077,0.001427140976208885,0.581,0.8391608391608392,0.4098360655737705,0.37477377049180327,0.3742857142857143,305,350,ood,ensemble,0.9944474130520643,False,1.0,False
ood_attention_uni2,0.9,0.8714285714285714,-0.02857142857142858,95.47174835205078,f1,0.7604790419161677,0.7770700636942676,0.0165910217780999,0.016677153885415096,0.0010149448438987324,0.033384626128043896,0.023099040379179727,0.03,0.7606416318908038,0.7412587412587412,0.7796610169491526,0.01642843180346376,0.955,0.0919080919080919,0.4098360655737705,0.37477377049180327,0.3742857142857143,305,350,ood,ensemble,0.10384420774031164,False,0.0348,True
ood_attention_uni2,0.9,0.8714285714285714,-0.02857142857142858,95.47174835205078,brier,0.11392836214080676,0.12025527249444541,0.006326910353638651,0.006427450010701829,-0.0005881257953905302,0.01314933812159936,0.009975836994465064,0.078,0.11401388148273063,0.10427245875476648,0.12272169888297102,0.006241391011714781,0.91,0.18181818181818182,0.4098360655737705,0.37477377049180327,0.3742857142857143,305,350,ood,ensemble,0.20813397129186603,False,0.09047999999999999,False
ood_attention_uni2,0.9,0.8714285714285714,-0.02857142857142858,95.47174835205078,ece,0.07223628157749773,0.0865141649135068,0.014277883336009073,0.01090769670373565,-0.0005871972434808701,0.023929814979198046,0.01773278887004887,0.066,0.07382001750715628,0.062203193401734615,0.08576158949128186,0.012694147406350526,0.983,0.03596403596403597,0.4098360655737705,0.37477377049180327,0.3742857142857143,305,350,ood,ensemble,0.08926208926208926,False,0.1367142857142857,False
ood_attention_uni2,0.9,0.8714285714285714,-0.02857142857142858,95.47174835205078,cal_gap,0.07223628157749773,0.0798691768535092,0.007632895276011464,0.007665330005545956,-0.0026152842695734216,0.01979804302707494,0.01650342282162771,0.174,0.07206689286566355,0.05958608868967008,0.08452150130667341,0.007802283987845646,0.886,0.22977022977022976,0.4098360655737705,0.37477377049180327,0.3742857142857143,305,350,ood,ensemble,0.3568010936431989,False,0.4075263157894737,False
ood_attention_uni2,0.9,0.8714285714285714,-0.02857142857142858,95.47174835205078,accuracy,0.7714285714285715,0.7704918032786885,-0.0009367681498829716,-0.0011635575372480494,-0.017276519880652583,0.017112604783173165,0.02435107281300515,0.866,0.7714360655737704,0.7540983606557377,0.7868852459016393,-0.0009442622950819324,0.397,1.0,0.4098360655737705,0.37477377049180327,0.3742857142857143,305,350,ood,ensemble,1.0,False,0.8863764705882353,False
ood_attention_uni2,0.8,0.7742857142857142,-0.0257142857142858,92.65476837158204,auroc,0.9230715605284255,0.9190070765148165,-0.004064484013609038,-0.0036461738114421374,-0.017820659313403184,0.012904604701437707,0.021860101903053753,0.622,0.9230971126639826,0.9091438404719168,0.9395529935275081,-0.004090036149166143,0.317,0.6353646353646354,0.43911439114391143,0.37396309963099633,0.3742857142857143,271,350,ood,ensemble,0.6741063814234547,False,0.6599268292682926,False
ood_attention_uni2,0.8,0.7742857142857142,-0.0257142857142858,92.65476837158204,auprc,0.8598421756650698,0.8748572511943951,0.01501507552932524,0.015399982951646293,0.004365585396412347,0.02882523708104793,0.01694951375428874,0.004,0.8601893016467737,0.8284965547964218,0.8972454264435861,0.014667949547621406,0.813,0.3756243756243756,0.43911439114391143,0.37396309963099633,0.3742857142857143,271,350,ood,ensemble,0.44766192711398195,False,0.006,True
ood_attention_uni2,0.8,0.7742857142857142,-0.0257142857142858,92.65476837158204,bss,0.5135339550960707,0.5124868611813719,-0.0010470939146988156,-0.0001485006833273651,-0.038149110732579525,0.04297265909017883,0.058460748573682234,0.944,0.5125790596554116,0.4543747281845714,0.5744388494753346,-9.219847403973969e-05,0.516,0.9690309690309691,0.43911439114391143,0.37396309963099633,0.3742857142857143,271,350,ood,ensemble,0.9690309690309692,False,0.944,False
ood_attention_uni2,0.8,0.7742857142857142,-0.0257142857142858,92.65476837158204,balanced_accuracy,0.8112168426923211,0.7984298982750995,-0.012786944417221613,-0.012300569136197079,-0.03522261326864108,0.012492711380281084,0.0341176117484158,0.3,0.8112764614436703,0.7937439909896306,0.8294293342048934,-0.012846563168570801,0.076,0.15384615384615385,0.43911439114391143,0.37396309963099633,0.3742857142857143,271,350,ood,ensemble,0.16322701688555347,False,0.3070588235294117,False
ood_attention_uni2,0.8,0.7742857142857142,-0.0257142857142858,92.65476837158204,sensitivity,0.9694656488549618,0.9915966386554622,0.022130989800500434,0.023323820397116647,0.0,0.05222485495994242,0.03668568951985119,0.066,0.9690715994681773,0.9583333333333334,0.99,0.02252503918728488,0.996,0.00999000999000999,0.43911439114391143,0.37396309963099633,0.3742857142857143,271,350,ood,ensemble,0.043456543456543456,True,0.09261290322580645,False
ood_attention_uni2,0.8,0.7742857142857142,-0.0257142857142858,92.65476837158204,specificity,0.6529680365296804,0.6052631578947368,-0.04770487863494355,-0.0479249586695108,-0.08658812507916656,-0.00586665880997275,0.058658754902378686,0.02,0.6534813234191631,0.6206896551724138,0.687135182098656,-0.04821816552442626,0.002,0.005994005994005994,0.43911439114391143,0.37396309963099633,0.3742857142857143,271,350,ood,ensemble,0.006518481518481519,True,0.020963855421686748,True
ood_attention_uni2,0.8,0.7742857142857142,-0.0257142857142858,92.65476837158204,ppv,0.625615763546798,0.6629213483146067,0.03730558476780865,0.03727526796881253,0.009629320943869112,0.06792735698838327,0.04038309050075686,0.006,0.6255423682380016,0.5897350993377484,0.6602594339622642,0.03737898007660512,0.991,0.01998001998001998,0.43911439114391143,0.37396309963099633,0.3742857142857143,271,350,ood,ensemble,0.02556267262149615,True,0.00815625,True
ood_attention_uni2,0.8,0.7742857142857142,-0.0257142857142858,92.65476837158204,npv,0.9727891156462585,0.989247311827957,0.016458196181698526,0.017467529266585017,-0.003876403665029682,0.0435582889137882,0.03408807764404779,0.13,0.9725292338837591,0.963302752293578,0.990990990990991,0.016718077944197884,0.962,0.07792207792207792,0.43911439114391143,0.37396309963099633,0.3742857142857143,271,350,ood,ensemble,0.17840054682159945,False,0.235625,False
ood_attention_uni2,0.8,0.7742857142857142,-0.0257142857142858,92.65476837158204,f1,0.7604790419161677,0.7946127946127947,0.034133752696626996,0.03450538408643628,0.012810540804099838,0.05747182428972869,0.03146091983239239,0.0,0.7601494222343171,0.7315175097276264,0.7860053337996764,0.03446337237847752,0.996,0.00999000999000999,0.43911439114391143,0.37396309963099633,0.3742857142857143,271,350,ood,ensemble,0.012596099552621292,True,0.0,True
ood_attention_uni2,0.8,0.7742857142857142,-0.0257142857142858,92.65476837158204,brier,0.11392836214080676,0.12007104553248654,0.006142683391679782,0.0059083644191826965,-0.005818417734329066,0.016844079957196802,0.016388428473596558,0.318,0.11398754798383745,0.09990833089882481,0.12670411439668058,0.006083497548649092,0.817,0.3676323676323676,0.43911439114391143,0.37396309963099633,0.3742857142857143,271,350,ood,ensemble,0.3900489754148291,False,0.33739024390243905,False
ood_attention_uni2,0.8,0.7742857142857142,-0.0257142857142858,92.65476837158204,ece,0.07223628157749773,0.09075808146714176,0.01852179988964403,0.01865461417597182,0.0007539224328443972,0.03666535495803367,0.02598028267433901,0.046,0.07576523252783131,0.05848089828795144,0.09361404579680935,0.014992848939310452,0.943,0.11588411588411589,0.43911439114391143,0.37396309963099633,0.3742857142857143,271,350,ood,ensemble,0.18670218670218672,False,0.11116666666666666,False
ood_attention_uni2,0.8,0.7742857142857142,-0.0257142857142858,92.65476837158204,cal_gap,0.07223628157749773,0.08327940486825153,0.011043123290753798,0.01140625902415215,-0.005848595667492791,0.02920576470795917,0.025662238115462067,0.202,0.07254936251237067,0.05468197450509148,0.09136510546245294,0.010730042355880862,0.884,0.23376623376623376,0.43911439114391143,0.37396309963099633,0.3742857142857143,271,350,ood,ensemble,0.3568010936431989,False,0.4231363636363636,False
ood_attention_uni2,0.8,0.7742857142857142,-0.0257142857142858,92.65476837158204,accuracy,0.7714285714285715,0.7749077490774908,0.0034791776489193627,0.0036847469216587823,-0.019917111872419624,0.028626623376623396,0.034299146145755216,0.774,0.7715055350553505,0.7490774907749077,0.7933579335793358,0.0034022140221403596,0.557,0.8871128871128872,0.43911439114391143,0.37396309963099633,0.3742857142857143,271,350,ood,ensemble,0.9187954902240617,False,0.8016428571428572,False
ood_attention_uni2,0.7,0.7057142857142857,0.005714285714285783,91.04461288452148,auroc,0.9230715605284255,0.9159741458910434,-0.007097414637382116,-0.006395535628148033,-0.025042082248495506,0.014586259189947985,0.028610965969515966,0.52,0.9231599345858408,0.9063093936121029,0.9419703344530868,-0.007185788694797357,0.229,0.4595404595404595,0.46153846153846156,0.37502429149797567,0.3742857142857143,247,350,ood,ensemble,0.5125643587182048,False,0.5655,False
ood_attention_uni2,0.7,0.7057142857142857,0.005714285714285783,91.04461288452148,auprc,0.8598421756650698,0.8782765746432613,0.018434398978191435,0.018940249549911536,0.005860093698200258,0.034704352891760985,0.02053980501846826,0.004,0.8606410981671249,0.8211871972213488,0.8999437126348712,0.01763547647613639,0.803,0.3956043956043956,0.46153846153846156,0.37502429149797567,0.3742857142857143,247,350,ood,ensemble,0.46510246510246506,False,0.006,True
ood_attention_uni2,0.7,0.7057142857142857,0.005714285714285783,91.04461288452148,bss,0.5135339550960707,0.5025782152188614,-0.010955739877209325,-0.009678079679498797,-0.05725815409208796,0.04282950029133595,0.0724198786303317,0.678,0.513779426557863,0.44344188763825665,0.5841869899386213,-0.011201211339001649,0.383,0.7672327672327672,0.46153846153846156,0.37502429149797567,0.3742857142857143,247,350,ood,ensemble,0.8042078403524187,False,0.7193414634146342,False
ood_attention_uni2,0.7,0.7057142857142857,0.005714285714285783,91.04461288452148,balanced_accuracy,0.8112168426923211,0.7857142857142857,-0.025502556978035384,-0.024622953819693757,-0.05313736804335207,0.005745284043663039,0.04095831426200327,0.1,0.8113510995949554,0.7901252816888292,0.8347246903685595,-0.02563681388066974,0.009,0.01998001998001998,0.46153846153846156,0.37502429149797567,0.3742857142857143,247,350,ood,ensemble,0.023176823176823177,True,0.11012658227848103,False
ood_attention_uni2,0.7,0.7057142857142857,0.005714285714285783,91.04461288452148,sensitivity,0.9694656488549618,1.0,0.03053435114503822,0.0317841075068377,0.007352941176470562,0.06474986677324811,0.04281220198092748,0.022,0.9695264499789094,0.9545454545454546,0.9893617021276596,0.030473550021090645,0.993,0.015984015984015984,0.46153846153846156,0.37502429149797567,0.3742857142857143,247,350,ood,ensemble,0.05348497656189964,False,0.04188888888888889,True
ood_attention_uni2,0.7,0.7057142857142857,0.005714285714285783,91.04461288452148,specificity,0.6529680365296804,0.5714285714285714,-0.08153946510110899,-0.08103001514622522,-0.13143244240112034,-0.03191145080010054,0.07087008195915165,0.002,0.6531757492110016,0.6139133726799721,0.69621682319314,-0.08174717778243024,0.0,0.001998001998001998,0.46153846153846156,0.37502429149797567,0.3742857142857143,247,350,ood,ensemble,0.002414252414252414,True,0.0023835616438356165,True
ood_attention_uni2,0.7,0.7057142857142857,0.005714285714285783,91.04461288452148,ppv,0.625615763546798,0.6666666666666666,0.04105090311986859,0.04088868049591513,0.012082563369430761,0.07252871211311507,0.045166104549348024,0.012,0.6265225125962074,0.583318345323741,0.6714285714285714,0.04014415407045924,0.956,0.0899100899100899,0.46153846153846156,0.37502429149797567,0.3742857142857143,247,350,ood,ensemble,0.10864135864135864,False,0.015818181818181818,True
ood_attention_uni2,0.7,0.7057142857142857,0.005714285714285783,91.04461288452148,npv,0.9727891156462585,1.0,0.027210884353741527,0.028259130057342405,0.0066214273265946645,0.05833603896103897,0.03774538244160733,0.022,0.9727681584926992,0.9591836734693877,0.9904761904761905,0.027231841507300847,0.993,0.015984015984015984,0.46153846153846156,0.37502429149797567,0.3742857142857143,247,350,ood,ensemble,0.04966462109319252,True,0.07656,False
ood_attention_uni2,0.7,0.7057142857142857,0.005714285714285783,91.04461288452148,f1,0.7604790419161677,0.8,0.03952095808383238,0.039798871418456706,0.015883052730444654,0.06557834441684622,0.035206300618153795,0.002,0.7609324103438615,0.7264947683109118,0.7935560053981107,0.039067589656138546,0.985,0.03196803196803197,0.46153846153846156,0.37502429149797567,0.3742857142857143,247,350,ood,ensemble,0.038628038628038625,True,0.0027619047619047623,True
ood_attention_uni2,0.7,0.7057142857142857,0.005714285714285783,91.04461288452148,brier,0.11392836214080676,0.12361961515270899,0.009691253011902226,0.009323516576108701,-0.005189347051961889,0.023057582348235992,0.020360992002340397,0.184,0.1137732980959853,0.0979722582122297,0.12876635057952807,0.009846317056723689,0.892,0.2177822177822178,0.46153846153846156,0.37502429149797567,0.3742857142857143,247,350,ood,ensemble,0.24291093521862755,False,0.20483544303797466,False
ood_attention_uni2,0.7,0.7057142857142857,0.005714285714285783,91.04461288452148,ece,0.07223628157749773,0.0984054425776548,0.026169161000157065,0.027048106068741563,0.007484907207326892,0.048824670603506565,0.030118607210557154,0.006,0.07635586396497317,0.055265921320170476,0.09605164056104655,0.022049578612681628,0.985,0.03196803196803197,0.46153846153846156,0.37502429149797567,0.3742857142857143,247,350,ood,ensemble,0.08926208926208926,False,0.043500000000000004,True
ood_attention_uni2,0.7,0.7057142857142857,0.005714285714285783,91.04461288452148,cal_gap,0.07223628157749773,0.09262828313583427,0.020392001558336537,0.020877487469784902,0.0004476191669897102,0.04317211694959812,0.031182182426710302,0.048,0.07187844049741669,0.04833524046844695,0.09392143385249156,0.020749842638417573,0.961,0.07992007992007992,0.46153846153846156,0.37502429149797567,0.3742857142857143,247,350,ood,ensemble,0.22989913312493956,False,0.2920714285714286,False
ood_attention_uni2,0.7,0.7057142857142857,0.005714285714285783,91.04461288452148,accuracy,0.7714285714285715,0.7692307692307693,-0.00219780219780219,-0.0018629099332534186,-0.02889322916666663,0.026761122411724812,0.039650613147333806,0.886,0.7718097165991903,0.7449392712550608,0.8016194331983806,-0.002578947368421014,0.403,1.0,0.46153846153846156,0.37502429149797567,0.3742857142857143,247,350,ood,ensemble,1.0,False,0.888,False
ensemble_entropy,0.9,0.8542857142857143,-0.04571428571428571,0.6203232848754255,auroc,0.9230715605284255,0.9431938431938431,0.0201222826654176,0.02020117512549708,0.011975677715499048,0.03100448085033602,0.013891128201125228,0.0,0.9232079518205526,0.9123521804896237,0.9344690383117661,0.019985891373290543,1.0,0.001998001998001998,0.36789297658862874,0.3742341137123746,0.3742857142857143,299,350,predictive,ensemble,0.006685622070237455,True,0.0,True
ensemble_entropy,0.9,0.8542857142857143,-0.04571428571428571,0.6203232848754255,auprc,0.8598421756650698,0.8845298398224973,0.024687664157427514,0.024830782450644514,0.013854718873774268,0.03873732351656306,0.01832120553505562,0.0,0.8601792929197387,0.8362554655661962,0.8865109240155157,0.02435054690275862,0.967,0.06793206793206794,0.36789297658862874,0.3742341137123746,0.3742857142857143,299,350,predictive,ensemble,0.25696043087347437,False,0.0,True
ensemble_entropy,0.9,0.8542857142857143,-0.04571428571428571,0.6203232848754255,bss,0.5135339550960707,0.6014987930153921,0.08796483791932141,0.08788404937096525,0.054294623327057256,0.1262944435249465,0.05276997383763529,0.0,0.5135906541418487,0.47001446389094526,0.5576185951515469,0.08790813887354343,0.999,0.003996003996003996,0.36789297658862874,0.3742341137123746,0.3742857142857143,299,350,predictive,ensemble,0.005699218813972912,True,0.0,True
ensemble_entropy,0.9,0.8542857142857143,-0.04571428571428571,0.6203232848754255,balanced_accuracy,0.8112168426923211,0.8601250601250601,0.04890821743273899,0.04862768887893191,0.03139168078220434,0.06710851759863504,0.02552078682034503,0.0,0.8115105793082034,0.7978260869565217,0.82712826189729,0.04861448081685671,1.0,0.001998001998001998,0.36789297658862874,0.3742341137123746,0.3742857142857143,299,350,predictive,ensemble,0.002414252414252414,True,0.0,True
ensemble_entropy,0.9,0.8542857142857143,-0.04571428571428571,0.6203232848754255,sensitivity,0.9694656488549618,0.9636363636363636,-0.005829285218598157,-0.0060070672807452504,-0.013007797065639953,-0.0012878836460020946,0.008542584791030835,0.022,0.9696140730701569,0.9626168224299065,0.9824561403508771,-0.005977709433793277,0.094,0.2837162837162837,0.36789297658862874,0.3742341137123746,0.3742857142857143,299,350,predictive,ensemble,0.4183612997172319,False,0.04188888888888889,True
ensemble_entropy,0.9,0.8542857142857143,-0.04571428571428571,0.6203232848754255,specificity,0.6529680365296804,0.7566137566137566,0.10364572008407624,0.10326244503860905,0.06912685609940321,0.13909226983189954,0.050035571825480844,0.0,0.6534070855462496,0.6270270270270271,0.6793798372410653,0.10320667106750703,1.0,0.001998001998001998,0.36789297658862874,0.3742341137123746,0.3742857142857143,299,350,predictive,ensemble,0.002414252414252414,True,0.0,True
ensemble_entropy,0.9,0.8542857142857143,-0.04571428571428571,0.6203232848754255,ppv,0.625615763546798,0.6973684210526315,0.07175265750583348,0.07129644180393786,0.031781458722949546,0.11548532219175713,0.05999521707148489,0.0,0.6259087077068474,0.5999709302325581,0.6529471268276097,0.07145971334578416,1.0,0.001998001998001998,0.36789297658862874,0.3742341137123746,0.3742857142857143,299,350,predictive,ensemble,0.002716033966033966,True,0.0,True
ensemble_entropy,0.9,0.8542857142857143,-0.04571428571428571,0.6203232848754255,npv,0.9727891156462585,0.9727891156462585,0.0,0.0,0.0,0.0,0.0,1.0,0.9729389009643118,0.9666666666666667,0.9844961240310077,-0.0001497853180533193,0.516,0.9690309690309691,0.36789297658862874,0.3742341137123746,0.3742857142857143,299,350,predictive,ensemble,0.9944474130520643,False,1.0,False
ensemble_entropy,0.9,0.8542857142857143,-0.04571428571428571,0.6203232848754255,f1,0.7604790419161677,0.8091603053435115,0.0486812634273438,0.04832013863636851,0.01991163591477897,0.07925718297879879,0.042458868271860774,0.0,0.7606554377212263,0.7394366197183099,0.7816901408450704,0.04850486762228512,1.0,0.001998001998001998,0.36789297658862874,0.3742341137123746,0.3742857142857143,299,350,predictive,ensemble,0.0026337299064571793,True,0.0,True
ensemble_entropy,0.9,0.8542857142857143,-0.04571428571428571,0.6203232848754255,brier,0.11392836214080676,0.09267055282614285,-0.02125780931466391,-0.021220876632522062,-0.029681459785696352,-0.013855045790869385,0.011262113922159726,0.0,0.11383853301635054,0.10402916567784982,0.1237135270314801,-0.021167980190207686,0.0,0.001998001998001998,0.36789297658862874,0.3742341137123746,0.3742857142857143,299,350,predictive,ensemble,0.0031040388183245326,True,0.0,True
ensemble_entropy,0.9,0.8542857142857143,-0.04571428571428571,0.6203232848754255,ece,0.07223628157749773,0.06897634978913844,-0.003259931788359288,-0.008139831431482912,-0.024637535391454368,0.007116226162886455,0.022933975353451937,0.31,0.07455810224927689,0.0611711775979812,0.08759222874732496,-0.0055817524601384505,0.195,0.3916083916083916,0.36789297658862874,0.3742341137123746,0.3742857142857143,299,350,predictive,ensemble,0.4798581699990151,False,0.435,False
ensemble_entropy,0.9,0.8542857142857143,-0.04571428571428571,0.6203232848754255,cal_gap,0.07223628157749773,0.06637212697316874,-0.005864154604328986,-0.006100373642490526,-0.025090906219801246,0.013205782632705594,0.028041943375705595,0.52,0.07243797085862795,0.05890788005043548,0.08573158580707047,-0.006065843885459207,0.195,0.3916083916083916,0.36789297658862874,0.3742341137123746,0.3742857142857143,299,350,predictive,ensemble,0.5162110616656072,False,0.6556521739130435,False
ensemble_entropy,0.9,0.8542857142857143,-0.04571428571428571,0.6203232848754255,accuracy,0.7714285714285715,0.8327759197324415,0.06134734830387001,0.06109709523218326,0.03591060542528152,0.08706025595449698,0.036664030203597445,0.0,0.771752508361204,0.7558528428093646,0.7892976588628763,0.06102341137123746,1.0,0.001998001998001998,0.36789297658862874,0.3742341137123746,0.3742857142857143,299,350,predictive,ensemble,0.0025192199105242585,True,0.0,True
ensemble_entropy,0.8,0.7428571428571429,-0.05714285714285716,0.46819484685176427,auroc,0.9230715605284255,0.950625,0.027553439471574515,0.027752546178090226,0.014158748274554194,0.04406827604063615,0.021394962987058588,0.0,0.9233456847439131,0.9086784464712918,0.9410306936929708,0.027279315256086956,0.999,0.003996003996003996,0.38461538461538464,0.3748115384615384,0.3742857142857143,260,350,predictive,ensemble,0.008084938317496458,True,0.0,True
ensemble_entropy,0.8,0.7428571428571429,-0.05714285714285716,0.46819484685176427,auprc,0.8598421756650698,0.8977218586396638,0.03787968297459399,0.038219892797141844,0.020766931806696202,0.05916787804916074,0.027296219534693935,0.0,0.8609729968734703,0.8270183482732973,0.8986259102842605,0.03674886176619352,0.97,0.061938061938061936,0.38461538461538464,0.3748115384615384,0.3742857142857143,260,350,predictive,ensemble,0.25696043087347437,False,0.0,True
ensemble_entropy,0.8,0.7428571428571429,-0.05714285714285716,0.46819484685176427,bss,0.5135339550960707,0.6921545390332025,0.17862058393713176,0.17794395577364355,0.11952409370565857,0.24228633743687955,0.08824005240897145,0.0,0.5142078674974554,0.4533854538850593,0.5750455787149313,0.17794667153574706,1.0,0.001998001998001998,0.38461538461538464,0.3748115384615384,0.3742857142857143,260,350,predictive,ensemble,0.003160475887748615,True,0.0,True
ensemble_entropy,0.8,0.7428571428571429,-0.05714285714285716,0.46819484685176427,balanced_accuracy,0.8112168426923211,0.926875,0.11565815730767892,0.11559697260023626,0.08892246106807418,0.14486079716164152,0.03933045244487576,0.0,0.811278849838626,0.7917538930842494,0.8299529972313437,0.11559615016137403,1.0,0.001998001998001998,0.38461538461538464,0.3748115384615384,0.3742857142857143,260,350,predictive,ensemble,0.002414252414252414,True,0.0,True
ensemble_entropy,0.8,0.7428571428571429,-0.05714285714285716,0.46819484685176427,sensitivity,0.9694656488549618,0.96,-0.009465648854961817,-0.009778998387764092,-0.02136889991728694,-0.0021804986131213544,0.013840075187018637,0.022,0.9697817403879059,0.956989247311828,0.9897959183673469,-0.009781740387905913,0.193,0.44955044955044954,0.38461538461538464,0.3748115384615384,0.3742857142857143,260,350,predictive,ensemble,0.5636934494077351,False,0.04188888888888889,True
ensemble_entropy,0.8,0.7428571428571429,-0.05714285714285716,0.46819484685176427,specificity,0.6529680365296804,0.89375,0.24078196347031966,0.2409729435882366,0.18960334845877022,0.2966972671924417,0.07670599724619317,0.0,0.6527759592893463,0.6158419324577861,0.6875,0.24097404071065376,1.0,0.001998001998001998,0.38461538461538464,0.3748115384615384,0.3742857142857143,260,350,predictive,ensemble,0.002414252414252414,True,0.0,True
ensemble_entropy,0.8,0.7428571428571429,-0.05714285714285716,0.46819484685176427,ppv,0.625615763546798,0.8495575221238938,0.22394175857709575,0.22386528554794158,0.1624271335935117,0.28645335492195834,0.08905568266868681,0.0,0.6261012979158609,0.5866551724137931,0.6621643994988365,0.2234562242080329,1.0,0.001998001998001998,0.38461538461538464,0.3748115384615384,0.3742857142857143,260,350,predictive,ensemble,0.002716033966033966,True,0.0,True
ensemble_entropy,0.8,0.7428571428571429,-0.05714285714285716,0.46819484685176427,npv,0.9727891156462585,0.9727891156462585,0.0,0.0,0.0,0.0,0.0,1.0,0.973021263393791,0.9615384615384616,0.990742864424057,-0.00023214774753255174,0.563,0.8751248751248751,0.38461538461538464,0.3748115384615384,0.3742857142857143,260,350,predictive,ensemble,0.9944474130520643,False,1.0,False
ensemble_entropy,0.8,0.7428571428571429,-0.05714285714285716,0.46819484685176427,f1,0.7604790419161677,0.9014084507042254,0.1409294087880577,0.14101692519281217,0.09879889039201627,0.18528867875944965,0.06141007292084341,0.0,0.7607560155781126,0.7322690608795852,0.7888446215139442,0.1406524351261128,1.0,0.001998001998001998,0.38461538461538464,0.3748115384615384,0.3742857142857143,260,350,predictive,ensemble,0.0026337299064571793,True,0.0,True
ensemble_entropy,0.8,0.7428571428571429,-0.05714285714285716,0.46819484685176427,brier,0.11392836214080676,0.0728628309980586,-0.04106553114274816,-0.0407915014579365,-0.05493175575386055,-0.027269351175740596,0.02025047324657132,0.0,0.11369079555008389,0.09961677957297259,0.12695120396980417,-0.040827964552025295,0.0,0.001998001998001998,0.38461538461538464,0.3748115384615384,0.3742857142857143,260,350,predictive,ensemble,0.0031040388183245326,True,0.0,True
ensemble_entropy,0.8,0.7428571428571429,-0.05714285714285716,0.46819484685176427,ece,0.07223628157749773,0.055715275537939035,-0.016521006039558694,-0.024682013573873236,-0.04802860303169861,-0.004666255166399157,0.03061552462250064,0.014,0.07576828930604343,0.058064349194755775,0.09451588815212464,-0.020053013768104394,0.009,0.01998001998001998,0.38461538461538464,0.3748115384615384,0.3742857142857143,260,350,predictive,ensemble,0.07081807081807082,False,0.055363636363636365,False
ensemble_entropy,0.8,0.7428571428571429,-0.05714285714285716,0.46819484685176427,cal_gap,0.07223628157749773,0.05571527553793898,-0.01652100603955875,-0.016891065554657584,-0.0427206069234661,0.009682620897285313,0.037518202651692895,0.208,0.07198468604635161,0.053815750608471435,0.09241597715030929,-0.01626941050841263,0.056,0.11388611388611389,0.38461538461538464,0.3748115384615384,0.3742857142857143,260,350,predictive,ensemble,0.2830883402311974,False,0.4231363636363636,False
ensemble_entropy,0.8,0.7428571428571429,-0.05714285714285716,0.46819484685176427,accuracy,0.7714285714285715,0.9192307692307692,0.14780219780219772,0.14790666654956708,0.1098987674806228,0.18641138560687434,0.053418886202339325,0.0,0.7716038461538463,0.7461538461538462,0.7961538461538461,0.14762692307692293,1.0,0.001998001998001998,0.38461538461538464,0.3748115384615384,0.3742857142857143,260,350,predictive,ensemble,0.0025192199105242585,True,0.0,True
ensemble_entropy,0.7,0.6628571428571428,-0.037142857142857144,0.3808562502284866,auroc,0.9230715605284255,0.9586651799936285,0.03559361946520301,0.03590670733492845,0.01963013327540168,0.05314966083689962,0.025398812859427643,0.0,0.922945941257299,0.9042034276397126,0.9435401096359046,0.03571923873632954,1.0,0.001998001998001998,0.3706896551724138,0.3738965517241379,0.3742857142857143,232,350,predictive,ensemble,0.006685622070237455,True,0.0,True
ensemble_entropy,0.7,0.6628571428571428,-0.037142857142857144,0.3808562502284866,auprc,0.8598421756650698,0.9072401597218864,0.04739798405681661,0.047939962924459185,0.0251379918261432,0.07350467503892269,0.0354585278283493,0.0,0.8596819710504346,0.8155339468193494,0.9045322123487698,0.047558188671451784,0.98,0.04195804195804196,0.3706896551724138,0.3738965517241379,0.3742857142857143,232,350,predictive,ensemble,0.25696043087347437,False,0.0,True
ensemble_entropy,0.7,0.6628571428571428,-0.037142857142857144,0.3808562502284866,bss,0.5135339550960707,0.7141875880936956,0.20065363299762495,0.20132413048676367,0.1224482383149912,0.28146926953168255,0.11227613417421593,0.0,0.5120048243798843,0.43547520458768196,0.5886291176250564,0.2021827637138114,1.0,0.001998001998001998,0.3706896551724138,0.3738965517241379,0.3742857142857143,232,350,predictive,ensemble,0.003160475887748615,True,0.0,True
ensemble_entropy,0.7,0.6628571428571428,-0.037142857142857144,0.3808562502284866,balanced_accuracy,0.8112168426923211,0.9346129340554317,0.12339609136311058,0.1237981275191139,0.0937393826298919,0.15468405180339512,0.04361698923346421,0.0,0.811418472563834,0.7853946498005353,0.8364010441914248,0.12319446149159763,1.0,0.001998001998001998,0.3706896551724138,0.3738965517241379,0.3742857142857143,232,350,predictive,ensemble,0.002414252414252414,True,0.0,True
ensemble_entropy,0.7,0.6628571428571428,-0.037142857142857144,0.3808562502284866,sensitivity,0.9694656488549618,0.9651162790697675,-0.00434936978519429,-0.0042718602483191375,-0.023277237474979506,0.01734038342582654,0.02919385896488405,0.662,0.9694181219951665,0.9518072289156626,0.9888919413919415,-0.004301842925399035,0.327,0.7292707292707292,0.3706896551724138,0.3738965517241379,0.3742857142857143,232,350,predictive,ensemble,0.8156458925689696,False,0.747974025974026,False
ensemble_entropy,0.7,0.6628571428571428,-0.037142857142857144,0.3808562502284866,specificity,0.6529680365296804,0.9041095890410958,0.25114155251141546,0.25186811528654696,0.19714640488790927,0.31470540246016393,0.08219758825424722,0.0,0.6534188231325015,0.6083845208845209,0.6993006993006993,0.2506907659085943,1.0,0.001998001998001998,0.3706896551724138,0.3738965517241379,0.3742857142857143,232,350,predictive,ensemble,0.002414252414252414,True,0.0,True
ensemble_entropy,0.7,0.6628571428571428,-0.037142857142857144,0.3808562502284866,ppv,0.625615763546798,0.8556701030927835,0.23005433954598542,0.2308055397930957,0.16345849019219333,0.30445554681299575,0.09902195061229813,0.0,0.6255224420248078,0.5785515873015874,0.6740782828282827,0.23014766106797568,1.0,0.001998001998001998,0.3706896551724138,0.3738965517241379,0.3742857142857143,232,350,predictive,ensemble,0.002716033966033966,True,0.0,True
ensemble_entropy,0.7,0.6628571428571428,-0.037142857142857144,0.3808562502284866,npv,0.9727891156462585,0.9777777777777777,0.0049886621315192725,0.005306880399307977,-0.003524222368381355,0.02116104306287223,0.019410010178930154,0.718,0.9728221567278647,0.956989247311828,0.9901960784313726,0.004955621049913095,0.613,0.7752247752247752,0.3706896551724138,0.3738965517241379,0.3742857142857143,232,350,predictive,ensemble,0.9944474130520643,False,0.9453134328358209,False
ensemble_entropy,0.7,0.6628571428571428,-0.037142857142857144,0.3808562502284866,f1,0.7604790419161677,0.907103825136612,0.14662478322044437,0.1473029029533147,0.10154564434597879,0.19603935661528518,0.06759158486681008,0.0,0.7601179615212129,0.724621286641747,0.7982832618025751,0.14698586361539911,1.0,0.001998001998001998,0.3706896551724138,0.3738965517241379,0.3742857142857143,232,350,predictive,ensemble,0.0026337299064571793,True,0.0,True
ensemble_entropy,0.7,0.6628571428571428,-0.037142857142857144,0.3808562502284866,brier,0.11392836214080676,0.06667398639817848,-0.04725437574262828,-0.04733388682555544,-0.06555403450866565,-0.030339766377684835,0.02523677326670071,0.0,0.11401232559265469,0.09635406280880568,0.13077712945480488,-0.047338339194476206,0.0,0.001998001998001998,0.3706896551724138,0.3738965517241379,0.3742857142857143,232,350,predictive,ensemble,0.0031040388183245326,True,0.0,True
ensemble_entropy,0.7,0.6628571428571428,-0.037142857142857144,0.3808562502284866,ece,0.07223628157749773,0.05615121092053195,-0.01608507065696578,-0.02376095273401153,-0.05053604655328885,0.0016844407502738185,0.036028920303895776,0.064,0.07807688939586635,0.05506690904801181,0.10089054648605862,-0.0219256784753344,0.031,0.06393606393606394,0.3706896551724138,0.3738965517241379,0.3742857142857143,232,350,predictive,ensemble,0.11706660686252524,False,0.1358048780487805,False
ensemble_entropy,0.7,0.6628571428571428,-0.037142857142857144,0.3808562502284866,cal_gap,0.07223628157749773,0.056151210920531935,-0.016085070656965794,-0.01666833237567281,-0.04603475286687508,0.013890726324743917,0.04194913982355669,0.248,0.07238589112482291,0.04790091713005274,0.09655148278086861,-0.016234680204290974,0.095,0.1918081918081918,0.3706896551724138,0.3738965517241379,0.3742857142857143,232,350,predictive,ensemble,0.3272022095551507,False,0.435,False
ensemble_entropy,0.7,0.6628571428571428,-0.037142857142857144,0.3808562502284866,accuracy,0.7714285714285715,0.9267241379310345,0.155295566502463,0.15591364655583417,0.11577307620295835,0.1971454664057404,0.05736770704127972,0.0,0.7715732758620689,0.741271551724138,0.8017241379310345,0.15515086206896556,1.0,0.001998001998001998,0.3706896551724138,0.3738965517241379,0.3742857142857143,232,350,predictive,ensemble,0.0025192199105242585,True,0.0,True
