signal,target_coverage,achieved_coverage,coverage_shift,calibration_cutoff,metric,full,retained,delta_vs_full,d_full,d_full_lo,d_full_hi,d_full_mde,p_full_raw,random_mean,random_lo,random_hi,delta_vs_random,pct_in_random,p_raw,retained_prev,random_prev,full_prev,n_retained,n_evaluation,family,predictor
de_predictive_entropy_uni2,0.9,0.8685714285714285,-0.03142857142857147,0.5923906656255286,auroc,0.9218864373104674,0.938875641966251,0.016989204655783574,0.01706050415308242,0.009072401292775695,0.027936957447183674,0.013667851005419356,0.0,0.9221182150469538,0.9114738266337086,0.9334713240843884,0.016757426919297158,0.996,0.00999000999000999,0.3815789473684211,0.37398026315789473,0.3742857142857143,304,350,deep_ensemble,uni2+hoptimus
de_predictive_entropy_uni2,0.9,0.8685714285714285,-0.03142857142857147,0.5923906656255286,auprc,0.8369480232797907,0.8567804579024298,0.019832434622639172,0.02024652160227914,0.009576504658209112,0.033600940502498455,0.017456652091295745,0.0,0.8377562433899617,0.8131227878200649,0.8769969081086915,0.019024214512468163,0.873,0.25574425574425574,0.3815789473684211,0.37398026315789473,0.3742857142857143,304,350,deep_ensemble,uni2+hoptimus
de_predictive_entropy_uni2,0.9,0.8685714285714285,-0.03142857142857147,0.5923906656255286,bss,0.4819544189849594,0.5812587113227672,0.0993042923378078,0.09936525193372489,0.056402833611912895,0.14736018450065544,0.06453819278070323,0.0,0.48233245734234576,0.4361742344511725,0.5301074270870562,0.09892625398042143,0.999,0.003996003996003996,0.3815789473684211,0.37398026315789473,0.3742857142857143,304,350,deep_ensemble,uni2+hoptimus
de_predictive_entropy_uni2,0.9,0.8685714285714285,-0.03142857142857147,0.5923906656255286,balanced_accuracy,0.8096831538220224,0.856107850330154,0.046424696508131635,0.04626995058970722,0.02967294840502585,0.06587834638850083,0.025953047781957596,0.0,0.8099826992356123,0.7968142968142968,0.823613001338773,0.04612515109454174,1.0,0.001998001998001998,0.3815789473684211,0.37398026315789473,0.3742857142857143,304,350,deep_ensemble,uni2+hoptimus
de_predictive_entropy_uni2,0.9,0.8685714285714285,-0.03142857142857147,0.5923906656255286,sensitivity,0.9618320610687023,0.9568965517241379,-0.004935509344564437,-0.005095922892535572,-0.011297746475892817,-0.001283633660972075,0.007302794924617216,0.014,0.9620440479325041,0.9545454545454546,0.9741379310344828,-0.005147496208366187,0.316,0.7312687312687313,0.3815789473684211,0.37398026315789473,0.3742857142857143,304,350,deep_ensemble,uni2+hoptimus
de_predictive_entropy_uni2,0.9,0.8685714285714285,-0.03142857142857147,0.5923906656255286,specificity,0.6575342465753424,0.7553191489361702,0.09778490236082782,0.09763582407195,0.06461507665887818,0.13679173956155086,0.05119565784518727,0.0,0.6579213505387201,0.6349206349206349,0.6808510638297872,0.09739779839745011,1.0,0.001998001998001998,0.3815789473684211,0.37398026315789473,0.3742857142857143,304,350,deep_ensemble,uni2+hoptimus
de_predictive_entropy_uni2,0.9,0.8685714285714285,-0.03142857142857147,0.5923906656255286,ppv,0.6268656716417911,0.7070063694267515,0.08014069778496047,0.07991063973303776,0.041508283479061193,0.12334772402228585,0.05916865682006747,0.0,0.6268754267527151,0.6,0.6514285714285715,0.08013094267403642,1.0,0.001998001998001998,0.3815789473684211,0.37398026315789473,0.3742857142857143,304,350,deep_ensemble,uni2+hoptimus
de_predictive_entropy_uni2,0.9,0.8685714285714285,-0.03142857142857147,0.5923906656255286,npv,0.9664429530201343,0.9659863945578231,-0.00045655846231118513,-0.00046490574913576465,-0.0015250117980179195,0.0,0.0011643666167277776,0.268,0.9666808956584056,0.96,0.9774436090225563,-0.0006945011005825563,0.471,0.9430569430569431,0.3815789473684211,0.37398026315789473,0.3742857142857143,304,350,deep_ensemble,uni2+hoptimus
de_predictive_entropy_uni2,0.9,0.8685714285714285,-0.03142857142857147,0.5923906656255286,f1,0.7590361445783133,0.8131868131868132,0.05415066860849993,0.05399916144035571,0.02626183753448621,0.08517250994322974,0.04198892668295036,0.0,0.7590258857379079,0.7386678405954566,0.777027027027027,0.05416092744890533,1.0,0.001998001998001998,0.3815789473684211,0.37398026315789473,0.3742857142857143,304,350,deep_ensemble,uni2+hoptimus
de_predictive_entropy_uni2,0.9,0.8685714285714285,-0.03142857142857147,0.5923906656255286,brier,0.12132416060196326,0.09881308456839825,-0.022511076033565003,-0.022451971671025445,-0.03315597156934399,-0.013302677567866687,0.013802457868735019,0.0,0.12112684673220145,0.11059668555721922,0.13110783452813046,-0.022313762163803194,0.001,0.003996003996003996,0.3815789473684211,0.37398026315789473,0.3742857142857143,304,350,deep_ensemble,uni2+hoptimus
de_predictive_entropy_uni2,0.9,0.8685714285714285,-0.03142857142857147,0.5923906656255286,ece,0.08565922886332764,0.07696139410760033,-0.008697834755727302,-0.007956635208676238,-0.028394690041267188,0.010968852796892619,0.028846468626018862,0.444,0.08718003824165499,0.07406047866346563,0.10124909895181954,-0.010218644134054655,0.063,0.12787212787212787,0.3815789473684211,0.37398026315789473,0.3742857142857143,304,350,deep_ensemble,uni2+hoptimus
de_predictive_entropy_uni2,0.9,0.8685714285714285,-0.03142857142857147,0.5923906656255286,cal_gap,0.08565922886332766,0.06886434623907245,-0.016794882624255214,-0.016769324684996825,-0.03653206206579979,0.002915832631938764,0.02803091962948585,0.094,0.08579112932496279,0.07185169024336283,0.099544901853752,-0.016926783085890337,0.012,0.025974025974025976,0.3815789473684211,0.37398026315789473,0.3742857142857143,304,350,deep_ensemble,uni2+hoptimus
de_predictive_entropy_uni2,0.9,0.8685714285714285,-0.03142857142857147,0.5923906656255286,accuracy,0.7714285714285715,0.8322368421052632,0.0608082706766917,0.060710849936020196,0.03583358308358303,0.08803457469682642,0.03706690479395592,0.0,0.7716513157894738,0.756578947368421,0.7894736842105263,0.060585526315789395,1.0,0.001998001998001998,0.3815789473684211,0.37398026315789473,0.3742857142857143,304,350,deep_ensemble,uni2+hoptimus
de_predictive_entropy_uni2,0.8,0.7514285714285714,-0.0485714285714286,0.42394968809490585,auroc,0.9218864373104674,0.949092680550481,0.02720624324001364,0.027259616855497795,0.013187965981058133,0.04403333008033374,0.02181583336828348,0.0,0.9218615426338597,0.9069216247021528,0.9377401842716839,0.02723113791662135,0.998,0.005994005994005994,0.38783269961977185,0.3750950570342205,0.3742857142857143,263,350,deep_ensemble,uni2+hoptimus
de_predictive_entropy_uni2,0.8,0.7514285714285714,-0.0485714285714286,0.42394968809490585,auprc,0.8369480232797907,0.8684976590993392,0.031549635819548505,0.032512040786138,0.01272670472601762,0.05493387863828169,0.029754039276687346,0.002,0.8385674033343702,0.8005646165773405,0.8882633512244231,0.029930255764968994,0.887,0.22777222777222778,0.38783269961977185,0.3750950570342205,0.3742857142857143,263,350,deep_ensemble,uni2+hoptimus
de_predictive_entropy_uni2,0.8,0.7514285714285714,-0.0485714285714286,0.42394968809490585,bss,0.4819544189849594,0.6544250216540473,0.17247060266908787,0.17246675693022634,0.1041323470279322,0.24699331532857424,0.10188403584347432,0.0,0.48152528208452633,0.4192852122757744,0.5510078703102961,0.17289973956952093,1.0,0.001998001998001998,0.38783269961977185,0.3750950570342205,0.3742857142857143,263,350,deep_ensemble,uni2+hoptimus
de_predictive_entropy_uni2,0.8,0.7514285714285714,-0.0485714285714286,0.42394968809490585,balanced_accuracy,0.8096831538220224,0.8903300450615028,0.08064689123948043,0.08065573531067867,0.05599286752506541,0.10748429789090513,0.037449553025359926,0.0,0.8099230887624219,0.7907665464243422,0.8300521674326171,0.0804069562990809,1.0,0.001998001998001998,0.38783269961977185,0.3750950570342205,0.3742857142857143,263,350,deep_ensemble,uni2+hoptimus
de_predictive_entropy_uni2,0.8,0.7514285714285714,-0.0485714285714286,0.42394968809490585,sensitivity,0.9618320610687023,0.9607843137254902,-0.0010477473432121132,-0.0012426657854624447,-0.016443678931784927,0.016908971005604116,0.024146022594300917,0.854,0.9622106821610334,0.9473684210526315,0.9803969160479725,-0.0014263684355432238,0.531,0.939060939060939,0.38783269961977185,0.3750950570342205,0.3742857142857143,263,350,deep_ensemble,uni2+hoptimus
de_predictive_entropy_uni2,0.8,0.7514285714285714,-0.0485714285714286,0.42394968809490585,specificity,0.6575342465753424,0.8198757763975155,0.1623415298221731,0.16255413640681976,0.11614642954409864,0.2138368495553967,0.06983476481293074,0.0,0.6576354953638106,0.6249810606060606,0.6946235577625237,0.16224028103370491,1.0,0.001998001998001998,0.38783269961977185,0.3750950570342205,0.3742857142857143,263,350,deep_ensemble,uni2+hoptimus
de_predictive_entropy_uni2,0.8,0.7514285714285714,-0.0485714285714286,0.42394968809490585,ppv,0.6268656716417911,0.7716535433070866,0.1447878716652955,0.14516611637047544,0.09066083157885305,0.20350945678801818,0.08154774101115037,0.0,0.6278203146265993,0.5894039735099338,0.6666666666666666,0.1438332286804873,1.0,0.001998001998001998,0.38783269961977185,0.3750950570342205,0.3742857142857143,263,350,deep_ensemble,uni2+hoptimus
de_predictive_entropy_uni2,0.8,0.7514285714285714,-0.0485714285714286,0.42394968809490585,npv,0.9664429530201343,0.9705882352941176,0.004145282273983364,0.004075261279779187,-0.004910494397657575,0.018979880324989026,0.018334807336772573,0.724,0.9666498886596024,0.9537037037037037,0.9829059829059829,0.0039383466345152,0.641,0.7192807192807192,0.38783269961977185,0.3750950570342205,0.3742857142857143,263,350,deep_ensemble,uni2+hoptimus
de_predictive_entropy_uni2,0.8,0.7514285714285714,-0.0485714285714286,0.42394968809490585,f1,0.7590361445783133,0.8558951965065502,0.09685905192823696,0.09710570825028114,0.05886367873412526,0.13853325396245544,0.056877341583465885,0.0,0.7596684812176998,0.7302708999387796,0.7890625,0.0962267152888504,1.0,0.001998001998001998,0.38783269961977185,0.3750950570342205,0.3742857142857143,263,350,deep_ensemble,uni2+hoptimus
de_predictive_entropy_uni2,0.8,0.7514285714285714,-0.0485714285714286,0.42394968809490585,brier,0.12132416060196326,0.0820458918648128,-0.03927826873715046,-0.039135940815874265,-0.056229933607906145,-0.02401865308593791,0.02288163809111294,0.0,0.12136011583384279,0.10614838230930239,0.13528771537558426,-0.03931422396902999,0.0,0.001998001998001998,0.38783269961977185,0.3750950570342205,0.3742857142857143,263,350,deep_ensemble,uni2+hoptimus
de_predictive_entropy_uni2,0.8,0.7514285714285714,-0.0485714285714286,0.42394968809490585,ece,0.08565922886332764,0.06789971228260477,-0.01775951658072286,-0.017512506215880082,-0.04311367715033057,0.00626933834151046,0.0361901868779376,0.176,0.08921672784321774,0.06940503585851261,0.1084337259533004,-0.021317015560612967,0.017,0.03596403596403597,0.38783269961977185,0.3750950570342205,0.3742857142857143,263,350,deep_ensemble,uni2+hoptimus
de_predictive_entropy_uni2,0.8,0.7514285714285714,-0.0485714285714286,0.42394968809490585,cal_gap,0.08565922886332766,0.06159848436808829,-0.024060744495239372,-0.02449847156706791,-0.051238284387556496,0.0017630547990378678,0.037691024217460976,0.07,0.08556549159689726,0.06498499841145113,0.10553141997570702,-0.02396700722880897,0.007,0.015984015984015984,0.38783269961977185,0.3750950570342205,0.3742857142857143,263,350,deep_ensemble,uni2+hoptimus
de_predictive_entropy_uni2,0.8,0.7514285714285714,-0.0485714285714286,0.42394968809490585,accuracy,0.7714285714285715,0.8745247148288974,0.10309614340032591,0.10328084373341041,0.07062173566505694,0.1397218325567562,0.0496912377866479,0.0,0.7718783269961976,0.7489543726235741,0.7946768060836502,0.10264638783269975,1.0,0.001998001998001998,0.38783269961977185,0.3750950570342205,0.3742857142857143,263,350,deep_ensemble,uni2+hoptimus
de_predictive_entropy_uni2,0.7,0.6171428571428571,-0.08285714285714285,0.24766291075308944,auroc,0.9218864373104674,0.9591234347048301,0.0372369973943627,0.037704601815325194,0.01802458808873453,0.06049639588975607,0.03169787617240683,0.002,0.9217440256288242,0.9009571504211566,0.9434294906504945,0.0373794090760059,1.0,0.001998001998001998,0.39814814814814814,0.3733796296296296,0.3742857142857143,216,350,deep_ensemble,uni2+hoptimus
de_predictive_entropy_uni2,0.7,0.6171428571428571,-0.08285714285714285,0.24766291075308944,auprc,0.8369480232797907,0.8801859984749104,0.04323797519511974,0.04536740890891961,0.01265651043804894,0.078428898920312,0.04662931918059891,0.01,0.8394618261508804,0.781570457028684,0.9022476910540808,0.04072417232403003,0.909,0.1838161838161838,0.39814814814814814,0.3733796296296296,0.3742857142857143,216,350,deep_ensemble,uni2+hoptimus
de_predictive_entropy_uni2,0.7,0.6171428571428571,-0.08285714285714285,0.24766291075308944,bss,0.4819544189849594,0.747999660746624,0.26604524176166466,0.2679152216531199,0.17467842396933694,0.3715979996106355,0.14091122532476977,0.0,0.4787749460961005,0.38942094403941585,0.5699251423971143,0.26922471465052356,1.0,0.001998001998001998,0.39814814814814814,0.3733796296296296,0.3742857142857143,216,350,deep_ensemble,uni2+hoptimus
de_predictive_entropy_uni2,0.7,0.6171428571428571,-0.08285714285714285,0.24766291075308944,balanced_accuracy,0.8096831538220224,0.9326475849731664,0.12296443115114397,0.12321624038060518,0.0919238495375878,0.15687407524854924,0.046253168523431906,0.0,0.8099088561440726,0.7827205882352941,0.8378777460058098,0.12273872882909376,1.0,0.001998001998001998,0.39814814814814814,0.3733796296296296,0.3742857142857143,216,350,deep_ensemble,uni2+hoptimus
de_predictive_entropy_uni2,0.7,0.6171428571428571,-0.08285714285714285,0.24766291075308944,sensitivity,0.9618320610687023,0.9883720930232558,0.026540031954553456,0.027486789985324344,0.0,0.058831637918325234,0.04361009442587306,0.06,0.9621475972185939,0.9367088607594937,0.9876543209876543,0.026224495804661907,0.99,0.02197802197802198,0.39814814814814814,0.3733796296296296,0.3742857142857143,216,350,deep_ensemble,uni2+hoptimus
de_predictive_entropy_uni2,0.7,0.6171428571428571,-0.08285714285714285,0.24766291075308944,specificity,0.6575342465753424,0.8769230769230769,0.2193888303477345,0.218945690775886,0.16004128883554058,0.2761916799459612,0.08173635455509518,0.0,0.6576701150695512,0.6090143837855508,0.7067984742879095,0.21925296185352572,1.0,0.001998001998001998,0.39814814814814814,0.3733796296296296,0.3742857142857143,216,350,deep_ensemble,uni2+hoptimus
de_predictive_entropy_uni2,0.7,0.6171428571428571,-0.08285714285714285,0.24766291075308944,ppv,0.6268656716417911,0.8415841584158416,0.21471848677405048,0.21453507720843265,0.1522919146116672,0.2805033878977521,0.09470777158220119,0.0,0.6261335963480056,0.5759939393939394,0.6821797711332594,0.21545056206783597,1.0,0.001998001998001998,0.39814814814814814,0.3733796296296296,0.3742857142857143,216,350,deep_ensemble,uni2+hoptimus
de_predictive_entropy_uni2,0.7,0.6171428571428571,-0.08285714285714285,0.24766291075308944,npv,0.9664429530201343,0.991304347826087,0.02486139480595273,0.025600822203434823,0.0030766281237885776,0.05229618163054699,0.03717170266730661,0.032,0.9668325686256799,0.9450396825396825,0.9891333567087424,0.024471779200407107,0.993,0.015984015984015984,0.39814814814814814,0.3733796296296296,0.3742857142857143,216,350,deep_ensemble,uni2+hoptimus
de_predictive_entropy_uni2,0.7,0.6171428571428571,-0.08285714285714285,0.24766291075308944,f1,0.7590361445783133,0.9090909090909091,0.1500547645125958,0.15055036225475646,0.1072689067308826,0.1975690211639917,0.06637993315796378,0.0,0.7582620760995372,0.719092345505618,0.7982110091743119,0.15082883299137184,1.0,0.001998001998001998,0.39814814814814814,0.3733796296296296,0.3742857142857143,216,350,deep_ensemble,uni2+hoptimus
de_predictive_entropy_uni2,0.7,0.6171428571428571,-0.08285714285714285,0.24766291075308944,brier,0.12132416060196326,0.06038588376313321,-0.06093827683883005,-0.06118391304194202,-0.08552062753972897,-0.03907364499132825,0.03222325484911998,0.0,0.1216624373212209,0.10066717751338203,0.14029769556148533,-0.061276553558087685,0.0,0.001998001998001998,0.39814814814814814,0.3733796296296296,0.3742857142857143,216,350,deep_ensemble,uni2+hoptimus
de_predictive_entropy_uni2,0.7,0.6171428571428571,-0.08285714285714285,0.24766291075308944,ece,0.08565922886332764,0.063384827660802,-0.022274401202525634,-0.02965355260668108,-0.05964235965782497,-0.0007398990544060527,0.040920504508670394,0.044,0.09274774624151931,0.06818663332906674,0.11879838153793199,-0.02936291858071731,0.014,0.029970029970029972,0.39814814814814814,0.3733796296296296,0.3742857142857143,216,350,deep_ensemble,uni2+hoptimus
de_predictive_entropy_uni2,0.7,0.6171428571428571,-0.08285714285714285,0.24766291075308944,cal_gap,0.08565922886332766,0.05527450146338975,-0.030384727399937916,-0.030360395118846903,-0.061762391066027766,0.003170461978259797,0.04525102910341809,0.072,0.08629995470044431,0.05806151379077128,0.11612029403994606,-0.031025453237054565,0.013,0.027972027972027972,0.39814814814814814,0.3733796296296296,0.3742857142857143,216,350,deep_ensemble,uni2+hoptimus
de_predictive_entropy_uni2,0.7,0.6171428571428571,-0.08285714285714285,0.24766291075308944,accuracy,0.7714285714285715,0.9212962962962963,0.14986772486772482,0.15009002810991143,0.11163684247989182,0.19019929666213736,0.05757446323260832,0.0,0.7713472222222223,0.7361111111111112,0.8055555555555556,0.14994907407407398,1.0,0.001998001998001998,0.39814814814814814,0.3733796296296296,0.3742857142857143,216,350,deep_ensemble,uni2+hoptimus
within_encoder_mi_uni2,0.9,0.94,0.039999999999999925,0.10052518590412668,auroc,0.9218864373104674,0.93311950582086,0.01123306851039263,0.011114531065168107,0.0036192166887238225,0.020889877777281202,0.012285620800060787,0.002,0.9220482201715149,0.9162902909459598,0.9299231868818285,0.01107128564934512,0.998,0.005994005994005994,0.3708206686930091,0.3743161094224924,0.3742857142857143,329,350,epistemic,uni2+hoptimus
within_encoder_mi_uni2,0.9,0.94,0.039999999999999925,0.10052518590412668,auprc,0.8369480232797907,0.8479049330039987,0.010956909724208042,0.01110584447222346,0.003929046170780013,0.02016642850630281,0.012167924899713205,0.0,0.8377241182192904,0.8224264622539377,0.8643885377761188,0.010180814784708336,0.846,0.3096903096903097,0.3708206686930091,0.3743161094224924,0.3742857142857143,329,350,epistemic,uni2+hoptimus
within_encoder_mi_uni2,0.9,0.94,0.039999999999999925,0.10052518590412668,bss,0.4819544189849594,0.5215902766129583,0.03963585762799893,0.038846803192464675,0.01357140601596667,0.06877050403126277,0.041118121116933866,0.002,0.48238410341993015,0.4544433144052477,0.5150976209841878,0.03920617319302816,0.992,0.017982017982017984,0.3708206686930091,0.3743161094224924,0.3742857142857143,329,350,epistemic,uni2+hoptimus
within_encoder_mi_uni2,0.9,0.94,0.039999999999999925,0.10052518590412668,balanced_accuracy,0.8096831538220224,0.8290171853963728,0.01933403157435043,0.019307076174379337,0.008180153263969902,0.03311492328422907,0.01819333874659636,0.0,0.8097066920144089,0.8014542275905913,0.8197843137254901,0.01931049338196389,1.0,0.001998001998001998,0.3708206686930091,0.3743161094224924,0.3742857142857143,329,350,epistemic,uni2+hoptimus
within_encoder_mi_uni2,0.9,0.94,0.039999999999999925,0.10052518590412668,sensitivity,0.9618320610687023,0.9672131147540983,0.005381053685395987,0.005367885024681951,-0.00429642560022131,0.022228412542066842,0.020851988082095613,0.718,0.9618515293273033,0.957983193277311,0.9752066115702479,0.00536158542679499,0.795,0.4115884115884116,0.3708206686930091,0.3743161094224924,0.3742857142857143,329,350,epistemic,uni2+hoptimus
within_encoder_mi_uni2,0.9,0.94,0.039999999999999925,0.10052518590412668,specificity,0.6575342465753424,0.6908212560386473,0.03328700946330487,0.03324626732407672,0.015447243375921288,0.055567738288087504,0.02941013300078075,0.0,0.6575618547015143,0.642512077294686,0.6747572815533981,0.03325940133713301,1.0,0.001998001998001998,0.3708206686930091,0.3743161094224924,0.3742857142857143,329,350,epistemic,uni2+hoptimus
within_encoder_mi_uni2,0.9,0.94,0.039999999999999925,0.10052518590412668,ppv,0.6268656716417911,0.6483516483516484,0.021485976709857302,0.021698808463312215,-0.0012536327866297602,0.04617632161989906,0.034493547265451424,0.074,0.6269184700638908,0.6105263157894737,0.6436170212765957,0.021433178287757593,0.994,0.013986013986013986,0.3708206686930091,0.3743161094224924,0.3742857142857143,329,350,epistemic,uni2+hoptimus
within_encoder_mi_uni2,0.9,0.94,0.039999999999999925,0.10052518590412668,npv,0.9664429530201343,0.9727891156462585,0.006346162626124197,0.006321360652567779,-0.0006712879391071985,0.0208744155541696,0.017957555106400486,0.714,0.9664572478308662,0.9632352941176471,0.9779452018033491,0.0063318678153923,0.968,0.06593406593406594,0.3708206686930091,0.3743161094224924,0.3742857142857143,329,350,epistemic,uni2+hoptimus
within_encoder_mi_uni2,0.9,0.94,0.039999999999999925,0.10052518590412668,f1,0.7590361445783133,0.7763157894736842,0.017279644895370927,0.017409997294133353,-0.00020555972363661684,0.03636571189091402,0.02616966395426158,0.054,0.7590452889372074,0.7458745874587459,0.7712418300653595,0.01727050053647683,0.995,0.011988011988011988,0.3708206686930091,0.3743161094224924,0.3742857142857143,329,350,epistemic,uni2+hoptimus
within_encoder_mi_uni2,0.9,0.94,0.039999999999999925,0.10052518590412668,brier,0.12132416060196326,0.11161906444338422,-0.009705096158579035,-0.009501198991413945,-0.016981087137940564,-0.003443136249443716,0.009866466744972267,0.0,0.12119693112328074,0.11422778433646251,0.12706660465858635,-0.009577866679896518,0.004,0.00999000999000999,0.3708206686930091,0.3743161094224924,0.3742857142857143,329,350,epistemic,uni2+hoptimus
within_encoder_mi_uni2,0.9,0.94,0.039999999999999925,0.10052518590412668,ece,0.08565922886332764,0.08991932764997576,0.0042600987866481255,0.00044588430566870136,-0.012669429743834148,0.014217699975190031,0.019046023912285322,0.974,0.0859642710569527,0.07652271867837292,0.09528831445911365,0.00395505659302306,0.802,0.39760239760239763,0.3708206686930091,0.3743161094224924,0.3742857142857143,329,350,epistemic,uni2+hoptimus
within_encoder_mi_uni2,0.9,0.94,0.039999999999999925,0.10052518590412668,cal_gap,0.08565922886332766,0.08991932764997573,0.00426009878664807,0.0040850617374612475,-0.008833740442161418,0.019395617407513416,0.01987801208987605,0.578,0.08564501765965679,0.0763449169062347,0.09489198445157068,0.004274309990318942,0.823,0.35564435564435565,0.3708206686930091,0.3743161094224924,0.3742857142857143,329,350,epistemic,uni2+hoptimus
within_encoder_mi_uni2,0.9,0.94,0.039999999999999925,0.10052518590412668,accuracy,0.7714285714285715,0.7933130699088146,0.021884498480243098,0.021928247803664463,0.007557546767539689,0.038404732501212874,0.0228903937444901,0.004,0.7714620060790274,0.7598784194528876,0.78419452887538,0.021851063829787187,1.0,0.001998001998001998,0.3708206686930091,0.3743161094224924,0.3742857142857143,329,350,epistemic,uni2+hoptimus
within_encoder_mi_uni2,0.8,0.8314285714285714,0.03142857142857136,0.04811648403226121,auroc,0.9218864373104674,0.9441914592187817,0.022305021908314293,0.022363073752092136,0.010386733414713176,0.03695224711927721,0.018799870848131478,0.0,0.9215771130079257,0.9096642970147365,0.9340980431088619,0.022614346210856007,1.0,0.001998001998001998,0.3711340206185567,0.374979381443299,0.3742857142857143,291,350,epistemic,uni2+hoptimus
within_encoder_mi_uni2,0.8,0.8314285714285714,0.03142857142857136,0.04811648403226121,auprc,0.8369480232797907,0.8596916603785751,0.022743637098784464,0.02349305589357777,0.007523816866258657,0.04205227164501071,0.02444812395413047,0.002,0.8378995578071656,0.8086430004165516,0.8791412102629182,0.02179210257140951,0.882,0.23776223776223776,0.3711340206185567,0.374979381443299,0.3742857142857143,291,350,epistemic,uni2+hoptimus
within_encoder_mi_uni2,0.8,0.8314285714285714,0.03142857142857136,0.04811648403226121,bss,0.4819544189849594,0.5879562882457038,0.1060018692607444,0.10570072386840422,0.04990437903546394,0.17071056863447123,0.08637639246312907,0.0,0.4808711328431156,0.4283155274466798,0.5329967208117704,0.10708515540258817,1.0,0.001998001998001998,0.3711340206185567,0.374979381443299,0.3742857142857143,291,350,epistemic,uni2+hoptimus
within_encoder_mi_uni2,0.8,0.8314285714285714,0.03142857142857136,0.04811648403226121,balanced_accuracy,0.8096831538220224,0.86316029143898,0.053477137616957604,0.05376377847580008,0.033210138278996514,0.07646042096647124,0.031344047759974875,0.0,0.8092345301534961,0.7941433566433567,0.824264049955397,0.053925761285483875,1.0,0.001998001998001998,0.3711340206185567,0.374979381443299,0.3742857142857143,291,350,epistemic,uni2+hoptimus
within_encoder_mi_uni2,0.8,0.8314285714285714,0.03142857142857136,0.04811648403226121,sensitivity,0.9618320610687023,0.9722222222222222,0.010390161153519872,0.010842053816550795,-0.0067043222655684635,0.036354287150253316,0.030594391609847008,0.328,0.9616008672539169,0.9523695054945055,0.9811320754716981,0.010621354968305297,0.875,0.2517482517482518,0.3711340206185567,0.374979381443299,0.3742857142857143,291,350,epistemic,uni2+hoptimus
within_encoder_mi_uni2,0.8,0.8314285714285714,0.03142857142857136,0.04811648403226121,specificity,0.6575342465753424,0.7540983606557377,0.09656411408039522,0.09668550313504937,0.061377281255330055,0.1361368006286782,0.05314923164041678,0.0,0.6568681930530754,0.6285675253708041,0.6847826086956522,0.09723016760266223,1.0,0.001998001998001998,0.3711340206185567,0.374979381443299,0.3742857142857143,291,350,epistemic,uni2+hoptimus
within_encoder_mi_uni2,0.8,0.8314285714285714,0.03142857142857136,0.04811648403226121,ppv,0.6268656716417911,0.7,0.07313432835820888,0.07356326352962789,0.032158406422820626,0.1185156288343835,0.06159385162633328,0.0,0.6270539410833091,0.5976331360946746,0.6549707602339181,0.07294605891669081,1.0,0.001998001998001998,0.3711340206185567,0.374979381443299,0.3742857142857143,291,350,epistemic,uni2+hoptimus
within_encoder_mi_uni2,0.8,0.8314285714285714,0.03142857142857136,0.04811648403226121,npv,0.9664429530201343,0.9787234042553191,0.012280451235184842,0.012665388891132409,-0.0011347721280425688,0.032908675996399406,0.025726625477069467,0.238,0.9661230481075082,0.957983193277311,0.9830544082039596,0.012600356147810965,0.966,0.06993006993006994,0.3711340206185567,0.374979381443299,0.3742857142857143,291,350,epistemic,uni2+hoptimus
within_encoder_mi_uni2,0.8,0.8314285714285714,0.03142857142857136,0.04811648403226121,f1,0.7590361445783133,0.813953488372093,0.05491734379377977,0.0553709058413058,0.02518175568216298,0.08900647806817967,0.0451756768970757,0.0,0.7589934706757888,0.7372071727845266,0.7797923547635507,0.05496001769630421,1.0,0.001998001998001998,0.3711340206185567,0.374979381443299,0.3742857142857143,291,350,epistemic,uni2+hoptimus
within_encoder_mi_uni2,0.8,0.8314285714285714,0.03142857142857136,0.04811648403226121,brier,0.12132416060196326,0.0961683484974423,-0.02515581210452096,-0.025016167355016605,-0.03928297830004023,-0.011901287944870801,0.019410508249484554,0.0,0.1215725152844073,0.10952937685909968,0.13296395620355467,-0.025404166786965,0.0,0.001998001998001998,0.3711340206185567,0.374979381443299,0.3742857142857143,291,350,epistemic,uni2+hoptimus
within_encoder_mi_uni2,0.8,0.8314285714285714,0.03142857142857136,0.04811648403226121,ece,0.08565922886332764,0.07982881487782445,-0.005830413985503186,-0.006793853165267199,-0.029629683413169672,0.015029389032174097,0.03195657640326481,0.554,0.08759585135057969,0.07281726937908262,0.10227863160152025,-0.007767036472755243,0.163,0.3276723276723277,0.3711340206185567,0.374979381443299,0.3742857142857143,291,350,epistemic,uni2+hoptimus
within_encoder_mi_uni2,0.8,0.8314285714285714,0.03142857142857136,0.04811648403226121,cal_gap,0.08565922886332766,0.07625531036762001,-0.009403918495707653,-0.00944840781132436,-0.030463504415940115,0.012414290971948839,0.030282045229246015,0.378,0.08554594112517029,0.06981028657687809,0.10080536825098722,-0.00929063075755028,0.125,0.2517482517482518,0.3711340206185567,0.374979381443299,0.3742857142857143,291,350,epistemic,uni2+hoptimus
within_encoder_mi_uni2,0.8,0.8314285714285714,0.03142857142857136,0.04811648403226121,accuracy,0.7714285714285715,0.8350515463917526,0.06362297496318114,0.06396266728918609,0.03804495148762996,0.0940243482169613,0.039642071070045845,0.0,0.7711374570446737,0.7525773195876289,0.7903780068728522,0.06391408934707887,1.0,0.001998001998001998,0.3711340206185567,0.374979381443299,0.3742857142857143,291,350,epistemic,uni2+hoptimus
within_encoder_mi_uni2,0.7,0.7371428571428571,0.037142857142857144,0.02780203316229761,auroc,0.9218864373104674,0.9551826131687243,0.03329617585825695,0.03369791533848037,0.017457610076144613,0.051993122452701455,0.025013141765524518,0.0,0.9219877251306734,0.9051918509076549,0.9384011447810543,0.03319488803805093,1.0,0.001998001998001998,0.37209302325581395,0.3743682170542635,0.3742857142857143,258,350,epistemic,uni2+hoptimus
within_encoder_mi_uni2,0.7,0.7371428571428571,0.037142857142857144,0.02780203316229761,auprc,0.8369480232797907,0.8722676452093792,0.035319621929588485,0.03689537389412583,0.012283093686184512,0.06498784612790863,0.036944445423584736,0.002,0.8386980880740678,0.793672571846866,0.8870269708128697,0.0335695571353114,0.901,0.1998001998001998,0.37209302325581395,0.3743682170542635,0.3742857142857143,258,350,epistemic,uni2+hoptimus
within_encoder_mi_uni2,0.7,0.7371428571428571,0.037142857142857144,0.02780203316229761,bss,0.4819544189849594,0.6648677390091116,0.18291332002415217,0.1844868991210003,0.10792761178579058,0.2704620627012688,0.11654653508713528,0.0,0.4821347056868847,0.4099326054362884,0.55522348893924,0.18273303332222685,1.0,0.001998001998001998,0.37209302325581395,0.3743682170542635,0.3742857142857143,258,350,epistemic,uni2+hoptimus
within_encoder_mi_uni2,0.7,0.7371428571428571,0.037142857142857144,0.02780203316229761,balanced_accuracy,0.8096831538220224,0.8939043209876543,0.08422116716563188,0.084653479834731,0.06033574327512206,0.1118848255865781,0.03803227632777637,0.0,0.8099930118349159,0.7898927419885504,0.831569743832276,0.08391130915273837,1.0,0.001998001998001998,0.37209302325581395,0.3743682170542635,0.3742857142857143,258,350,epistemic,uni2+hoptimus
within_encoder_mi_uni2,0.7,0.7371428571428571,0.037142857142857144,0.02780203316229761,sensitivity,0.9618320610687023,0.9791666666666666,0.017334605597964292,0.018261312758967394,-0.004752389276066413,0.04697114557158103,0.037097352907847506,0.146,0.9619156401904259,0.9456521739130435,0.9801980198019802,0.01725102647624077,0.939,0.12387612387612387,0.37209302325581395,0.3743682170542635,0.3742857142857143,258,350,epistemic,uni2+hoptimus
within_encoder_mi_uni2,0.7,0.7371428571428571,0.037142857142857144,0.02780203316229761,specificity,0.6575342465753424,0.808641975308642,0.15110772873329958,0.1510456469104946,0.10755737835536473,0.1986739263086932,0.06606846591588793,0.0,0.6580703834794063,0.622751666478364,0.6951219512195121,0.15057159182923574,1.0,0.001998001998001998,0.37209302325581395,0.3743682170542635,0.3742857142857143,258,350,epistemic,uni2+hoptimus
within_encoder_mi_uni2,0.7,0.7371428571428571,0.037142857142857144,0.02780203316229761,ppv,0.6268656716417911,0.752,0.12513432835820892,0.12532012441422885,0.07348241360342535,0.1835537517792436,0.07973729581119271,0.0,0.6273044341047409,0.5866666666666667,0.6689200838769804,0.1246955658952591,1.0,0.001998001998001998,0.37209302325581395,0.3743682170542635,0.3742857142857143,258,350,epistemic,uni2+hoptimus
within_encoder_mi_uni2,0.7,0.7371428571428571,0.037142857142857144,0.02780203316229761,npv,0.9664429530201343,0.9849624060150376,0.018519452994903318,0.019263240169657858,-0.0008311486809985418,0.043051107176214236,0.031176922387049232,0.08,0.9665172414568076,0.9528301886792453,0.9824599542334096,0.018445164558229976,0.982,0.03796203796203796,0.37209302325581395,0.3743682170542635,0.3742857142857143,258,350,epistemic,uni2+hoptimus
within_encoder_mi_uni2,0.7,0.7371428571428571,0.037142857142857144,0.02780203316229761,f1,0.7590361445783133,0.8506787330316742,0.09164258845336093,0.09212490653032909,0.05620051191336797,0.13328564579434438,0.05609041298125198,0.0,0.7591812101782205,0.7272727272727273,0.7894949066213922,0.0914975228534537,1.0,0.001998001998001998,0.37209302325581395,0.3743682170542635,0.3742857142857143,258,350,epistemic,uni2+hoptimus
within_encoder_mi_uni2,0.7,0.7371428571428571,0.037142857142857144,0.02780203316229761,brier,0.12132416060196326,0.07830023620771433,-0.04302392439424893,-0.043294428492880045,-0.06304988937318866,-0.02587181335246809,0.026355500669240927,0.0,0.12110666405421147,0.10490873951060405,0.13701376415853747,-0.042806427846497144,0.0,0.001998001998001998,0.37209302325581395,0.3743682170542635,0.3742857142857143,258,350,epistemic,uni2+hoptimus
within_encoder_mi_uni2,0.7,0.7371428571428571,0.037142857142857144,0.02780203316229761,ece,0.08565922886332764,0.0681288887289995,-0.017530340134328137,-0.01732825338414198,-0.042906464618599,0.008280994316246862,0.036530350177555355,0.192,0.08916644463860862,0.06902731391082358,0.10967332056325103,-0.021037555909609124,0.02,0.04195804195804196,0.37209302325581395,0.3743682170542635,0.3742857142857143,258,350,epistemic,uni2+hoptimus
within_encoder_mi_uni2,0.7,0.7371428571428571,0.037142857142857144,0.02780203316229761,cal_gap,0.08565922886332766,0.06812888872899953,-0.017530340134328137,-0.017551148646102823,-0.04452258366836868,0.008633870627681787,0.03923876953090543,0.22,0.08543403838197484,0.06471487035572823,0.10548501574917597,-0.01730514965297532,0.051,0.1038961038961039,0.37209302325581395,0.3743682170542635,0.3742857142857143,258,350,epistemic,uni2+hoptimus
within_encoder_mi_uni2,0.7,0.7371428571428571,0.037142857142857144,0.02780203316229761,accuracy,0.7714285714285715,0.872093023255814,0.10066445182724248,0.10104007118379743,0.06916655253451204,0.13735776942355896,0.04803995850273545,0.0,0.7718139534883721,0.748062015503876,0.7984496124031008,0.10027906976744183,1.0,0.001998001998001998,0.37209302325581395,0.3743682170542635,0.3742857142857143,258,350,epistemic,uni2+hoptimus
laplace_predictive_entropy_uni2,0.9,0.8685714285714285,-0.03142857142857147,0.6243585555200079,auroc,0.9218864373104674,0.9377028200557612,0.015816382745293844,0.015910245616351508,0.008292708562810395,0.02647249951238615,0.01291745456178355,0.0,0.9221182150469538,0.9114738266337086,0.9334713240843884,0.015584605008807428,0.993,0.015984015984015984,0.3848684210526316,0.37398026315789473,0.3742857142857143,304,350,laplace,uni2+hoptimus
laplace_predictive_entropy_uni2,0.9,0.8685714285714285,-0.03142857142857147,0.6243585555200079,auprc,0.8369480232797907,0.8561786033969457,0.01923058011715506,0.019663403018622922,0.009546980409193617,0.032369183235470146,0.016677392657592424,0.0,0.8377562433899617,0.8131227878200649,0.8769969081086915,0.01842236000698405,0.861,0.27972027972027974,0.3848684210526316,0.37398026315789473,0.3742857142857143,304,350,laplace,uni2+hoptimus
laplace_predictive_entropy_uni2,0.9,0.8685714285714285,-0.03142857142857147,0.6243585555200079,bss,0.4819544189849594,0.5756679075952713,0.09371348861031192,0.0939656584862639,0.05308563440737317,0.14291150572210268,0.06381090738873928,0.0,0.48233245734234576,0.4361742344511725,0.5301074270870562,0.09333545025292556,0.999,0.003996003996003996,0.3848684210526316,0.37398026315789473,0.3742857142857143,304,350,laplace,uni2+hoptimus
laplace_predictive_entropy_uni2,0.9,0.8685714285714285,-0.03142857142857147,0.6243585555200079,balanced_accuracy,0.8096831538220224,0.8583116230175054,0.048628469195483026,0.04853617460024125,0.03084627551689747,0.06874459267205561,0.0266901187037168,0.0,0.8099826992356123,0.7968142968142968,0.823613001338773,0.04832892378189313,1.0,0.001998001998001998,0.3848684210526316,0.37398026315789473,0.3742857142857143,304,350,laplace,uni2+hoptimus
laplace_predictive_entropy_uni2,0.9,0.8685714285714285,-0.03142857142857147,0.6243585555200079,sensitivity,0.9618320610687023,0.9572649572649573,-0.004567103803745032,-0.004716794597056753,-0.010535612208999002,-0.0011931469320199126,0.006752655029147263,0.014,0.9620440479325041,0.9545454545454546,0.9741379310344828,-0.0047790906675467815,0.365,0.8211788211788211,0.3848684210526316,0.37398026315789473,0.3742857142857143,304,350,laplace,uni2+hoptimus
laplace_predictive_entropy_uni2,0.9,0.8685714285714285,-0.03142857142857147,0.6243585555200079,specificity,0.6575342465753424,0.7593582887700535,0.10182404219471108,0.10178914379753924,0.06770815354669388,0.14068247336352252,0.05268119043644185,0.0,0.6579213505387201,0.6349206349206349,0.6808510638297872,0.10143693823133337,1.0,0.001998001998001998,0.3848684210526316,0.37398026315789473,0.3742857142857143,304,350,laplace,uni2+hoptimus
laplace_predictive_entropy_uni2,0.9,0.8685714285714285,-0.03142857142857147,0.6243585555200079,ppv,0.6268656716417911,0.7133757961783439,0.08651012453655282,0.0864689305211476,0.04400683590506988,0.12783089700382932,0.0604798833393323,0.0,0.6268754267527151,0.6,0.6514285714285715,0.08650036942562878,1.0,0.001998001998001998,0.3848684210526316,0.37398026315789473,0.3742857142857143,304,350,laplace,uni2+hoptimus
laplace_predictive_entropy_uni2,0.9,0.8685714285714285,-0.03142857142857147,0.6243585555200079,npv,0.9664429530201343,0.9659863945578231,-0.00045655846231118513,-0.0004781002464375116,-0.0015389610389611008,0.0,0.0011891043633983863,0.28,0.9666808956584056,0.96,0.9774436090225563,-0.0006945011005825563,0.471,0.9430569430569431,0.3848684210526316,0.37398026315789473,0.3742857142857143,304,350,laplace,uni2+hoptimus
laplace_predictive_entropy_uni2,0.9,0.8685714285714285,-0.03142857142857147,0.6243585555200079,f1,0.7590361445783133,0.8175182481751825,0.05848210359686923,0.058488734830927175,0.02899190543927392,0.08883308324846699,0.04306204605281759,0.0,0.7590258857379079,0.7386678405954566,0.777027027027027,0.058492362437274625,1.0,0.001998001998001998,0.3848684210526316,0.37398026315789473,0.3742857142857143,304,350,laplace,uni2+hoptimus
laplace_predictive_entropy_uni2,0.9,0.8685714285714285,-0.03142857142857147,0.6243585555200079,brier,0.12132416060196326,0.10045838220354764,-0.02086577839841562,-0.020830235834322336,-0.031148301167268962,-0.012050945040461997,0.01337320167959049,0.0,0.12112684673220145,0.11059668555721922,0.13110783452813046,-0.020668464528653813,0.001,0.003996003996003996,0.3848684210526316,0.37398026315789473,0.3742857142857143,304,350,laplace,uni2+hoptimus
laplace_predictive_entropy_uni2,0.9,0.8685714285714285,-0.03142857142857147,0.6243585555200079,ece,0.08565922886332764,0.07425627279276101,-0.011402956070566628,-0.009713097460031656,-0.02986463493185204,0.008476109278942675,0.02841764338105237,0.36,0.08718003824165499,0.07406047866346563,0.10124909895181954,-0.012923765448893981,0.027,0.055944055944055944,0.3848684210526316,0.37398026315789473,0.3742857142857143,304,350,laplace,uni2+hoptimus
laplace_predictive_entropy_uni2,0.9,0.8685714285714285,-0.03142857142857147,0.6243585555200079,cal_gap,0.08565922886332766,0.0660495594362912,-0.019609669427036458,-0.019568570587698626,-0.03861890326791454,0.00019408342896239404,0.027716323414936978,0.056,0.08579112932496279,0.07185169024336283,0.099544901853752,-0.01974156988867158,0.005,0.011988011988011988,0.3848684210526316,0.37398026315789473,0.3742857142857143,304,350,laplace,uni2+hoptimus
laplace_predictive_entropy_uni2,0.9,0.8685714285714285,-0.03142857142857147,0.6243585555200079,accuracy,0.7714285714285715,0.8355263157894737,0.06409774436090221,0.06410452690288243,0.03842697736428721,0.09333352317909255,0.03825574339690181,0.0,0.7716513157894738,0.756578947368421,0.7894736842105263,0.0638749999999999,1.0,0.001998001998001998,0.3848684210526316,0.37398026315789473,0.3742857142857143,304,350,laplace,uni2+hoptimus
laplace_predictive_entropy_uni2,0.8,0.7228571428571429,-0.07714285714285718,0.4667481798935149,auroc,0.9218864373104674,0.9530795664816283,0.031193129171160905,0.03137431985880689,0.015581918869789994,0.048682879484823645,0.02386575118059049,0.0,0.9216423543372889,0.905189061540938,0.9391821518187343,0.031437212144339366,1.0,0.001998001998001998,0.383399209486166,0.374794466403162,0.3742857142857143,253,350,laplace,uni2+hoptimus
laplace_predictive_entropy_uni2,0.8,0.7228571428571429,-0.07714285714285718,0.4667481798935149,auprc,0.8369480232797907,0.8716106558554431,0.034662632575652386,0.03589961372789486,0.012861548947157247,0.06066387151592066,0.034027700125339004,0.002,0.8395043364464752,0.7974623530604245,0.8943896123694395,0.03210631940896791,0.889,0.22377622377622378,0.383399209486166,0.374794466403162,0.3742857142857143,253,350,laplace,uni2+hoptimus
laplace_predictive_entropy_uni2,0.8,0.7228571428571429,-0.07714285714285718,0.4667481798935149,bss,0.4819544189849594,0.6761196207969381,0.19416520181197872,0.19428909312889833,0.12127149845323955,0.2796897265207151,0.11172798513910552,0.0,0.48037992210371133,0.4088826296058748,0.5508786838545632,0.19573969869322677,1.0,0.001998001998001998,0.383399209486166,0.374794466403162,0.3742857142857143,253,350,laplace,uni2+hoptimus
laplace_predictive_entropy_uni2,0.8,0.7228571428571429,-0.07714285714285718,0.4667481798935149,balanced_accuracy,0.8096831538220224,0.9012027491408935,0.0915195953188711,0.09160777850824703,0.06273168254750415,0.11938820143421815,0.0398995516467835,0.0,0.8092022213038895,0.7875155760997999,0.8312222066245852,0.09200052783700396,1.0,0.001998001998001998,0.383399209486166,0.374794466403162,0.3742857142857143,253,350,laplace,uni2+hoptimus
laplace_predictive_entropy_uni2,0.8,0.7228571428571429,-0.07714285714285718,0.4667481798935149,sensitivity,0.9618320610687023,0.9690721649484536,0.00724010387975127,0.00753016065229759,-0.011802428293559116,0.03292949869053717,0.03188479782039917,0.528,0.9613198270781576,0.945054945054945,0.9803969160479725,0.0077523378702960555,0.806,0.38961038961038963,0.383399209486166,0.374794466403162,0.3742857142857143,253,350,laplace,uni2+hoptimus
laplace_predictive_entropy_uni2,0.8,0.7228571428571429,-0.07714285714285718,0.4667481798935149,specificity,0.6575342465753424,0.8333333333333334,0.17579908675799094,0.17568539636419647,0.12648314305736244,0.22871924080876516,0.07333349384320809,0.0,0.6570846155296214,0.6193548387096774,0.6953714367981572,0.17624871780371199,1.0,0.001998001998001998,0.383399209486166,0.374794466403162,0.3742857142857143,253,350,laplace,uni2+hoptimus
laplace_predictive_entropy_uni2,0.8,0.7228571428571429,-0.07714285714285718,0.4667481798935149,ppv,0.6268656716417911,0.7833333333333333,0.15646766169154225,0.15645676812306616,0.09803961153871714,0.21991164936184876,0.0860554993859874,0.0,0.6269317761173882,0.5861775744780671,0.6690140845070423,0.15640155721594518,1.0,0.001998001998001998,0.383399209486166,0.374794466403162,0.3742857142857143,253,350,laplace,uni2+hoptimus
laplace_predictive_entropy_uni2,0.8,0.7228571428571429,-0.07714285714285718,0.4667481798935149,npv,0.9664429530201343,0.9774436090225563,0.01100065600242206,0.011307773232150837,-0.0030525547698916104,0.03145521289169818,0.025598855256751454,0.24,0.9659003194529729,0.9514563106796117,0.9824561403508771,0.011543289569583393,0.881,0.23976023976023977,0.383399209486166,0.374794466403162,0.3742857142857143,253,350,laplace,uni2+hoptimus
laplace_predictive_entropy_uni2,0.8,0.7228571428571429,-0.07714285714285718,0.4667481798935149,f1,0.7590361445783133,0.8663594470046083,0.10732330242629506,0.10753199375225907,0.06630687495797774,0.15091137593324067,0.06004273231268017,0.0,0.7586987814088609,0.7257383966244726,0.7905184300027576,0.10766066559574738,1.0,0.001998001998001998,0.383399209486166,0.374794466403162,0.3742857142857143,253,350,laplace,uni2+hoptimus
laplace_predictive_entropy_uni2,0.8,0.7228571428571429,-0.07714285714285718,0.4667481798935149,brier,0.12132416060196326,0.07656669996564128,-0.04475746063632198,-0.04466052047919729,-0.06386874733798006,-0.027828561308239914,0.024988737167342734,0.0,0.12156597041595979,0.10559639547119198,0.13737845306079996,-0.04499927045031851,0.0,0.001998001998001998,0.383399209486166,0.374794466403162,0.3742857142857143,253,350,laplace,uni2+hoptimus
laplace_predictive_entropy_uni2,0.8,0.7228571428571429,-0.07714285714285718,0.4667481798935149,ece,0.08565922886332764,0.067377247802523,-0.018281981060804642,-0.0212814075118756,-0.04653762867262838,0.0048049872992431105,0.03784849889624087,0.108,0.08943083975886883,0.06899651892967759,0.11024854882917524,-0.022053591956345833,0.019,0.03996003996003996,0.383399209486166,0.374794466403162,0.3742857142857143,253,350,laplace,uni2+hoptimus
laplace_predictive_entropy_uni2,0.8,0.7228571428571429,-0.07714285714285718,0.4667481798935149,cal_gap,0.08565922886332766,0.061507601956303115,-0.024151626907024548,-0.024268601759350476,-0.05238163182889144,0.0040230729295459835,0.04019371704609611,0.092,0.08525395201391028,0.06228765969023404,0.10752851435187151,-0.02374635005760717,0.024,0.04995004995004995,0.383399209486166,0.374794466403162,0.3742857142857143,253,350,laplace,uni2+hoptimus
laplace_predictive_entropy_uni2,0.8,0.7228571428571429,-0.07714285714285718,0.4667481798935149,accuracy,0.7714285714285715,0.8853754940711462,0.11394692264257478,0.11408882527013352,0.07773765640531458,0.1519093180482069,0.05201238652222178,0.0,0.771098814229249,0.7430830039525692,0.7984189723320159,0.11427667984189727,1.0,0.001998001998001998,0.383399209486166,0.374794466403162,0.3742857142857143,253,350,laplace,uni2+hoptimus
laplace_predictive_entropy_uni2,0.7,0.6514285714285715,-0.04857142857142849,0.34922278161780007,auroc,0.9218864373104674,0.9583703823458087,0.03648394503534136,0.036884728570210606,0.017154373018055207,0.05871481063174145,0.029764895370018783,0.0,0.9213807995340505,0.9015452011150936,0.9430809249667389,0.03698958281175824,1.0,0.001998001998001998,0.39035087719298245,0.3752280701754386,0.3742857142857143,228,350,laplace,uni2+hoptimus
laplace_predictive_entropy_uni2,0.7,0.6514285714285715,-0.04857142857142849,0.34922278161780007,auprc,0.8369480232797907,0.8779808654923905,0.04103284221259984,0.0429064649586301,0.013127313046376292,0.07422399933665005,0.04313509373353734,0.008,0.8387665596289947,0.7862365672377801,0.9015268285277265,0.039214305863395804,0.897,0.2077922077922078,0.39035087719298245,0.3752280701754386,0.3742857142857143,228,350,laplace,uni2+hoptimus
laplace_predictive_entropy_uni2,0.7,0.6514285714285715,-0.04857142857142849,0.34922278161780007,bss,0.4819544189849594,0.7369081761946538,0.2549537572096944,0.2566135878890008,0.17076029122190525,0.3569394868248837,0.1326117005998389,0.0,0.47954895692032834,0.3957692303702911,0.5692081479533126,0.2573592192743254,1.0,0.001998001998001998,0.39035087719298245,0.3752280701754386,0.3742857142857143,228,350,laplace,uni2+hoptimus
laplace_predictive_entropy_uni2,0.7,0.6514285714285715,-0.04857142857142849,0.34922278161780007,balanced_accuracy,0.8096831538220224,0.9224395764287446,0.11275642260672225,0.11305838231329265,0.08280047429734515,0.14492935860272826,0.0448314282821789,0.0,0.8091264201993931,0.7844102590531162,0.8354997943233238,0.11331315622935156,1.0,0.001998001998001998,0.39035087719298245,0.3752280701754386,0.3742857142857143,228,350,laplace,uni2+hoptimus
laplace_predictive_entropy_uni2,0.7,0.6514285714285715,-0.04857142857142849,0.34922278161780007,sensitivity,0.9618320610687023,0.9887640449438202,0.02693198387511786,0.027902398551484894,0.00037090455843843414,0.05929233406140031,0.04338604752589504,0.048,0.9617863158526236,0.9397590361445783,0.9882352941176471,0.026977729091196556,0.989,0.023976023976023976,0.39035087719298245,0.3752280701754386,0.3742857142857143,228,350,laplace,uni2+hoptimus
laplace_predictive_entropy_uni2,0.7,0.6514285714285715,-0.04857142857142849,0.34922278161780007,specificity,0.6575342465753424,0.8561151079136691,0.19858086133832664,0.19821436607510043,0.1423262206807494,0.25176136363636364,0.07832201779401621,0.0,0.6564665245461627,0.6137931034482759,0.7021469318532223,0.19964858336750635,1.0,0.001998001998001998,0.39035087719298245,0.3752280701754386,0.3742857142857143,228,350,laplace,uni2+hoptimus
laplace_predictive_entropy_uni2,0.7,0.6514285714285715,-0.04857142857142849,0.34922278161780007,ppv,0.6268656716417911,0.8148148148148148,0.1879491431730237,0.1879643984363513,0.12685299755918203,0.2534615607606679,0.09170097516047834,0.0,0.6270237395157334,0.5793340773809524,0.6762642826914939,0.18779107529908134,1.0,0.001998001998001998,0.39035087719298245,0.3752280701754386,0.3742857142857143,228,350,laplace,uni2+hoptimus
laplace_predictive_entropy_uni2,0.7,0.6514285714285715,-0.04857142857142849,0.34922278161780007,npv,0.9664429530201343,0.9916666666666667,0.02522371364653242,0.025982570630793272,0.0037411817157807143,0.052631664555011524,0.03705229540628678,0.03,0.9662361038319407,0.9468085106382979,0.9895833333333334,0.025430562834726,0.997,0.007992007992007992,0.39035087719298245,0.3752280701754386,0.3742857142857143,228,350,laplace,uni2+hoptimus
laplace_predictive_entropy_uni2,0.7,0.6514285714285715,-0.04857142857142849,0.34922278161780007,f1,0.7590361445783133,0.8934010152284264,0.13436487065011316,0.13492632139603208,0.09231658463483709,0.17920343481726905,0.06453892229659294,0.0,0.7588522619283756,0.7227646443058402,0.7945205479452054,0.13454875330005078,1.0,0.001998001998001998,0.39035087719298245,0.3752280701754386,0.3742857142857143,228,350,laplace,uni2+hoptimus
laplace_predictive_entropy_uni2,0.7,0.6514285714285715,-0.04857142857142849,0.34922278161780007,brier,0.12132416060196326,0.06260982133533276,-0.0587143392666305,-0.05891924676440039,-0.08104870361917234,-0.039429576859190636,0.03003375322226404,0.0,0.1217444893357483,0.1012893106488593,0.1405753391541016,-0.059134668000415544,0.0,0.001998001998001998,0.39035087719298245,0.3752280701754386,0.3742857142857143,228,350,laplace,uni2+hoptimus
laplace_predictive_entropy_uni2,0.7,0.6514285714285715,-0.04857142857142849,0.34922278161780007,ece,0.08565922886332764,0.06828930471072037,-0.01736992415260727,-0.025292185891169997,-0.05304527465476568,0.0026659532883452023,0.03994275005367012,0.082,0.09158940793167628,0.0697598684175765,0.11529326239700853,-0.02330010322095591,0.018,0.03796203796203796,0.39035087719298245,0.3752280701754386,0.3742857142857143,228,350,laplace,uni2+hoptimus
laplace_predictive_entropy_uni2,0.7,0.6514285714285715,-0.04857142857142849,0.34922278161780007,cal_gap,0.08565922886332766,0.059257802409487526,-0.026401426453840138,-0.026355761701346205,-0.056940375342038656,0.005925409167595717,0.04412488085297367,0.094,0.08583061090601289,0.06025050145248667,0.11259312047786486,-0.026572808496525366,0.019,0.03996003996003996,0.39035087719298245,0.3752280701754386,0.3742857142857143,228,350,laplace,uni2+hoptimus
laplace_predictive_entropy_uni2,0.7,0.6514285714285715,-0.04857142857142849,0.34922278161780007,accuracy,0.7714285714285715,0.9078947368421053,0.13646616541353385,0.1367549391250475,0.0988596984143589,0.1752380952380952,0.0559431880556192,0.0,0.7710438596491228,0.7412280701754386,0.8026315789473685,0.1368508771929825,1.0,0.001998001998001998,0.39035087719298245,0.3752280701754386,0.3742857142857143,228,350,laplace,uni2+hoptimus
mc_epistemic_mi_uni2,0.9,0.8428571428571429,-0.05714285714285716,0.007558752186826369,auroc,0.9218864373104674,0.9428182437031994,0.020931806392732066,0.020952775181121958,0.010805393051847304,0.03405557094783937,0.016375128315721334,0.0,0.9214999512096662,0.9109734390161126,0.9335006993714859,0.02131829249353323,0.999,0.003996003996003996,0.38305084745762713,0.3747016949152543,0.3742857142857143,295,350,mc_dropout,uni2+hoptimus
mc_epistemic_mi_uni2,0.9,0.8428571428571429,-0.05714285714285716,0.007558752186826369,auprc,0.8369480232797907,0.8620201546484656,0.02507213136867492,0.02553528678331231,0.010866754286842454,0.04297395370424846,0.022222409104855668,0.0,0.8375655049997938,0.8102633156103057,0.8769775363779193,0.024454649648671833,0.907,0.1878121878121878,0.38305084745762713,0.3747016949152543,0.3742857142857143,295,350,mc_dropout,uni2+hoptimus
mc_epistemic_mi_uni2,0.9,0.8428571428571429,-0.05714285714285716,0.007558752186826369,bss,0.4819544189849594,0.6079942728524159,0.12603985386745653,0.1260716844474697,0.07112912321304828,0.19273143831063375,0.08740534343105467,0.0,0.4802067011575913,0.4314391895188162,0.536349576355375,0.12778757169482463,1.0,0.001998001998001998,0.38305084745762713,0.3747016949152543,0.3742857142857143,295,350,mc_dropout,uni2+hoptimus
mc_epistemic_mi_uni2,0.9,0.8428571428571429,-0.05714285714285716,0.007558752186826369,balanced_accuracy,0.8096831538220224,0.8542497325683167,0.04456657874629433,0.04466600815918846,0.02700417020611279,0.06458421373647746,0.02763443917737229,0.0,0.8090906470028443,0.7942640765763518,0.8256839079929268,0.045159085565472434,1.0,0.001998001998001998,0.38305084745762713,0.3747016949152543,0.3742857142857143,295,350,mc_dropout,uni2+hoptimus
mc_epistemic_mi_uni2,0.9,0.8428571428571429,-0.05714285714285716,0.007558752186826369,sensitivity,0.9618320610687023,0.9557522123893806,-0.006079848679321764,-0.00626767768114855,-0.013579745015595168,-0.0016606823114471343,0.008933531925223465,0.014,0.961575899893564,0.9528301886792453,0.9813084112149533,-0.0058236875041833835,0.285,0.6593406593406593,0.38305084745762713,0.3747016949152543,0.3742857142857143,295,350,mc_dropout,uni2+hoptimus
mc_epistemic_mi_uni2,0.9,0.8428571428571429,-0.05714285714285716,0.007558752186826369,specificity,0.6575342465753424,0.7527472527472527,0.09521300617191031,0.09559969399952548,0.060230160863762205,0.1328838622378136,0.054271925626656704,0.0,0.6566053941121247,0.6312781943656081,0.6864946539946539,0.09614185863512803,1.0,0.001998001998001998,0.38305084745762713,0.3747016949152543,0.3742857142857143,295,350,mc_dropout,uni2+hoptimus
mc_epistemic_mi_uni2,0.9,0.8428571428571429,-0.05714285714285716,0.007558752186826369,ppv,0.6268656716417911,0.7058823529411765,0.07901668129938544,0.07933680023830567,0.039425068956214684,0.12282687339760828,0.06228744708435488,0.0,0.6265851092241241,0.5965884170653907,0.6585402365999709,0.07929724371705238,1.0,0.001998001998001998,0.38305084745762713,0.3747016949152543,0.3742857142857143,295,350,mc_dropout,uni2+hoptimus
mc_epistemic_mi_uni2,0.9,0.8428571428571429,-0.05714285714285716,0.007558752186826369,npv,0.9664429530201343,0.9647887323943662,-0.0016542206257680325,-0.001676827753455905,-0.004122408704846042,-0.00029935091840063184,0.0027358098070998198,0.016,0.9661067767904024,0.9586776859504132,0.9834710743801653,-0.001318044396036111,0.434,0.8691308691308691,0.38305084745762713,0.3747016949152543,0.3742857142857143,295,350,mc_dropout,uni2+hoptimus
mc_epistemic_mi_uni2,0.9,0.8428571428571429,-0.05714285714285716,0.007558752186826369,f1,0.7590361445783133,0.8120300751879699,0.052993930609656625,0.05320621256059827,0.023400945468207403,0.08419824768271991,0.04448618998386877,0.002,0.7586409389824038,0.7352941176470589,0.7816901408450704,0.05338913620556607,1.0,0.001998001998001998,0.38305084745762713,0.3747016949152543,0.3742857142857143,295,350,mc_dropout,uni2+hoptimus
mc_epistemic_mi_uni2,0.9,0.8428571428571429,-0.05714285714285716,0.007558752186826369,brier,0.12132416060196326,0.09263992857819266,-0.0286842320237706,-0.028566918132030706,-0.0428925209036871,-0.01684458127801546,0.01893017962932682,0.0,0.12169822896775045,0.10970750704557493,0.13199185614300998,-0.029058300389557798,0.0,0.001998001998001998,0.38305084745762713,0.3747016949152543,0.3742857142857143,295,350,mc_dropout,uni2+hoptimus
mc_epistemic_mi_uni2,0.9,0.8428571428571429,-0.05714285714285716,0.007558752186826369,ece,0.08565922886332764,0.06744389231158893,-0.01821533655173871,-0.016638364651125354,-0.04021540448501674,0.004705108017097868,0.03192839160261445,0.126,0.08764981794703863,0.07324566004768215,0.10145830503364991,-0.020205925635449706,0.006,0.013986013986013986,0.38305084745762713,0.3747016949152543,0.3742857142857143,295,350,mc_dropout,uni2+hoptimus
mc_epistemic_mi_uni2,0.9,0.8428571428571429,-0.05714285714285716,0.007558752186826369,cal_gap,0.08565922886332766,0.06336956777041619,-0.022289661092911472,-0.022423237188748123,-0.0453453196412241,0.00017573068441144188,0.032098749616136305,0.054,0.0857274123711914,0.0703428152696253,0.10008726606891347,-0.02235784460077521,0.002,0.005994005994005994,0.38305084745762713,0.3747016949152543,0.3742857142857143,295,350,mc_dropout,uni2+hoptimus
mc_epistemic_mi_uni2,0.9,0.8428571428571429,-0.05714285714285716,0.007558752186826369,accuracy,0.7714285714285715,0.8305084745762712,0.05907990314769973,0.05934595387257938,0.03350470494869902,0.08680348223205363,0.03922512149780677,0.0,0.7708644067796611,0.752542372881356,0.7898305084745763,0.059644067796610134,1.0,0.001998001998001998,0.38305084745762713,0.3747016949152543,0.3742857142857143,295,350,mc_dropout,uni2+hoptimus
mc_epistemic_mi_uni2,0.8,0.7457142857142857,-0.05428571428571438,0.0050067686374784,auroc,0.9218864373104674,0.9553889639916431,0.033502526681175704,0.03382897787661592,0.016457245834266943,0.054523851919226034,0.026623175065752975,0.0,0.921851622217027,0.9064721780374169,0.9374026070170116,0.03353734177461609,0.999,0.003996003996003996,0.3946360153256705,0.3737088122605364,0.3742857142857143,261,350,mc_dropout,uni2+hoptimus
mc_epistemic_mi_uni2,0.8,0.7457142857142857,-0.05428571428571438,0.0050067686374784,auprc,0.8369480232797907,0.8772036436854503,0.040255620405659664,0.04140646512523469,0.019521201957077603,0.06670303226837665,0.03430475998408052,0.0,0.8383599663972691,0.7985500015171776,0.8868605497074674,0.03884367728818128,0.928,0.14585414585414586,0.3946360153256705,0.3737088122605364,0.3742857142857143,261,350,mc_dropout,uni2+hoptimus
mc_epistemic_mi_uni2,0.8,0.7457142857142857,-0.05428571428571438,0.0050067686374784,bss,0.4819544189849594,0.7055849916109906,0.22363057262603125,0.22515582821504412,0.1482900728390889,0.30873646983049574,0.11827933338798524,0.0,0.480273582385266,0.4103263769247692,0.5470126255317782,0.22531140922572462,1.0,0.001998001998001998,0.3946360153256705,0.3737088122605364,0.3742857142857143,261,350,mc_dropout,uni2+hoptimus
mc_epistemic_mi_uni2,0.8,0.7457142857142857,-0.05428571428571438,0.0050067686374784,balanced_accuracy,0.8096831538220224,0.9065380361312523,0.0968548823092299,0.09733977330453097,0.06875346198304422,0.12468983276204001,0.04066056671624215,0.0,0.8094811923374302,0.7894074463209108,0.8289772727272727,0.09705684379382207,1.0,0.001998001998001998,0.3946360153256705,0.3737088122605364,0.3742857142857143,261,350,mc_dropout,uni2+hoptimus
mc_epistemic_mi_uni2,0.8,0.7457142857142857,-0.05428571428571438,0.0050067686374784,sensitivity,0.9618320610687023,0.9902912621359223,0.028459201067219997,0.029460486192850972,0.003597552505673099,0.061411198051229014,0.042656811641582124,0.03,0.9619872460476038,0.9468085106382979,0.9800049504950494,0.028304016088318562,1.0,0.001998001998001998,0.3946360153256705,0.3737088122605364,0.3742857142857143,261,350,mc_dropout,uni2+hoptimus
mc_epistemic_mi_uni2,0.8,0.7457142857142857,-0.05428571428571438,0.0050067686374784,specificity,0.6575342465753424,0.8227848101265823,0.1652505635512399,0.16521906041621098,0.11550606711197543,0.21568144649094942,0.07047859381181788,0.0,0.6569751386272569,0.6212971810797897,0.6909203142536476,0.16580967149932546,1.0,0.001998001998001998,0.3946360153256705,0.3737088122605364,0.3742857142857143,261,350,mc_dropout,uni2+hoptimus
mc_epistemic_mi_uni2,0.8,0.7457142857142857,-0.05428571428571438,0.0050067686374784,ppv,0.6268656716417911,0.7846153846153846,0.15774971297359353,0.15788346166717543,0.10436993865228138,0.2150627867664815,0.0795626483636347,0.0,0.6259148134028976,0.5878293918918919,0.6666666666666666,0.15870057121248704,1.0,0.001998001998001998,0.3946360153256705,0.3737088122605364,0.3742857142857143,261,350,mc_dropout,uni2+hoptimus
mc_epistemic_mi_uni2,0.8,0.7457142857142857,-0.05428571428571438,0.0050067686374784,npv,0.9664429530201343,0.9923664122137404,0.02592345919360617,0.02671661021864946,0.005023767579227745,0.053692384093188335,0.03689761853869215,0.03,0.9666419971266701,0.9532710280373832,0.9824561403508771,0.02572441508707035,1.0,0.001998001998001998,0.3946360153256705,0.3737088122605364,0.3742857142857143,261,350,mc_dropout,uni2+hoptimus
mc_epistemic_mi_uni2,0.8,0.7457142857142857,-0.05428571428571438,0.0050067686374784,f1,0.7590361445783133,0.8755364806866953,0.11650033610838206,0.11715223085722752,0.07758819968794604,0.15842543880409918,0.05721138144711036,0.0,0.7581906322408657,0.728744939271255,0.7888500684760956,0.11734584844582963,1.0,0.001998001998001998,0.3946360153256705,0.3737088122605364,0.3742857142857143,261,350,mc_dropout,uni2+hoptimus
mc_epistemic_mi_uni2,0.8,0.7457142857142857,-0.05428571428571438,0.0050067686374784,brier,0.12132416060196326,0.07033528348853861,-0.05098887711342465,-0.051151639947168544,-0.07018730644573962,-0.03407254788848658,0.026583669306859566,0.0,0.12146406726410261,0.1068712995648266,0.13602514669827845,-0.051128783775564,0.0,0.001998001998001998,0.3946360153256705,0.3737088122605364,0.3742857142857143,261,350,mc_dropout,uni2+hoptimus
mc_epistemic_mi_uni2,0.8,0.7457142857142857,-0.05428571428571438,0.0050067686374784,ece,0.08565922886332764,0.06290323430247664,-0.022755994560850992,-0.022109281034182544,-0.04964873475853032,0.006210724703476956,0.04050113907887725,0.128,0.08984725413034703,0.0705441376819477,0.10885779729455984,-0.026944019827870383,0.003,0.007992007992007992,0.3946360153256705,0.3737088122605364,0.3742857142857143,261,350,mc_dropout,uni2+hoptimus
mc_epistemic_mi_uni2,0.8,0.7457142857142857,-0.05428571428571438,0.0050067686374784,cal_gap,0.08565922886332766,0.05431466013232383,-0.03134456873100383,-0.031073809943082245,-0.05822681701679039,-0.0019536612220001828,0.04043209064661695,0.042,0.08615603983626162,0.06586421443536605,0.10606734559534944,-0.031841379703937786,0.001,0.003996003996003996,0.3946360153256705,0.3737088122605364,0.3742857142857143,261,350,mc_dropout,uni2+hoptimus
mc_epistemic_mi_uni2,0.8,0.7457142857142857,-0.05428571428571438,0.0050067686374784,accuracy,0.7714285714285715,0.8888888888888888,0.11746031746031738,0.11790679040343867,0.08131279678723578,0.15335432098765428,0.05064006402922735,0.0,0.7709540229885057,0.7471264367816092,0.7969348659003831,0.11793486590038316,1.0,0.001998001998001998,0.3946360153256705,0.3737088122605364,0.3742857142857143,261,350,mc_dropout,uni2+hoptimus
mc_epistemic_mi_uni2,0.7,0.6628571428571428,-0.037142857142857144,0.00349297230497162,auroc,0.9218864373104674,0.9603156184729635,0.03842918116249616,0.038822454186627144,0.018667172020927107,0.06060449472290424,0.030527264137455275,0.0,0.9217895430960344,0.9030121864086544,0.9425741479265416,0.03852607537692909,1.0,0.001998001998001998,0.40086206896551724,0.3738965517241379,0.3742857142857143,232,350,mc_dropout,uni2+hoptimus
mc_epistemic_mi_uni2,0.7,0.6628571428571428,-0.037142857142857144,0.00349297230497162,auprc,0.8369480232797907,0.8836649385198307,0.04671691524004007,0.0483820174179223,0.01994211543774088,0.08075568276376724,0.04339676806003218,0.0,0.8386529998010757,0.7878196124103405,0.8966569255285003,0.045011938718755085,0.936,0.12987012987012986,0.40086206896551724,0.3738965517241379,0.3742857142857143,232,350,mc_dropout,uni2+hoptimus
mc_epistemic_mi_uni2,0.7,0.6628571428571428,-0.037142857142857144,0.00349297230497162,bss,0.4819544189849594,0.7670356867399559,0.28508126775499654,0.28710462656700725,0.19976989295740902,0.3888960251224003,0.13710767659706025,0.0,0.4804587165148157,0.3951228785654657,0.5652539843397933,0.2865769702251402,1.0,0.001998001998001998,0.40086206896551724,0.3738965517241379,0.3742857142857143,232,350,mc_dropout,uni2+hoptimus
mc_epistemic_mi_uni2,0.7,0.6628571428571428,-0.037142857142857144,0.00349297230497162,balanced_accuracy,0.8096831538220224,0.9334725767772878,0.1237894229552654,0.12392136945742047,0.0939988692785554,0.15528244166379487,0.04338576187645487,0.0,0.8099330640791127,0.7842466640045528,0.8349178910976663,0.12353951269817509,1.0,0.001998001998001998,0.40086206896551724,0.3738965517241379,0.3742857142857143,232,350,mc_dropout,uni2+hoptimus
mc_epistemic_mi_uni2,0.7,0.6628571428571428,-0.037142857142857144,0.00349297230497162,sensitivity,0.9618320610687023,0.989247311827957,0.02741525075925466,0.028397835211253032,0.0010047788421112204,0.059658325052391284,0.04314514893615383,0.042,0.9616907955686305,0.9418604651162791,0.9882352941176471,0.027556516259326536,0.99,0.02197802197802198,0.40086206896551724,0.3738965517241379,0.3742857142857143,232,350,mc_dropout,uni2+hoptimus
mc_epistemic_mi_uni2,0.7,0.6628571428571428,-0.037142857142857144,0.00349297230497162,specificity,0.6575342465753424,0.8776978417266187,0.22016359515127626,0.21944490370358793,0.16466957236674126,0.2749528361409396,0.07709836518859906,0.0,0.6581753325895948,0.6122348281417831,0.7015084153699588,0.21952250913702387,1.0,0.001998001998001998,0.40086206896551724,0.3738965517241379,0.3742857142857143,232,350,mc_dropout,uni2+hoptimus
mc_epistemic_mi_uni2,0.7,0.6628571428571428,-0.037142857142857144,0.00349297230497162,ppv,0.6268656716417911,0.8440366972477065,0.2171710256059154,0.2165570070102963,0.1540130697600844,0.28153064097979613,0.0889961891084054,0.0,0.626892447121105,0.5826624750264425,0.6720032786885246,0.21714425012660143,1.0,0.001998001998001998,0.40086206896551724,0.3738965517241379,0.3742857142857143,232,350,mc_dropout,uni2+hoptimus
mc_epistemic_mi_uni2,0.7,0.6628571428571428,-0.037142857142857144,0.00349297230497162,npv,0.9664429530201343,0.991869918699187,0.02542696567905267,0.02619471020505256,0.004147259768503645,0.052798872552614916,0.03699354541003849,0.03,0.9664069273830925,0.9479166666666666,0.9896933515674311,0.02546299131609442,0.993,0.015984015984015984,0.40086206896551724,0.3738965517241379,0.3742857142857143,232,350,mc_dropout,uni2+hoptimus
mc_epistemic_mi_uni2,0.7,0.6628571428571428,-0.037142857142857144,0.00349297230497162,f1,0.7590361445783133,0.9108910891089109,0.15185494453059767,0.15216940666967083,0.10926589892307302,0.1967151657229682,0.06323621843752737,0.0,0.7587324192864007,0.7232090459423206,0.7942679853041695,0.15215866982251025,1.0,0.001998001998001998,0.40086206896551724,0.3738965517241379,0.3742857142857143,232,350,mc_dropout,uni2+hoptimus
mc_epistemic_mi_uni2,0.7,0.6628571428571428,-0.037142857142857144,0.00349297230497162,brier,0.12132416060196326,0.05595142831288254,-0.06537273228908072,-0.06558834732543505,-0.08758679016422344,-0.04650430445636246,0.030876708741131152,0.0,0.12137655427167397,0.10241505403724223,0.13932373906178838,-0.06542512595879144,0.0,0.001998001998001998,0.40086206896551724,0.3738965517241379,0.3742857142857143,232,350,mc_dropout,uni2+hoptimus
mc_epistemic_mi_uni2,0.7,0.6628571428571428,-0.037142857142857144,0.00349297230497162,ece,0.08565922886332764,0.06025499470254954,-0.025404234160778097,-0.03191251575758516,-0.060717605235856516,-0.0022097844443738756,0.04157250937409745,0.034,0.09116179599089584,0.06897136377790893,0.11547335203310999,-0.030906801288346303,0.005,0.011988011988011988,0.40086206896551724,0.3738965517241379,0.3742857142857143,232,350,mc_dropout,uni2+hoptimus
mc_epistemic_mi_uni2,0.7,0.6628571428571428,-0.037142857142857144,0.00349297230497162,cal_gap,0.08565922886332766,0.046738920591827826,-0.03892030827149984,-0.038710833269747766,-0.0691215188133696,-0.007294308398446518,0.04477384328307126,0.016,0.0857483036181205,0.06096730219430575,0.10992374815458751,-0.03900938302629267,0.001,0.003996003996003996,0.40086206896551724,0.3738965517241379,0.3742857142857143,232,350,mc_dropout,uni2+hoptimus
mc_epistemic_mi_uni2,0.7,0.6628571428571428,-0.037142857142857144,0.00349297230497162,accuracy,0.7714285714285715,0.9224137931034483,0.15098522167487682,0.15103699803609547,0.11289930484875627,0.1899900617781359,0.05472563175858065,0.0,0.7716637931034482,0.7413793103448276,0.8017241379310345,0.15075000000000005,1.0,0.001998001998001998,0.40086206896551724,0.3738965517241379,0.3742857142857143,232,350,mc_dropout,uni2+hoptimus
ood_attention_uni2,0.9,0.8714285714285714,-0.02857142857142858,95.47174835205078,auroc,0.9218864373104674,0.9176,-0.004286437310467406,-0.0043557867529634515,-0.013699530724145976,0.005796262176871393,0.013792842603977628,0.356,0.9218516770801469,0.9118265581770255,0.933228156906439,-0.004251677080146954,0.218,0.43756243756243757,0.4098360655737705,0.37477377049180327,0.3742857142857143,305,350,ood,uni2+hoptimus
ood_attention_uni2,0.9,0.8714285714285714,-0.02857142857142858,95.47174835205078,auprc,0.8369480232797907,0.8436902388900677,0.0067422156102769915,0.006933401746527741,0.0011637426158720738,0.014878590241783764,0.00975429895306482,0.016,0.8383082125697937,0.8126716173051342,0.8718051397900243,0.005382026320273958,0.685,0.6313686313686314,0.4098360655737705,0.37477377049180327,0.3742857142857143,305,350,ood,uni2+hoptimus
ood_attention_uni2,0.9,0.8714285714285714,-0.02857142857142858,95.47174835205078,bss,0.4819544189849594,0.4687158455256587,-0.013238573459300684,-0.013658056272487323,-0.035240461488754884,0.011353761258698851,0.034711236394081836,0.268,0.48178597811825147,0.43819567102145585,0.5298513970229579,-0.013070132592592765,0.299,0.5994005994005994,0.4098360655737705,0.37477377049180327,0.3742857142857143,305,350,ood,uni2+hoptimus
ood_attention_uni2,0.9,0.8714285714285714,-0.02857142857142858,95.47174835205078,balanced_accuracy,0.8096831538220224,0.7951111111111111,-0.014572042710911282,-0.01471220060076261,-0.029645818260749145,0.0028379068690947942,0.022548693163290008,0.07,0.8095062856631148,0.7966819221967963,0.8234612618808457,-0.014395174552003676,0.013,0.027972027972027972,0.4098360655737705,0.37477377049180327,0.3742857142857143,305,350,ood,uni2+hoptimus
ood_attention_uni2,0.9,0.8714285714285714,-0.02857142857142858,95.47174835205078,sensitivity,0.9618320610687023,0.968,0.006167938931297634,0.00661221193334328,-0.002448115118078878,0.024278234358430493,0.021695580614117672,0.716,0.9617920374317523,0.9545454545454546,0.9745762711864406,0.006207962568247627,0.872,0.25774225774225773,0.4098360655737705,0.37477377049180327,0.3742857142857143,305,350,ood,uni2+hoptimus
ood_attention_uni2,0.9,0.8714285714285714,-0.02857142857142858,95.47174835205078,specificity,0.6575342465753424,0.6222222222222222,-0.0353120243531202,-0.0360366131348685,-0.06238243617633075,-0.009399884493132971,0.04005449197061557,0.02,0.6572205338944774,0.6335078534031413,0.6822916666666666,-0.0349983116722552,0.001,0.003996003996003996,0.4098360655737705,0.37477377049180327,0.3742857142857143,305,350,ood,uni2+hoptimus
ood_attention_uni2,0.9,0.8714285714285714,-0.02857142857142858,95.47174835205078,ppv,0.6268656716417911,0.6402116402116402,0.013345968569849154,0.013312973059223583,-0.004636482533440167,0.033888912483595095,0.02743719353211875,0.158,0.6271344952843205,0.6022727272727273,0.6514285714285715,0.013077144927319706,0.84,0.32167832167832167,0.4098360655737705,0.37477377049180327,0.3742857142857143,305,350,ood,uni2+hoptimus
ood_attention_uni2,0.9,0.8714285714285714,-0.02857142857142858,95.47174835205078,npv,0.9664429530201343,0.9655172413793104,-0.0009257116408238897,-0.0008017913202094648,-0.013514399451899426,0.016771407851610073,0.02185253130409686,0.836,0.9663284346758985,0.96,0.9774436090225563,-0.0008111932965880753,0.511,0.9790209790209791,0.4098360655737705,0.37477377049180327,0.3742857142857143,305,350,ood,uni2+hoptimus
ood_attention_uni2,0.9,0.8714285714285714,-0.02857142857142858,95.47174835205078,f1,0.7590361445783133,0.7707006369426752,0.011664492364361956,0.011778875596241493,-0.0024302852513148595,0.0274573512258497,0.02133509267653503,0.106,0.7591469119835101,0.7402135231316725,0.7781569965870307,0.011553724959165068,0.872,0.25774225774225773,0.4098360655737705,0.37477377049180327,0.3742857142857143,305,350,ood,uni2+hoptimus
ood_attention_uni2,0.9,0.8714285714285714,-0.02857142857142858,95.47174835205078,brier,0.12132416060196326,0.12850194545200408,0.007177784850040822,0.00728944983563677,0.00011300003407284299,0.014465130212550909,0.010398691255878197,0.05,0.12135881654212972,0.11029500285945747,0.1309664859843138,0.007143128909874355,0.923,0.15584415584415584,0.4098360655737705,0.37477377049180327,0.3742857142857143,305,350,ood,uni2+hoptimus
ood_attention_uni2,0.9,0.8714285714285714,-0.02857142857142858,95.47174835205078,ece,0.08565922886332764,0.09765354972561732,0.011994320862289687,0.012487261413564519,0.0008014137064671891,0.025443557252606542,0.017683794989531803,0.03,0.08670907790966592,0.07419803363171819,0.098952270323758,0.010944471815951401,0.955,0.0919080919080919,0.4098360655737705,0.37477377049180327,0.3742857142857143,305,350,ood,uni2+hoptimus
ood_attention_uni2,0.9,0.8714285714285714,-0.02857142857142858,95.47174835205078,cal_gap,0.08565922886332766,0.09552164303642685,0.009862414173099188,0.009921118659327724,-0.0004880347659483361,0.02255188033983881,0.016939342988652302,0.074,0.08546419265165574,0.07277107948616728,0.09815635282582541,0.010057450384771113,0.931,0.13986013986013987,0.4098360655737705,0.37477377049180327,0.3742857142857143,305,350,ood,uni2+hoptimus
ood_attention_uni2,0.9,0.8714285714285714,-0.02857142857142858,95.47174835205078,accuracy,0.7714285714285715,0.7639344262295082,-0.007494145199063218,-0.007673132550984682,-0.022477842809364556,0.008816319970611226,0.023106720813349194,0.334,0.7713737704918031,0.7573770491803279,0.7868852459016393,-0.007439344262294867,0.13,0.5054945054945055,0.4098360655737705,0.37477377049180327,0.3742857142857143,305,350,ood,uni2+hoptimus
ood_attention_uni2,0.8,0.7742857142857142,-0.0257142857142858,92.65476837158204,auroc,0.9218864373104674,0.9163533834586466,-0.005533053851820791,-0.0051418603261927515,-0.019421049960749656,0.011285275935408099,0.02214827151400381,0.492,0.9220081789382147,0.907590730466944,0.9391471315357878,-0.005654795479568153,0.241,0.4835164835164835,0.43911439114391143,0.37396309963099633,0.3742857142857143,271,350,ood,uni2+hoptimus
ood_attention_uni2,0.8,0.7742857142857142,-0.0257142857142858,92.65476837158204,auprc,0.8369480232797907,0.8496302455742383,0.012682222294447598,0.013291122966978928,0.0033245778283237494,0.026296664046249318,0.01655886193413165,0.01,0.8385857590701452,0.8013354738293769,0.8860991752915286,0.011044486504093065,0.711,0.5794205794205795,0.43911439114391143,0.37396309963099633,0.3742857142857143,271,350,ood,uni2+hoptimus
ood_attention_uni2,0.8,0.7742857142857142,-0.0257142857142858,92.65476837158204,bss,0.4819544189849594,0.4760054085336878,-0.005949010451271608,-0.005052907673209763,-0.043786494796485886,0.042483900151878244,0.062105170021932506,0.766,0.48093287162115256,0.41705782155215526,0.5513099458454271,-0.0049274630874647785,0.449,0.8991008991008991,0.43911439114391143,0.37396309963099633,0.3742857142857143,271,350,ood,uni2+hoptimus
ood_attention_uni2,0.8,0.7742857142857142,-0.0257142857142858,92.65476837158204,balanced_accuracy,0.8096831538220224,0.7909387439186201,-0.018744409903402315,-0.01817809698444082,-0.04104482095715575,0.0067301178388879225,0.03443524929844015,0.156,0.8099125500784121,0.7911895872985254,0.8282732990280159,-0.01897380615979205,0.024,0.04995004995004995,0.43911439114391143,0.37396309963099633,0.3742857142857143,271,350,ood,uni2+hoptimus
ood_attention_uni2,0.8,0.7742857142857142,-0.0257142857142858,92.65476837158204,sensitivity,0.9618320610687023,0.9831932773109243,0.02136121624222198,0.022542963911427336,-0.00020522175859339346,0.05126127078395332,0.0365207989355675,0.066,0.9617083275208356,0.9484536082474226,0.9807692307692307,0.021484949790088748,0.985,0.03196803196803197,0.43911439114391143,0.37396309963099633,0.3742857142857143,271,350,ood,uni2+hoptimus
ood_attention_uni2,0.8,0.7742857142857142,-0.0257142857142858,92.65476837158204,specificity,0.6575342465753424,0.5986842105263158,-0.05885003604902661,-0.05889915788030898,-0.09927408748055859,-0.015719072797091248,0.0588862720941901,0.004,0.6581167726359886,0.6265042930342059,0.6927830955724739,-0.05943256210967274,0.0,0.001998001998001998,0.43911439114391143,0.37396309963099633,0.3742857142857143,271,350,ood,uni2+hoptimus
ood_attention_uni2,0.8,0.7742857142857142,-0.0257142857142858,92.65476837158204,ppv,0.6268656716417911,0.6573033707865169,0.030437699144725827,0.030482763664052857,0.0037863277490843175,0.059088647125172665,0.03869725601521141,0.022,0.6269066827408988,0.5909090909090909,0.6620735327700388,0.030396688045618125,0.953,0.0959040959040959,0.43911439114391143,0.37396309963099633,0.3742857142857143,271,350,ood,uni2+hoptimus
ood_attention_uni2,0.8,0.7742857142857142,-0.0257142857142858,92.65476837158204,npv,0.9664429530201343,0.978494623655914,0.012051670635779721,0.01305774957975679,-0.010095153817807224,0.04049520209652942,0.03565394380422352,0.286,0.9664295558743161,0.9553571428571429,0.9831932773109243,0.012065067781597882,0.908,0.18581418581418582,0.43911439114391143,0.37396309963099633,0.3742857142857143,271,350,ood,uni2+hoptimus
ood_attention_uni2,0.8,0.7742857142857142,-0.0257142857142858,92.65476837158204,f1,0.7590361445783133,0.7878787878787878,0.02884264330047459,0.029252586531834688,0.008606931186520566,0.05013605924327348,0.030455784394340154,0.0,0.7588730338382076,0.7309236947791165,0.7852053610030264,0.029005754040580256,0.985,0.03196803196803197,0.43911439114391143,0.37396309963099633,0.3742857142857143,271,350,ood,uni2+hoptimus
ood_attention_uni2,0.8,0.7742857142857142,-0.0257142857142858,92.65476837158204,brier,0.12132416060196326,0.12905616985665574,0.007732009254692487,0.0074976450004356,-0.004818244886620554,0.01956617933261195,0.017411991667263284,0.228,0.12138394683285242,0.10581300308566145,0.1347859851207953,0.007672223023803326,0.86,0.2817182817182817,0.43911439114391143,0.37396309963099633,0.3742857142857143,271,350,ood,uni2+hoptimus
ood_attention_uni2,0.8,0.7742857142857142,-0.0257142857142858,92.65476837158204,ece,0.08565922886332764,0.10658086263282546,0.02092163376949782,0.01809501261992137,0.0008667086598771762,0.03485026035850587,0.02479140029819494,0.042,0.08923691737065624,0.07103769238127526,0.10833576510248388,0.017343945262169216,0.968,0.06593406593406594,0.43911439114391143,0.37396309963099633,0.3742857142857143,271,350,ood,uni2+hoptimus
ood_attention_uni2,0.8,0.7742857142857142,-0.0257142857142858,92.65476837158204,cal_gap,0.08565922886332766,0.10107107041403657,0.015411841550708905,0.01575681440483831,-0.0015449264493821154,0.03410568471291968,0.02640170888309426,0.084,0.08593068873571022,0.06768408818243452,0.10544919099777292,0.015140381678326348,0.936,0.12987012987012986,0.43911439114391143,0.37396309963099633,0.3742857142857143,271,350,ood,uni2+hoptimus
ood_attention_uni2,0.8,0.7742857142857142,-0.0257142857142858,92.65476837158204,accuracy,0.7714285714285715,0.7675276752767528,-0.003900896151818656,-0.0036245462263827318,-0.026408948475759912,0.020433712688429688,0.034051875430894774,0.75,0.7716531365313652,0.7490774907749077,0.7933579335793358,-0.004125461254612439,0.31,0.8391608391608392,0.43911439114391143,0.37396309963099633,0.3742857142857143,271,350,ood,uni2+hoptimus
ood_attention_uni2,0.7,0.7057142857142857,0.005714285714285783,91.04461288452148,auroc,0.9218864373104674,0.9124785648331355,-0.00940787247733188,-0.008751531932367964,-0.0286454063123058,0.011926454242836797,0.028680810654225505,0.37,0.9220362940950821,0.9040534546375917,0.9403496381932275,-0.009557729261946646,0.151,0.3036963036963037,0.46153846153846156,0.37502429149797567,0.3742857142857143,247,350,ood,uni2+hoptimus
ood_attention_uni2,0.7,0.7057142857142857,0.005714285714285783,91.04461288452148,auprc,0.8369480232797907,0.851782379721469,0.014834356441678298,0.01564652264117697,0.0022962665507086587,0.03143487878651401,0.020720525276059217,0.014,0.8397102474188008,0.7932908449068272,0.8969159389327694,0.012072132302668126,0.694,0.6133866133866134,0.46153846153846156,0.37502429149797567,0.3742857142857143,247,350,ood,uni2+hoptimus
ood_attention_uni2,0.7,0.7057142857142857,0.005714285714285783,91.04461288452148,bss,0.4819544189849594,0.4651643832355208,-0.016790035749438603,-0.015542804812954232,-0.06787573279861332,0.0395485921982244,0.07728835254970674,0.556,0.4822409879281505,0.4050653721859746,0.5609998398682805,-0.017076604692629727,0.339,0.6793206793206793,0.46153846153846156,0.37502429149797567,0.3742857142857143,247,350,ood,uni2+hoptimus
ood_attention_uni2,0.7,0.7057142857142857,0.005714285714285783,91.04461288452148,balanced_accuracy,0.8096831538220224,0.7775689223057645,-0.03211423151625792,-0.031093559058103903,-0.06067200205285689,0.0007966467978238954,0.04175126025998365,0.054,0.8098362385670218,0.7879925748649975,0.8330259430893133,-0.03226731626125734,0.003,0.007992007992007992,0.46153846153846156,0.37502429149797567,0.3742857142857143,247,350,ood,uni2+hoptimus
ood_attention_uni2,0.7,0.7057142857142857,0.005714285714285783,91.04461288452148,sensitivity,0.9618320610687023,0.9912280701754386,0.02939600910673623,0.030634282030506662,0.00622719347201727,0.06266127704071624,0.04262267487926791,0.022,0.9617231837295753,0.9438202247191011,0.9885057471264368,0.029504886445863243,0.997,0.007992007992007992,0.46153846153846156,0.37502429149797567,0.3742857142857143,247,350,ood,uni2+hoptimus
ood_attention_uni2,0.7,0.7057142857142857,0.005714285714285783,91.04461288452148,specificity,0.6575342465753424,0.5639097744360902,-0.09362447213925218,-0.09282140014671447,-0.14461064844992294,-0.0434772771985048,0.07234980474407228,0.0,0.6579492934044683,0.6178247766425854,0.7020003772319557,-0.09403951896837803,0.0,0.001998001998001998,0.46153846153846156,0.37502429149797567,0.3742857142857143,247,350,ood,uni2+hoptimus
ood_attention_uni2,0.7,0.7057142857142857,0.005714285714285783,91.04461288452148,ppv,0.6268656716417911,0.6608187134502924,0.03395304180850134,0.03388852517984703,0.004375896686474471,0.06477726601795673,0.043918293491900816,0.02,0.6278640347210491,0.5833333333333334,0.6736148049645391,0.03295467872924329,0.924,0.15384615384615385,0.46153846153846156,0.37502429149797567,0.3742857142857143,247,350,ood,uni2+hoptimus
ood_attention_uni2,0.7,0.7057142857142857,0.005714285714285783,91.04461288452148,npv,0.9664429530201343,0.9868421052631579,0.020399152243023577,0.021485535787940626,-0.004683660933660919,0.05264912280701758,0.04134740996553007,0.124,0.9662632524384853,0.9504950495049505,0.9900049019607843,0.020578852824672533,0.97,0.061938061938061936,0.46153846153846156,0.37502429149797567,0.3742857142857143,247,350,ood,uni2+hoptimus
ood_attention_uni2,0.7,0.7057142857142857,0.005714285714285783,91.04461288452148,f1,0.7590361445783133,0.7929824561403509,0.033946311562037645,0.034275342702752676,0.011136909192288153,0.05884975023609522,0.034428650013792826,0.006,0.7595002150686045,0.724134030269933,0.7935532061595035,0.033482241071746355,0.972,0.057942057942057944,0.46153846153846156,0.37502429149797567,0.3742857142857143,247,350,ood,uni2+hoptimus
ood_attention_uni2,0.7,0.7057142857142857,0.005714285714285783,91.04461288452148,brier,0.12132416060196326,0.13291772724324336,0.011593566641280098,0.011233054930349179,-0.004649791043537791,0.025818345591184528,0.021649582347416308,0.142,0.12114677369953357,0.10355873837317729,0.1381524307512252,0.011770953543709786,0.922,0.15784215784215785,0.46153846153846156,0.37502429149797567,0.3742857142857143,247,350,ood,uni2+hoptimus
ood_attention_uni2,0.7,0.7057142857142857,0.005714285714285783,91.04461288452148,ece,0.08565922886332764,0.11752431842909468,0.031865089565767044,0.02963690490240815,0.009571482788266514,0.050594458999024434,0.02893661170824863,0.0,0.08995133726008385,0.06790923544689766,0.11080983230509032,0.02757298116901083,0.997,0.007992007992007992,0.46153846153846156,0.37502429149797567,0.3742857142857143,247,350,ood,uni2+hoptimus
ood_attention_uni2,0.7,0.7057142857142857,0.005714285714285783,91.04461288452148,cal_gap,0.08565922886332766,0.1114791617841886,0.025819932920860933,0.026240466011952478,0.005395271278834525,0.04914377616599577,0.03202943412633206,0.008,0.08526447351769778,0.06204718787476196,0.10785538189988375,0.026214688266490815,0.99,0.02197802197802198,0.46153846153846156,0.37502429149797567,0.3742857142857143,247,350,ood,uni2+hoptimus
ood_attention_uni2,0.7,0.7057142857142857,0.005714285714285783,91.04461288452148,accuracy,0.7714285714285715,0.7611336032388664,-0.0102949681897051,-0.009843901277757791,-0.037155052264808364,0.019153120154763136,0.04003548609949803,0.474,0.7718663967611337,0.7449392712550608,0.8016194331983806,-0.010732793522267303,0.204,0.5934065934065934,0.46153846153846156,0.37502429149797567,0.3742857142857143,247,350,ood,uni2+hoptimus
entropy_uni2,0.9,0.8685714285714285,-0.03142857142857147,0.5843285850478745,auroc,0.9218864373104674,0.9381878209831255,0.0163013836726581,0.016374131294546564,0.008478754078396109,0.0273530239821414,0.013408651031626964,0.0,0.9221182150469538,0.9114738266337086,0.9334713240843884,0.016069605936171683,0.993,0.015984015984015984,0.3815789473684211,0.37398026315789473,0.3742857142857143,304,350,predictive,uni2+hoptimus
entropy_uni2,0.9,0.8685714285714285,-0.03142857142857147,0.5843285850478745,auprc,0.8369480232797907,0.8560051907968574,0.019057167517066764,0.019519714159358735,0.008943818813947568,0.03236368204721469,0.01694409459952985,0.0,0.8377562433899617,0.8131227878200649,0.8769969081086915,0.018248947406895755,0.86,0.2817182817182817,0.3815789473684211,0.37398026315789473,0.3742857142857143,304,350,predictive,uni2+hoptimus
entropy_uni2,0.9,0.8685714285714285,-0.03142857142857147,0.5843285850478745,bss,0.4819544189849594,0.5686548711205976,0.08670045213563826,0.08686888350263135,0.04625300669185195,0.13269131218371008,0.06075077736414654,0.0,0.48233245734234576,0.4361742344511725,0.5301074270870562,0.0863224137782519,0.999,0.003996003996003996,0.3815789473684211,0.37398026315789473,0.3742857142857143,304,350,predictive,uni2+hoptimus
entropy_uni2,0.9,0.8685714285714285,-0.03142857142857147,0.5843285850478745,balanced_accuracy,0.8096831538220224,0.853448275862069,0.04376512204004657,0.04369815093600482,0.026769434928777404,0.0628884860276727,0.025636696380386653,0.0,0.8099826992356123,0.7968142968142968,0.823613001338773,0.04346557662645667,1.0,0.001998001998001998,0.3815789473684211,0.37398026315789473,0.3742857142857143,304,350,predictive,uni2+hoptimus
entropy_uni2,0.9,0.8685714285714285,-0.03142857142857147,0.5843285850478745,sensitivity,0.9618320610687023,0.9568965517241379,-0.004935509344564437,-0.005095922892535572,-0.011297746475892817,-0.001283633660972075,0.007302794924617216,0.014,0.9620440479325041,0.9545454545454546,0.9741379310344828,-0.005147496208366187,0.316,0.7312687312687313,0.3815789473684211,0.37398026315789473,0.3742857142857143,304,350,predictive,uni2+hoptimus
entropy_uni2,0.9,0.8685714285714285,-0.03142857142857147,0.5843285850478745,specificity,0.6575342465753424,0.75,0.09246575342465757,0.09249222476454523,0.05836904981494209,0.13022194784086402,0.0505123688943648,0.0,0.6579213505387201,0.6349206349206349,0.6808510638297872,0.09207864946127986,1.0,0.001998001998001998,0.3815789473684211,0.37398026315789473,0.3742857142857143,304,350,predictive,uni2+hoptimus
entropy_uni2,0.9,0.8685714285714285,-0.03142857142857147,0.5843285850478745,ppv,0.6268656716417911,0.7025316455696202,0.07566597392782914,0.07577752403600485,0.03766098693723499,0.11860250745155962,0.05831540947569979,0.002,0.6268754267527151,0.6,0.6514285714285715,0.0756562188169051,1.0,0.001998001998001998,0.3815789473684211,0.37398026315789473,0.3742857142857143,304,350,predictive,uni2+hoptimus
entropy_uni2,0.9,0.8685714285714285,-0.03142857142857147,0.5843285850478745,npv,0.9664429530201343,0.9657534246575342,-0.0006895283626000559,-0.0007274533744634617,-0.002192281342772273,0.0,0.0015745236664156418,0.124,0.9666808956584056,0.96,0.9774436090225563,-0.0009274710008714271,0.471,0.9430569430569431,0.3815789473684211,0.37398026315789473,0.3742857142857143,304,350,predictive,uni2+hoptimus
entropy_uni2,0.9,0.8685714285714285,-0.03142857142857147,0.5843285850478745,f1,0.7590361445783133,0.8102189781021898,0.051182833523876536,0.051265273611529535,0.02377960222426035,0.082422799534582,0.04165578706904625,0.002,0.7590258857379079,0.7386678405954566,0.777027027027027,0.051193092364281934,1.0,0.001998001998001998,0.3815789473684211,0.37398026315789473,0.3742857142857143,304,350,predictive,uni2+hoptimus
entropy_uni2,0.9,0.8685714285714285,-0.03142857142857147,0.5843285850478745,brier,0.12132416060196326,0.10178729408978973,-0.019536866512173526,-0.01949658880123384,-0.029330194347471007,-0.010749084994222833,0.01304504304268972,0.0,0.12112684673220145,0.11059668555721922,0.13110783452813046,-0.019339552642411717,0.001,0.003996003996003996,0.3815789473684211,0.37398026315789473,0.3742857142857143,304,350,predictive,uni2+hoptimus
entropy_uni2,0.9,0.8685714285714285,-0.03142857142857147,0.5843285850478745,ece,0.08565922886332764,0.07736182340503497,-0.008297405458292662,-0.007190047003462118,-0.026801959194015353,0.01206926121367132,0.02801241293599623,0.48,0.08718003824165499,0.07406047866346563,0.10124909895181954,-0.009818214836620015,0.07,0.14185814185814186,0.3815789473684211,0.37398026315789473,0.3742857142857143,304,350,predictive,uni2+hoptimus
entropy_uni2,0.9,0.8685714285714285,-0.03142857142857147,0.5843285850478745,cal_gap,0.08565922886332766,0.07216333019727911,-0.013495898666048556,-0.013580622546223116,-0.032573867046564196,0.005543531620164934,0.027461010989501287,0.146,0.08579112932496279,0.07185169024336283,0.099544901853752,-0.013627799127683679,0.026,0.053946053946053944,0.3815789473684211,0.37398026315789473,0.3742857142857143,304,350,predictive,uni2+hoptimus
entropy_uni2,0.9,0.8685714285714285,-0.03142857142857147,0.5843285850478745,accuracy,0.7714285714285715,0.8289473684210527,0.05751879699248119,0.057584640710642974,0.03229688354291958,0.08550378633992561,0.03675883376769013,0.0,0.7716513157894738,0.756578947368421,0.7894736842105263,0.057296052631578887,1.0,0.001998001998001998,0.3815789473684211,0.37398026315789473,0.3742857142857143,304,350,predictive,uni2+hoptimus
entropy_uni2,0.8,0.7514285714285714,-0.0485714285714286,0.4071299380526955,auroc,0.9218864373104674,0.9507977103885032,0.02891127307803587,0.029103206696418207,0.01441787813526275,0.04642233152988476,0.022999623388948225,0.0,0.9218615426338597,0.9069216247021528,0.9377401842716839,0.028936167754643582,0.998,0.005994005994005994,0.38783269961977185,0.3750950570342205,0.3742857142857143,263,350,predictive,uni2+hoptimus
entropy_uni2,0.8,0.7514285714285714,-0.0485714285714286,0.4071299380526955,auprc,0.8369480232797907,0.8703754167564525,0.03342739347666179,0.034492266213357485,0.013405916783754397,0.057104022510031396,0.03063301468502579,0.0,0.8385674033343702,0.8005646165773405,0.8882633512244231,0.03180801342208228,0.902,0.1978021978021978,0.38783269961977185,0.3750950570342205,0.3742857142857143,263,350,predictive,uni2+hoptimus
entropy_uni2,0.8,0.7514285714285714,-0.0485714285714286,0.4071299380526955,bss,0.4819544189849594,0.6649936336918161,0.1830392147068567,0.18350190399590724,0.11343919926200234,0.2607401580741271,0.10365735948119,0.0,0.48152528208452633,0.4192852122757744,0.5510078703102961,0.18346835160728975,1.0,0.001998001998001998,0.38783269961977185,0.3750950570342205,0.3742857142857143,263,350,predictive,uni2+hoptimus
entropy_uni2,0.8,0.7514285714285714,-0.0485714285714286,0.4071299380526955,balanced_accuracy,0.8096831538220224,0.8921264157837048,0.08244326196168239,0.08264923245029966,0.05573001720501733,0.11008725787101079,0.03820820748672668,0.0,0.8099230887624219,0.7907665464243422,0.8300521674326171,0.08220332702128286,1.0,0.001998001998001998,0.38783269961977185,0.3750950570342205,0.3742857142857143,263,350,predictive,uni2+hoptimus
entropy_uni2,0.8,0.7514285714285714,-0.0485714285714286,0.4071299380526955,sensitivity,0.9618320610687023,0.9705882352941176,0.008756174225415303,0.00907217476105081,-0.009508564960247769,0.03423572487949565,0.0310098896944531,0.422,0.9622106821610334,0.9473684210526315,0.9803969160479725,0.008377553133084192,0.847,0.3076923076923077,0.38783269961977185,0.3750950570342205,0.3742857142857143,263,350,predictive,uni2+hoptimus
entropy_uni2,0.8,0.7514285714285714,-0.0485714285714286,0.4071299380526955,specificity,0.6575342465753424,0.8136645962732919,0.15613034969794948,0.1562262901395485,0.1114912287839092,0.20483987897918907,0.06957320662159258,0.0,0.6576354953638106,0.6249810606060606,0.6946235577625237,0.1560291009094813,1.0,0.001998001998001998,0.38783269961977185,0.3750950570342205,0.3742857142857143,263,350,predictive,uni2+hoptimus
entropy_uni2,0.8,0.7514285714285714,-0.0485714285714286,0.4071299380526955,ppv,0.6268656716417911,0.7674418604651163,0.14057618882332523,0.14080105437787582,0.08568453997050635,0.19676549278247885,0.08066817404957961,0.0,0.6278203146265993,0.5894039735099338,0.6666666666666666,0.13962154583851705,1.0,0.001998001998001998,0.38783269961977185,0.3750950570342205,0.3742857142857143,263,350,predictive,uni2+hoptimus
entropy_uni2,0.8,0.7514285714285714,-0.0485714285714286,0.4071299380526955,npv,0.9664429530201343,0.9776119402985075,0.011168987278373232,0.011474239186867694,-0.002853121640203349,0.031894230307254426,0.02556243496511882,0.238,0.9666498886596024,0.9537037037037037,0.9829059829059829,0.010962051638905068,0.893,0.21578421578421578,0.38783269961977185,0.3750950570342205,0.3742857142857143,263,350,predictive,uni2+hoptimus
entropy_uni2,0.8,0.7514285714285714,-0.0485714285714286,0.4071299380526955,f1,0.7590361445783133,0.8571428571428571,0.09810671256454384,0.09846667938220412,0.058574928338507644,0.13915571506663088,0.056863178870773703,0.0,0.7596684812176998,0.7302708999387796,0.7890625,0.09747437592515729,1.0,0.001998001998001998,0.38783269961977185,0.3750950570342205,0.3742857142857143,263,350,predictive,uni2+hoptimus
entropy_uni2,0.8,0.7514285714285714,-0.0485714285714286,0.4071299380526955,brier,0.12132416060196326,0.07953670788233162,-0.041787452719631635,-0.04176821482349083,-0.059089594359816366,-0.026092047947749837,0.02337684933684828,0.0,0.12136011583384279,0.10614838230930239,0.13528771537558426,-0.04182340795151117,0.0,0.001998001998001998,0.38783269961977185,0.3750950570342205,0.3742857142857143,263,350,predictive,uni2+hoptimus
entropy_uni2,0.8,0.7514285714285714,-0.0485714285714286,0.4071299380526955,ece,0.08565922886332764,0.071717218728736,-0.013942010134591634,-0.016484308309620544,-0.04210398314337468,0.0073990489681272234,0.03661745196676556,0.216,0.08921672784321774,0.06940503585851261,0.1084337259533004,-0.01749950911448174,0.04,0.08191808191808192,0.38783269961977185,0.3750950570342205,0.3742857142857143,263,350,predictive,uni2+hoptimus
entropy_uni2,0.8,0.7514285714285714,-0.0485714285714286,0.4071299380526955,cal_gap,0.08565922886332766,0.06601021631741227,-0.01964901254591539,-0.019863716106305628,-0.04767175312760292,0.007950920824910508,0.038347809433032946,0.144,0.08556549159689726,0.06498499841145113,0.10553141997570702,-0.019555275279484988,0.026,0.053946053946053944,0.38783269961977185,0.3750950570342205,0.3742857142857143,263,350,predictive,uni2+hoptimus
entropy_uni2,0.8,0.7514285714285714,-0.0485714285714286,0.4071299380526955,accuracy,0.7714285714285715,0.8745247148288974,0.10309614340032591,0.10337404245078395,0.0708076495050664,0.1385049327294878,0.04971274263762995,0.0,0.7718783269961976,0.7489543726235741,0.7946768060836502,0.10264638783269975,1.0,0.001998001998001998,0.38783269961977185,0.3750950570342205,0.3742857142857143,263,350,predictive,uni2+hoptimus
entropy_uni2,0.7,0.6571428571428571,-0.042857142857142816,0.2681864273791168,auroc,0.9218864373104674,0.9584126984126984,0.036526261102231006,0.03694906558842499,0.017487032517206024,0.059098044104967634,0.02962621069034929,0.0,0.9221005875958145,0.9025824742848947,0.9418235528276097,0.0363121108168839,1.0,0.001998001998001998,0.391304347826087,0.3733478260869565,0.3742857142857143,230,350,predictive,uni2+hoptimus
entropy_uni2,0.7,0.6571428571428571,-0.042857142857142816,0.2681864273791168,auprc,0.8369480232797907,0.878303419077489,0.04135539579769831,0.04318155416870083,0.014234725343404205,0.07422672101328304,0.04250251721580497,0.004,0.8395917101192357,0.7884257754514082,0.8995275424970989,0.038711708958253266,0.906,0.18981018981018982,0.391304347826087,0.3733478260869565,0.3742857142857143,230,350,predictive,uni2+hoptimus
entropy_uni2,0.7,0.6571428571428571,-0.042857142857142816,0.2681864273791168,bss,0.4819544189849594,0.7405337478701524,0.25857932888519297,0.2603114630042988,0.17566418986861343,0.3591691172857589,0.13165509018415056,0.0,0.4819055208479,0.3954202515959816,0.5649930395901361,0.25862822702225235,1.0,0.001998001998001998,0.391304347826087,0.3733478260869565,0.3742857142857143,230,350,predictive,uni2+hoptimus
entropy_uni2,0.7,0.6571428571428571,-0.042857142857142816,0.2681864273791168,balanced_accuracy,0.8096831538220224,0.9265873015873016,0.11690414776527924,0.11717277562846296,0.08712656778089689,0.14943480562078193,0.04462314416832895,0.0,0.8094327738130568,0.7846421127653388,0.8365167283999262,0.11715452777424484,1.0,0.001998001998001998,0.391304347826087,0.3733478260869565,0.3742857142857143,230,350,predictive,uni2+hoptimus
entropy_uni2,0.7,0.6571428571428571,-0.042857142857142816,0.2681864273791168,sensitivity,0.9618320610687023,0.9888888888888889,0.02705682782018659,0.028033909330348872,0.0007752983527389044,0.05943611165370313,0.04331309026787131,0.048,0.9612566066483452,0.9404761904761905,0.9879518072289156,0.027632282240543704,0.991,0.01998001998001998,0.391304347826087,0.3733478260869565,0.3742857142857143,230,350,predictive,uni2+hoptimus
entropy_uni2,0.7,0.6571428571428571,-0.042857142857142816,0.2681864273791168,specificity,0.6575342465753424,0.8642857142857143,0.2067514677103719,0.20631164192657706,0.1530814066092838,0.2609616849606815,0.07799323942667588,0.0,0.6576089409777682,0.6131271203865529,0.7054794520547946,0.2066767733079461,1.0,0.001998001998001998,0.391304347826087,0.3733478260869565,0.3742857142857143,230,350,predictive,uni2+hoptimus
entropy_uni2,0.7,0.6571428571428571,-0.042857142857142816,0.2681864273791168,ppv,0.6268656716417911,0.8240740740740741,0.197208402432283,0.19699780299151332,0.13817483733031424,0.2591762182269924,0.09106440472204518,0.0,0.6258698382181171,0.5801416085850204,0.671878125,0.19820423585595692,1.0,0.001998001998001998,0.391304347826087,0.3733478260869565,0.3742857142857143,230,350,predictive,uni2+hoptimus
entropy_uni2,0.7,0.6571428571428571,-0.042857142857142816,0.2681864273791168,npv,0.9664429530201343,0.9918032786885246,0.025360325668390304,0.026128232994447203,0.004116101296922292,0.05263919859869317,0.03700852331025063,0.03,0.9660749460077175,0.9473684210526315,0.9894764254385965,0.025728332680807098,0.996,0.00999000999000999,0.391304347826087,0.3733478260869565,0.3742857142857143,230,350,predictive,uni2+hoptimus
entropy_uni2,0.7,0.6571428571428571,-0.042857142857142816,0.2681864273791168,f1,0.7590361445783133,0.898989898989899,0.13995375441158575,0.14041887893564933,0.09982535752111593,0.18556547205726961,0.0643166859882446,0.0,0.7578561030524457,0.722739499977395,0.7926267281105991,0.14113379593745334,1.0,0.001998001998001998,0.391304347826087,0.3733478260869565,0.3742857142857143,230,350,predictive,uni2+hoptimus
entropy_uni2,0.7,0.6571428571428571,-0.042857142857142816,0.2681864273791168,brier,0.12132416060196326,0.0618010354789429,-0.059523125123020354,-0.059742165088227495,-0.08184801082547173,-0.04056774869446085,0.029801276909107225,0.0,0.12097748474489123,0.10183952876600845,0.13903594524223778,-0.059176449265948325,0.0,0.001998001998001998,0.391304347826087,0.3733478260869565,0.3742857142857143,230,350,predictive,uni2+hoptimus
entropy_uni2,0.7,0.6571428571428571,-0.042857142857142816,0.2681864273791168,ece,0.08565922886332764,0.06671778096756693,-0.018941447895760702,-0.026345207444333163,-0.054768892030111614,0.0012318804220608703,0.03962668219896699,0.06,0.09077588819886112,0.06750900429397638,0.11342195079540429,-0.024058107231294187,0.017,0.03596403596403597,0.391304347826087,0.3733478260869565,0.3742857142857143,230,350,predictive,uni2+hoptimus
entropy_uni2,0.7,0.6571428571428571,-0.042857142857142816,0.2681864273791168,cal_gap,0.08565922886332766,0.05776481346895351,-0.02789441539437415,-0.02783819169130119,-0.058096780444302755,0.0045393071454533996,0.0439067081109523,0.08,0.08534323057495867,0.06061459093552043,0.1098335859443456,-0.027578417106005157,0.016,0.03396603396603397,0.391304347826087,0.3733478260869565,0.3742857142857143,230,350,predictive,uni2+hoptimus
entropy_uni2,0.7,0.6571428571428571,-0.042857142857142816,0.2681864273791168,accuracy,0.7714285714285715,0.9130434782608695,0.14161490683229805,0.14184075471408802,0.10568600399296885,0.18170862308359015,0.05578018938761224,0.0,0.7709869565217391,0.7391304347826086,0.8,0.14205652173913041,1.0,0.001998001998001998,0.391304347826087,0.3733478260869565,0.3742857142857143,230,350,predictive,uni2+hoptimus
