predictor,family,signal,target_coverage,calibration_cutoff,global_n,global_realised_coverage,axis,group,n,retained_n,realised_coverage,coverage_vs_target,coverage_vs_global
conch,deep_ensemble,de_predictive_entropy_conch,0.7,0.4001679904936113,687,0.6302765647743813,magnification,20x,159,128,0.8050314465408805,0.10503144654088059,0.17475488176649923
conch,deep_ensemble,de_predictive_entropy_conch,0.7,0.4001679904936113,687,0.6302765647743813,magnification,40x,528,305,0.5776515151515151,-0.12234848484848482,-0.05262504962286618
conch,deep_ensemble,de_predictive_entropy_conch,0.7,0.4001679904936113,687,0.6302765647743813,scanner_grp,other,169,118,0.6982248520710059,-0.0017751479289940253,0.06794828729662461
conch,deep_ensemble,de_predictive_entropy_conch,0.7,0.4001679904936113,687,0.6302765647743813,scanner_grp,ss1302,240,164,0.6833333333333333,-0.016666666666666607,0.05305676855895203
conch,deep_ensemble,de_predictive_entropy_conch,0.7,0.4001679904936113,687,0.6302765647743813,scanner_grp,ss1763cntlr,146,82,0.5616438356164384,-0.13835616438356158,-0.06863272915794294
conch,deep_ensemble,de_predictive_entropy_conch,0.7,0.4001679904936113,687,0.6302765647743813,scanner_grp,ss1764cntlr,132,69,0.5227272727272727,-0.17727272727272725,-0.10754929204710861
conch,deep_ensemble,de_predictive_entropy_conch,0.7,0.4001679904936113,687,0.6302765647743813,site,Case Western,69,41,0.5942028985507246,-0.10579710144927534,-0.03607366622365671
conch,deep_ensemble,de_predictive_entropy_conch,0.7,0.4001679904936113,687,0.6302765647743813,site,Case Western - St Joes,103,60,0.5825242718446602,-0.1174757281553398,-0.04775229292972116
conch,deep_ensemble,de_predictive_entropy_conch,0.7,0.4001679904936113,687,0.6302765647743813,site,Christiana Healthcare,10,7,0.7,0.0,0.06972343522561864
conch,deep_ensemble,de_predictive_entropy_conch,0.7,0.4001679904936113,687,0.6302765647743813,site,Cureline,14,6,0.42857142857142855,-0.2714285714285714,-0.20170513620295277
conch,deep_ensemble,de_predictive_entropy_conch,0.7,0.4001679904936113,687,0.6302765647743813,site,Dept of Neurosurgery at University of Heidelberg,48,25,0.5208333333333334,-0.17916666666666659,-0.10944323144104795
conch,deep_ensemble,de_predictive_entropy_conch,0.7,0.4001679904936113,687,0.6302765647743813,site,Duke,59,41,0.6949152542372882,-0.005084745762711784,0.06463868946290685
conch,deep_ensemble,de_predictive_entropy_conch,0.7,0.4001679904936113,687,0.6302765647743813,site,Emory University,21,17,0.8095238095238095,0.10952380952380958,0.17924724474942821
conch,deep_ensemble,de_predictive_entropy_conch,0.7,0.4001679904936113,687,0.6302765647743813,site,Henry Ford Hospital,173,105,0.6069364161849711,-0.09306358381502888,-0.023340148589410248
conch,deep_ensemble,de_predictive_entropy_conch,0.7,0.4001679904936113,687,0.6302765647743813,site,MD Anderson Cancer Center,37,32,0.8648648648648649,0.16486486486486496,0.2345883000904836
conch,deep_ensemble,de_predictive_entropy_conch,0.7,0.4001679904936113,687,0.6302765647743813,site,MSKCC,14,9,0.6428571428571429,-0.05714285714285705,0.012580578082761584
conch,deep_ensemble,de_predictive_entropy_conch,0.7,0.4001679904936113,687,0.6302765647743813,site,The University of New South Wales,19,9,0.47368421052631576,-0.2263157894736842,-0.15659235424806556
conch,deep_ensemble,de_predictive_entropy_conch,0.7,0.4001679904936113,687,0.6302765647743813,site,Thomas Jefferson University,19,11,0.5789473684210527,-0.1210526315789473,-0.051329196353328665
conch,deep_ensemble,de_predictive_entropy_conch,0.7,0.4001679904936113,687,0.6302765647743813,site,UCSF,28,20,0.7142857142857143,0.014285714285714346,0.08400914951133298
conch,deep_ensemble,de_predictive_entropy_conch,0.7,0.4001679904936113,687,0.6302765647743813,site,University of Sao Paulo,17,13,0.7647058823529411,0.06470588235294117,0.1344293175785598
conch,deep_ensemble,de_predictive_entropy_conch,0.8,0.5391947566182161,687,0.7641921397379913,magnification,20x,159,140,0.8805031446540881,0.08050314465408803,0.1163110049160968
conch,deep_ensemble,de_predictive_entropy_conch,0.8,0.5391947566182161,687,0.7641921397379913,magnification,40x,528,385,0.7291666666666666,-0.07083333333333341,-0.03502547307132464
conch,deep_ensemble,de_predictive_entropy_conch,0.8,0.5391947566182161,687,0.7641921397379913,scanner_grp,other,169,136,0.8047337278106509,0.004733727810650845,0.04054158807265962
conch,deep_ensemble,de_predictive_entropy_conch,0.8,0.5391947566182161,687,0.7641921397379913,scanner_grp,ss1302,240,194,0.8083333333333333,0.008333333333333304,0.044141193595342076
conch,deep_ensemble,de_predictive_entropy_conch,0.8,0.5391947566182161,687,0.7641921397379913,scanner_grp,ss1763cntlr,146,108,0.7397260273972602,-0.06027397260273981,-0.02446611234073104
conch,deep_ensemble,de_predictive_entropy_conch,0.8,0.5391947566182161,687,0.7641921397379913,scanner_grp,ss1764cntlr,132,87,0.6590909090909091,-0.14090909090909098,-0.10510123064708221
conch,deep_ensemble,de_predictive_entropy_conch,0.8,0.5391947566182161,687,0.7641921397379913,site,Case Western,69,53,0.7681159420289855,-0.03188405797101457,0.003923802290994205
conch,deep_ensemble,de_predictive_entropy_conch,0.8,0.5391947566182161,687,0.7641921397379913,site,Case Western - St Joes,103,78,0.7572815533980582,-0.042718446601941795,-0.0069105863399330225
conch,deep_ensemble,de_predictive_entropy_conch,0.8,0.5391947566182161,687,0.7641921397379913,site,Christiana Healthcare,10,8,0.8,0.0,0.03580786026200877
conch,deep_ensemble,de_predictive_entropy_conch,0.8,0.5391947566182161,687,0.7641921397379913,site,Cureline,14,10,0.7142857142857143,-0.08571428571428574,-0.04990642545227697
conch,deep_ensemble,de_predictive_entropy_conch,0.8,0.5391947566182161,687,0.7641921397379913,site,Dept of Neurosurgery at University of Heidelberg,48,33,0.6875,-0.11250000000000004,-0.07669213973799127
conch,deep_ensemble,de_predictive_entropy_conch,0.8,0.5391947566182161,687,0.7641921397379913,site,Duke,59,47,0.7966101694915254,-0.003389830508474634,0.03241802975353414
conch,deep_ensemble,de_predictive_entropy_conch,0.8,0.5391947566182161,687,0.7641921397379913,site,Emory University,21,19,0.9047619047619048,0.10476190476190472,0.1405697650239135
conch,deep_ensemble,de_predictive_entropy_conch,0.8,0.5391947566182161,687,0.7641921397379913,site,Henry Ford Hospital,173,127,0.7341040462427746,-0.06589595375722546,-0.030088093495216683
conch,deep_ensemble,de_predictive_entropy_conch,0.8,0.5391947566182161,687,0.7641921397379913,site,MD Anderson Cancer Center,37,35,0.9459459459459459,0.1459459459459459,0.18175380620795467
conch,deep_ensemble,de_predictive_entropy_conch,0.8,0.5391947566182161,687,0.7641921397379913,site,MSKCC,14,10,0.7142857142857143,-0.08571428571428574,-0.04990642545227697
conch,deep_ensemble,de_predictive_entropy_conch,0.8,0.5391947566182161,687,0.7641921397379913,site,The University of New South Wales,19,12,0.631578947368421,-0.16842105263157903,-0.13261319236957025
conch,deep_ensemble,de_predictive_entropy_conch,0.8,0.5391947566182161,687,0.7641921397379913,site,Thomas Jefferson University,19,13,0.6842105263157895,-0.11578947368421055,-0.07998161342220178
conch,deep_ensemble,de_predictive_entropy_conch,0.8,0.5391947566182161,687,0.7641921397379913,site,UCSF,28,24,0.8571428571428571,0.05714285714285705,0.09295071740486582
conch,deep_ensemble,de_predictive_entropy_conch,0.8,0.5391947566182161,687,0.7641921397379913,site,University of Sao Paulo,17,15,0.8823529411764706,0.08235294117647052,0.11816080143847929
conch,deep_ensemble,de_predictive_entropy_conch,0.9,0.6608308354651906,687,0.8966521106259098,magnification,20x,159,150,0.9433962264150944,0.04339622641509433,0.04674411578918458
conch,deep_ensemble,de_predictive_entropy_conch,0.9,0.6608308354651906,687,0.8966521106259098,magnification,40x,528,466,0.8825757575757576,-0.017424242424242453,-0.014076353050152202
conch,deep_ensemble,de_predictive_entropy_conch,0.9,0.6608308354651906,687,0.8966521106259098,scanner_grp,other,169,155,0.9171597633136095,0.017159763313609466,0.020507652687699718
conch,deep_ensemble,de_predictive_entropy_conch,0.9,0.6608308354651906,687,0.8966521106259098,scanner_grp,ss1302,240,219,0.9125,0.012499999999999956,0.015847889374090207
conch,deep_ensemble,de_predictive_entropy_conch,0.9,0.6608308354651906,687,0.8966521106259098,scanner_grp,ss1763cntlr,146,130,0.8904109589041096,-0.009589041095890427,-0.0062411517218001755
conch,deep_ensemble,de_predictive_entropy_conch,0.9,0.6608308354651906,687,0.8966521106259098,scanner_grp,ss1764cntlr,132,112,0.8484848484848485,-0.051515151515151514,-0.04816726214106126
conch,deep_ensemble,de_predictive_entropy_conch,0.9,0.6608308354651906,687,0.8966521106259098,site,Case Western,69,62,0.8985507246376812,-0.0014492753623188692,0.0018986140117713823
conch,deep_ensemble,de_predictive_entropy_conch,0.9,0.6608308354651906,687,0.8966521106259098,site,Case Western - St Joes,103,94,0.912621359223301,0.012621359223300987,0.01596924859739124
conch,deep_ensemble,de_predictive_entropy_conch,0.9,0.6608308354651906,687,0.8966521106259098,site,Christiana Healthcare,10,10,1.0,0.09999999999999998,0.10334788937409023
conch,deep_ensemble,de_predictive_entropy_conch,0.9,0.6608308354651906,687,0.8966521106259098,site,Cureline,14,11,0.7857142857142857,-0.11428571428571432,-0.11093782491162407
conch,deep_ensemble,de_predictive_entropy_conch,0.9,0.6608308354651906,687,0.8966521106259098,site,Dept of Neurosurgery at University of Heidelberg,48,42,0.875,-0.025000000000000022,-0.02165211062590977
conch,deep_ensemble,de_predictive_entropy_conch,0.9,0.6608308354651906,687,0.8966521106259098,site,Duke,59,51,0.864406779661017,-0.035593220338983045,-0.03224533096489279
conch,deep_ensemble,de_predictive_entropy_conch,0.9,0.6608308354651906,687,0.8966521106259098,site,Emory University,21,21,1.0,0.09999999999999998,0.10334788937409023
conch,deep_ensemble,de_predictive_entropy_conch,0.9,0.6608308354651906,687,0.8966521106259098,site,Henry Ford Hospital,173,156,0.9017341040462428,0.001734104046242746,0.0050819934203329975
conch,deep_ensemble,de_predictive_entropy_conch,0.9,0.6608308354651906,687,0.8966521106259098,site,MD Anderson Cancer Center,37,35,0.9459459459459459,0.04594594594594592,0.04929383532003617
conch,deep_ensemble,de_predictive_entropy_conch,0.9,0.6608308354651906,687,0.8966521106259098,site,MSKCC,14,12,0.8571428571428571,-0.04285714285714293,-0.039509253483052675
conch,deep_ensemble,de_predictive_entropy_conch,0.9,0.6608308354651906,687,0.8966521106259098,site,The University of New South Wales,19,15,0.7894736842105263,-0.1105263157894737,-0.10717842641538344
conch,deep_ensemble,de_predictive_entropy_conch,0.9,0.6608308354651906,687,0.8966521106259098,site,Thomas Jefferson University,19,14,0.7368421052631579,-0.16315789473684217,-0.15981000536275192
conch,deep_ensemble,de_predictive_entropy_conch,0.9,0.6608308354651906,687,0.8966521106259098,site,UCSF,28,25,0.8928571428571429,-0.0071428571428571175,-0.003794967768766866
conch,deep_ensemble,de_predictive_entropy_conch,0.9,0.6608308354651906,687,0.8966521106259098,site,University of Sao Paulo,17,16,0.9411764705882353,0.04117647058823526,0.04452435996232551
conch,epistemic,within_encoder_mi_conch,0.7,0.028824879047870677,687,0.7088791848617176,magnification,20x,159,130,0.8176100628930818,0.11761006289308185,0.10873087803136416
conch,epistemic,within_encoder_mi_conch,0.7,0.028824879047870677,687,0.7088791848617176,magnification,40x,528,357,0.6761363636363636,-0.02386363636363631,-0.03274282122535399
conch,epistemic,within_encoder_mi_conch,0.7,0.028824879047870677,687,0.7088791848617176,scanner_grp,other,169,130,0.7692307692307693,0.06923076923076932,0.060351584369051636
conch,epistemic,within_encoder_mi_conch,0.7,0.028824879047870677,687,0.7088791848617176,scanner_grp,ss1302,240,173,0.7208333333333333,0.02083333333333337,0.011954148471615689
conch,epistemic,within_encoder_mi_conch,0.7,0.028824879047870677,687,0.7088791848617176,scanner_grp,ss1763cntlr,146,97,0.6643835616438356,-0.03561643835616435,-0.04449562321788203
conch,epistemic,within_encoder_mi_conch,0.7,0.028824879047870677,687,0.7088791848617176,scanner_grp,ss1764cntlr,132,87,0.6590909090909091,-0.040909090909090895,-0.04978827577080858
conch,epistemic,within_encoder_mi_conch,0.7,0.028824879047870677,687,0.7088791848617176,site,Case Western,69,48,0.6956521739130435,-0.004347826086956497,-0.013227010948674178
conch,epistemic,within_encoder_mi_conch,0.7,0.028824879047870677,687,0.7088791848617176,site,Case Western - St Joes,103,67,0.6504854368932039,-0.04951456310679603,-0.05839374796851371
conch,epistemic,within_encoder_mi_conch,0.7,0.028824879047870677,687,0.7088791848617176,site,Christiana Healthcare,10,7,0.7,0.0,-0.008879184861717682
conch,epistemic,within_encoder_mi_conch,0.7,0.028824879047870677,687,0.7088791848617176,site,Cureline,14,7,0.5,-0.19999999999999996,-0.20887918486171764
conch,epistemic,within_encoder_mi_conch,0.7,0.028824879047870677,687,0.7088791848617176,site,Dept of Neurosurgery at University of Heidelberg,48,31,0.6458333333333334,-0.054166666666666585,-0.06304585152838427
conch,epistemic,within_encoder_mi_conch,0.7,0.028824879047870677,687,0.7088791848617176,site,Duke,59,49,0.8305084745762712,0.13050847457627124,0.12162928971455356
conch,epistemic,within_encoder_mi_conch,0.7,0.028824879047870677,687,0.7088791848617176,site,Emory University,21,19,0.9047619047619048,0.2047619047619048,0.19588271990018713
conch,epistemic,within_encoder_mi_conch,0.7,0.028824879047870677,687,0.7088791848617176,site,Henry Ford Hospital,173,118,0.6820809248554913,-0.017919075144508634,-0.026798260006226315
conch,epistemic,within_encoder_mi_conch,0.7,0.028824879047870677,687,0.7088791848617176,site,MD Anderson Cancer Center,37,30,0.8108108108108109,0.1108108108108109,0.10193162594909322
conch,epistemic,within_encoder_mi_conch,0.7,0.028824879047870677,687,0.7088791848617176,site,MSKCC,14,9,0.6428571428571429,-0.05714285714285705,-0.06602204200457473
conch,epistemic,within_encoder_mi_conch,0.7,0.028824879047870677,687,0.7088791848617176,site,The University of New South Wales,19,12,0.631578947368421,-0.06842105263157894,-0.07730023749329662
conch,epistemic,within_encoder_mi_conch,0.7,0.028824879047870677,687,0.7088791848617176,site,Thomas Jefferson University,19,13,0.6842105263157895,-0.015789473684210464,-0.024668658545928146
conch,epistemic,within_encoder_mi_conch,0.7,0.028824879047870677,687,0.7088791848617176,site,UCSF,28,23,0.8214285714285714,0.12142857142857144,0.11254938656685376
conch,epistemic,within_encoder_mi_conch,0.7,0.028824879047870677,687,0.7088791848617176,site,University of Sao Paulo,17,12,0.7058823529411765,0.005882352941176561,-0.002996831920541121
conch,epistemic,within_encoder_mi_conch,0.8,0.042000154306009126,687,0.8296943231441049,magnification,20x,159,142,0.8930817610062893,0.09308176100628929,0.06338743786218448
conch,epistemic,within_encoder_mi_conch,0.8,0.042000154306009126,687,0.8296943231441049,magnification,40x,528,428,0.8106060606060606,0.010606060606060508,-0.0190882625380443
conch,epistemic,within_encoder_mi_conch,0.8,0.042000154306009126,687,0.8296943231441049,scanner_grp,other,169,147,0.8698224852071006,0.06982248520710055,0.04012816206299574
conch,epistemic,within_encoder_mi_conch,0.8,0.042000154306009126,687,0.8296943231441049,scanner_grp,ss1302,240,204,0.85,0.04999999999999993,0.020305676855895127
conch,epistemic,within_encoder_mi_conch,0.8,0.042000154306009126,687,0.8296943231441049,scanner_grp,ss1763cntlr,146,115,0.7876712328767124,-0.012328767123287676,-0.04202309026739248
conch,epistemic,within_encoder_mi_conch,0.8,0.042000154306009126,687,0.8296943231441049,scanner_grp,ss1764cntlr,132,104,0.7878787878787878,-0.0121212121212122,-0.041815535265317005
conch,epistemic,within_encoder_mi_conch,0.8,0.042000154306009126,687,0.8296943231441049,site,Case Western,69,58,0.8405797101449275,0.04057971014492745,0.010885387000822644
conch,epistemic,within_encoder_mi_conch,0.8,0.042000154306009126,687,0.8296943231441049,site,Case Western - St Joes,103,85,0.8252427184466019,0.025242718446601864,-0.004451604697502942
conch,epistemic,within_encoder_mi_conch,0.8,0.042000154306009126,687,0.8296943231441049,site,Christiana Healthcare,10,8,0.8,0.0,-0.029694323144104806
conch,epistemic,within_encoder_mi_conch,0.8,0.042000154306009126,687,0.8296943231441049,site,Cureline,14,10,0.7142857142857143,-0.08571428571428574,-0.11540860885839055
conch,epistemic,within_encoder_mi_conch,0.8,0.042000154306009126,687,0.8296943231441049,site,Dept of Neurosurgery at University of Heidelberg,48,37,0.7708333333333334,-0.029166666666666674,-0.05886098981077148
conch,epistemic,within_encoder_mi_conch,0.8,0.042000154306009126,687,0.8296943231441049,site,Duke,59,50,0.847457627118644,0.047457627118643986,0.01776330397453918
conch,epistemic,within_encoder_mi_conch,0.8,0.042000154306009126,687,0.8296943231441049,site,Emory University,21,19,0.9047619047619048,0.10476190476190472,0.07506758161779992
conch,epistemic,within_encoder_mi_conch,0.8,0.042000154306009126,687,0.8296943231441049,site,Henry Ford Hospital,173,139,0.8034682080924855,0.003468208092485492,-0.026226115051619314
conch,epistemic,within_encoder_mi_conch,0.8,0.042000154306009126,687,0.8296943231441049,site,MD Anderson Cancer Center,37,35,0.9459459459459459,0.1459459459459459,0.11625162280184109
conch,epistemic,within_encoder_mi_conch,0.8,0.042000154306009126,687,0.8296943231441049,site,MSKCC,14,11,0.7857142857142857,-0.014285714285714346,-0.04398003742981915
conch,epistemic,within_encoder_mi_conch,0.8,0.042000154306009126,687,0.8296943231441049,site,The University of New South Wales,19,15,0.7894736842105263,-0.010526315789473717,-0.04022063893357852
conch,epistemic,within_encoder_mi_conch,0.8,0.042000154306009126,687,0.8296943231441049,site,Thomas Jefferson University,19,17,0.8947368421052632,0.09473684210526312,0.06504251896115831
conch,epistemic,within_encoder_mi_conch,0.8,0.042000154306009126,687,0.8296943231441049,site,UCSF,28,24,0.8571428571428571,0.05714285714285705,0.027448533998752245
conch,epistemic,within_encoder_mi_conch,0.8,0.042000154306009126,687,0.8296943231441049,site,University of Sao Paulo,17,14,0.8235294117647058,0.0235294117647058,-0.006164911379399007
conch,epistemic,within_encoder_mi_conch,0.9,0.07039151180186336,687,0.9417758369723436,magnification,20x,159,154,0.9685534591194969,0.06855345911949684,0.02677762214715329
conch,epistemic,within_encoder_mi_conch,0.9,0.07039151180186336,687,0.9417758369723436,magnification,40x,528,493,0.9337121212121212,0.03371212121212119,-0.008063715760222356
conch,epistemic,within_encoder_mi_conch,0.9,0.07039151180186336,687,0.9417758369723436,scanner_grp,other,169,158,0.9349112426035503,0.034911242603550274,-0.006864594368793275
conch,epistemic,within_encoder_mi_conch,0.9,0.07039151180186336,687,0.9417758369723436,scanner_grp,ss1302,240,227,0.9458333333333333,0.04583333333333328,0.004057496360989732
conch,epistemic,within_encoder_mi_conch,0.9,0.07039151180186336,687,0.9417758369723436,scanner_grp,ss1763cntlr,146,135,0.9246575342465754,0.024657534246575352,-0.017118302725768197
conch,epistemic,within_encoder_mi_conch,0.9,0.07039151180186336,687,0.9417758369723436,scanner_grp,ss1764cntlr,132,127,0.9621212121212122,0.06212121212121213,0.020345375148868583
conch,epistemic,within_encoder_mi_conch,0.9,0.07039151180186336,687,0.9417758369723436,site,Case Western,69,65,0.9420289855072463,0.04202898550724632,0.00025314853490276956
conch,epistemic,within_encoder_mi_conch,0.9,0.07039151180186336,687,0.9417758369723436,site,Case Western - St Joes,103,99,0.9611650485436893,0.061165048543689315,0.019389211571345766
conch,epistemic,within_encoder_mi_conch,0.9,0.07039151180186336,687,0.9417758369723436,site,Christiana Healthcare,10,9,0.9,0.0,-0.04177583697234355
conch,epistemic,within_encoder_mi_conch,0.9,0.07039151180186336,687,0.9417758369723436,site,Cureline,14,12,0.8571428571428571,-0.04285714285714293,-0.08463297982948648
conch,epistemic,within_encoder_mi_conch,0.9,0.07039151180186336,687,0.9417758369723436,site,Dept of Neurosurgery at University of Heidelberg,48,46,0.9583333333333334,0.05833333333333335,0.0165574963609898
conch,epistemic,within_encoder_mi_conch,0.9,0.07039151180186336,687,0.9417758369723436,site,Duke,59,55,0.9322033898305084,0.03220338983050841,-0.009572447141835139
conch,epistemic,within_encoder_mi_conch,0.9,0.07039151180186336,687,0.9417758369723436,site,Emory University,21,20,0.9523809523809523,0.052380952380952306,0.010605115408608756
conch,epistemic,within_encoder_mi_conch,0.9,0.07039151180186336,687,0.9417758369723436,site,Henry Ford Hospital,173,161,0.930635838150289,0.03063583815028903,-0.01113999882205452
conch,epistemic,within_encoder_mi_conch,0.9,0.07039151180186336,687,0.9417758369723436,site,MD Anderson Cancer Center,37,36,0.972972972972973,0.072972972972973,0.031197136000629455
conch,epistemic,within_encoder_mi_conch,0.9,0.07039151180186336,687,0.9417758369723436,site,MSKCC,14,12,0.8571428571428571,-0.04285714285714293,-0.08463297982948648
conch,epistemic,within_encoder_mi_conch,0.9,0.07039151180186336,687,0.9417758369723436,site,The University of New South Wales,19,17,0.8947368421052632,-0.0052631578947368585,-0.04703899486708041
conch,epistemic,within_encoder_mi_conch,0.9,0.07039151180186336,687,0.9417758369723436,site,Thomas Jefferson University,19,17,0.8947368421052632,-0.0052631578947368585,-0.04703899486708041
conch,epistemic,within_encoder_mi_conch,0.9,0.07039151180186336,687,0.9417758369723436,site,UCSF,28,26,0.9285714285714286,0.02857142857142858,-0.013204408400914969
conch,epistemic,within_encoder_mi_conch,0.9,0.07039151180186336,687,0.9417758369723436,site,University of Sao Paulo,17,16,0.9411764705882353,0.04117647058823526,-0.0005993663841082908
conch,laplace,laplace_epistemic_mi_conch,0.7,0.03219251893999999,687,0.6157205240174672,magnification,20x,159,131,0.8238993710691824,0.12389937106918247,0.2081788470517152
conch,laplace,laplace_epistemic_mi_conch,0.7,0.03219251893999999,687,0.6157205240174672,magnification,40x,528,292,0.553030303030303,-0.14696969696969697,-0.06269022098716426
conch,laplace,laplace_epistemic_mi_conch,0.7,0.03219251893999999,687,0.6157205240174672,scanner_grp,other,169,115,0.6804733727810651,-0.019526627218934833,0.06475284876359788
conch,laplace,laplace_epistemic_mi_conch,0.7,0.03219251893999999,687,0.6157205240174672,scanner_grp,ss1302,240,162,0.675,-0.02499999999999991,0.0592794759825328
conch,laplace,laplace_epistemic_mi_conch,0.7,0.03219251893999999,687,0.6157205240174672,scanner_grp,ss1763cntlr,146,79,0.541095890410959,-0.158904109589041,-0.07462463360650828
conch,laplace,laplace_epistemic_mi_conch,0.7,0.03219251893999999,687,0.6157205240174672,scanner_grp,ss1764cntlr,132,67,0.5075757575757576,-0.1924242424242424,-0.10814476644170967
conch,laplace,laplace_epistemic_mi_conch,0.7,0.03219251893999999,687,0.6157205240174672,site,Case Western,69,43,0.6231884057971014,-0.07681159420289851,0.0074678817796342
conch,laplace,laplace_epistemic_mi_conch,0.7,0.03219251893999999,687,0.6157205240174672,site,Case Western - St Joes,103,54,0.5242718446601942,-0.1757281553398058,-0.09144867935727308
conch,laplace,laplace_epistemic_mi_conch,0.7,0.03219251893999999,687,0.6157205240174672,site,Christiana Healthcare,10,8,0.8,0.10000000000000009,0.1842794759825328
conch,laplace,laplace_epistemic_mi_conch,0.7,0.03219251893999999,687,0.6157205240174672,site,Cureline,14,5,0.35714285714285715,-0.3428571428571428,-0.2585776668746101
conch,laplace,laplace_epistemic_mi_conch,0.7,0.03219251893999999,687,0.6157205240174672,site,Dept of Neurosurgery at University of Heidelberg,48,22,0.4583333333333333,-0.24166666666666664,-0.15738719068413393
conch,laplace,laplace_epistemic_mi_conch,0.7,0.03219251893999999,687,0.6157205240174672,site,Duke,59,44,0.7457627118644068,0.045762711864406835,0.13004218784693955
conch,laplace,laplace_epistemic_mi_conch,0.7,0.03219251893999999,687,0.6157205240174672,site,Emory University,21,20,0.9523809523809523,0.2523809523809524,0.3366604283634851
conch,laplace,laplace_epistemic_mi_conch,0.7,0.03219251893999999,687,0.6157205240174672,site,Henry Ford Hospital,173,93,0.5375722543352601,-0.16242774566473983,-0.07814826968220712
conch,laplace,laplace_epistemic_mi_conch,0.7,0.03219251893999999,687,0.6157205240174672,site,MD Anderson Cancer Center,37,32,0.8648648648648649,0.16486486486486496,0.24914434084739767
conch,laplace,laplace_epistemic_mi_conch,0.7,0.03219251893999999,687,0.6157205240174672,site,MSKCC,14,8,0.5714285714285714,-0.12857142857142856,-0.044291952588895844
conch,laplace,laplace_epistemic_mi_conch,0.7,0.03219251893999999,687,0.6157205240174672,site,The University of New South Wales,19,11,0.5789473684210527,-0.1210526315789473,-0.036773155596414586
conch,laplace,laplace_epistemic_mi_conch,0.7,0.03219251893999999,687,0.6157205240174672,site,Thomas Jefferson University,19,11,0.5789473684210527,-0.1210526315789473,-0.036773155596414586
conch,laplace,laplace_epistemic_mi_conch,0.7,0.03219251893999999,687,0.6157205240174672,site,UCSF,28,22,0.7857142857142857,0.08571428571428574,0.16999376169681846
conch,laplace,laplace_epistemic_mi_conch,0.7,0.03219251893999999,687,0.6157205240174672,site,University of Sao Paulo,17,13,0.7647058823529411,0.06470588235294117,0.14898535833547388
conch,laplace,laplace_epistemic_mi_conch,0.8,0.041136669040000004,687,0.6943231441048034,magnification,20x,159,134,0.8427672955974843,0.04276729559748427,0.14844415149268086
conch,laplace,laplace_epistemic_mi_conch,0.8,0.041136669040000004,687,0.6943231441048034,magnification,40x,528,343,0.6496212121212122,-0.1503787878787879,-0.04470193198359129
conch,laplace,laplace_epistemic_mi_conch,0.8,0.041136669040000004,687,0.6943231441048034,scanner_grp,other,169,127,0.7514792899408284,-0.04852071005917169,0.05715614583602491
conch,laplace,laplace_epistemic_mi_conch,0.8,0.041136669040000004,687,0.6943231441048034,scanner_grp,ss1302,240,178,0.7416666666666667,-0.05833333333333335,0.04734352256186325
conch,laplace,laplace_epistemic_mi_conch,0.8,0.041136669040000004,687,0.6943231441048034,scanner_grp,ss1763cntlr,146,91,0.6232876712328768,-0.17671232876712328,-0.07103547287192669
conch,laplace,laplace_epistemic_mi_conch,0.8,0.041136669040000004,687,0.6943231441048034,scanner_grp,ss1764cntlr,132,81,0.6136363636363636,-0.1863636363636364,-0.0806867804684398
conch,laplace,laplace_epistemic_mi_conch,0.8,0.041136669040000004,687,0.6943231441048034,site,Case Western,69,48,0.6956521739130435,-0.10434782608695659,0.001329029808240012
conch,laplace,laplace_epistemic_mi_conch,0.8,0.041136669040000004,687,0.6943231441048034,site,Case Western - St Joes,103,62,0.6019417475728155,-0.19805825242718456,-0.09238139653198796
conch,laplace,laplace_epistemic_mi_conch,0.8,0.041136669040000004,687,0.6943231441048034,site,Christiana Healthcare,10,8,0.8,0.0,0.1056768558951966
conch,laplace,laplace_epistemic_mi_conch,0.8,0.041136669040000004,687,0.6943231441048034,site,Cureline,14,6,0.42857142857142855,-0.3714285714285715,-0.2657517155333749
conch,laplace,laplace_epistemic_mi_conch,0.8,0.041136669040000004,687,0.6943231441048034,site,Dept of Neurosurgery at University of Heidelberg,48,29,0.6041666666666666,-0.19583333333333341,-0.09015647743813682
conch,laplace,laplace_epistemic_mi_conch,0.8,0.041136669040000004,687,0.6943231441048034,site,Duke,59,48,0.8135593220338984,0.013559322033898313,0.11923617792909491
conch,laplace,laplace_epistemic_mi_conch,0.8,0.041136669040000004,687,0.6943231441048034,site,Emory University,21,20,0.9523809523809523,0.15238095238095228,0.2580578082761489
conch,laplace,laplace_epistemic_mi_conch,0.8,0.041136669040000004,687,0.6943231441048034,site,Henry Ford Hospital,173,109,0.630057803468208,-0.169942196531792,-0.06426534063659539
conch,laplace,laplace_epistemic_mi_conch,0.8,0.041136669040000004,687,0.6943231441048034,site,MD Anderson Cancer Center,37,34,0.918918918918919,0.11891891891891893,0.22459577481411552
conch,laplace,laplace_epistemic_mi_conch,0.8,0.041136669040000004,687,0.6943231441048034,site,MSKCC,14,10,0.7142857142857143,-0.08571428571428574,0.019962570180910855
conch,laplace,laplace_epistemic_mi_conch,0.8,0.041136669040000004,687,0.6943231441048034,site,The University of New South Wales,19,11,0.5789473684210527,-0.2210526315789474,-0.11537577568375079
conch,laplace,laplace_epistemic_mi_conch,0.8,0.041136669040000004,687,0.6943231441048034,site,Thomas Jefferson University,19,13,0.6842105263157895,-0.11578947368421055,-0.010112617789013956
conch,laplace,laplace_epistemic_mi_conch,0.8,0.041136669040000004,687,0.6943231441048034,site,UCSF,28,23,0.8214285714285714,0.021428571428571352,0.12710542732376795
conch,laplace,laplace_epistemic_mi_conch,0.8,0.041136669040000004,687,0.6943231441048034,site,University of Sao Paulo,17,14,0.8235294117647058,0.0235294117647058,0.1292062676599024
conch,laplace,laplace_epistemic_mi_conch,0.9,0.050198341220000005,687,0.8064046579330422,magnification,20x,159,143,0.89937106918239,-0.0006289308176100628,0.09296641124934779
conch,laplace,laplace_epistemic_mi_conch,0.9,0.050198341220000005,687,0.8064046579330422,magnification,40x,528,411,0.7784090909090909,-0.12159090909090908,-0.02799556702395123
conch,laplace,laplace_epistemic_mi_conch,0.9,0.050198341220000005,687,0.8064046579330422,scanner_grp,other,169,141,0.834319526627219,-0.06568047337278105,0.02791486869417681
conch,laplace,laplace_epistemic_mi_conch,0.9,0.050198341220000005,687,0.8064046579330422,scanner_grp,ss1302,240,199,0.8291666666666667,-0.0708333333333333,0.02276200873362455
conch,laplace,laplace_epistemic_mi_conch,0.9,0.050198341220000005,687,0.8064046579330422,scanner_grp,ss1763cntlr,146,116,0.7945205479452054,-0.10547945205479459,-0.011884109987836733
conch,laplace,laplace_epistemic_mi_conch,0.9,0.050198341220000005,687,0.8064046579330422,scanner_grp,ss1764cntlr,132,98,0.7424242424242424,-0.1575757575757576,-0.06398041550879974
conch,laplace,laplace_epistemic_mi_conch,0.9,0.050198341220000005,687,0.8064046579330422,site,Case Western,69,57,0.8260869565217391,-0.07391304347826089,0.019682298588696967
conch,laplace,laplace_epistemic_mi_conch,0.9,0.050198341220000005,687,0.8064046579330422,site,Case Western - St Joes,103,81,0.7864077669902912,-0.11359223300970878,-0.019996890942750922
conch,laplace,laplace_epistemic_mi_conch,0.9,0.050198341220000005,687,0.8064046579330422,site,Christiana Healthcare,10,10,1.0,0.09999999999999998,0.19359534206695783
conch,laplace,laplace_epistemic_mi_conch,0.9,0.050198341220000005,687,0.8064046579330422,site,Cureline,14,9,0.6428571428571429,-0.2571428571428571,-0.16354751507589926
conch,laplace,laplace_epistemic_mi_conch,0.9,0.050198341220000005,687,0.8064046579330422,site,Dept of Neurosurgery at University of Heidelberg,48,37,0.7708333333333334,-0.12916666666666665,-0.0355713245997088
conch,laplace,laplace_epistemic_mi_conch,0.9,0.050198341220000005,687,0.8064046579330422,site,Duke,59,54,0.9152542372881356,0.015254237288135575,0.10884957935509343
conch,laplace,laplace_epistemic_mi_conch,0.9,0.050198341220000005,687,0.8064046579330422,site,Emory University,21,20,0.9523809523809523,0.052380952380952306,0.14597629444791016
conch,laplace,laplace_epistemic_mi_conch,0.9,0.050198341220000005,687,0.8064046579330422,site,Henry Ford Hospital,173,125,0.7225433526011561,-0.17745664739884393,-0.08386130533188607
conch,laplace,laplace_epistemic_mi_conch,0.9,0.050198341220000005,687,0.8064046579330422,site,MD Anderson Cancer Center,37,35,0.9459459459459459,0.04594594594594592,0.13954128801290377
conch,laplace,laplace_epistemic_mi_conch,0.9,0.050198341220000005,687,0.8064046579330422,site,MSKCC,14,12,0.8571428571428571,-0.04285714285714293,0.05073819920981493
conch,laplace,laplace_epistemic_mi_conch,0.9,0.050198341220000005,687,0.8064046579330422,site,The University of New South Wales,19,16,0.8421052631578947,-0.05789473684210533,0.03570060522485252
conch,laplace,laplace_epistemic_mi_conch,0.9,0.050198341220000005,687,0.8064046579330422,site,Thomas Jefferson University,19,15,0.7894736842105263,-0.1105263157894737,-0.01693097372251584
conch,laplace,laplace_epistemic_mi_conch,0.9,0.050198341220000005,687,0.8064046579330422,site,UCSF,28,25,0.8928571428571429,-0.0071428571428571175,0.08645248492410074
conch,laplace,laplace_epistemic_mi_conch,0.9,0.050198341220000005,687,0.8064046579330422,site,University of Sao Paulo,17,16,0.9411764705882353,0.04117647058823526,0.1347718126551931
conch,mc_dropout,mc_predictive_entropy_conch,0.7,0.44610253000742117,687,0.660844250363901,magnification,20x,159,131,0.8238993710691824,0.12389937106918247,0.1630551207052814
conch,mc_dropout,mc_predictive_entropy_conch,0.7,0.44610253000742117,687,0.660844250363901,magnification,40x,528,323,0.6117424242424242,-0.08825757575757576,-0.049101826121476844
conch,mc_dropout,mc_predictive_entropy_conch,0.7,0.44610253000742117,687,0.660844250363901,scanner_grp,other,169,124,0.7337278106508875,0.03372781065088759,0.0728835602869865
conch,mc_dropout,mc_predictive_entropy_conch,0.7,0.44610253000742117,687,0.660844250363901,scanner_grp,ss1302,240,171,0.7125,0.012500000000000067,0.05165574963609898
conch,mc_dropout,mc_predictive_entropy_conch,0.7,0.44610253000742117,687,0.660844250363901,scanner_grp,ss1763cntlr,146,89,0.6095890410958904,-0.09041095890410955,-0.05125520926801064
conch,mc_dropout,mc_predictive_entropy_conch,0.7,0.44610253000742117,687,0.660844250363901,scanner_grp,ss1764cntlr,132,70,0.5303030303030303,-0.16969696969696968,-0.13054122006087077
conch,mc_dropout,mc_predictive_entropy_conch,0.7,0.44610253000742117,687,0.660844250363901,site,Case Western,69,45,0.6521739130434783,-0.047826086956521685,-0.008670337320422772
conch,mc_dropout,mc_predictive_entropy_conch,0.7,0.44610253000742117,687,0.660844250363901,site,Case Western - St Joes,103,62,0.6019417475728155,-0.09805825242718447,-0.058902502791085554
conch,mc_dropout,mc_predictive_entropy_conch,0.7,0.44610253000742117,687,0.660844250363901,site,Christiana Healthcare,10,7,0.7,0.0,0.03915574963609891
conch,mc_dropout,mc_predictive_entropy_conch,0.7,0.44610253000742117,687,0.660844250363901,site,Cureline,14,6,0.42857142857142855,-0.2714285714285714,-0.2322728217924725
conch,mc_dropout,mc_predictive_entropy_conch,0.7,0.44610253000742117,687,0.660844250363901,site,Dept of Neurosurgery at University of Heidelberg,48,25,0.5208333333333334,-0.17916666666666659,-0.14001091703056767
conch,mc_dropout,mc_predictive_entropy_conch,0.7,0.44610253000742117,687,0.660844250363901,site,Duke,59,44,0.7457627118644068,0.045762711864406835,0.08491846150050575
conch,mc_dropout,mc_predictive_entropy_conch,0.7,0.44610253000742117,687,0.660844250363901,site,Emory University,21,18,0.8571428571428571,0.15714285714285714,0.19629860677895605
conch,mc_dropout,mc_predictive_entropy_conch,0.7,0.44610253000742117,687,0.660844250363901,site,Henry Ford Hospital,173,109,0.630057803468208,-0.0699421965317919,-0.030786446895692987
conch,mc_dropout,mc_predictive_entropy_conch,0.7,0.44610253000742117,687,0.660844250363901,site,MD Anderson Cancer Center,37,34,0.918918918918919,0.21891891891891901,0.2580746685550179
conch,mc_dropout,mc_predictive_entropy_conch,0.7,0.44610253000742117,687,0.660844250363901,site,MSKCC,14,9,0.6428571428571429,-0.05714285714285705,-0.017987107506758138
conch,mc_dropout,mc_predictive_entropy_conch,0.7,0.44610253000742117,687,0.660844250363901,site,The University of New South Wales,19,9,0.47368421052631576,-0.2263157894736842,-0.18716003983758528
conch,mc_dropout,mc_predictive_entropy_conch,0.7,0.44610253000742117,687,0.660844250363901,site,Thomas Jefferson University,19,11,0.5789473684210527,-0.1210526315789473,-0.08189688194284839
conch,mc_dropout,mc_predictive_entropy_conch,0.7,0.44610253000742117,687,0.660844250363901,site,UCSF,28,22,0.7857142857142857,0.08571428571428574,0.12487003535038466
conch,mc_dropout,mc_predictive_entropy_conch,0.7,0.44610253000742117,687,0.660844250363901,site,University of Sao Paulo,17,14,0.8235294117647058,0.12352941176470589,0.1626851614008048
conch,mc_dropout,mc_predictive_entropy_conch,0.8,0.5265715257278275,687,0.7394468704512372,magnification,20x,159,139,0.8742138364779874,0.0742138364779874,0.1347669660267502
conch,mc_dropout,mc_predictive_entropy_conch,0.8,0.5265715257278275,687,0.7394468704512372,magnification,40x,528,369,0.6988636363636364,-0.10113636363636369,-0.040583234087600895
conch,mc_dropout,mc_predictive_entropy_conch,0.8,0.5265715257278275,687,0.7394468704512372,scanner_grp,other,169,132,0.7810650887573964,-0.018934911242603603,0.041618218306159194
conch,mc_dropout,mc_predictive_entropy_conch,0.8,0.5265715257278275,687,0.7394468704512372,scanner_grp,ss1302,240,190,0.7916666666666666,-0.008333333333333415,0.05221979621542938
conch,mc_dropout,mc_predictive_entropy_conch,0.8,0.5265715257278275,687,0.7394468704512372,scanner_grp,ss1763cntlr,146,101,0.6917808219178082,-0.10821917808219184,-0.04766604853342904
conch,mc_dropout,mc_predictive_entropy_conch,0.8,0.5265715257278275,687,0.7394468704512372,scanner_grp,ss1764cntlr,132,85,0.6439393939393939,-0.15606060606060612,-0.09550747651184333
conch,mc_dropout,mc_predictive_entropy_conch,0.8,0.5265715257278275,687,0.7394468704512372,site,Case Western,69,53,0.7681159420289855,-0.03188405797101457,0.02866907157774823
conch,mc_dropout,mc_predictive_entropy_conch,0.8,0.5265715257278275,687,0.7394468704512372,site,Case Western - St Joes,103,72,0.6990291262135923,-0.10097087378640779,-0.04041774423764499
conch,mc_dropout,mc_predictive_entropy_conch,0.8,0.5265715257278275,687,0.7394468704512372,site,Christiana Healthcare,10,8,0.8,0.0,0.060553129548762796
conch,mc_dropout,mc_predictive_entropy_conch,0.8,0.5265715257278275,687,0.7394468704512372,site,Cureline,14,9,0.6428571428571429,-0.15714285714285714,-0.09658972759409434
conch,mc_dropout,mc_predictive_entropy_conch,0.8,0.5265715257278275,687,0.7394468704512372,site,Dept of Neurosurgery at University of Heidelberg,48,30,0.625,-0.17500000000000004,-0.11444687045123725
conch,mc_dropout,mc_predictive_entropy_conch,0.8,0.5265715257278275,687,0.7394468704512372,site,Duke,59,46,0.7796610169491526,-0.02033898305084747,0.040214146497915326
conch,mc_dropout,mc_predictive_entropy_conch,0.8,0.5265715257278275,687,0.7394468704512372,site,Emory University,21,19,0.9047619047619048,0.10476190476190472,0.16531503431066752
conch,mc_dropout,mc_predictive_entropy_conch,0.8,0.5265715257278275,687,0.7394468704512372,site,Henry Ford Hospital,173,121,0.6994219653179191,-0.10057803468208093,-0.040024905133318134
conch,mc_dropout,mc_predictive_entropy_conch,0.8,0.5265715257278275,687,0.7394468704512372,site,MD Anderson Cancer Center,37,34,0.918918918918919,0.11891891891891893,0.17947204846768172
conch,mc_dropout,mc_predictive_entropy_conch,0.8,0.5265715257278275,687,0.7394468704512372,site,MSKCC,14,9,0.6428571428571429,-0.15714285714285714,-0.09658972759409434
conch,mc_dropout,mc_predictive_entropy_conch,0.8,0.5265715257278275,687,0.7394468704512372,site,The University of New South Wales,19,11,0.5789473684210527,-0.2210526315789474,-0.1604995020301846
conch,mc_dropout,mc_predictive_entropy_conch,0.8,0.5265715257278275,687,0.7394468704512372,site,Thomas Jefferson University,19,13,0.6842105263157895,-0.11578947368421055,-0.05523634413544776
conch,mc_dropout,mc_predictive_entropy_conch,0.8,0.5265715257278275,687,0.7394468704512372,site,UCSF,28,23,0.8214285714285714,0.021428571428571352,0.08198170097733415
conch,mc_dropout,mc_predictive_entropy_conch,0.8,0.5265715257278275,687,0.7394468704512372,site,University of Sao Paulo,17,15,0.8823529411764706,0.08235294117647052,0.14290607072523331
conch,mc_dropout,mc_predictive_entropy_conch,0.9,0.642628140999916,687,0.868995633187773,magnification,20x,159,146,0.9182389937106918,0.01823899371069182,0.04924336052291889
conch,mc_dropout,mc_predictive_entropy_conch,0.9,0.642628140999916,687,0.868995633187773,magnification,40x,528,451,0.8541666666666666,-0.04583333333333339,-0.014828966521106324
conch,mc_dropout,mc_predictive_entropy_conch,0.9,0.642628140999916,687,0.868995633187773,scanner_grp,other,169,148,0.8757396449704142,-0.02426035502958579,0.006744011782641279
conch,mc_dropout,mc_predictive_entropy_conch,0.9,0.642628140999916,687,0.868995633187773,scanner_grp,ss1302,240,217,0.9041666666666667,0.004166666666666652,0.03517103347889372
conch,mc_dropout,mc_predictive_entropy_conch,0.9,0.642628140999916,687,0.868995633187773,scanner_grp,ss1763cntlr,146,126,0.863013698630137,-0.03698630136986303,-0.0059819345576359595
conch,mc_dropout,mc_predictive_entropy_conch,0.9,0.642628140999916,687,0.868995633187773,scanner_grp,ss1764cntlr,132,106,0.803030303030303,-0.09696969696969704,-0.06596533015746997
conch,mc_dropout,mc_predictive_entropy_conch,0.9,0.642628140999916,687,0.868995633187773,site,Case Western,69,61,0.8840579710144928,-0.01594202898550723,0.01506233782671984
conch,mc_dropout,mc_predictive_entropy_conch,0.9,0.642628140999916,687,0.868995633187773,site,Case Western - St Joes,103,88,0.8543689320388349,-0.04563106796116512,-0.014626701148938048
conch,mc_dropout,mc_predictive_entropy_conch,0.9,0.642628140999916,687,0.868995633187773,site,Christiana Healthcare,10,9,0.9,0.0,0.03100436681222707
conch,mc_dropout,mc_predictive_entropy_conch,0.9,0.642628140999916,687,0.868995633187773,site,Cureline,14,12,0.8571428571428571,-0.04285714285714293,-0.011852776044915858
conch,mc_dropout,mc_predictive_entropy_conch,0.9,0.642628140999916,687,0.868995633187773,site,Dept of Neurosurgery at University of Heidelberg,48,40,0.8333333333333334,-0.06666666666666665,-0.03566229985443958
conch,mc_dropout,mc_predictive_entropy_conch,0.9,0.642628140999916,687,0.868995633187773,site,Duke,59,49,0.8305084745762712,-0.06949152542372883,-0.03848715861150176
conch,mc_dropout,mc_predictive_entropy_conch,0.9,0.642628140999916,687,0.868995633187773,site,Emory University,21,20,0.9523809523809523,0.052380952380952306,0.08338531919317937
conch,mc_dropout,mc_predictive_entropy_conch,0.9,0.642628140999916,687,0.868995633187773,site,Henry Ford Hospital,173,150,0.8670520231213873,-0.03294797687861273,-0.0019436100663856593
conch,mc_dropout,mc_predictive_entropy_conch,0.9,0.642628140999916,687,0.868995633187773,site,MD Anderson Cancer Center,37,35,0.9459459459459459,0.04594594594594592,0.07695031275817299
conch,mc_dropout,mc_predictive_entropy_conch,0.9,0.642628140999916,687,0.868995633187773,site,MSKCC,14,12,0.8571428571428571,-0.04285714285714293,-0.011852776044915858
conch,mc_dropout,mc_predictive_entropy_conch,0.9,0.642628140999916,687,0.868995633187773,site,The University of New South Wales,19,13,0.6842105263157895,-0.21578947368421053,-0.18478510687198346
conch,mc_dropout,mc_predictive_entropy_conch,0.9,0.642628140999916,687,0.868995633187773,site,Thomas Jefferson University,19,16,0.8421052631578947,-0.05789473684210533,-0.026890370029878263
conch,mc_dropout,mc_predictive_entropy_conch,0.9,0.642628140999916,687,0.868995633187773,site,UCSF,28,25,0.8928571428571429,-0.0071428571428571175,0.02386150966936995
conch,mc_dropout,mc_predictive_entropy_conch,0.9,0.642628140999916,687,0.868995633187773,site,University of Sao Paulo,17,16,0.9411764705882353,0.04117647058823526,0.07218083740046233
conch,predictive,entropy_conch,0.7,0.44188704200552326,687,0.660844250363901,magnification,20x,159,130,0.8176100628930818,0.11761006289308185,0.15676581252918076
conch,predictive,entropy_conch,0.7,0.44188704200552326,687,0.660844250363901,magnification,40x,528,324,0.6136363636363636,-0.08636363636363631,-0.047207886727537396
conch,predictive,entropy_conch,0.7,0.44188704200552326,687,0.660844250363901,scanner_grp,other,169,124,0.7337278106508875,0.03372781065088759,0.0728835602869865
conch,predictive,entropy_conch,0.7,0.44188704200552326,687,0.660844250363901,scanner_grp,ss1302,240,170,0.7083333333333334,0.008333333333333415,0.04748908296943233
conch,predictive,entropy_conch,0.7,0.44188704200552326,687,0.660844250363901,scanner_grp,ss1763cntlr,146,89,0.6095890410958904,-0.09041095890410955,-0.05125520926801064
conch,predictive,entropy_conch,0.7,0.44188704200552326,687,0.660844250363901,scanner_grp,ss1764cntlr,132,71,0.5378787878787878,-0.1621212121212121,-0.1229654624851132
conch,predictive,entropy_conch,0.7,0.44188704200552326,687,0.660844250363901,site,Case Western,69,45,0.6521739130434783,-0.047826086956521685,-0.008670337320422772
conch,predictive,entropy_conch,0.7,0.44188704200552326,687,0.660844250363901,site,Case Western - St Joes,103,62,0.6019417475728155,-0.09805825242718447,-0.058902502791085554
conch,predictive,entropy_conch,0.7,0.44188704200552326,687,0.660844250363901,site,Christiana Healthcare,10,7,0.7,0.0,0.03915574963609891
conch,predictive,entropy_conch,0.7,0.44188704200552326,687,0.660844250363901,site,Cureline,14,6,0.42857142857142855,-0.2714285714285714,-0.2322728217924725
conch,predictive,entropy_conch,0.7,0.44188704200552326,687,0.660844250363901,site,Dept of Neurosurgery at University of Heidelberg,48,25,0.5208333333333334,-0.17916666666666659,-0.14001091703056767
conch,predictive,entropy_conch,0.7,0.44188704200552326,687,0.660844250363901,site,Duke,59,44,0.7457627118644068,0.045762711864406835,0.08491846150050575
conch,predictive,entropy_conch,0.7,0.44188704200552326,687,0.660844250363901,site,Emory University,21,18,0.8571428571428571,0.15714285714285714,0.19629860677895605
conch,predictive,entropy_conch,0.7,0.44188704200552326,687,0.660844250363901,site,Henry Ford Hospital,173,109,0.630057803468208,-0.0699421965317919,-0.030786446895692987
conch,predictive,entropy_conch,0.7,0.44188704200552326,687,0.660844250363901,site,MD Anderson Cancer Center,37,33,0.8918918918918919,0.19189189189189193,0.23104764152799084
conch,predictive,entropy_conch,0.7,0.44188704200552326,687,0.660844250363901,site,MSKCC,14,9,0.6428571428571429,-0.05714285714285705,-0.017987107506758138
conch,predictive,entropy_conch,0.7,0.44188704200552326,687,0.660844250363901,site,The University of New South Wales,19,10,0.5263157894736842,-0.17368421052631577,-0.13452846089021686
conch,predictive,entropy_conch,0.7,0.44188704200552326,687,0.660844250363901,site,Thomas Jefferson University,19,11,0.5789473684210527,-0.1210526315789473,-0.08189688194284839
conch,predictive,entropy_conch,0.7,0.44188704200552326,687,0.660844250363901,site,UCSF,28,22,0.7857142857142857,0.08571428571428574,0.12487003535038466
conch,predictive,entropy_conch,0.7,0.44188704200552326,687,0.660844250363901,site,University of Sao Paulo,17,14,0.8235294117647058,0.12352941176470589,0.1626851614008048
conch,predictive,entropy_conch,0.8,0.5182291874024797,687,0.7292576419213974,magnification,20x,159,138,0.8679245283018868,0.06792452830188678,0.1386668863804894
conch,predictive,entropy_conch,0.8,0.5182291874024797,687,0.7292576419213974,magnification,40x,528,363,0.6875,-0.11250000000000004,-0.041757641921397415
conch,predictive,entropy_conch,0.8,0.5182291874024797,687,0.7292576419213974,scanner_grp,other,169,132,0.7810650887573964,-0.018934911242603603,0.05180744683599903
conch,predictive,entropy_conch,0.8,0.5182291874024797,687,0.7292576419213974,scanner_grp,ss1302,240,188,0.7833333333333333,-0.01666666666666672,0.05407569141193591
conch,predictive,entropy_conch,0.8,0.5182291874024797,687,0.7292576419213974,scanner_grp,ss1763cntlr,146,99,0.678082191780822,-0.12191780821917808,-0.05117545014057545
conch,predictive,entropy_conch,0.8,0.5182291874024797,687,0.7292576419213974,scanner_grp,ss1764cntlr,132,82,0.6212121212121212,-0.17878787878787883,-0.1080455207092762
conch,predictive,entropy_conch,0.8,0.5182291874024797,687,0.7292576419213974,site,Case Western,69,52,0.7536231884057971,-0.04637681159420293,0.024365546484399703
conch,predictive,entropy_conch,0.8,0.5182291874024797,687,0.7292576419213974,site,Case Western - St Joes,103,71,0.6893203883495146,-0.11067961165048545,-0.039937253571882825
conch,predictive,entropy_conch,0.8,0.5182291874024797,687,0.7292576419213974,site,Christiana Healthcare,10,8,0.8,0.0,0.07074235807860263
conch,predictive,entropy_conch,0.8,0.5182291874024797,687,0.7292576419213974,site,Cureline,14,9,0.6428571428571429,-0.15714285714285714,-0.08640049906425451
conch,predictive,entropy_conch,0.8,0.5182291874024797,687,0.7292576419213974,site,Dept of Neurosurgery at University of Heidelberg,48,28,0.5833333333333334,-0.21666666666666667,-0.14592430858806404
conch,predictive,entropy_conch,0.8,0.5182291874024797,687,0.7292576419213974,site,Duke,59,46,0.7796610169491526,-0.02033898305084747,0.05040337502775516
conch,predictive,entropy_conch,0.8,0.5182291874024797,687,0.7292576419213974,site,Emory University,21,19,0.9047619047619048,0.10476190476190472,0.17550426284050735
conch,predictive,entropy_conch,0.8,0.5182291874024797,687,0.7292576419213974,site,Henry Ford Hospital,173,120,0.6936416184971098,-0.10635838150289023,-0.0356160234242876
conch,predictive,entropy_conch,0.8,0.5182291874024797,687,0.7292576419213974,site,MD Anderson Cancer Center,37,34,0.918918918918919,0.11891891891891893,0.18966127699752156
conch,predictive,entropy_conch,0.8,0.5182291874024797,687,0.7292576419213974,site,MSKCC,14,9,0.6428571428571429,-0.15714285714285714,-0.08640049906425451
conch,predictive,entropy_conch,0.8,0.5182291874024797,687,0.7292576419213974,site,The University of New South Wales,19,11,0.5789473684210527,-0.2210526315789474,-0.15031027350034476
conch,predictive,entropy_conch,0.8,0.5182291874024797,687,0.7292576419213974,site,Thomas Jefferson University,19,13,0.6842105263157895,-0.11578947368421055,-0.045047115605607924
conch,predictive,entropy_conch,0.8,0.5182291874024797,687,0.7292576419213974,site,UCSF,28,23,0.8214285714285714,0.021428571428571352,0.09217092950717398
conch,predictive,entropy_conch,0.8,0.5182291874024797,687,0.7292576419213974,site,University of Sao Paulo,17,15,0.8823529411764706,0.08235294117647052,0.15309529925507315
conch,predictive,entropy_conch,0.9,0.6454233137836904,687,0.8719068413391557,magnification,20x,159,146,0.9182389937106918,0.01823899371069182,0.046332152371536095
conch,predictive,entropy_conch,0.9,0.6454233137836904,687,0.8719068413391557,magnification,40x,528,453,0.8579545454545454,-0.04204545454545461,-0.013952295884610333
conch,predictive,entropy_conch,0.9,0.6454233137836904,687,0.8719068413391557,scanner_grp,other,169,148,0.8757396449704142,-0.02426035502958579,0.0038328036312584857
conch,predictive,entropy_conch,0.9,0.6454233137836904,687,0.8719068413391557,scanner_grp,ss1302,240,218,0.9083333333333333,0.008333333333333304,0.03642649199417758
conch,predictive,entropy_conch,0.9,0.6454233137836904,687,0.8719068413391557,scanner_grp,ss1763cntlr,146,127,0.8698630136986302,-0.03013698630136985,-0.002043827640525575
conch,predictive,entropy_conch,0.9,0.6454233137836904,687,0.8719068413391557,scanner_grp,ss1764cntlr,132,106,0.803030303030303,-0.09696969696969704,-0.06887653830885276
conch,predictive,entropy_conch,0.9,0.6454233137836904,687,0.8719068413391557,site,Case Western,69,61,0.8840579710144928,-0.01594202898550723,0.012151129675337047
conch,predictive,entropy_conch,0.9,0.6454233137836904,687,0.8719068413391557,site,Case Western - St Joes,103,88,0.8543689320388349,-0.04563106796116512,-0.017537909300320842
conch,predictive,entropy_conch,0.9,0.6454233137836904,687,0.8719068413391557,site,Christiana Healthcare,10,9,0.9,0.0,0.028093158660844275
conch,predictive,entropy_conch,0.9,0.6454233137836904,687,0.8719068413391557,site,Cureline,14,12,0.8571428571428571,-0.04285714285714293,-0.014763984196298652
conch,predictive,entropy_conch,0.9,0.6454233137836904,687,0.8719068413391557,site,Dept of Neurosurgery at University of Heidelberg,48,39,0.8125,-0.08750000000000002,-0.05940684133915575
conch,predictive,entropy_conch,0.9,0.6454233137836904,687,0.8719068413391557,site,Duke,59,49,0.8305084745762712,-0.06949152542372883,-0.04139836676288455
conch,predictive,entropy_conch,0.9,0.6454233137836904,687,0.8719068413391557,site,Emory University,21,20,0.9523809523809523,0.052380952380952306,0.08047411104179658
conch,predictive,entropy_conch,0.9,0.6454233137836904,687,0.8719068413391557,site,Henry Ford Hospital,173,152,0.8786127167630058,-0.021387283236994237,0.006705875423850038
conch,predictive,entropy_conch,0.9,0.6454233137836904,687,0.8719068413391557,site,MD Anderson Cancer Center,37,35,0.9459459459459459,0.04594594594594592,0.0740391046067902
conch,predictive,entropy_conch,0.9,0.6454233137836904,687,0.8719068413391557,site,MSKCC,14,12,0.8571428571428571,-0.04285714285714293,-0.014763984196298652
conch,predictive,entropy_conch,0.9,0.6454233137836904,687,0.8719068413391557,site,The University of New South Wales,19,13,0.6842105263157895,-0.21578947368421053,-0.18769631502336626
conch,predictive,entropy_conch,0.9,0.6454233137836904,687,0.8719068413391557,site,Thomas Jefferson University,19,16,0.8421052631578947,-0.05789473684210533,-0.029801578181261057
conch,predictive,entropy_conch,0.9,0.6454233137836904,687,0.8719068413391557,site,UCSF,28,25,0.8928571428571429,-0.0071428571428571175,0.020950301517987158
conch,predictive,entropy_conch,0.9,0.6454233137836904,687,0.8719068413391557,site,University of Sao Paulo,17,16,0.9411764705882353,0.04117647058823526,0.06926962924907953
ensemble,deep_ensemble,de_predictive_entropy,0.7,0.3756973188206429,687,0.6171761280931587,magnification,20x,159,126,0.7924528301886793,0.09245283018867934,0.1752767020955206
ensemble,deep_ensemble,de_predictive_entropy,0.7,0.3756973188206429,687,0.6171761280931587,magnification,40x,528,298,0.5643939393939394,-0.1356060606060605,-0.052782188699219246
ensemble,deep_ensemble,de_predictive_entropy,0.7,0.3756973188206429,687,0.6171761280931587,scanner_grp,other,169,109,0.6449704142011834,-0.05502958579881656,0.0277942861080247
ensemble,deep_ensemble,de_predictive_entropy,0.7,0.3756973188206429,687,0.6171761280931587,scanner_grp,ss1302,240,162,0.675,-0.02499999999999991,0.05782387190684135
ensemble,deep_ensemble,de_predictive_entropy,0.7,0.3756973188206429,687,0.6171761280931587,scanner_grp,ss1763cntlr,146,84,0.5753424657534246,-0.12465753424657533,-0.04183366233973407
ensemble,deep_ensemble,de_predictive_entropy,0.7,0.3756973188206429,687,0.6171761280931587,scanner_grp,ss1764cntlr,132,69,0.5227272727272727,-0.17727272727272725,-0.09444885536588599
ensemble,deep_ensemble,de_predictive_entropy,0.7,0.3756973188206429,687,0.6171761280931587,site,Case Western,69,44,0.6376811594202898,-0.062318840579710155,0.020505031327131107
ensemble,deep_ensemble,de_predictive_entropy,0.7,0.3756973188206429,687,0.6171761280931587,site,Case Western - St Joes,103,58,0.5631067961165048,-0.13689320388349513,-0.05406933197665387
ensemble,deep_ensemble,de_predictive_entropy,0.7,0.3756973188206429,687,0.6171761280931587,site,Christiana Healthcare,10,7,0.7,0.0,0.08282387190684126
ensemble,deep_ensemble,de_predictive_entropy,0.7,0.3756973188206429,687,0.6171761280931587,site,Cureline,14,6,0.42857142857142855,-0.2714285714285714,-0.18860469952173015
ensemble,deep_ensemble,de_predictive_entropy,0.7,0.3756973188206429,687,0.6171761280931587,site,Dept of Neurosurgery at University of Heidelberg,48,26,0.5416666666666666,-0.15833333333333333,-0.07550946142649206
ensemble,deep_ensemble,de_predictive_entropy,0.7,0.3756973188206429,687,0.6171761280931587,site,Duke,59,38,0.6440677966101694,-0.055932203389830515,0.026891668517010747
ensemble,deep_ensemble,de_predictive_entropy,0.7,0.3756973188206429,687,0.6171761280931587,site,Emory University,21,17,0.8095238095238095,0.10952380952380958,0.19234768143065084
ensemble,deep_ensemble,de_predictive_entropy,0.7,0.3756973188206429,687,0.6171761280931587,site,Henry Ford Hospital,173,99,0.5722543352601156,-0.12774566473988436,-0.044921792833043095
ensemble,deep_ensemble,de_predictive_entropy,0.7,0.3756973188206429,687,0.6171761280931587,site,MD Anderson Cancer Center,37,27,0.7297297297297297,0.02972972972972976,0.11255360163657102
ensemble,deep_ensemble,de_predictive_entropy,0.7,0.3756973188206429,687,0.6171761280931587,site,MSKCC,14,10,0.7142857142857143,0.014285714285714346,0.09710958619255561
ensemble,deep_ensemble,de_predictive_entropy,0.7,0.3756973188206429,687,0.6171761280931587,site,The University of New South Wales,19,10,0.5263157894736842,-0.17368421052631577,-0.09086033861947451
ensemble,deep_ensemble,de_predictive_entropy,0.7,0.3756973188206429,687,0.6171761280931587,site,Thomas Jefferson University,19,8,0.42105263157894735,-0.2789473684210526,-0.19612349651421135
ensemble,deep_ensemble,de_predictive_entropy,0.7,0.3756973188206429,687,0.6171761280931587,site,UCSF,28,20,0.7142857142857143,0.014285714285714346,0.09710958619255561
ensemble,deep_ensemble,de_predictive_entropy,0.7,0.3756973188206429,687,0.6171761280931587,site,University of Sao Paulo,17,14,0.8235294117647058,0.12352941176470589,0.20635328367154715
ensemble,deep_ensemble,de_predictive_entropy,0.8,0.5186015366494354,687,0.7365356622998545,magnification,20x,159,139,0.8742138364779874,0.0742138364779874,0.137678174178133
ensemble,deep_ensemble,de_predictive_entropy,0.8,0.5186015366494354,687,0.7365356622998545,magnification,40x,528,367,0.6950757575757576,-0.10492424242424248,-0.041459904724096885
ensemble,deep_ensemble,de_predictive_entropy,0.8,0.5186015366494354,687,0.7365356622998545,scanner_grp,other,169,126,0.7455621301775148,-0.05443786982248522,0.009026467877660371
ensemble,deep_ensemble,de_predictive_entropy,0.8,0.5186015366494354,687,0.7365356622998545,scanner_grp,ss1302,240,190,0.7916666666666666,-0.008333333333333415,0.055131004366812175
ensemble,deep_ensemble,de_predictive_entropy,0.8,0.5186015366494354,687,0.7365356622998545,scanner_grp,ss1763cntlr,146,101,0.6917808219178082,-0.10821917808219184,-0.044754840382046246
ensemble,deep_ensemble,de_predictive_entropy,0.8,0.5186015366494354,687,0.7365356622998545,scanner_grp,ss1764cntlr,132,89,0.6742424242424242,-0.12575757575757585,-0.062293238057430256
ensemble,deep_ensemble,de_predictive_entropy,0.8,0.5186015366494354,687,0.7365356622998545,site,Case Western,69,53,0.7681159420289855,-0.03188405797101457,0.03158027972913102
ensemble,deep_ensemble,de_predictive_entropy,0.8,0.5186015366494354,687,0.7365356622998545,site,Case Western - St Joes,103,74,0.7184466019417476,-0.08155339805825246,-0.018089060358106868
ensemble,deep_ensemble,de_predictive_entropy,0.8,0.5186015366494354,687,0.7365356622998545,site,Christiana Healthcare,10,9,0.9,0.09999999999999998,0.16346433770014557
ensemble,deep_ensemble,de_predictive_entropy,0.8,0.5186015366494354,687,0.7365356622998545,site,Cureline,14,8,0.5714285714285714,-0.22857142857142865,-0.16510709087128306
ensemble,deep_ensemble,de_predictive_entropy,0.8,0.5186015366494354,687,0.7365356622998545,site,Dept of Neurosurgery at University of Heidelberg,48,32,0.6666666666666666,-0.13333333333333341,-0.06986899563318782
ensemble,deep_ensemble,de_predictive_entropy,0.8,0.5186015366494354,687,0.7365356622998545,site,Duke,59,47,0.7966101694915254,-0.003389830508474634,0.060074507191670956
ensemble,deep_ensemble,de_predictive_entropy,0.8,0.5186015366494354,687,0.7365356622998545,site,Emory University,21,18,0.8571428571428571,0.05714285714285705,0.12060719484300264
ensemble,deep_ensemble,de_predictive_entropy,0.8,0.5186015366494354,687,0.7365356622998545,site,Henry Ford Hospital,173,118,0.6820809248554913,-0.11791907514450872,-0.05445473744436313
ensemble,deep_ensemble,de_predictive_entropy,0.8,0.5186015366494354,687,0.7365356622998545,site,MD Anderson Cancer Center,37,30,0.8108108108108109,0.010810810810810811,0.0742751485109564
ensemble,deep_ensemble,de_predictive_entropy,0.8,0.5186015366494354,687,0.7365356622998545,site,MSKCC,14,10,0.7142857142857143,-0.08571428571428574,-0.022249948014140153
ensemble,deep_ensemble,de_predictive_entropy,0.8,0.5186015366494354,687,0.7365356622998545,site,The University of New South Wales,19,13,0.6842105263157895,-0.11578947368421055,-0.05232513598406496
ensemble,deep_ensemble,de_predictive_entropy,0.8,0.5186015366494354,687,0.7365356622998545,site,Thomas Jefferson University,19,11,0.5789473684210527,-0.2210526315789474,-0.1575882938788018
ensemble,deep_ensemble,de_predictive_entropy,0.8,0.5186015366494354,687,0.7365356622998545,site,UCSF,28,22,0.7857142857142857,-0.014285714285714346,0.049178623414431244
ensemble,deep_ensemble,de_predictive_entropy,0.8,0.5186015366494354,687,0.7365356622998545,site,University of Sao Paulo,17,16,0.9411764705882353,0.14117647058823524,0.20464080828838083
ensemble,deep_ensemble,de_predictive_entropy,0.9,0.6107162123891559,687,0.8224163027656477,magnification,20x,159,143,0.89937106918239,-0.0006289308176100628,0.07695476641674226
ensemble,deep_ensemble,de_predictive_entropy,0.9,0.6107162123891559,687,0.8224163027656477,magnification,40x,528,422,0.7992424242424242,-0.10075757575757582,-0.0231738785232235
ensemble,deep_ensemble,de_predictive_entropy,0.9,0.6107162123891559,687,0.8224163027656477,scanner_grp,other,169,136,0.8047337278106509,-0.09526627218934913,-0.01768257495499681
ensemble,deep_ensemble,de_predictive_entropy,0.9,0.6107162123891559,687,0.8224163027656477,scanner_grp,ss1302,240,208,0.8666666666666667,-0.033333333333333326,0.044250363901018996
ensemble,deep_ensemble,de_predictive_entropy,0.9,0.6107162123891559,687,0.8224163027656477,scanner_grp,ss1763cntlr,146,117,0.8013698630136986,-0.09863013698630141,-0.021046439751949086
ensemble,deep_ensemble,de_predictive_entropy,0.9,0.6107162123891559,687,0.8224163027656477,scanner_grp,ss1764cntlr,132,104,0.7878787878787878,-0.11212121212121218,-0.034537514886859855
ensemble,deep_ensemble,de_predictive_entropy,0.9,0.6107162123891559,687,0.8224163027656477,site,Case Western,69,59,0.855072463768116,-0.04492753623188406,0.032656161002468265
ensemble,deep_ensemble,de_predictive_entropy,0.9,0.6107162123891559,687,0.8224163027656477,site,Case Western - St Joes,103,82,0.7961165048543689,-0.10388349514563111,-0.02629979791127879
ensemble,deep_ensemble,de_predictive_entropy,0.9,0.6107162123891559,687,0.8224163027656477,site,Christiana Healthcare,10,9,0.9,0.0,0.07758369723435232
ensemble,deep_ensemble,de_predictive_entropy,0.9,0.6107162123891559,687,0.8224163027656477,site,Cureline,14,12,0.8571428571428571,-0.04285714285714293,0.034726554377209395
ensemble,deep_ensemble,de_predictive_entropy,0.9,0.6107162123891559,687,0.8224163027656477,site,Dept of Neurosurgery at University of Heidelberg,48,37,0.7708333333333334,-0.12916666666666665,-0.05158296943231433
ensemble,deep_ensemble,de_predictive_entropy,0.9,0.6107162123891559,687,0.8224163027656477,site,Duke,59,48,0.8135593220338984,-0.08644067796610166,-0.008856980731749342
ensemble,deep_ensemble,de_predictive_entropy,0.9,0.6107162123891559,687,0.8224163027656477,site,Emory University,21,20,0.9523809523809523,0.052380952380952306,0.12996464961530463
ensemble,deep_ensemble,de_predictive_entropy,0.9,0.6107162123891559,687,0.8224163027656477,site,Henry Ford Hospital,173,137,0.791907514450867,-0.10809248554913298,-0.030508788314780655
ensemble,deep_ensemble,de_predictive_entropy,0.9,0.6107162123891559,687,0.8224163027656477,site,MD Anderson Cancer Center,37,31,0.8378378378378378,-0.06216216216216219,0.015421535072190129
ensemble,deep_ensemble,de_predictive_entropy,0.9,0.6107162123891559,687,0.8224163027656477,site,MSKCC,14,11,0.7857142857142857,-0.11428571428571432,-0.036702017051362
ensemble,deep_ensemble,de_predictive_entropy,0.9,0.6107162123891559,687,0.8224163027656477,site,The University of New South Wales,19,16,0.8421052631578947,-0.05789473684210533,0.01968896039224699
ensemble,deep_ensemble,de_predictive_entropy,0.9,0.6107162123891559,687,0.8224163027656477,site,Thomas Jefferson University,19,14,0.7368421052631579,-0.16315789473684217,-0.08557419750248985
ensemble,deep_ensemble,de_predictive_entropy,0.9,0.6107162123891559,687,0.8224163027656477,site,UCSF,28,23,0.8214285714285714,-0.07857142857142863,-0.000987731337076303
ensemble,deep_ensemble,de_predictive_entropy,0.9,0.6107162123891559,687,0.8224163027656477,site,University of Sao Paulo,17,17,1.0,0.09999999999999998,0.1775836972343523
ensemble,epistemic,mean_within_encoder_mi,0.7,0.03506089947075425,687,0.660844250363901,magnification,20x,159,128,0.8050314465408805,0.10503144654088059,0.1441871961769795
ensemble,epistemic,mean_within_encoder_mi,0.7,0.03506089947075425,687,0.660844250363901,magnification,40x,528,326,0.6174242424242424,-0.08257575757575752,-0.04342000793965861
ensemble,epistemic,mean_within_encoder_mi,0.7,0.03506089947075425,687,0.660844250363901,scanner_grp,other,169,118,0.6982248520710059,-0.0017751479289940253,0.03738060170710489
ensemble,epistemic,mean_within_encoder_mi,0.7,0.03506089947075425,687,0.660844250363901,scanner_grp,ss1302,240,174,0.725,0.025000000000000022,0.06415574963609894
ensemble,epistemic,mean_within_encoder_mi,0.7,0.03506089947075425,687,0.660844250363901,scanner_grp,ss1763cntlr,146,84,0.5753424657534246,-0.12465753424657533,-0.08550178461047642
ensemble,epistemic,mean_within_encoder_mi,0.7,0.03506089947075425,687,0.660844250363901,scanner_grp,ss1764cntlr,132,78,0.5909090909090909,-0.10909090909090902,-0.0699351594548101
ensemble,epistemic,mean_within_encoder_mi,0.7,0.03506089947075425,687,0.660844250363901,site,Case Western,69,49,0.7101449275362319,0.010144927536231974,0.04930067717233089
ensemble,epistemic,mean_within_encoder_mi,0.7,0.03506089947075425,687,0.660844250363901,site,Case Western - St Joes,103,58,0.5631067961165048,-0.13689320388349513,-0.09773745424739622
ensemble,epistemic,mean_within_encoder_mi,0.7,0.03506089947075425,687,0.660844250363901,site,Christiana Healthcare,10,6,0.6,-0.09999999999999998,-0.060844250363901065
ensemble,epistemic,mean_within_encoder_mi,0.7,0.03506089947075425,687,0.660844250363901,site,Cureline,14,6,0.42857142857142855,-0.2714285714285714,-0.2322728217924725
ensemble,epistemic,mean_within_encoder_mi,0.7,0.03506089947075425,687,0.660844250363901,site,Dept of Neurosurgery at University of Heidelberg,48,27,0.5625,-0.13749999999999996,-0.09834425036390104
ensemble,epistemic,mean_within_encoder_mi,0.7,0.03506089947075425,687,0.660844250363901,site,Duke,59,40,0.6779661016949152,-0.02203389830508473,0.017121851331014182
ensemble,epistemic,mean_within_encoder_mi,0.7,0.03506089947075425,687,0.660844250363901,site,Emory University,21,17,0.8095238095238095,0.10952380952380958,0.1486795591599085
ensemble,epistemic,mean_within_encoder_mi,0.7,0.03506089947075425,687,0.660844250363901,site,Henry Ford Hospital,173,114,0.6589595375722543,-0.041040462427745616,-0.0018847127916467032
ensemble,epistemic,mean_within_encoder_mi,0.7,0.03506089947075425,687,0.660844250363901,site,MD Anderson Cancer Center,37,30,0.8108108108108109,0.1108108108108109,0.1499665604469098
ensemble,epistemic,mean_within_encoder_mi,0.7,0.03506089947075425,687,0.660844250363901,site,MSKCC,14,11,0.7857142857142857,0.08571428571428574,0.12487003535038466
ensemble,epistemic,mean_within_encoder_mi,0.7,0.03506089947075425,687,0.660844250363901,site,The University of New South Wales,19,11,0.5789473684210527,-0.1210526315789473,-0.08189688194284839
ensemble,epistemic,mean_within_encoder_mi,0.7,0.03506089947075425,687,0.660844250363901,site,Thomas Jefferson University,19,8,0.42105263157894735,-0.2789473684210526,-0.2397916187849537
ensemble,epistemic,mean_within_encoder_mi,0.7,0.03506089947075425,687,0.660844250363901,site,UCSF,28,18,0.6428571428571429,-0.05714285714285705,-0.017987107506758138
ensemble,epistemic,mean_within_encoder_mi,0.7,0.03506089947075425,687,0.660844250363901,site,University of Sao Paulo,17,12,0.7058823529411765,0.005882352941176561,0.045038102577275474
ensemble,epistemic,mean_within_encoder_mi,0.8,0.05134063841316666,687,0.7903930131004366,magnification,20x,159,145,0.9119496855345912,0.11194968553459117,0.12155667243415458
ensemble,epistemic,mean_within_encoder_mi,0.8,0.05134063841316666,687,0.7903930131004366,magnification,40x,528,398,0.7537878787878788,-0.04621212121212126,-0.03660513431255785
ensemble,epistemic,mean_within_encoder_mi,0.8,0.05134063841316666,687,0.7903930131004366,scanner_grp,other,169,139,0.8224852071005917,0.022485207100591653,0.03209219400015506
ensemble,epistemic,mean_within_encoder_mi,0.8,0.05134063841316666,687,0.7903930131004366,scanner_grp,ss1302,240,203,0.8458333333333333,0.04583333333333328,0.05544032023289669
ensemble,epistemic,mean_within_encoder_mi,0.8,0.05134063841316666,687,0.7903930131004366,scanner_grp,ss1763cntlr,146,107,0.7328767123287672,-0.06712328767123288,-0.05751630077166947
ensemble,epistemic,mean_within_encoder_mi,0.8,0.05134063841316666,687,0.7903930131004366,scanner_grp,ss1764cntlr,132,94,0.7121212121212122,-0.08787878787878789,-0.07827180097922448
ensemble,epistemic,mean_within_encoder_mi,0.8,0.05134063841316666,687,0.7903930131004366,site,Case Western,69,57,0.8260869565217391,0.02608695652173909,0.0356939434213025
ensemble,epistemic,mean_within_encoder_mi,0.8,0.05134063841316666,687,0.7903930131004366,site,Case Western - St Joes,103,71,0.6893203883495146,-0.11067961165048545,-0.10107262475092205
ensemble,epistemic,mean_within_encoder_mi,0.8,0.05134063841316666,687,0.7903930131004366,site,Christiana Healthcare,10,7,0.7,-0.10000000000000009,-0.09039301310043668
ensemble,epistemic,mean_within_encoder_mi,0.8,0.05134063841316666,687,0.7903930131004366,site,Cureline,14,9,0.6428571428571429,-0.15714285714285714,-0.14753587024329373
ensemble,epistemic,mean_within_encoder_mi,0.8,0.05134063841316666,687,0.7903930131004366,site,Dept of Neurosurgery at University of Heidelberg,48,33,0.6875,-0.11250000000000004,-0.10289301310043664
ensemble,epistemic,mean_within_encoder_mi,0.8,0.05134063841316666,687,0.7903930131004366,site,Duke,59,47,0.7966101694915254,-0.003389830508474634,0.006217156391088774
ensemble,epistemic,mean_within_encoder_mi,0.8,0.05134063841316666,687,0.7903930131004366,site,Emory University,21,19,0.9047619047619048,0.10476190476190472,0.11436889166146813
ensemble,epistemic,mean_within_encoder_mi,0.8,0.05134063841316666,687,0.7903930131004366,site,Henry Ford Hospital,173,142,0.8208092485549133,0.020809248554913284,0.030416235454476692
ensemble,epistemic,mean_within_encoder_mi,0.8,0.05134063841316666,687,0.7903930131004366,site,MD Anderson Cancer Center,37,33,0.8918918918918919,0.09189189189189184,0.10149887879145525
ensemble,epistemic,mean_within_encoder_mi,0.8,0.05134063841316666,687,0.7903930131004366,site,MSKCC,14,13,0.9285714285714286,0.12857142857142856,0.13817841547099197
ensemble,epistemic,mean_within_encoder_mi,0.8,0.05134063841316666,687,0.7903930131004366,site,The University of New South Wales,19,15,0.7894736842105263,-0.010526315789473717,-0.0009193288899103091
ensemble,epistemic,mean_within_encoder_mi,0.8,0.05134063841316666,687,0.7903930131004366,site,Thomas Jefferson University,19,11,0.5789473684210527,-0.2210526315789474,-0.21144564467938398
ensemble,epistemic,mean_within_encoder_mi,0.8,0.05134063841316666,687,0.7903930131004366,site,UCSF,28,22,0.7857142857142857,-0.014285714285714346,-0.004678727386150938
ensemble,epistemic,mean_within_encoder_mi,0.8,0.05134063841316666,687,0.7903930131004366,site,University of Sao Paulo,17,14,0.8235294117647058,0.0235294117647058,0.03313639866426921
ensemble,epistemic,mean_within_encoder_mi,0.9,0.09503447374912394,687,0.9548762736535662,magnification,20x,159,158,0.9937106918238994,0.09371069182389935,0.038834418170333174
ensemble,epistemic,mean_within_encoder_mi,0.9,0.09503447374912394,687,0.9548762736535662,magnification,40x,528,498,0.9431818181818182,0.04318181818181821,-0.011694455471747967
ensemble,epistemic,mean_within_encoder_mi,0.9,0.09503447374912394,687,0.9548762736535662,scanner_grp,other,169,165,0.9763313609467456,0.07633136094674553,0.021455087293179353
ensemble,epistemic,mean_within_encoder_mi,0.9,0.09503447374912394,687,0.9548762736535662,scanner_grp,ss1302,240,234,0.975,0.07499999999999996,0.02012372634643378
ensemble,epistemic,mean_within_encoder_mi,0.9,0.09503447374912394,687,0.9548762736535662,scanner_grp,ss1763cntlr,146,136,0.9315068493150684,0.03150684931506842,-0.023369424338497757
ensemble,epistemic,mean_within_encoder_mi,0.9,0.09503447374912394,687,0.9548762736535662,scanner_grp,ss1764cntlr,132,121,0.9166666666666666,0.016666666666666607,-0.03820960698689957
ensemble,epistemic,mean_within_encoder_mi,0.9,0.09503447374912394,687,0.9548762736535662,site,Case Western,69,66,0.9565217391304348,0.05652173913043479,0.0016454654768686128
ensemble,epistemic,mean_within_encoder_mi,0.9,0.09503447374912394,687,0.9548762736535662,site,Case Western - St Joes,103,94,0.912621359223301,0.012621359223300987,-0.04225491443026519
ensemble,epistemic,mean_within_encoder_mi,0.9,0.09503447374912394,687,0.9548762736535662,site,Christiana Healthcare,10,10,1.0,0.09999999999999998,0.0451237263464338
ensemble,epistemic,mean_within_encoder_mi,0.9,0.09503447374912394,687,0.9548762736535662,site,Cureline,14,13,0.9285714285714286,0.02857142857142858,-0.026304845082137596
ensemble,epistemic,mean_within_encoder_mi,0.9,0.09503447374912394,687,0.9548762736535662,site,Dept of Neurosurgery at University of Heidelberg,48,43,0.8958333333333334,-0.004166666666666652,-0.05904294032023283
ensemble,epistemic,mean_within_encoder_mi,0.9,0.09503447374912394,687,0.9548762736535662,site,Duke,59,57,0.9661016949152542,0.0661016949152542,0.011225421261688018
ensemble,epistemic,mean_within_encoder_mi,0.9,0.09503447374912394,687,0.9548762736535662,site,Emory University,21,20,0.9523809523809523,0.052380952380952306,-0.0024953212726138707
ensemble,epistemic,mean_within_encoder_mi,0.9,0.09503447374912394,687,0.9548762736535662,site,Henry Ford Hospital,173,170,0.9826589595375722,0.08265895953757219,0.02778268588400601
ensemble,epistemic,mean_within_encoder_mi,0.9,0.09503447374912394,687,0.9548762736535662,site,MD Anderson Cancer Center,37,37,1.0,0.09999999999999998,0.0451237263464338
ensemble,epistemic,mean_within_encoder_mi,0.9,0.09503447374912394,687,0.9548762736535662,site,MSKCC,14,14,1.0,0.09999999999999998,0.0451237263464338
ensemble,epistemic,mean_within_encoder_mi,0.9,0.09503447374912394,687,0.9548762736535662,site,The University of New South Wales,19,18,0.9473684210526315,0.047368421052631504,-0.0075078526009346724
ensemble,epistemic,mean_within_encoder_mi,0.9,0.09503447374912394,687,0.9548762736535662,site,Thomas Jefferson University,19,17,0.8947368421052632,-0.0052631578947368585,-0.060139431548303035
ensemble,epistemic,mean_within_encoder_mi,0.9,0.09503447374912394,687,0.9548762736535662,site,UCSF,28,26,0.9285714285714286,0.02857142857142858,-0.026304845082137596
ensemble,epistemic,mean_within_encoder_mi,0.9,0.09503447374912394,687,0.9548762736535662,site,University of Sao Paulo,17,17,1.0,0.09999999999999998,0.0451237263464338
ensemble,laplace,laplace_predictive_entropy,0.7,0.4540954722228642,687,0.653566229985444,magnification,20x,159,131,0.8238993710691824,0.12389937106918247,0.17033314108373843
ensemble,laplace,laplace_predictive_entropy,0.7,0.4540954722228642,687,0.653566229985444,magnification,40x,528,318,0.6022727272727273,-0.09772727272727266,-0.05129350271271671
ensemble,laplace,laplace_predictive_entropy,0.7,0.4540954722228642,687,0.653566229985444,scanner_grp,other,169,115,0.6804733727810651,-0.019526627218934833,0.02690714279562112
ensemble,laplace,laplace_predictive_entropy,0.7,0.4540954722228642,687,0.653566229985444,scanner_grp,ss1302,240,170,0.7083333333333334,0.008333333333333415,0.05476710334788937
ensemble,laplace,laplace_predictive_entropy,0.7,0.4540954722228642,687,0.653566229985444,scanner_grp,ss1763cntlr,146,92,0.6301369863013698,-0.06986301369863013,-0.023429243684074175
ensemble,laplace,laplace_predictive_entropy,0.7,0.4540954722228642,687,0.653566229985444,scanner_grp,ss1764cntlr,132,72,0.5454545454545454,-0.15454545454545454,-0.10811168453089859
ensemble,laplace,laplace_predictive_entropy,0.7,0.4540954722228642,687,0.653566229985444,site,Case Western,69,48,0.6956521739130435,-0.004347826086956497,0.042085943927599456
ensemble,laplace,laplace_predictive_entropy,0.7,0.4540954722228642,687,0.653566229985444,site,Case Western - St Joes,103,63,0.6116504854368932,-0.0883495145631068,-0.04191574454855085
ensemble,laplace,laplace_predictive_entropy,0.7,0.4540954722228642,687,0.653566229985444,site,Christiana Healthcare,10,8,0.8,0.10000000000000009,0.14643377001455604
ensemble,laplace,laplace_predictive_entropy,0.7,0.4540954722228642,687,0.653566229985444,site,Cureline,14,6,0.42857142857142855,-0.2714285714285714,-0.22499480141401546
ensemble,laplace,laplace_predictive_entropy,0.7,0.4540954722228642,687,0.653566229985444,site,Dept of Neurosurgery at University of Heidelberg,48,27,0.5625,-0.13749999999999996,-0.091066229985444
ensemble,laplace,laplace_predictive_entropy,0.7,0.4540954722228642,687,0.653566229985444,site,Duke,59,42,0.711864406779661,0.011864406779661052,0.058298176794217005
ensemble,laplace,laplace_predictive_entropy,0.7,0.4540954722228642,687,0.653566229985444,site,Emory University,21,17,0.8095238095238095,0.10952380952380958,0.15595757953836553
ensemble,laplace,laplace_predictive_entropy,0.7,0.4540954722228642,687,0.653566229985444,site,Henry Ford Hospital,173,103,0.5953757225433526,-0.10462427745664737,-0.05819050744209142
ensemble,laplace,laplace_predictive_entropy,0.7,0.4540954722228642,687,0.653566229985444,site,MD Anderson Cancer Center,37,30,0.8108108108108109,0.1108108108108109,0.15724458082536685
ensemble,laplace,laplace_predictive_entropy,0.7,0.4540954722228642,687,0.653566229985444,site,MSKCC,14,10,0.7142857142857143,0.014285714285714346,0.0607194843002703
ensemble,laplace,laplace_predictive_entropy,0.7,0.4540954722228642,687,0.653566229985444,site,The University of New South Wales,19,10,0.5263157894736842,-0.17368421052631577,-0.12725044051175982
ensemble,laplace,laplace_predictive_entropy,0.7,0.4540954722228642,687,0.653566229985444,site,Thomas Jefferson University,19,9,0.47368421052631576,-0.2263157894736842,-0.17988201945912824
ensemble,laplace,laplace_predictive_entropy,0.7,0.4540954722228642,687,0.653566229985444,site,UCSF,28,21,0.75,0.050000000000000044,0.096433770014556
ensemble,laplace,laplace_predictive_entropy,0.7,0.4540954722228642,687,0.653566229985444,site,University of Sao Paulo,17,14,0.8235294117647058,0.12352941176470589,0.16996318177926184
ensemble,laplace,laplace_predictive_entropy,0.8,0.5782322947800019,687,0.7729257641921398,magnification,20x,159,141,0.8867924528301887,0.08679245283018866,0.11386668863804894
ensemble,laplace,laplace_predictive_entropy,0.8,0.5782322947800019,687,0.7729257641921398,magnification,40x,528,390,0.7386363636363636,-0.0613636363636364,-0.03428940055577612
ensemble,laplace,laplace_predictive_entropy,0.8,0.5782322947800019,687,0.7729257641921398,scanner_grp,other,169,131,0.7751479289940828,-0.024852071005917242,0.0022221648019430384
ensemble,laplace,laplace_predictive_entropy,0.8,0.5782322947800019,687,0.7729257641921398,scanner_grp,ss1302,240,200,0.8333333333333334,0.033333333333333326,0.06040756914119361
ensemble,laplace,laplace_predictive_entropy,0.8,0.5782322947800019,687,0.7729257641921398,scanner_grp,ss1763cntlr,146,108,0.7397260273972602,-0.06027397260273981,-0.03319973679487953
ensemble,laplace,laplace_predictive_entropy,0.8,0.5782322947800019,687,0.7729257641921398,scanner_grp,ss1764cntlr,132,92,0.696969696969697,-0.10303030303030303,-0.07595606722244275
ensemble,laplace,laplace_predictive_entropy,0.8,0.5782322947800019,687,0.7729257641921398,site,Case Western,69,56,0.8115942028985508,0.011594202898550732,0.03866843870641101
ensemble,laplace,laplace_predictive_entropy,0.8,0.5782322947800019,687,0.7729257641921398,site,Case Western - St Joes,103,76,0.7378640776699029,-0.062135922330097126,-0.035061686522236846
ensemble,laplace,laplace_predictive_entropy,0.8,0.5782322947800019,687,0.7729257641921398,site,Christiana Healthcare,10,9,0.9,0.09999999999999998,0.12707423580786026
ensemble,laplace,laplace_predictive_entropy,0.8,0.5782322947800019,687,0.7729257641921398,site,Cureline,14,9,0.6428571428571429,-0.15714285714285714,-0.13006862133499686
ensemble,laplace,laplace_predictive_entropy,0.8,0.5782322947800019,687,0.7729257641921398,site,Dept of Neurosurgery at University of Heidelberg,48,33,0.6875,-0.11250000000000004,-0.08542576419213976
ensemble,laplace,laplace_predictive_entropy,0.8,0.5782322947800019,687,0.7729257641921398,site,Duke,59,47,0.7966101694915254,-0.003389830508474634,0.023684405299385647
ensemble,laplace,laplace_predictive_entropy,0.8,0.5782322947800019,687,0.7729257641921398,site,Emory University,21,20,0.9523809523809523,0.15238095238095228,0.17945518818881256
ensemble,laplace,laplace_predictive_entropy,0.8,0.5782322947800019,687,0.7729257641921398,site,Henry Ford Hospital,173,128,0.7398843930635838,-0.060115606936416266,-0.033041371128555985
ensemble,laplace,laplace_predictive_entropy,0.8,0.5782322947800019,687,0.7729257641921398,site,MD Anderson Cancer Center,37,31,0.8378378378378378,0.037837837837837784,0.06491207364569807
ensemble,laplace,laplace_predictive_entropy,0.8,0.5782322947800019,687,0.7729257641921398,site,MSKCC,14,10,0.7142857142857143,-0.08571428571428574,-0.05864004990642546
ensemble,laplace,laplace_predictive_entropy,0.8,0.5782322947800019,687,0.7729257641921398,site,The University of New South Wales,19,13,0.6842105263157895,-0.11578947368421055,-0.08871523787635027
ensemble,laplace,laplace_predictive_entropy,0.8,0.5782322947800019,687,0.7729257641921398,site,Thomas Jefferson University,19,13,0.6842105263157895,-0.11578947368421055,-0.08871523787635027
ensemble,laplace,laplace_predictive_entropy,0.8,0.5782322947800019,687,0.7729257641921398,site,UCSF,28,22,0.7857142857142857,-0.014285714285714346,0.012788521522145935
ensemble,laplace,laplace_predictive_entropy,0.8,0.5782322947800019,687,0.7729257641921398,site,University of Sao Paulo,17,17,1.0,0.19999999999999996,0.22707423580786024
ensemble,laplace,laplace_predictive_entropy,0.9,0.6448717766557415,687,0.8442503639010189,magnification,20x,159,148,0.9308176100628931,0.030817610062893075,0.08656724616187417
ensemble,laplace,laplace_predictive_entropy,0.9,0.6448717766557415,687,0.8442503639010189,magnification,40x,528,432,0.8181818181818182,-0.08181818181818179,-0.026068545719200698
ensemble,laplace,laplace_predictive_entropy,0.9,0.6448717766557415,687,0.8442503639010189,scanner_grp,other,169,140,0.8284023668639053,-0.07159763313609468,-0.015847997037113593
ensemble,laplace,laplace_predictive_entropy,0.9,0.6448717766557415,687,0.8442503639010189,scanner_grp,ss1302,240,214,0.8916666666666667,-0.008333333333333304,0.04741630276564779
ensemble,laplace,laplace_predictive_entropy,0.9,0.6448717766557415,687,0.8442503639010189,scanner_grp,ss1763cntlr,146,120,0.821917808219178,-0.07808219178082199,-0.022332555681840893
ensemble,laplace,laplace_predictive_entropy,0.9,0.6448717766557415,687,0.8442503639010189,scanner_grp,ss1764cntlr,132,106,0.803030303030303,-0.09696969696969704,-0.04122006087071595
ensemble,laplace,laplace_predictive_entropy,0.9,0.6448717766557415,687,0.8442503639010189,site,Case Western,69,59,0.855072463768116,-0.04492753623188406,0.010822099867097035
ensemble,laplace,laplace_predictive_entropy,0.9,0.6448717766557415,687,0.8442503639010189,site,Case Western - St Joes,103,83,0.8058252427184466,-0.09417475728155345,-0.03842512118257235
ensemble,laplace,laplace_predictive_entropy,0.9,0.6448717766557415,687,0.8442503639010189,site,Christiana Healthcare,10,9,0.9,0.0,0.05574963609898109
ensemble,laplace,laplace_predictive_entropy,0.9,0.6448717766557415,687,0.8442503639010189,site,Cureline,14,12,0.8571428571428571,-0.04285714285714293,0.012892493241838165
ensemble,laplace,laplace_predictive_entropy,0.9,0.6448717766557415,687,0.8442503639010189,site,Dept of Neurosurgery at University of Heidelberg,48,38,0.7916666666666666,-0.10833333333333339,-0.0525836972343523
ensemble,laplace,laplace_predictive_entropy,0.9,0.6448717766557415,687,0.8442503639010189,site,Duke,59,50,0.847457627118644,-0.05254237288135599,0.0032072632176251004
ensemble,laplace,laplace_predictive_entropy,0.9,0.6448717766557415,687,0.8442503639010189,site,Emory University,21,21,1.0,0.09999999999999998,0.15574963609898107
ensemble,laplace,laplace_predictive_entropy,0.9,0.6448717766557415,687,0.8442503639010189,site,Henry Ford Hospital,173,145,0.838150289017341,-0.06184971098265901,-0.0061000748836779195
ensemble,laplace,laplace_predictive_entropy,0.9,0.6448717766557415,687,0.8442503639010189,site,MD Anderson Cancer Center,37,32,0.8648648648648649,-0.03513513513513511,0.020614500963845983
ensemble,laplace,laplace_predictive_entropy,0.9,0.6448717766557415,687,0.8442503639010189,site,MSKCC,14,11,0.7857142857142857,-0.11428571428571432,-0.05853607818673323
ensemble,laplace,laplace_predictive_entropy,0.9,0.6448717766557415,687,0.8442503639010189,site,The University of New South Wales,19,16,0.8421052631578947,-0.05789473684210533,-0.0021451007431242397
ensemble,laplace,laplace_predictive_entropy,0.9,0.6448717766557415,687,0.8442503639010189,site,Thomas Jefferson University,19,14,0.7368421052631579,-0.16315789473684217,-0.10740825863786108
ensemble,laplace,laplace_predictive_entropy,0.9,0.6448717766557415,687,0.8442503639010189,site,UCSF,28,24,0.8571428571428571,-0.04285714285714293,0.012892493241838165
ensemble,laplace,laplace_predictive_entropy,0.9,0.6448717766557415,687,0.8442503639010189,site,University of Sao Paulo,17,17,1.0,0.09999999999999998,0.15574963609898107
ensemble,mc_dropout,mc_predictive_entropy,0.7,0.40578557646572405,687,0.6273653566229985,magnification,20x,159,127,0.7987421383647799,0.09874213836477996,0.1713767817417814
ensemble,mc_dropout,mc_predictive_entropy,0.7,0.40578557646572405,687,0.6273653566229985,magnification,40x,528,304,0.5757575757575758,-0.12424242424242415,-0.051607780865422725
ensemble,mc_dropout,mc_predictive_entropy,0.7,0.40578557646572405,687,0.6273653566229985,scanner_grp,other,169,111,0.6568047337278107,-0.04319526627218928,0.029439377104812148
ensemble,mc_dropout,mc_predictive_entropy,0.7,0.40578557646572405,687,0.6273653566229985,scanner_grp,ss1302,240,164,0.6833333333333333,-0.016666666666666607,0.05596797671033482
ensemble,mc_dropout,mc_predictive_entropy,0.7,0.40578557646572405,687,0.6273653566229985,scanner_grp,ss1763cntlr,146,86,0.589041095890411,-0.11095890410958897,-0.038324260732587545
ensemble,mc_dropout,mc_predictive_entropy,0.7,0.40578557646572405,687,0.6273653566229985,scanner_grp,ss1764cntlr,132,70,0.5303030303030303,-0.16969696969696968,-0.09706232631996825
ensemble,mc_dropout,mc_predictive_entropy,0.7,0.40578557646572405,687,0.6273653566229985,site,Case Western,69,46,0.6666666666666666,-0.033333333333333326,0.0393013100436681
ensemble,mc_dropout,mc_predictive_entropy,0.7,0.40578557646572405,687,0.6273653566229985,site,Case Western - St Joes,103,59,0.5728155339805825,-0.12718446601941746,-0.054549822642416035
ensemble,mc_dropout,mc_predictive_entropy,0.7,0.40578557646572405,687,0.6273653566229985,site,Christiana Healthcare,10,7,0.7,0.0,0.07263464337700143
ensemble,mc_dropout,mc_predictive_entropy,0.7,0.40578557646572405,687,0.6273653566229985,site,Cureline,14,6,0.42857142857142855,-0.2714285714285714,-0.19879392805156998
ensemble,mc_dropout,mc_predictive_entropy,0.7,0.40578557646572405,687,0.6273653566229985,site,Dept of Neurosurgery at University of Heidelberg,48,27,0.5625,-0.13749999999999996,-0.06486535662299853
ensemble,mc_dropout,mc_predictive_entropy,0.7,0.40578557646572405,687,0.6273653566229985,site,Duke,59,39,0.6610169491525424,-0.03898305084745757,0.03365159252954386
ensemble,mc_dropout,mc_predictive_entropy,0.7,0.40578557646572405,687,0.6273653566229985,site,Emory University,21,17,0.8095238095238095,0.10952380952380958,0.182158452900811
ensemble,mc_dropout,mc_predictive_entropy,0.7,0.40578557646572405,687,0.6273653566229985,site,Henry Ford Hospital,173,100,0.5780346820809249,-0.12196531791907506,-0.04933067454207363
ensemble,mc_dropout,mc_predictive_entropy,0.7,0.40578557646572405,687,0.6273653566229985,site,MD Anderson Cancer Center,37,28,0.7567567567567568,0.05675675675675684,0.12939140013375827
ensemble,mc_dropout,mc_predictive_entropy,0.7,0.40578557646572405,687,0.6273653566229985,site,MSKCC,14,10,0.7142857142857143,0.014285714285714346,0.08692035766271577
ensemble,mc_dropout,mc_predictive_entropy,0.7,0.40578557646572405,687,0.6273653566229985,site,The University of New South Wales,19,10,0.5263157894736842,-0.17368421052631577,-0.10104956714931435
ensemble,mc_dropout,mc_predictive_entropy,0.7,0.40578557646572405,687,0.6273653566229985,site,Thomas Jefferson University,19,9,0.47368421052631576,-0.2263157894736842,-0.15368114609668276
ensemble,mc_dropout,mc_predictive_entropy,0.7,0.40578557646572405,687,0.6273653566229985,site,UCSF,28,19,0.6785714285714286,-0.021428571428571352,0.051206071948430076
ensemble,mc_dropout,mc_predictive_entropy,0.7,0.40578557646572405,687,0.6273653566229985,site,University of Sao Paulo,17,14,0.8235294117647058,0.12352941176470589,0.19616405514170732
ensemble,mc_dropout,mc_predictive_entropy,0.8,0.5544706848030008,687,0.7554585152838428,magnification,20x,159,139,0.8742138364779874,0.0742138364779874,0.11875532119414467
ensemble,mc_dropout,mc_predictive_entropy,0.8,0.5544706848030008,687,0.7554585152838428,magnification,40x,528,380,0.7196969696969697,-0.08030303030303032,-0.035761545586873056
ensemble,mc_dropout,mc_predictive_entropy,0.8,0.5544706848030008,687,0.7554585152838428,scanner_grp,other,169,129,0.7633136094674556,-0.03668639053254441,0.007855094183612854
ensemble,mc_dropout,mc_predictive_entropy,0.8,0.5544706848030008,687,0.7554585152838428,scanner_grp,ss1302,240,193,0.8041666666666667,0.004166666666666652,0.04870815138282392
ensemble,mc_dropout,mc_predictive_entropy,0.8,0.5544706848030008,687,0.7554585152838428,scanner_grp,ss1763cntlr,146,105,0.7191780821917808,-0.08082191780821923,-0.03628043309206197
ensemble,mc_dropout,mc_predictive_entropy,0.8,0.5544706848030008,687,0.7554585152838428,scanner_grp,ss1764cntlr,132,92,0.696969696969697,-0.10303030303030303,-0.05848881831414576
ensemble,mc_dropout,mc_predictive_entropy,0.8,0.5544706848030008,687,0.7554585152838428,site,Case Western,69,55,0.7971014492753623,-0.0028985507246377384,0.041642933991519526
ensemble,mc_dropout,mc_predictive_entropy,0.8,0.5544706848030008,687,0.7554585152838428,site,Case Western - St Joes,103,76,0.7378640776699029,-0.062135922330097126,-0.01759443761393986
ensemble,mc_dropout,mc_predictive_entropy,0.8,0.5544706848030008,687,0.7554585152838428,site,Christiana Healthcare,10,9,0.9,0.09999999999999998,0.14454148471615724
ensemble,mc_dropout,mc_predictive_entropy,0.8,0.5544706848030008,687,0.7554585152838428,site,Cureline,14,9,0.6428571428571429,-0.15714285714285714,-0.11260137242669988
ensemble,mc_dropout,mc_predictive_entropy,0.8,0.5544706848030008,687,0.7554585152838428,site,Dept of Neurosurgery at University of Heidelberg,48,33,0.6875,-0.11250000000000004,-0.06795851528384278
ensemble,mc_dropout,mc_predictive_entropy,0.8,0.5544706848030008,687,0.7554585152838428,site,Duke,59,47,0.7966101694915254,-0.003389830508474634,0.04115165420768263
ensemble,mc_dropout,mc_predictive_entropy,0.8,0.5544706848030008,687,0.7554585152838428,site,Emory University,21,18,0.8571428571428571,0.05714285714285705,0.10168434185901432
ensemble,mc_dropout,mc_predictive_entropy,0.8,0.5544706848030008,687,0.7554585152838428,site,Henry Ford Hospital,173,122,0.7052023121387283,-0.09479768786127174,-0.050256203145114475
ensemble,mc_dropout,mc_predictive_entropy,0.8,0.5544706848030008,687,0.7554585152838428,site,MD Anderson Cancer Center,37,30,0.8108108108108109,0.010810810810810811,0.055352295526968076
ensemble,mc_dropout,mc_predictive_entropy,0.8,0.5544706848030008,687,0.7554585152838428,site,MSKCC,14,10,0.7142857142857143,-0.08571428571428574,-0.04117280099812848
ensemble,mc_dropout,mc_predictive_entropy,0.8,0.5544706848030008,687,0.7554585152838428,site,The University of New South Wales,19,13,0.6842105263157895,-0.11578947368421055,-0.07124798896805329
ensemble,mc_dropout,mc_predictive_entropy,0.8,0.5544706848030008,687,0.7554585152838428,site,Thomas Jefferson University,19,11,0.5789473684210527,-0.2210526315789474,-0.17651114686279012
ensemble,mc_dropout,mc_predictive_entropy,0.8,0.5544706848030008,687,0.7554585152838428,site,UCSF,28,22,0.7857142857142857,-0.014285714285714346,0.03025577043044292
ensemble,mc_dropout,mc_predictive_entropy,0.8,0.5544706848030008,687,0.7554585152838428,site,University of Sao Paulo,17,17,1.0,0.19999999999999996,0.24454148471615722
ensemble,mc_dropout,mc_predictive_entropy,0.9,0.6313436589703773,687,0.8413391557496361,magnification,20x,159,146,0.9182389937106918,0.01823899371069182,0.0768998379610557
ensemble,mc_dropout,mc_predictive_entropy,0.9,0.6313436589703773,687,0.8413391557496361,magnification,40x,528,432,0.8181818181818182,-0.08181818181818179,-0.023157337567817904
ensemble,mc_dropout,mc_predictive_entropy,0.9,0.6313436589703773,687,0.8413391557496361,scanner_grp,other,169,139,0.8224852071005917,-0.07751479289940832,-0.01885394864904444
ensemble,mc_dropout,mc_predictive_entropy,0.9,0.6313436589703773,687,0.8413391557496361,scanner_grp,ss1302,240,212,0.8833333333333333,-0.01666666666666672,0.04199417758369717
ensemble,mc_dropout,mc_predictive_entropy,0.9,0.6313436589703773,687,0.8413391557496361,scanner_grp,ss1763cntlr,146,120,0.821917808219178,-0.07808219178082199,-0.0194213475304581
ensemble,mc_dropout,mc_predictive_entropy,0.9,0.6313436589703773,687,0.8413391557496361,scanner_grp,ss1764cntlr,132,107,0.8106060606060606,-0.08939393939393947,-0.030733095143575584
ensemble,mc_dropout,mc_predictive_entropy,0.9,0.6313436589703773,687,0.8413391557496361,site,Case Western,69,59,0.855072463768116,-0.04492753623188406,0.013733308018479828
ensemble,mc_dropout,mc_predictive_entropy,0.9,0.6313436589703773,687,0.8413391557496361,site,Case Western - St Joes,103,83,0.8058252427184466,-0.09417475728155345,-0.03551391303118956
ensemble,mc_dropout,mc_predictive_entropy,0.9,0.6313436589703773,687,0.8413391557496361,site,Christiana Healthcare,10,9,0.9,0.0,0.058660844250363886
ensemble,mc_dropout,mc_predictive_entropy,0.9,0.6313436589703773,687,0.8413391557496361,site,Cureline,14,12,0.8571428571428571,-0.04285714285714293,0.01580370139322096
ensemble,mc_dropout,mc_predictive_entropy,0.9,0.6313436589703773,687,0.8413391557496361,site,Dept of Neurosurgery at University of Heidelberg,48,39,0.8125,-0.08750000000000002,-0.028839155749636136
ensemble,mc_dropout,mc_predictive_entropy,0.9,0.6313436589703773,687,0.8413391557496361,site,Duke,59,49,0.8305084745762712,-0.06949152542372883,-0.010830681173364942
ensemble,mc_dropout,mc_predictive_entropy,0.9,0.6313436589703773,687,0.8413391557496361,site,Emory University,21,21,1.0,0.09999999999999998,0.15866084425036386
ensemble,mc_dropout,mc_predictive_entropy,0.9,0.6313436589703773,687,0.8413391557496361,site,Henry Ford Hospital,173,144,0.8323699421965318,-0.0676300578034682,-0.008969213553104316
ensemble,mc_dropout,mc_predictive_entropy,0.9,0.6313436589703773,687,0.8413391557496361,site,MD Anderson Cancer Center,37,31,0.8378378378378378,-0.06216216216216219,-0.0035013179117983073
ensemble,mc_dropout,mc_predictive_entropy,0.9,0.6313436589703773,687,0.8413391557496361,site,MSKCC,14,11,0.7857142857142857,-0.11428571428571432,-0.05562487003535044
ensemble,mc_dropout,mc_predictive_entropy,0.9,0.6313436589703773,687,0.8413391557496361,site,The University of New South Wales,19,16,0.8421052631578947,-0.05789473684210533,0.0007661074082585539
ensemble,mc_dropout,mc_predictive_entropy,0.9,0.6313436589703773,687,0.8413391557496361,site,Thomas Jefferson University,19,14,0.7368421052631579,-0.16315789473684217,-0.10449705048647828
ensemble,mc_dropout,mc_predictive_entropy,0.9,0.6313436589703773,687,0.8413391557496361,site,UCSF,28,24,0.8571428571428571,-0.04285714285714293,0.01580370139322096
ensemble,mc_dropout,mc_predictive_entropy,0.9,0.6313436589703773,687,0.8413391557496361,site,University of Sao Paulo,17,17,1.0,0.09999999999999998,0.15866084425036386
ensemble,ood,ood_attention_uni2,0.7,90.62922805786133,687,0.7409024745269287,magnification,20x,159,123,0.7735849056603774,0.07358490566037745,0.03268243113344871
ensemble,ood,ood_attention_uni2,0.7,90.62922805786133,687,0.7409024745269287,magnification,40x,528,386,0.7310606060606061,0.031060606060606122,-0.009841868466322623
ensemble,ood,ood_attention_uni2,0.7,90.62922805786133,687,0.7409024745269287,scanner_grp,other,169,131,0.7751479289940828,0.07514792899408285,0.0342454544671541
ensemble,ood,ood_attention_uni2,0.7,90.62922805786133,687,0.7409024745269287,scanner_grp,ss1302,240,154,0.6416666666666667,-0.05833333333333324,-0.09923580786026198
ensemble,ood,ood_attention_uni2,0.7,90.62922805786133,687,0.7409024745269287,scanner_grp,ss1763cntlr,146,115,0.7876712328767124,0.08767123287671241,0.04676875834978367
ensemble,ood,ood_attention_uni2,0.7,90.62922805786133,687,0.7409024745269287,scanner_grp,ss1764cntlr,132,109,0.8257575757575758,0.12575757575757585,0.0848551012306471
ensemble,ood,ood_attention_uni2,0.7,90.62922805786133,687,0.7409024745269287,site,Case Western,69,50,0.7246376811594203,0.024637681159420333,-0.016264793367508412
ensemble,ood,ood_attention_uni2,0.7,90.62922805786133,687,0.7409024745269287,site,Case Western - St Joes,103,76,0.7378640776699029,0.03786407766990296,-0.0030383968570257824
ensemble,ood,ood_attention_uni2,0.7,90.62922805786133,687,0.7409024745269287,site,Christiana Healthcare,10,3,0.3,-0.39999999999999997,-0.4409024745269287
ensemble,ood,ood_attention_uni2,0.7,90.62922805786133,687,0.7409024745269287,site,Cureline,14,10,0.7142857142857143,0.014285714285714346,-0.0266167602412144
ensemble,ood,ood_attention_uni2,0.7,90.62922805786133,687,0.7409024745269287,site,Dept of Neurosurgery at University of Heidelberg,48,45,0.9375,0.23750000000000004,0.1965975254730713
ensemble,ood,ood_attention_uni2,0.7,90.62922805786133,687,0.7409024745269287,site,Duke,59,50,0.847457627118644,0.14745762711864407,0.10655515259171533
ensemble,ood,ood_attention_uni2,0.7,90.62922805786133,687,0.7409024745269287,site,Emory University,21,18,0.8571428571428571,0.15714285714285714,0.1162403826159284
ensemble,ood,ood_attention_uni2,0.7,90.62922805786133,687,0.7409024745269287,site,Henry Ford Hospital,173,112,0.6473988439306358,-0.05260115606936411,-0.09350363059629285
ensemble,ood,ood_attention_uni2,0.7,90.62922805786133,687,0.7409024745269287,site,MD Anderson Cancer Center,37,24,0.6486486486486487,-0.05135135135135127,-0.09225382587828002
ensemble,ood,ood_attention_uni2,0.7,90.62922805786133,687,0.7409024745269287,site,MSKCC,14,11,0.7857142857142857,0.08571428571428574,0.044811811187357
ensemble,ood,ood_attention_uni2,0.7,90.62922805786133,687,0.7409024745269287,site,The University of New South Wales,19,18,0.9473684210526315,0.24736842105263157,0.20646594652570283
ensemble,ood,ood_attention_uni2,0.7,90.62922805786133,687,0.7409024745269287,site,Thomas Jefferson University,19,8,0.42105263157894735,-0.2789473684210526,-0.31984984294798136
ensemble,ood,ood_attention_uni2,0.7,90.62922805786133,687,0.7409024745269287,site,UCSF,28,27,0.9642857142857143,0.26428571428571435,0.2233832397587856
ensemble,ood,ood_attention_uni2,0.7,90.62922805786133,687,0.7409024745269287,site,University of Sao Paulo,17,14,0.8235294117647058,0.12352941176470589,0.08262693723777714
ensemble,ood,ood_attention_uni2,0.8,91.93367889404296,687,0.8122270742358079,magnification,20x,159,134,0.8427672955974843,0.04276729559748427,0.030540221361676445
ensemble,ood,ood_attention_uni2,0.8,91.93367889404296,687,0.8122270742358079,magnification,40x,528,424,0.803030303030303,0.003030303030302939,-0.009196771205504883
ensemble,ood,ood_attention_uni2,0.8,91.93367889404296,687,0.8122270742358079,scanner_grp,other,169,140,0.8284023668639053,0.028402366863905293,0.01617529262809747
ensemble,ood,ood_attention_uni2,0.8,91.93367889404296,687,0.8122270742358079,scanner_grp,ss1302,240,177,0.7375,-0.0625,-0.07472707423580782
ensemble,ood,ood_attention_uni2,0.8,91.93367889404296,687,0.8122270742358079,scanner_grp,ss1763cntlr,146,123,0.8424657534246576,0.042465753424657526,0.030238679188849704
ensemble,ood,ood_attention_uni2,0.8,91.93367889404296,687,0.8122270742358079,scanner_grp,ss1764cntlr,132,118,0.8939393939393939,0.09393939393939388,0.08171231970358606
ensemble,ood,ood_attention_uni2,0.8,91.93367889404296,687,0.8122270742358079,site,Case Western,69,53,0.7681159420289855,-0.03188405797101457,-0.04411113220682239
ensemble,ood,ood_attention_uni2,0.8,91.93367889404296,687,0.8122270742358079,site,Case Western - St Joes,103,85,0.8252427184466019,0.025242718446601864,0.013015644210794042
ensemble,ood,ood_attention_uni2,0.8,91.93367889404296,687,0.8122270742358079,site,Christiana Healthcare,10,5,0.5,-0.30000000000000004,-0.31222707423580787
ensemble,ood,ood_attention_uni2,0.8,91.93367889404296,687,0.8122270742358079,site,Cureline,14,12,0.8571428571428571,0.05714285714285705,0.04491578290704923
ensemble,ood,ood_attention_uni2,0.8,91.93367889404296,687,0.8122270742358079,site,Dept of Neurosurgery at University of Heidelberg,48,47,0.9791666666666666,0.17916666666666659,0.16693959243085876
ensemble,ood,ood_attention_uni2,0.8,91.93367889404296,687,0.8122270742358079,site,Duke,59,52,0.8813559322033898,0.08135593220338977,0.06912885796758195
ensemble,ood,ood_attention_uni2,0.8,91.93367889404296,687,0.8122270742358079,site,Emory University,21,19,0.9047619047619048,0.10476190476190472,0.0925348305260969
ensemble,ood,ood_attention_uni2,0.8,91.93367889404296,687,0.8122270742358079,site,Henry Ford Hospital,173,129,0.7456647398843931,-0.054335260115606965,-0.06656233435141479
ensemble,ood,ood_attention_uni2,0.8,91.93367889404296,687,0.8122270742358079,site,MD Anderson Cancer Center,37,27,0.7297297297297297,-0.07027027027027033,-0.08249734450607815
ensemble,ood,ood_attention_uni2,0.8,91.93367889404296,687,0.8122270742358079,site,MSKCC,14,11,0.7857142857142857,-0.014285714285714346,-0.026512788521522168
ensemble,ood,ood_attention_uni2,0.8,91.93367889404296,687,0.8122270742358079,site,The University of New South Wales,19,18,0.9473684210526315,0.14736842105263148,0.13514134681682366
ensemble,ood,ood_attention_uni2,0.8,91.93367889404296,687,0.8122270742358079,site,Thomas Jefferson University,19,10,0.5263157894736842,-0.27368421052631586,-0.2859112847621237
ensemble,ood,ood_attention_uni2,0.8,91.93367889404296,687,0.8122270742358079,site,UCSF,28,28,1.0,0.19999999999999996,0.18777292576419213
ensemble,ood,ood_attention_uni2,0.8,91.93367889404296,687,0.8122270742358079,site,University of Sao Paulo,17,14,0.8235294117647058,0.0235294117647058,0.011302337528897977
ensemble,ood,ood_attention_uni2,0.9,94.61228622436523,687,0.883551673944687,magnification,20x,159,142,0.8930817610062893,-0.00691823899371069,0.0095300870616023
ensemble,ood,ood_attention_uni2,0.9,94.61228622436523,687,0.883551673944687,magnification,40x,528,465,0.8806818181818182,-0.01931818181818179,-0.0028698557628688004
ensemble,ood,ood_attention_uni2,0.9,94.61228622436523,687,0.883551673944687,scanner_grp,other,169,151,0.893491124260355,-0.0065088757396449815,0.009939450315668008
ensemble,ood,ood_attention_uni2,0.9,94.61228622436523,687,0.883551673944687,scanner_grp,ss1302,240,199,0.8291666666666667,-0.0708333333333333,-0.054385007278020314
ensemble,ood,ood_attention_uni2,0.9,94.61228622436523,687,0.883551673944687,scanner_grp,ss1763cntlr,146,131,0.8972602739726028,-0.002739726027397249,0.01370860002791574
ensemble,ood,ood_attention_uni2,0.9,94.61228622436523,687,0.883551673944687,scanner_grp,ss1764cntlr,132,126,0.9545454545454546,0.054545454545454564,0.07099378060076755
ensemble,ood,ood_attention_uni2,0.9,94.61228622436523,687,0.883551673944687,site,Case Western,69,60,0.8695652173913043,-0.0304347826086957,-0.013986456553382709
ensemble,ood,ood_attention_uni2,0.9,94.61228622436523,687,0.883551673944687,site,Case Western - St Joes,103,93,0.9029126213592233,0.002912621359223322,0.01936094741453631
ensemble,ood,ood_attention_uni2,0.9,94.61228622436523,687,0.883551673944687,site,Christiana Healthcare,10,6,0.6,-0.30000000000000004,-0.28355167394468705
ensemble,ood,ood_attention_uni2,0.9,94.61228622436523,687,0.883551673944687,site,Cureline,14,13,0.9285714285714286,0.02857142857142858,0.04501975462674157
ensemble,ood,ood_attention_uni2,0.9,94.61228622436523,687,0.883551673944687,site,Dept of Neurosurgery at University of Heidelberg,48,47,0.9791666666666666,0.07916666666666661,0.0956149927219796
ensemble,ood,ood_attention_uni2,0.9,94.61228622436523,687,0.883551673944687,site,Duke,59,54,0.9152542372881356,0.015254237288135575,0.031702563343448564
ensemble,ood,ood_attention_uni2,0.9,94.61228622436523,687,0.883551673944687,site,Emory University,21,20,0.9523809523809523,0.052380952380952306,0.0688292784362653
ensemble,ood,ood_attention_uni2,0.9,94.61228622436523,687,0.883551673944687,site,Henry Ford Hospital,173,141,0.815028901734104,-0.084971098265896,-0.068522772210583
ensemble,ood,ood_attention_uni2,0.9,94.61228622436523,687,0.883551673944687,site,MD Anderson Cancer Center,37,32,0.8648648648648649,-0.03513513513513511,-0.01868680907982212
ensemble,ood,ood_attention_uni2,0.9,94.61228622436523,687,0.883551673944687,site,MSKCC,14,13,0.9285714285714286,0.02857142857142858,0.04501975462674157
ensemble,ood,ood_attention_uni2,0.9,94.61228622436523,687,0.883551673944687,site,The University of New South Wales,19,19,1.0,0.09999999999999998,0.11644832605531297
ensemble,ood,ood_attention_uni2,0.9,94.61228622436523,687,0.883551673944687,site,Thomas Jefferson University,19,14,0.7368421052631579,-0.16315789473684217,-0.14670956868152918
ensemble,ood,ood_attention_uni2,0.9,94.61228622436523,687,0.883551673944687,site,UCSF,28,28,1.0,0.09999999999999998,0.11644832605531297
ensemble,ood,ood_attention_uni2,0.9,94.61228622436523,687,0.883551673944687,site,University of Sao Paulo,17,15,0.8823529411764706,-0.01764705882352946,-0.0011987327682164706
ensemble,predictive,ensemble_entropy,0.7,0.40898165455291663,687,0.6375545851528385,magnification,20x,159,129,0.8113207547169812,0.11132075471698122,0.1737661695641427
ensemble,predictive,ensemble_entropy,0.7,0.40898165455291663,687,0.6375545851528385,magnification,40x,528,309,0.5852272727272727,-0.11477272727272725,-0.052327312425565764
ensemble,predictive,ensemble_entropy,0.7,0.40898165455291663,687,0.6375545851528385,scanner_grp,other,169,113,0.6686390532544378,-0.03136094674556211,0.031084468101599372
ensemble,predictive,ensemble_entropy,0.7,0.40898165455291663,687,0.6375545851528385,scanner_grp,ss1302,240,166,0.6916666666666667,-0.008333333333333304,0.05411208151382818
ensemble,predictive,ensemble_entropy,0.7,0.40898165455291663,687,0.6375545851528385,scanner_grp,ss1763cntlr,146,88,0.6027397260273972,-0.09726027397260273,-0.034814859125441244
ensemble,predictive,ensemble_entropy,0.7,0.40898165455291663,687,0.6375545851528385,scanner_grp,ss1764cntlr,132,71,0.5378787878787878,-0.1621212121212121,-0.09967579727405063
ensemble,predictive,ensemble_entropy,0.7,0.40898165455291663,687,0.6375545851528385,site,Case Western,69,46,0.6666666666666666,-0.033333333333333326,0.02911208151382816
ensemble,predictive,ensemble_entropy,0.7,0.40898165455291663,687,0.6375545851528385,site,Case Western - St Joes,103,60,0.5825242718446602,-0.1174757281553398,-0.055030313308178314
ensemble,predictive,ensemble_entropy,0.7,0.40898165455291663,687,0.6375545851528385,site,Christiana Healthcare,10,7,0.7,0.0,0.062445414847161484
ensemble,predictive,ensemble_entropy,0.7,0.40898165455291663,687,0.6375545851528385,site,Cureline,14,6,0.42857142857142855,-0.2714285714285714,-0.20898315658140992
ensemble,predictive,ensemble_entropy,0.7,0.40898165455291663,687,0.6375545851528385,site,Dept of Neurosurgery at University of Heidelberg,48,27,0.5625,-0.13749999999999996,-0.07505458515283847
ensemble,predictive,ensemble_entropy,0.7,0.40898165455291663,687,0.6375545851528385,site,Duke,59,40,0.6779661016949152,-0.02203389830508473,0.04041151654207675
ensemble,predictive,ensemble_entropy,0.7,0.40898165455291663,687,0.6375545851528385,site,Emory University,21,17,0.8095238095238095,0.10952380952380958,0.17196922437097106
ensemble,predictive,ensemble_entropy,0.7,0.40898165455291663,687,0.6375545851528385,site,Henry Ford Hospital,173,103,0.5953757225433526,-0.10462427745664737,-0.04217886260948589
ensemble,predictive,ensemble_entropy,0.7,0.40898165455291663,687,0.6375545851528385,site,MD Anderson Cancer Center,37,28,0.7567567567567568,0.05675675675675684,0.11920217160391833
ensemble,predictive,ensemble_entropy,0.7,0.40898165455291663,687,0.6375545851528385,site,MSKCC,14,10,0.7142857142857143,0.014285714285714346,0.07673112913287583
ensemble,predictive,ensemble_entropy,0.7,0.40898165455291663,687,0.6375545851528385,site,The University of New South Wales,19,10,0.5263157894736842,-0.17368421052631577,-0.11123879567915429
ensemble,predictive,ensemble_entropy,0.7,0.40898165455291663,687,0.6375545851528385,site,Thomas Jefferson University,19,9,0.47368421052631576,-0.2263157894736842,-0.1638703746265227
ensemble,predictive,ensemble_entropy,0.7,0.40898165455291663,687,0.6375545851528385,site,UCSF,28,20,0.7142857142857143,0.014285714285714346,0.07673112913287583
ensemble,predictive,ensemble_entropy,0.7,0.40898165455291663,687,0.6375545851528385,site,University of Sao Paulo,17,14,0.8235294117647058,0.12352941176470589,0.18597482661186737
ensemble,predictive,ensemble_entropy,0.8,0.5529990069531703,687,0.7627365356622998,magnification,20x,159,139,0.8742138364779874,0.0742138364779874,0.11147730081568763
ensemble,predictive,ensemble_entropy,0.8,0.5529990069531703,687,0.7627365356622998,magnification,40x,528,385,0.7291666666666666,-0.07083333333333341,-0.03356986899563319
ensemble,predictive,ensemble_entropy,0.8,0.5529990069531703,687,0.7627365356622998,scanner_grp,other,169,129,0.7633136094674556,-0.03668639053254441,0.0005770738051558144
ensemble,predictive,ensemble_entropy,0.8,0.5529990069531703,687,0.7627365356622998,scanner_grp,ss1302,240,195,0.8125,0.012499999999999956,0.04976346433770018
ensemble,predictive,ensemble_entropy,0.8,0.5529990069531703,687,0.7627365356622998,scanner_grp,ss1763cntlr,146,107,0.7328767123287672,-0.06712328767123288,-0.029859823333532653
ensemble,predictive,ensemble_entropy,0.8,0.5529990069531703,687,0.7627365356622998,scanner_grp,ss1764cntlr,132,93,0.7045454545454546,-0.09545454545454546,-0.058191081116845234
ensemble,predictive,ensemble_entropy,0.8,0.5529990069531703,687,0.7627365356622998,site,Case Western,69,55,0.7971014492753623,-0.0028985507246377384,0.03436491361306249
ensemble,predictive,ensemble_entropy,0.8,0.5529990069531703,687,0.7627365356622998,site,Case Western - St Joes,103,77,0.7475728155339806,-0.05242718446601946,-0.015163720128319236
ensemble,predictive,ensemble_entropy,0.8,0.5529990069531703,687,0.7627365356622998,site,Christiana Healthcare,10,9,0.9,0.09999999999999998,0.1372634643377002
ensemble,predictive,ensemble_entropy,0.8,0.5529990069531703,687,0.7627365356622998,site,Cureline,14,9,0.6428571428571429,-0.15714285714285714,-0.11987939280515691
ensemble,predictive,ensemble_entropy,0.8,0.5529990069531703,687,0.7627365356622998,site,Dept of Neurosurgery at University of Heidelberg,48,33,0.6875,-0.11250000000000004,-0.07523653566229982
ensemble,predictive,ensemble_entropy,0.8,0.5529990069531703,687,0.7627365356622998,site,Duke,59,47,0.7966101694915254,-0.003389830508474634,0.03387363382922559
ensemble,predictive,ensemble_entropy,0.8,0.5529990069531703,687,0.7627365356622998,site,Emory University,21,18,0.8571428571428571,0.05714285714285705,0.09440632148055728
ensemble,predictive,ensemble_entropy,0.8,0.5529990069531703,687,0.7627365356622998,site,Henry Ford Hospital,173,125,0.7225433526011561,-0.07745664739884395,-0.04019318306114372
ensemble,predictive,ensemble_entropy,0.8,0.5529990069531703,687,0.7627365356622998,site,MD Anderson Cancer Center,37,30,0.8108108108108109,0.010810810810810811,0.048074275148511036
ensemble,predictive,ensemble_entropy,0.8,0.5529990069531703,687,0.7627365356622998,site,MSKCC,14,10,0.7142857142857143,-0.08571428571428574,-0.04845082137658552
ensemble,predictive,ensemble_entropy,0.8,0.5529990069531703,687,0.7627365356622998,site,The University of New South Wales,19,13,0.6842105263157895,-0.11578947368421055,-0.07852600934651033
ensemble,predictive,ensemble_entropy,0.8,0.5529990069531703,687,0.7627365356622998,site,Thomas Jefferson University,19,11,0.5789473684210527,-0.2210526315789474,-0.18378916724124716
ensemble,predictive,ensemble_entropy,0.8,0.5529990069531703,687,0.7627365356622998,site,UCSF,28,22,0.7857142857142857,-0.014285714285714346,0.02297775005198588
ensemble,predictive,ensemble_entropy,0.8,0.5529990069531703,687,0.7627365356622998,site,University of Sao Paulo,17,17,1.0,0.19999999999999996,0.23726346433770018
ensemble,predictive,ensemble_entropy,0.9,0.6280374296581339,687,0.8398835516739447,magnification,20x,159,146,0.9182389937106918,0.01823899371069182,0.07835544203674716
ensemble,predictive,ensemble_entropy,0.9,0.6280374296581339,687,0.8398835516739447,magnification,40x,528,431,0.8162878787878788,-0.08371212121212124,-0.0235956728860659
ensemble,predictive,ensemble_entropy,0.9,0.6280374296581339,687,0.8398835516739447,scanner_grp,other,169,139,0.8224852071005917,-0.07751479289940832,-0.017398344573352986
ensemble,predictive,ensemble_entropy,0.9,0.6280374296581339,687,0.8398835516739447,scanner_grp,ss1302,240,212,0.8833333333333333,-0.01666666666666672,0.04344978165938862
ensemble,predictive,ensemble_entropy,0.9,0.6280374296581339,687,0.8398835516739447,scanner_grp,ss1763cntlr,146,120,0.821917808219178,-0.07808219178082199,-0.017965743454766647
ensemble,predictive,ensemble_entropy,0.9,0.6280374296581339,687,0.8398835516739447,scanner_grp,ss1764cntlr,132,106,0.803030303030303,-0.09696969696969704,-0.0368532486436417
ensemble,predictive,ensemble_entropy,0.9,0.6280374296581339,687,0.8398835516739447,site,Case Western,69,59,0.855072463768116,-0.04492753623188406,0.01518891209417128
ensemble,predictive,ensemble_entropy,0.9,0.6280374296581339,687,0.8398835516739447,site,Case Western - St Joes,103,83,0.8058252427184466,-0.09417475728155345,-0.03405830895549811
ensemble,predictive,ensemble_entropy,0.9,0.6280374296581339,687,0.8398835516739447,site,Christiana Healthcare,10,9,0.9,0.0,0.06011644832605534
ensemble,predictive,ensemble_entropy,0.9,0.6280374296581339,687,0.8398835516739447,site,Cureline,14,12,0.8571428571428571,-0.04285714285714293,0.01725930546891241
ensemble,predictive,ensemble_entropy,0.9,0.6280374296581339,687,0.8398835516739447,site,Dept of Neurosurgery at University of Heidelberg,48,38,0.7916666666666666,-0.10833333333333339,-0.048216885007278054
ensemble,predictive,ensemble_entropy,0.9,0.6280374296581339,687,0.8398835516739447,site,Duke,59,49,0.8305084745762712,-0.06949152542372883,-0.00937507709767349
ensemble,predictive,ensemble_entropy,0.9,0.6280374296581339,687,0.8398835516739447,site,Emory University,21,21,1.0,0.09999999999999998,0.16011644832605532
ensemble,predictive,ensemble_entropy,0.9,0.6280374296581339,687,0.8398835516739447,site,Henry Ford Hospital,173,144,0.8323699421965318,-0.0676300578034682,-0.007513609477412864
ensemble,predictive,ensemble_entropy,0.9,0.6280374296581339,687,0.8398835516739447,site,MD Anderson Cancer Center,37,31,0.8378378378378378,-0.06216216216216219,-0.002045713836106855
ensemble,predictive,ensemble_entropy,0.9,0.6280374296581339,687,0.8398835516739447,site,MSKCC,14,11,0.7857142857142857,-0.11428571428571432,-0.054169265959658985
ensemble,predictive,ensemble_entropy,0.9,0.6280374296581339,687,0.8398835516739447,site,The University of New South Wales,19,16,0.8421052631578947,-0.05789473684210533,0.0022217114839500063
ensemble,predictive,ensemble_entropy,0.9,0.6280374296581339,687,0.8398835516739447,site,Thomas Jefferson University,19,14,0.7368421052631579,-0.16315789473684217,-0.10304144641078683
ensemble,predictive,ensemble_entropy,0.9,0.6280374296581339,687,0.8398835516739447,site,UCSF,28,24,0.8571428571428571,-0.04285714285714293,0.01725930546891241
ensemble,predictive,ensemble_entropy,0.9,0.6280374296581339,687,0.8398835516739447,site,University of Sao Paulo,17,17,1.0,0.09999999999999998,0.16011644832605532
hoptimus,deep_ensemble,de_aleatoric_hoptimus,0.7,0.31154869767254584,687,0.6404657933042213,magnification,20x,159,131,0.8238993710691824,0.12389937106918247,0.18343357776496116
hoptimus,deep_ensemble,de_aleatoric_hoptimus,0.7,0.31154869767254584,687,0.6404657933042213,magnification,40x,528,309,0.5852272727272727,-0.11477272727272725,-0.05523852057694856
hoptimus,deep_ensemble,de_aleatoric_hoptimus,0.7,0.31154869767254584,687,0.6404657933042213,scanner_grp,other,169,113,0.6686390532544378,-0.03136094674556211,0.028173259950216578
hoptimus,deep_ensemble,de_aleatoric_hoptimus,0.7,0.31154869767254584,687,0.6404657933042213,scanner_grp,ss1302,240,162,0.675,-0.02499999999999991,0.03453420669577878
hoptimus,deep_ensemble,de_aleatoric_hoptimus,0.7,0.31154869767254584,687,0.6404657933042213,scanner_grp,ss1763cntlr,146,93,0.636986301369863,-0.06301369863013695,-0.0034794919343582587
hoptimus,deep_ensemble,de_aleatoric_hoptimus,0.7,0.31154869767254584,687,0.6404657933042213,scanner_grp,ss1764cntlr,132,72,0.5454545454545454,-0.15454545454545454,-0.09501124784967585
hoptimus,deep_ensemble,de_aleatoric_hoptimus,0.7,0.31154869767254584,687,0.6404657933042213,site,Case Western,69,46,0.6666666666666666,-0.033333333333333326,0.026200873362445365
hoptimus,deep_ensemble,de_aleatoric_hoptimus,0.7,0.31154869767254584,687,0.6404657933042213,site,Case Western - St Joes,103,60,0.5825242718446602,-0.1174757281553398,-0.05794152145956111
hoptimus,deep_ensemble,de_aleatoric_hoptimus,0.7,0.31154869767254584,687,0.6404657933042213,site,Christiana Healthcare,10,5,0.5,-0.19999999999999996,-0.14046579330422126
hoptimus,deep_ensemble,de_aleatoric_hoptimus,0.7,0.31154869767254584,687,0.6404657933042213,site,Cureline,14,6,0.42857142857142855,-0.2714285714285714,-0.21189436473279272
hoptimus,deep_ensemble,de_aleatoric_hoptimus,0.7,0.31154869767254584,687,0.6404657933042213,site,Dept of Neurosurgery at University of Heidelberg,48,28,0.5833333333333334,-0.11666666666666659,-0.057132459970887894
hoptimus,deep_ensemble,de_aleatoric_hoptimus,0.7,0.31154869767254584,687,0.6404657933042213,site,Duke,59,44,0.7457627118644068,0.045762711864406835,0.10529691856018553
hoptimus,deep_ensemble,de_aleatoric_hoptimus,0.7,0.31154869767254584,687,0.6404657933042213,site,Emory University,21,18,0.8571428571428571,0.15714285714285714,0.21667706383863583
hoptimus,deep_ensemble,de_aleatoric_hoptimus,0.7,0.31154869767254584,687,0.6404657933042213,site,Henry Ford Hospital,173,100,0.5780346820809249,-0.12196531791907506,-0.062431111223296365
hoptimus,deep_ensemble,de_aleatoric_hoptimus,0.7,0.31154869767254584,687,0.6404657933042213,site,MD Anderson Cancer Center,37,26,0.7027027027027027,0.002702702702702786,0.06223690939848148
hoptimus,deep_ensemble,de_aleatoric_hoptimus,0.7,0.31154869767254584,687,0.6404657933042213,site,MSKCC,14,9,0.6428571428571429,-0.05714285714285705,0.00239134955292164
hoptimus,deep_ensemble,de_aleatoric_hoptimus,0.7,0.31154869767254584,687,0.6404657933042213,site,The University of New South Wales,19,10,0.5263157894736842,-0.17368421052631577,-0.11415000383053708
hoptimus,deep_ensemble,de_aleatoric_hoptimus,0.7,0.31154869767254584,687,0.6404657933042213,site,Thomas Jefferson University,19,8,0.42105263157894735,-0.2789473684210526,-0.21941316172527392
hoptimus,deep_ensemble,de_aleatoric_hoptimus,0.7,0.31154869767254584,687,0.6404657933042213,site,UCSF,28,20,0.7142857142857143,0.014285714285714346,0.07381992098149304
hoptimus,deep_ensemble,de_aleatoric_hoptimus,0.7,0.31154869767254584,687,0.6404657933042213,site,University of Sao Paulo,17,16,0.9411764705882353,0.24117647058823533,0.300710677284014
hoptimus,deep_ensemble,de_aleatoric_hoptimus,0.8,0.46449492574671886,687,0.7816593886462883,magnification,20x,159,142,0.8930817610062893,0.09308176100628929,0.11142237236000108
hoptimus,deep_ensemble,de_aleatoric_hoptimus,0.8,0.46449492574671886,687,0.7816593886462883,magnification,40x,528,395,0.7481060606060606,-0.05189393939393949,-0.0335533280402277
hoptimus,deep_ensemble,de_aleatoric_hoptimus,0.8,0.46449492574671886,687,0.7816593886462883,scanner_grp,other,169,129,0.7633136094674556,-0.03668639053254441,-0.018345779178832622
hoptimus,deep_ensemble,de_aleatoric_hoptimus,0.8,0.46449492574671886,687,0.7816593886462883,scanner_grp,ss1302,240,202,0.8416666666666667,0.04166666666666663,0.06000727802037842
hoptimus,deep_ensemble,de_aleatoric_hoptimus,0.8,0.46449492574671886,687,0.7816593886462883,scanner_grp,ss1763cntlr,146,114,0.7808219178082192,-0.019178082191780854,-0.0008374708380690654
hoptimus,deep_ensemble,de_aleatoric_hoptimus,0.8,0.46449492574671886,687,0.7816593886462883,scanner_grp,ss1764cntlr,132,92,0.696969696969697,-0.10303030303030303,-0.08468969167659124
hoptimus,deep_ensemble,de_aleatoric_hoptimus,0.8,0.46449492574671886,687,0.7816593886462883,site,Case Western,69,59,0.855072463768116,0.05507246376811592,0.07341307512182771
hoptimus,deep_ensemble,de_aleatoric_hoptimus,0.8,0.46449492574671886,687,0.7816593886462883,site,Case Western - St Joes,103,77,0.7475728155339806,-0.05242718446601946,-0.03408657311230767
hoptimus,deep_ensemble,de_aleatoric_hoptimus,0.8,0.46449492574671886,687,0.7816593886462883,site,Christiana Healthcare,10,8,0.8,0.0,0.01834061135371179
hoptimus,deep_ensemble,de_aleatoric_hoptimus,0.8,0.46449492574671886,687,0.7816593886462883,site,Cureline,14,9,0.6428571428571429,-0.15714285714285714,-0.13880224578914535
hoptimus,deep_ensemble,de_aleatoric_hoptimus,0.8,0.46449492574671886,687,0.7816593886462883,site,Dept of Neurosurgery at University of Heidelberg,48,32,0.6666666666666666,-0.13333333333333341,-0.11499272197962163
hoptimus,deep_ensemble,de_aleatoric_hoptimus,0.8,0.46449492574671886,687,0.7816593886462883,site,Duke,59,49,0.8305084745762712,0.03050847457627115,0.04884908592998294
hoptimus,deep_ensemble,de_aleatoric_hoptimus,0.8,0.46449492574671886,687,0.7816593886462883,site,Emory University,21,19,0.9047619047619048,0.10476190476190472,0.12310251611561651
hoptimus,deep_ensemble,de_aleatoric_hoptimus,0.8,0.46449492574671886,687,0.7816593886462883,site,Henry Ford Hospital,173,130,0.7514450867052023,-0.048554913294797775,-0.030214301941085986
hoptimus,deep_ensemble,de_aleatoric_hoptimus,0.8,0.46449492574671886,687,0.7816593886462883,site,MD Anderson Cancer Center,37,28,0.7567567567567568,-0.043243243243243246,-0.024902631889531457
hoptimus,deep_ensemble,de_aleatoric_hoptimus,0.8,0.46449492574671886,687,0.7816593886462883,site,MSKCC,14,10,0.7142857142857143,-0.08571428571428574,-0.06737367436057395
hoptimus,deep_ensemble,de_aleatoric_hoptimus,0.8,0.46449492574671886,687,0.7816593886462883,site,The University of New South Wales,19,14,0.7368421052631579,-0.06315789473684219,-0.0448172833831304
hoptimus,deep_ensemble,de_aleatoric_hoptimus,0.8,0.46449492574671886,687,0.7816593886462883,site,Thomas Jefferson University,19,16,0.8421052631578947,0.042105263157894646,0.060445874511606434
hoptimus,deep_ensemble,de_aleatoric_hoptimus,0.8,0.46449492574671886,687,0.7816593886462883,site,UCSF,28,23,0.8214285714285714,0.021428571428571352,0.03976918278228314
hoptimus,deep_ensemble,de_aleatoric_hoptimus,0.8,0.46449492574671886,687,0.7816593886462883,site,University of Sao Paulo,17,17,1.0,0.19999999999999996,0.21834061135371174
hoptimus,deep_ensemble,de_aleatoric_hoptimus,0.9,0.5446444271379548,687,0.868995633187773,magnification,20x,159,147,0.9245283018867925,0.024528301886792447,0.055532668699019516
hoptimus,deep_ensemble,de_aleatoric_hoptimus,0.9,0.5446444271379548,687,0.868995633187773,magnification,40x,528,450,0.8522727272727273,-0.04772727272727273,-0.01672290591504566
hoptimus,deep_ensemble,de_aleatoric_hoptimus,0.9,0.5446444271379548,687,0.868995633187773,scanner_grp,other,169,146,0.863905325443787,-0.03609467455621307,-0.005090307743986
hoptimus,deep_ensemble,de_aleatoric_hoptimus,0.9,0.5446444271379548,687,0.868995633187773,scanner_grp,ss1302,240,216,0.9,0.0,0.03100436681222707
hoptimus,deep_ensemble,de_aleatoric_hoptimus,0.9,0.5446444271379548,687,0.868995633187773,scanner_grp,ss1763cntlr,146,125,0.8561643835616438,-0.043835616438356206,-0.012831249626129138
hoptimus,deep_ensemble,de_aleatoric_hoptimus,0.9,0.5446444271379548,687,0.868995633187773,scanner_grp,ss1764cntlr,132,110,0.8333333333333334,-0.06666666666666665,-0.03566229985443958
hoptimus,deep_ensemble,de_aleatoric_hoptimus,0.9,0.5446444271379548,687,0.868995633187773,site,Case Western,69,64,0.927536231884058,0.02753623188405796,0.05854059869628503
hoptimus,deep_ensemble,de_aleatoric_hoptimus,0.9,0.5446444271379548,687,0.868995633187773,site,Case Western - St Joes,103,90,0.8737864077669902,-0.026213592233009786,0.004790774579217283
hoptimus,deep_ensemble,de_aleatoric_hoptimus,0.9,0.5446444271379548,687,0.868995633187773,site,Christiana Healthcare,10,10,1.0,0.09999999999999998,0.13100436681222705
hoptimus,deep_ensemble,de_aleatoric_hoptimus,0.9,0.5446444271379548,687,0.868995633187773,site,Cureline,14,10,0.7142857142857143,-0.18571428571428572,-0.15470991890205865
hoptimus,deep_ensemble,de_aleatoric_hoptimus,0.9,0.5446444271379548,687,0.868995633187773,site,Dept of Neurosurgery at University of Heidelberg,48,38,0.7916666666666666,-0.10833333333333339,-0.07732896652110632
hoptimus,deep_ensemble,de_aleatoric_hoptimus,0.9,0.5446444271379548,687,0.868995633187773,site,Duke,59,53,0.8983050847457628,-0.0016949152542372614,0.029309451557989807
hoptimus,deep_ensemble,de_aleatoric_hoptimus,0.9,0.5446444271379548,687,0.868995633187773,site,Emory University,21,19,0.9047619047619048,0.004761904761904745,0.035766271574131814
hoptimus,deep_ensemble,de_aleatoric_hoptimus,0.9,0.5446444271379548,687,0.868995633187773,site,Henry Ford Hospital,173,145,0.838150289017341,-0.06184971098265901,-0.030845344170431943
hoptimus,deep_ensemble,de_aleatoric_hoptimus,0.9,0.5446444271379548,687,0.868995633187773,site,MD Anderson Cancer Center,37,32,0.8648648648648649,-0.03513513513513511,-0.0041307683229080405
hoptimus,deep_ensemble,de_aleatoric_hoptimus,0.9,0.5446444271379548,687,0.868995633187773,site,MSKCC,14,11,0.7857142857142857,-0.11428571428571432,-0.08328134747348725
hoptimus,deep_ensemble,de_aleatoric_hoptimus,0.9,0.5446444271379548,687,0.868995633187773,site,The University of New South Wales,19,15,0.7894736842105263,-0.1105263157894737,-0.07952194897724663
hoptimus,deep_ensemble,de_aleatoric_hoptimus,0.9,0.5446444271379548,687,0.868995633187773,site,Thomas Jefferson University,19,17,0.8947368421052632,-0.0052631578947368585,0.02574120891749021
hoptimus,deep_ensemble,de_aleatoric_hoptimus,0.9,0.5446444271379548,687,0.868995633187773,site,UCSF,28,24,0.8571428571428571,-0.04285714285714293,-0.011852776044915858
hoptimus,deep_ensemble,de_aleatoric_hoptimus,0.9,0.5446444271379548,687,0.868995633187773,site,University of Sao Paulo,17,17,1.0,0.09999999999999998,0.13100436681222705
hoptimus,epistemic,within_encoder_mi_hoptimus,0.7,0.02432658117101046,687,0.6899563318777293,magnification,20x,159,137,0.8616352201257862,0.16163522012578624,0.17167888824805688
hoptimus,epistemic,within_encoder_mi_hoptimus,0.7,0.02432658117101046,687,0.6899563318777293,magnification,40x,528,337,0.6382575757575758,-0.061742424242424154,-0.05169875612015351
hoptimus,epistemic,within_encoder_mi_hoptimus,0.7,0.02432658117101046,687,0.6899563318777293,scanner_grp,other,169,127,0.7514792899408284,0.0514792899408284,0.06152295806309904
hoptimus,epistemic,within_encoder_mi_hoptimus,0.7,0.02432658117101046,687,0.6899563318777293,scanner_grp,ss1302,240,183,0.7625,0.0625,0.07254366812227064
hoptimus,epistemic,within_encoder_mi_hoptimus,0.7,0.02432658117101046,687,0.6899563318777293,scanner_grp,ss1763cntlr,146,91,0.6232876712328768,-0.0767123287671232,-0.06666866064485255
hoptimus,epistemic,within_encoder_mi_hoptimus,0.7,0.02432658117101046,687,0.6899563318777293,scanner_grp,ss1764cntlr,132,73,0.553030303030303,-0.14696969696969697,-0.13692602884742633
hoptimus,epistemic,within_encoder_mi_hoptimus,0.7,0.02432658117101046,687,0.6899563318777293,site,Case Western,69,51,0.7391304347826086,0.03913043478260869,0.049174102904879335
hoptimus,epistemic,within_encoder_mi_hoptimus,0.7,0.02432658117101046,687,0.6899563318777293,site,Case Western - St Joes,103,53,0.5145631067961165,-0.18543689320388346,-0.1753932250816128
hoptimus,epistemic,within_encoder_mi_hoptimus,0.7,0.02432658117101046,687,0.6899563318777293,site,Christiana Healthcare,10,8,0.8,0.10000000000000009,0.11004366812227073
hoptimus,epistemic,within_encoder_mi_hoptimus,0.7,0.02432658117101046,687,0.6899563318777293,site,Cureline,14,4,0.2857142857142857,-0.41428571428571426,-0.4042420461634436
hoptimus,epistemic,within_encoder_mi_hoptimus,0.7,0.02432658117101046,687,0.6899563318777293,site,Dept of Neurosurgery at University of Heidelberg,48,26,0.5416666666666666,-0.15833333333333333,-0.14828966521106268
hoptimus,epistemic,within_encoder_mi_hoptimus,0.7,0.02432658117101046,687,0.6899563318777293,site,Duke,59,47,0.7966101694915254,0.09661016949152545,0.1066538376137961
hoptimus,epistemic,within_encoder_mi_hoptimus,0.7,0.02432658117101046,687,0.6899563318777293,site,Emory University,21,18,0.8571428571428571,0.15714285714285714,0.16718652526512778
hoptimus,epistemic,within_encoder_mi_hoptimus,0.7,0.02432658117101046,687,0.6899563318777293,site,Henry Ford Hospital,173,129,0.7456647398843931,0.045664739884393124,0.05570840800666377
hoptimus,epistemic,within_encoder_mi_hoptimus,0.7,0.02432658117101046,687,0.6899563318777293,site,MD Anderson Cancer Center,37,28,0.7567567567567568,0.05675675675675684,0.06680042487902749
hoptimus,epistemic,within_encoder_mi_hoptimus,0.7,0.02432658117101046,687,0.6899563318777293,site,MSKCC,14,9,0.6428571428571429,-0.05714285714285705,-0.04709918902058641
hoptimus,epistemic,within_encoder_mi_hoptimus,0.7,0.02432658117101046,687,0.6899563318777293,site,The University of New South Wales,19,11,0.5789473684210527,-0.1210526315789473,-0.11100896345667666
hoptimus,epistemic,within_encoder_mi_hoptimus,0.7,0.02432658117101046,687,0.6899563318777293,site,Thomas Jefferson University,19,10,0.5263157894736842,-0.17368421052631577,-0.16364054240404513
hoptimus,epistemic,within_encoder_mi_hoptimus,0.7,0.02432658117101046,687,0.6899563318777293,site,UCSF,28,20,0.7142857142857143,0.014285714285714346,0.02432938240798499
hoptimus,epistemic,within_encoder_mi_hoptimus,0.7,0.02432658117101046,687,0.6899563318777293,site,University of Sao Paulo,17,13,0.7647058823529411,0.06470588235294117,0.07474955047521181
hoptimus,epistemic,within_encoder_mi_hoptimus,0.8,0.04984861286220661,687,0.8442503639010189,magnification,20x,159,151,0.949685534591195,0.14968553459119494,0.10543517069017605
hoptimus,epistemic,within_encoder_mi_hoptimus,0.8,0.04984861286220661,687,0.8442503639010189,magnification,40x,528,429,0.8125,0.012499999999999956,-0.03175036390101893
hoptimus,epistemic,within_encoder_mi_hoptimus,0.8,0.04984861286220661,687,0.8442503639010189,scanner_grp,other,169,152,0.8994082840236687,0.09940828402366864,0.05515792012264975
hoptimus,epistemic,within_encoder_mi_hoptimus,0.8,0.04984861286220661,687,0.8442503639010189,scanner_grp,ss1302,240,215,0.8958333333333334,0.09583333333333333,0.05158296943231444
hoptimus,epistemic,within_encoder_mi_hoptimus,0.8,0.04984861286220661,687,0.8442503639010189,scanner_grp,ss1763cntlr,146,115,0.7876712328767124,-0.012328767123287676,-0.05657913102430656
hoptimus,epistemic,within_encoder_mi_hoptimus,0.8,0.04984861286220661,687,0.8442503639010189,scanner_grp,ss1764cntlr,132,98,0.7424242424242424,-0.05757575757575761,-0.1018261214767765
hoptimus,epistemic,within_encoder_mi_hoptimus,0.8,0.04984861286220661,687,0.8442503639010189,site,Case Western,69,62,0.8985507246376812,0.09855072463768111,0.05430036073666222
hoptimus,epistemic,within_encoder_mi_hoptimus,0.8,0.04984861286220661,687,0.8442503639010189,site,Case Western - St Joes,103,73,0.7087378640776699,-0.09126213592233012,-0.135512499823349
hoptimus,epistemic,within_encoder_mi_hoptimus,0.8,0.04984861286220661,687,0.8442503639010189,site,Christiana Healthcare,10,8,0.8,0.0,-0.044250363901018885
hoptimus,epistemic,within_encoder_mi_hoptimus,0.8,0.04984861286220661,687,0.8442503639010189,site,Cureline,14,8,0.5714285714285714,-0.22857142857142865,-0.27282179247244753
hoptimus,epistemic,within_encoder_mi_hoptimus,0.8,0.04984861286220661,687,0.8442503639010189,site,Dept of Neurosurgery at University of Heidelberg,48,37,0.7708333333333334,-0.029166666666666674,-0.07341703056768556
hoptimus,epistemic,within_encoder_mi_hoptimus,0.8,0.04984861286220661,687,0.8442503639010189,site,Duke,59,53,0.8983050847457628,0.09830508474576272,0.05405472084474383
hoptimus,epistemic,within_encoder_mi_hoptimus,0.8,0.04984861286220661,687,0.8442503639010189,site,Emory University,21,20,0.9523809523809523,0.15238095238095228,0.1081305884799334
hoptimus,epistemic,within_encoder_mi_hoptimus,0.8,0.04984861286220661,687,0.8442503639010189,site,Henry Ford Hospital,173,156,0.9017341040462428,0.10173410404624272,0.05748374014522384
hoptimus,epistemic,within_encoder_mi_hoptimus,0.8,0.04984861286220661,687,0.8442503639010189,site,MD Anderson Cancer Center,37,34,0.918918918918919,0.11891891891891893,0.07466855501790004
hoptimus,epistemic,within_encoder_mi_hoptimus,0.8,0.04984861286220661,687,0.8442503639010189,site,MSKCC,14,13,0.9285714285714286,0.12857142857142856,0.08432106467040967
hoptimus,epistemic,within_encoder_mi_hoptimus,0.8,0.04984861286220661,687,0.8442503639010189,site,The University of New South Wales,19,13,0.6842105263157895,-0.11578947368421055,-0.16003983758522944
hoptimus,epistemic,within_encoder_mi_hoptimus,0.8,0.04984861286220661,687,0.8442503639010189,site,Thomas Jefferson University,19,13,0.6842105263157895,-0.11578947368421055,-0.16003983758522944
hoptimus,epistemic,within_encoder_mi_hoptimus,0.8,0.04984861286220661,687,0.8442503639010189,site,UCSF,28,26,0.9285714285714286,0.12857142857142856,0.08432106467040967
hoptimus,epistemic,within_encoder_mi_hoptimus,0.8,0.04984861286220661,687,0.8442503639010189,site,University of Sao Paulo,17,14,0.8235294117647058,0.0235294117647058,-0.020720952136313087
hoptimus,epistemic,within_encoder_mi_hoptimus,0.9,0.15773265867024136,687,0.9810771470160117,magnification,20x,159,158,0.9937106918238994,0.09371069182389935,0.012633544807887698
hoptimus,epistemic,within_encoder_mi_hoptimus,0.9,0.15773265867024136,687,0.9810771470160117,magnification,40x,528,516,0.9772727272727273,0.07727272727272727,-0.003804419743284382
hoptimus,epistemic,within_encoder_mi_hoptimus,0.9,0.15773265867024136,687,0.9810771470160117,scanner_grp,other,169,168,0.9940828402366864,0.09408284023668634,0.013005693220674686
hoptimus,epistemic,within_encoder_mi_hoptimus,0.9,0.15773265867024136,687,0.9810771470160117,scanner_grp,ss1302,240,236,0.9833333333333333,0.08333333333333326,0.002256186317321607
hoptimus,epistemic,within_encoder_mi_hoptimus,0.9,0.15773265867024136,687,0.9810771470160117,scanner_grp,ss1763cntlr,146,141,0.9657534246575342,0.0657534246575342,-0.015323722358477454
hoptimus,epistemic,within_encoder_mi_hoptimus,0.9,0.15773265867024136,687,0.9810771470160117,scanner_grp,ss1764cntlr,132,129,0.9772727272727273,0.07727272727272727,-0.003804419743284382
hoptimus,epistemic,within_encoder_mi_hoptimus,0.9,0.15773265867024136,687,0.9810771470160117,site,Case Western,69,66,0.9565217391304348,0.05652173913043479,-0.024555407885576863
hoptimus,epistemic,within_encoder_mi_hoptimus,0.9,0.15773265867024136,687,0.9810771470160117,site,Case Western - St Joes,103,98,0.9514563106796117,0.05145631067961165,-0.029620836336400003
hoptimus,epistemic,within_encoder_mi_hoptimus,0.9,0.15773265867024136,687,0.9810771470160117,site,Christiana Healthcare,10,10,1.0,0.09999999999999998,0.018922852983988325
hoptimus,epistemic,within_encoder_mi_hoptimus,0.9,0.15773265867024136,687,0.9810771470160117,site,Cureline,14,13,0.9285714285714286,0.02857142857142858,-0.05250571844458307
hoptimus,epistemic,within_encoder_mi_hoptimus,0.9,0.15773265867024136,687,0.9810771470160117,site,Dept of Neurosurgery at University of Heidelberg,48,48,1.0,0.09999999999999998,0.018922852983988325
hoptimus,epistemic,within_encoder_mi_hoptimus,0.9,0.15773265867024136,687,0.9810771470160117,site,Duke,59,59,1.0,0.09999999999999998,0.018922852983988325
hoptimus,epistemic,within_encoder_mi_hoptimus,0.9,0.15773265867024136,687,0.9810771470160117,site,Emory University,21,20,0.9523809523809523,0.052380952380952306,-0.028696194635059347
hoptimus,epistemic,within_encoder_mi_hoptimus,0.9,0.15773265867024136,687,0.9810771470160117,site,Henry Ford Hospital,173,171,0.9884393063583815,0.08843930635838149,0.007362159342369834
hoptimus,epistemic,within_encoder_mi_hoptimus,0.9,0.15773265867024136,687,0.9810771470160117,site,MD Anderson Cancer Center,37,37,1.0,0.09999999999999998,0.018922852983988325
hoptimus,epistemic,within_encoder_mi_hoptimus,0.9,0.15773265867024136,687,0.9810771470160117,site,MSKCC,14,14,1.0,0.09999999999999998,0.018922852983988325
hoptimus,epistemic,within_encoder_mi_hoptimus,0.9,0.15773265867024136,687,0.9810771470160117,site,The University of New South Wales,19,19,1.0,0.09999999999999998,0.018922852983988325
hoptimus,epistemic,within_encoder_mi_hoptimus,0.9,0.15773265867024136,687,0.9810771470160117,site,Thomas Jefferson University,19,19,1.0,0.09999999999999998,0.018922852983988325
hoptimus,epistemic,within_encoder_mi_hoptimus,0.9,0.15773265867024136,687,0.9810771470160117,site,UCSF,28,28,1.0,0.09999999999999998,0.018922852983988325
hoptimus,epistemic,within_encoder_mi_hoptimus,0.9,0.15773265867024136,687,0.9810771470160117,site,University of Sao Paulo,17,17,1.0,0.09999999999999998,0.018922852983988325
hoptimus,laplace,laplace_epistemic_mi_hoptimus,0.7,0.04094837022,687,0.6433770014556041,magnification,20x,159,134,0.8427672955974843,0.14276729559748436,0.19939029414188025
hoptimus,laplace,laplace_epistemic_mi_hoptimus,0.7,0.04094837022,687,0.6433770014556041,magnification,40x,528,308,0.5833333333333334,-0.11666666666666659,-0.06004366812227069
hoptimus,laplace,laplace_epistemic_mi_hoptimus,0.7,0.04094837022,687,0.6433770014556041,scanner_grp,other,169,114,0.6745562130177515,-0.025443786982248473,0.031179211562147424
hoptimus,laplace,laplace_epistemic_mi_hoptimus,0.7,0.04094837022,687,0.6433770014556041,scanner_grp,ss1302,240,171,0.7125,0.012500000000000067,0.06912299854439596
hoptimus,laplace,laplace_epistemic_mi_hoptimus,0.7,0.04094837022,687,0.6433770014556041,scanner_grp,ss1763cntlr,146,92,0.6301369863013698,-0.06986301369863013,-0.01324001515423423
hoptimus,laplace,laplace_epistemic_mi_hoptimus,0.7,0.04094837022,687,0.6433770014556041,scanner_grp,ss1764cntlr,132,65,0.49242424242424243,-0.20757575757575752,-0.15095275903136163
hoptimus,laplace,laplace_epistemic_mi_hoptimus,0.7,0.04094837022,687,0.6433770014556041,site,Case Western,69,49,0.7101449275362319,0.010144927536231974,0.06676792608062787
hoptimus,laplace,laplace_epistemic_mi_hoptimus,0.7,0.04094837022,687,0.6433770014556041,site,Case Western - St Joes,103,58,0.5631067961165048,-0.13689320388349513,-0.08027020533909923
hoptimus,laplace,laplace_epistemic_mi_hoptimus,0.7,0.04094837022,687,0.6433770014556041,site,Christiana Healthcare,10,7,0.7,0.0,0.0566229985443959
hoptimus,laplace,laplace_epistemic_mi_hoptimus,0.7,0.04094837022,687,0.6433770014556041,site,Cureline,14,6,0.42857142857142855,-0.2714285714285714,-0.2148055728841755
hoptimus,laplace,laplace_epistemic_mi_hoptimus,0.7,0.04094837022,687,0.6433770014556041,site,Dept of Neurosurgery at University of Heidelberg,48,24,0.5,-0.19999999999999996,-0.14337700145560406
hoptimus,laplace,laplace_epistemic_mi_hoptimus,0.7,0.04094837022,687,0.6433770014556041,site,Duke,59,45,0.7627118644067796,0.06271186440677967,0.11933486295117557
hoptimus,laplace,laplace_epistemic_mi_hoptimus,0.7,0.04094837022,687,0.6433770014556041,site,Emory University,21,17,0.8095238095238095,0.10952380952380958,0.16614680806820548
hoptimus,laplace,laplace_epistemic_mi_hoptimus,0.7,0.04094837022,687,0.6433770014556041,site,Henry Ford Hospital,173,103,0.5953757225433526,-0.10462427745664737,-0.04800127891225148
hoptimus,laplace,laplace_epistemic_mi_hoptimus,0.7,0.04094837022,687,0.6433770014556041,site,MD Anderson Cancer Center,37,27,0.7297297297297297,0.02972972972972976,0.08635272827412566
hoptimus,laplace,laplace_epistemic_mi_hoptimus,0.7,0.04094837022,687,0.6433770014556041,site,MSKCC,14,9,0.6428571428571429,-0.05714285714285705,-0.0005198585984611537
hoptimus,laplace,laplace_epistemic_mi_hoptimus,0.7,0.04094837022,687,0.6433770014556041,site,The University of New South Wales,19,9,0.47368421052631576,-0.2263157894736842,-0.1696927909292883
hoptimus,laplace,laplace_epistemic_mi_hoptimus,0.7,0.04094837022,687,0.6433770014556041,site,Thomas Jefferson University,19,9,0.47368421052631576,-0.2263157894736842,-0.1696927909292883
hoptimus,laplace,laplace_epistemic_mi_hoptimus,0.7,0.04094837022,687,0.6433770014556041,site,UCSF,28,22,0.7857142857142857,0.08571428571428574,0.14233728425868164
hoptimus,laplace,laplace_epistemic_mi_hoptimus,0.7,0.04094837022,687,0.6433770014556041,site,University of Sao Paulo,17,15,0.8823529411764706,0.1823529411764706,0.2389759397208665
hoptimus,laplace,laplace_epistemic_mi_hoptimus,0.8,0.05770816212,687,0.7510917030567685,magnification,20x,159,143,0.89937106918239,0.09937106918238992,0.14827936612562143
hoptimus,laplace,laplace_epistemic_mi_hoptimus,0.8,0.05770816212,687,0.7510917030567685,magnification,40x,528,373,0.7064393939393939,-0.09356060606060612,-0.04465230911737461
hoptimus,laplace,laplace_epistemic_mi_hoptimus,0.8,0.05770816212,687,0.7510917030567685,scanner_grp,other,169,124,0.7337278106508875,-0.0662721893491125,-0.017363892405880987
hoptimus,laplace,laplace_epistemic_mi_hoptimus,0.8,0.05770816212,687,0.7510917030567685,scanner_grp,ss1302,240,194,0.8083333333333333,0.008333333333333304,0.057241630276564814
hoptimus,laplace,laplace_epistemic_mi_hoptimus,0.8,0.05770816212,687,0.7510917030567685,scanner_grp,ss1763cntlr,146,112,0.7671232876712328,-0.03287671232876721,0.0160315846144643
hoptimus,laplace,laplace_epistemic_mi_hoptimus,0.8,0.05770816212,687,0.7510917030567685,scanner_grp,ss1764cntlr,132,86,0.6515151515151515,-0.14848484848484855,-0.09957655154161704
hoptimus,laplace,laplace_epistemic_mi_hoptimus,0.8,0.05770816212,687,0.7510917030567685,site,Case Western,69,57,0.8260869565217391,0.02608695652173909,0.0749952534649706
hoptimus,laplace,laplace_epistemic_mi_hoptimus,0.8,0.05770816212,687,0.7510917030567685,site,Case Western - St Joes,103,68,0.6601941747572816,-0.13980582524271845,-0.09089752829948694
hoptimus,laplace,laplace_epistemic_mi_hoptimus,0.8,0.05770816212,687,0.7510917030567685,site,Christiana Healthcare,10,8,0.8,0.0,0.04890829694323151
hoptimus,laplace,laplace_epistemic_mi_hoptimus,0.8,0.05770816212,687,0.7510917030567685,site,Cureline,14,9,0.6428571428571429,-0.15714285714285714,-0.10823456019962563
hoptimus,laplace,laplace_epistemic_mi_hoptimus,0.8,0.05770816212,687,0.7510917030567685,site,Dept of Neurosurgery at University of Heidelberg,48,31,0.6458333333333334,-0.15416666666666667,-0.10525836972343516
hoptimus,laplace,laplace_epistemic_mi_hoptimus,0.8,0.05770816212,687,0.7510917030567685,site,Duke,59,50,0.847457627118644,0.047457627118643986,0.0963659240618755
hoptimus,laplace,laplace_epistemic_mi_hoptimus,0.8,0.05770816212,687,0.7510917030567685,site,Emory University,21,19,0.9047619047619048,0.10476190476190472,0.15367020170513623
hoptimus,laplace,laplace_epistemic_mi_hoptimus,0.8,0.05770816212,687,0.7510917030567685,site,Henry Ford Hospital,173,122,0.7052023121387283,-0.09479768786127174,-0.04588939091804023
hoptimus,laplace,laplace_epistemic_mi_hoptimus,0.8,0.05770816212,687,0.7510917030567685,site,MD Anderson Cancer Center,37,29,0.7837837837837838,-0.016216216216216273,0.03269208072701524
hoptimus,laplace,laplace_epistemic_mi_hoptimus,0.8,0.05770816212,687,0.7510917030567685,site,MSKCC,14,10,0.7142857142857143,-0.08571428571428574,-0.03680598877105423
hoptimus,laplace,laplace_epistemic_mi_hoptimus,0.8,0.05770816212,687,0.7510917030567685,site,The University of New South Wales,19,13,0.6842105263157895,-0.11578947368421055,-0.06688117674097904
hoptimus,laplace,laplace_epistemic_mi_hoptimus,0.8,0.05770816212,687,0.7510917030567685,site,Thomas Jefferson University,19,13,0.6842105263157895,-0.11578947368421055,-0.06688117674097904
hoptimus,laplace,laplace_epistemic_mi_hoptimus,0.8,0.05770816212,687,0.7510917030567685,site,UCSF,28,24,0.8571428571428571,0.05714285714285705,0.10605115408608856
hoptimus,laplace,laplace_epistemic_mi_hoptimus,0.8,0.05770816212,687,0.7510917030567685,site,University of Sao Paulo,17,16,0.9411764705882353,0.14117647058823524,0.19008476753146675
hoptimus,laplace,laplace_epistemic_mi_hoptimus,0.9,0.0710758968,687,0.834061135371179,magnification,20x,159,152,0.9559748427672956,0.055974842767295585,0.12191370739611662
hoptimus,laplace,laplace_epistemic_mi_hoptimus,0.9,0.0710758968,687,0.834061135371179,magnification,40x,528,421,0.7973484848484849,-0.10265151515151516,-0.036712650522694124
hoptimus,laplace,laplace_epistemic_mi_hoptimus,0.9,0.0710758968,687,0.834061135371179,scanner_grp,other,169,139,0.8224852071005917,-0.07751479289940832,-0.011575928270587288
hoptimus,laplace,laplace_epistemic_mi_hoptimus,0.9,0.0710758968,687,0.834061135371179,scanner_grp,ss1302,240,212,0.8833333333333333,-0.01666666666666672,0.04927219796215432
hoptimus,laplace,laplace_epistemic_mi_hoptimus,0.9,0.0710758968,687,0.834061135371179,scanner_grp,ss1763cntlr,146,122,0.8356164383561644,-0.06438356164383563,0.0015553029849854072
hoptimus,laplace,laplace_epistemic_mi_hoptimus,0.9,0.0710758968,687,0.834061135371179,scanner_grp,ss1764cntlr,132,100,0.7575757575757576,-0.14242424242424245,-0.07648537779542142
hoptimus,laplace,laplace_epistemic_mi_hoptimus,0.9,0.0710758968,687,0.834061135371179,site,Case Western,69,60,0.8695652173913043,-0.0304347826086957,0.03550408202012534
hoptimus,laplace,laplace_epistemic_mi_hoptimus,0.9,0.0710758968,687,0.834061135371179,site,Case Western - St Joes,103,82,0.7961165048543689,-0.10388349514563111,-0.037944630516810074
hoptimus,laplace,laplace_epistemic_mi_hoptimus,0.9,0.0710758968,687,0.834061135371179,site,Christiana Healthcare,10,8,0.8,-0.09999999999999998,-0.03406113537117894
hoptimus,laplace,laplace_epistemic_mi_hoptimus,0.9,0.0710758968,687,0.834061135371179,site,Cureline,14,11,0.7857142857142857,-0.11428571428571432,-0.04834684965689329
hoptimus,laplace,laplace_epistemic_mi_hoptimus,0.9,0.0710758968,687,0.834061135371179,site,Dept of Neurosurgery at University of Heidelberg,48,33,0.6875,-0.21250000000000002,-0.14656113537117899
hoptimus,laplace,laplace_epistemic_mi_hoptimus,0.9,0.0710758968,687,0.834061135371179,site,Duke,59,55,0.9322033898305084,0.03220338983050841,0.09814225445932945
hoptimus,laplace,laplace_epistemic_mi_hoptimus,0.9,0.0710758968,687,0.834061135371179,site,Emory University,21,20,0.9523809523809523,0.052380952380952306,0.11831981700977334
hoptimus,laplace,laplace_epistemic_mi_hoptimus,0.9,0.0710758968,687,0.834061135371179,site,Henry Ford Hospital,173,140,0.8092485549132948,-0.09075144508670518,-0.024812580457884148
hoptimus,laplace,laplace_epistemic_mi_hoptimus,0.9,0.0710758968,687,0.834061135371179,site,MD Anderson Cancer Center,37,32,0.8648648648648649,-0.03513513513513511,0.030803729493685927
hoptimus,laplace,laplace_epistemic_mi_hoptimus,0.9,0.0710758968,687,0.834061135371179,site,MSKCC,14,12,0.8571428571428571,-0.04285714285714293,0.02308172177167811
hoptimus,laplace,laplace_epistemic_mi_hoptimus,0.9,0.0710758968,687,0.834061135371179,site,The University of New South Wales,19,14,0.7368421052631579,-0.16315789473684217,-0.09721903010802113
hoptimus,laplace,laplace_epistemic_mi_hoptimus,0.9,0.0710758968,687,0.834061135371179,site,Thomas Jefferson University,19,15,0.7894736842105263,-0.1105263157894737,-0.04458745116065266
hoptimus,laplace,laplace_epistemic_mi_hoptimus,0.9,0.0710758968,687,0.834061135371179,site,UCSF,28,25,0.8928571428571429,-0.0071428571428571175,0.05879600748596392
hoptimus,laplace,laplace_epistemic_mi_hoptimus,0.9,0.0710758968,687,0.834061135371179,site,University of Sao Paulo,17,17,1.0,0.09999999999999998,0.16593886462882101
hoptimus,mc_dropout,mc_aleatoric_hoptimus,0.7,0.31161533512533635,687,0.6593886462882096,magnification,20x,159,135,0.8490566037735849,0.14905660377358498,0.18966795748537535
hoptimus,mc_dropout,mc_aleatoric_hoptimus,0.7,0.31161533512533635,687,0.6593886462882096,magnification,40x,528,318,0.6022727272727273,-0.09772727272727266,-0.0571159190154823
hoptimus,mc_dropout,mc_aleatoric_hoptimus,0.7,0.31161533512533635,687,0.6593886462882096,scanner_grp,other,169,117,0.6923076923076923,-0.007692307692307665,0.0329190460194827
hoptimus,mc_dropout,mc_aleatoric_hoptimus,0.7,0.31161533512533635,687,0.6593886462882096,scanner_grp,ss1302,240,173,0.7208333333333333,0.02083333333333337,0.061444687045123736
hoptimus,mc_dropout,mc_aleatoric_hoptimus,0.7,0.31161533512533635,687,0.6593886462882096,scanner_grp,ss1763cntlr,146,92,0.6301369863013698,-0.06986301369863013,-0.029251659986839762
hoptimus,mc_dropout,mc_aleatoric_hoptimus,0.7,0.31161533512533635,687,0.6593886462882096,scanner_grp,ss1764cntlr,132,71,0.5378787878787878,-0.1621212121212121,-0.12150985840942174
hoptimus,mc_dropout,mc_aleatoric_hoptimus,0.7,0.31161533512533635,687,0.6593886462882096,site,Case Western,69,51,0.7391304347826086,0.03913043478260869,0.07974178849439906
hoptimus,mc_dropout,mc_aleatoric_hoptimus,0.7,0.31161533512533635,687,0.6593886462882096,site,Case Western - St Joes,103,57,0.5533980582524272,-0.1466019417475728,-0.10599058803578243
hoptimus,mc_dropout,mc_aleatoric_hoptimus,0.7,0.31161533512533635,687,0.6593886462882096,site,Christiana Healthcare,10,7,0.7,0.0,0.040611353711790366
hoptimus,mc_dropout,mc_aleatoric_hoptimus,0.7,0.31161533512533635,687,0.6593886462882096,site,Cureline,14,6,0.42857142857142855,-0.2714285714285714,-0.23081721771678104
hoptimus,mc_dropout,mc_aleatoric_hoptimus,0.7,0.31161533512533635,687,0.6593886462882096,site,Dept of Neurosurgery at University of Heidelberg,48,27,0.5625,-0.13749999999999996,-0.09688864628820959
hoptimus,mc_dropout,mc_aleatoric_hoptimus,0.7,0.31161533512533635,687,0.6593886462882096,site,Duke,59,47,0.7966101694915254,0.09661016949152545,0.13722152320331582
hoptimus,mc_dropout,mc_aleatoric_hoptimus,0.7,0.31161533512533635,687,0.6593886462882096,site,Emory University,21,18,0.8571428571428571,0.15714285714285714,0.1977542108546475
hoptimus,mc_dropout,mc_aleatoric_hoptimus,0.7,0.31161533512533635,687,0.6593886462882096,site,Henry Ford Hospital,173,106,0.6127167630057804,-0.08728323699421958,-0.046671883282429216
hoptimus,mc_dropout,mc_aleatoric_hoptimus,0.7,0.31161533512533635,687,0.6593886462882096,site,MD Anderson Cancer Center,37,27,0.7297297297297297,0.02972972972972976,0.07034108344152012
hoptimus,mc_dropout,mc_aleatoric_hoptimus,0.7,0.31161533512533635,687,0.6593886462882096,site,MSKCC,14,10,0.7142857142857143,0.014285714285714346,0.05489706799750471
hoptimus,mc_dropout,mc_aleatoric_hoptimus,0.7,0.31161533512533635,687,0.6593886462882096,site,The University of New South Wales,19,10,0.5263157894736842,-0.17368421052631577,-0.1330728568145254
hoptimus,mc_dropout,mc_aleatoric_hoptimus,0.7,0.31161533512533635,687,0.6593886462882096,site,Thomas Jefferson University,19,8,0.42105263157894735,-0.2789473684210526,-0.23833601470926224
hoptimus,mc_dropout,mc_aleatoric_hoptimus,0.7,0.31161533512533635,687,0.6593886462882096,site,UCSF,28,20,0.7142857142857143,0.014285714285714346,0.05489706799750471
hoptimus,mc_dropout,mc_aleatoric_hoptimus,0.7,0.31161533512533635,687,0.6593886462882096,site,University of Sao Paulo,17,15,0.8823529411764706,0.1823529411764706,0.22296429488826097
hoptimus,mc_dropout,mc_aleatoric_hoptimus,0.8,0.4637725923063429,687,0.7860262008733624,magnification,20x,159,140,0.8805031446540881,0.08050314465408803,0.09447694378072569
hoptimus,mc_dropout,mc_aleatoric_hoptimus,0.8,0.4637725923063429,687,0.7860262008733624,magnification,40x,528,400,0.7575757575757576,-0.042424242424242475,-0.02845044329760482
hoptimus,mc_dropout,mc_aleatoric_hoptimus,0.8,0.4637725923063429,687,0.7860262008733624,scanner_grp,other,169,129,0.7633136094674556,-0.03668639053254441,-0.022712591405906757
hoptimus,mc_dropout,mc_aleatoric_hoptimus,0.8,0.4637725923063429,687,0.7860262008733624,scanner_grp,ss1302,240,203,0.8458333333333333,0.04583333333333328,0.059807132459970935
hoptimus,mc_dropout,mc_aleatoric_hoptimus,0.8,0.4637725923063429,687,0.7860262008733624,scanner_grp,ss1763cntlr,146,114,0.7808219178082192,-0.019178082191780854,-0.0052042830651432
hoptimus,mc_dropout,mc_aleatoric_hoptimus,0.8,0.4637725923063429,687,0.7860262008733624,scanner_grp,ss1764cntlr,132,94,0.7121212121212122,-0.08787878787878789,-0.07390498875215024
hoptimus,mc_dropout,mc_aleatoric_hoptimus,0.8,0.4637725923063429,687,0.7860262008733624,site,Case Western,69,61,0.8840579710144928,0.08405797101449275,0.0980317701411304
hoptimus,mc_dropout,mc_aleatoric_hoptimus,0.8,0.4637725923063429,687,0.7860262008733624,site,Case Western - St Joes,103,78,0.7572815533980582,-0.042718446601941795,-0.02874464747530414
hoptimus,mc_dropout,mc_aleatoric_hoptimus,0.8,0.4637725923063429,687,0.7860262008733624,site,Christiana Healthcare,10,9,0.9,0.09999999999999998,0.11397379912663763
hoptimus,mc_dropout,mc_aleatoric_hoptimus,0.8,0.4637725923063429,687,0.7860262008733624,site,Cureline,14,8,0.5714285714285714,-0.22857142857142865,-0.214597629444791
hoptimus,mc_dropout,mc_aleatoric_hoptimus,0.8,0.4637725923063429,687,0.7860262008733624,site,Dept of Neurosurgery at University of Heidelberg,48,32,0.6666666666666666,-0.13333333333333341,-0.11935953420669576
hoptimus,mc_dropout,mc_aleatoric_hoptimus,0.8,0.4637725923063429,687,0.7860262008733624,site,Duke,59,49,0.8305084745762712,0.03050847457627115,0.0444822737029088
hoptimus,mc_dropout,mc_aleatoric_hoptimus,0.8,0.4637725923063429,687,0.7860262008733624,site,Emory University,21,18,0.8571428571428571,0.05714285714285705,0.0711166562694947
hoptimus,mc_dropout,mc_aleatoric_hoptimus,0.8,0.4637725923063429,687,0.7860262008733624,site,Henry Ford Hospital,173,132,0.7630057803468208,-0.03699421965317928,-0.02302042052654163
hoptimus,mc_dropout,mc_aleatoric_hoptimus,0.8,0.4637725923063429,687,0.7860262008733624,site,MD Anderson Cancer Center,37,28,0.7567567567567568,-0.043243243243243246,-0.029269444116605592
hoptimus,mc_dropout,mc_aleatoric_hoptimus,0.8,0.4637725923063429,687,0.7860262008733624,site,MSKCC,14,10,0.7142857142857143,-0.08571428571428574,-0.07174048658764809
hoptimus,mc_dropout,mc_aleatoric_hoptimus,0.8,0.4637725923063429,687,0.7860262008733624,site,The University of New South Wales,19,13,0.6842105263157895,-0.11578947368421055,-0.1018156745575729
hoptimus,mc_dropout,mc_aleatoric_hoptimus,0.8,0.4637725923063429,687,0.7860262008733624,site,Thomas Jefferson University,19,14,0.7368421052631579,-0.06315789473684219,-0.04918409561020454
hoptimus,mc_dropout,mc_aleatoric_hoptimus,0.8,0.4637725923063429,687,0.7860262008733624,site,UCSF,28,23,0.8214285714285714,0.021428571428571352,0.035402370555209006
hoptimus,mc_dropout,mc_aleatoric_hoptimus,0.8,0.4637725923063429,687,0.7860262008733624,site,University of Sao Paulo,17,17,1.0,0.19999999999999996,0.2139737991266376
hoptimus,mc_dropout,mc_aleatoric_hoptimus,0.9,0.5491637043686923,687,0.8733624454148472,magnification,20x,159,148,0.9308176100628931,0.030817610062893075,0.0574551646480459
hoptimus,mc_dropout,mc_aleatoric_hoptimus,0.9,0.5491637043686923,687,0.8733624454148472,magnification,40x,528,452,0.8560606060606061,-0.043939393939393945,-0.017301839354241122
hoptimus,mc_dropout,mc_aleatoric_hoptimus,0.9,0.5491637043686923,687,0.8733624454148472,scanner_grp,other,169,147,0.8698224852071006,-0.03017751479289943,-0.0035399602077466064
hoptimus,mc_dropout,mc_aleatoric_hoptimus,0.9,0.5491637043686923,687,0.8733624454148472,scanner_grp,ss1302,240,220,0.9166666666666666,0.016666666666666607,0.04330422125181943
hoptimus,mc_dropout,mc_aleatoric_hoptimus,0.9,0.5491637043686923,687,0.8733624454148472,scanner_grp,ss1763cntlr,146,126,0.863013698630137,-0.03698630136986303,-0.010348746784710205
hoptimus,mc_dropout,mc_aleatoric_hoptimus,0.9,0.5491637043686923,687,0.8733624454148472,scanner_grp,ss1764cntlr,132,107,0.8106060606060606,-0.08939393939393947,-0.06275638480878665
hoptimus,mc_dropout,mc_aleatoric_hoptimus,0.9,0.5491637043686923,687,0.8733624454148472,site,Case Western,69,65,0.9420289855072463,0.04202898550724632,0.06866654009239914
hoptimus,mc_dropout,mc_aleatoric_hoptimus,0.9,0.5491637043686923,687,0.8733624454148472,site,Case Western - St Joes,103,93,0.9029126213592233,0.002912621359223322,0.029550175944376145
hoptimus,mc_dropout,mc_aleatoric_hoptimus,0.9,0.5491637043686923,687,0.8733624454148472,site,Christiana Healthcare,10,10,1.0,0.09999999999999998,0.1266375545851528
hoptimus,mc_dropout,mc_aleatoric_hoptimus,0.9,0.5491637043686923,687,0.8733624454148472,site,Cureline,14,11,0.7857142857142857,-0.11428571428571432,-0.0876481597005615
hoptimus,mc_dropout,mc_aleatoric_hoptimus,0.9,0.5491637043686923,687,0.8733624454148472,site,Dept of Neurosurgery at University of Heidelberg,48,36,0.75,-0.15000000000000002,-0.1233624454148472
hoptimus,mc_dropout,mc_aleatoric_hoptimus,0.9,0.5491637043686923,687,0.8733624454148472,site,Duke,59,53,0.8983050847457628,-0.0016949152542372614,0.02494263933091556
hoptimus,mc_dropout,mc_aleatoric_hoptimus,0.9,0.5491637043686923,687,0.8733624454148472,site,Emory University,21,19,0.9047619047619048,0.004761904761904745,0.03139945934705757
hoptimus,mc_dropout,mc_aleatoric_hoptimus,0.9,0.5491637043686923,687,0.8733624454148472,site,Henry Ford Hospital,173,149,0.861271676300578,-0.03872832369942203,-0.012090769114269206
hoptimus,mc_dropout,mc_aleatoric_hoptimus,0.9,0.5491637043686923,687,0.8733624454148472,site,MD Anderson Cancer Center,37,32,0.8648648648648649,-0.03513513513513511,-0.008497580549982287
hoptimus,mc_dropout,mc_aleatoric_hoptimus,0.9,0.5491637043686923,687,0.8733624454148472,site,MSKCC,14,11,0.7857142857142857,-0.11428571428571432,-0.0876481597005615
hoptimus,mc_dropout,mc_aleatoric_hoptimus,0.9,0.5491637043686923,687,0.8733624454148472,site,The University of New South Wales,19,14,0.7368421052631579,-0.16315789473684217,-0.13652034015168935
hoptimus,mc_dropout,mc_aleatoric_hoptimus,0.9,0.5491637043686923,687,0.8733624454148472,site,Thomas Jefferson University,19,16,0.8421052631578947,-0.05789473684210533,-0.03125718225695251
hoptimus,mc_dropout,mc_aleatoric_hoptimus,0.9,0.5491637043686923,687,0.8733624454148472,site,UCSF,28,24,0.8571428571428571,-0.04285714285714293,-0.016219588271990104
hoptimus,mc_dropout,mc_aleatoric_hoptimus,0.9,0.5491637043686923,687,0.8733624454148472,site,University of Sao Paulo,17,17,1.0,0.09999999999999998,0.1266375545851528
hoptimus,ood,ood_attention_hoptimus,0.7,86.6609587097168,687,0.5953420669577875,magnification,20x,159,98,0.6163522012578616,-0.08364779874213835,0.021010134300074146
hoptimus,ood,ood_attention_hoptimus,0.7,86.6609587097168,687,0.5953420669577875,magnification,40x,528,311,0.5890151515151515,-0.11098484848484846,-0.006326915442635972
hoptimus,ood,ood_attention_hoptimus,0.7,86.6609587097168,687,0.5953420669577875,scanner_grp,other,169,98,0.5798816568047337,-0.12011834319526626,-0.015460410153053772
hoptimus,ood,ood_attention_hoptimus,0.7,86.6609587097168,687,0.5953420669577875,scanner_grp,ss1302,240,150,0.625,-0.07499999999999996,0.029657933042212536
hoptimus,ood,ood_attention_hoptimus,0.7,86.6609587097168,687,0.5953420669577875,scanner_grp,ss1763cntlr,146,84,0.5753424657534246,-0.12465753424657533,-0.019999601204362838
hoptimus,ood,ood_attention_hoptimus,0.7,86.6609587097168,687,0.5953420669577875,scanner_grp,ss1764cntlr,132,77,0.5833333333333334,-0.11666666666666659,-0.012008733624454093
hoptimus,ood,ood_attention_hoptimus,0.7,86.6609587097168,687,0.5953420669577875,site,Case Western,69,47,0.6811594202898551,-0.018840579710144856,0.08581735333206764
hoptimus,ood,ood_attention_hoptimus,0.7,86.6609587097168,687,0.5953420669577875,site,Case Western - St Joes,103,61,0.5922330097087378,-0.10776699029126213,-0.0031090572490496404
hoptimus,ood,ood_attention_hoptimus,0.7,86.6609587097168,687,0.5953420669577875,site,Christiana Healthcare,10,5,0.5,-0.19999999999999996,-0.09534206695778746
hoptimus,ood,ood_attention_hoptimus,0.7,86.6609587097168,687,0.5953420669577875,site,Cureline,14,1,0.07142857142857142,-0.6285714285714286,-0.5239134955292161
hoptimus,ood,ood_attention_hoptimus,0.7,86.6609587097168,687,0.5953420669577875,site,Dept of Neurosurgery at University of Heidelberg,48,22,0.4583333333333333,-0.24166666666666664,-0.13700873362445415
hoptimus,ood,ood_attention_hoptimus,0.7,86.6609587097168,687,0.5953420669577875,site,Duke,59,42,0.711864406779661,0.011864406779661052,0.11652233982187354
hoptimus,ood,ood_attention_hoptimus,0.7,86.6609587097168,687,0.5953420669577875,site,Emory University,21,13,0.6190476190476191,-0.08095238095238089,0.023705552089831605
hoptimus,ood,ood_attention_hoptimus,0.7,86.6609587097168,687,0.5953420669577875,site,Henry Ford Hospital,173,105,0.6069364161849711,-0.09306358381502888,0.011594349227183609
hoptimus,ood,ood_attention_hoptimus,0.7,86.6609587097168,687,0.5953420669577875,site,MD Anderson Cancer Center,37,12,0.32432432432432434,-0.3756756756756756,-0.2710177426334631
hoptimus,ood,ood_attention_hoptimus,0.7,86.6609587097168,687,0.5953420669577875,site,MSKCC,14,9,0.6428571428571429,-0.05714285714285705,0.04751507589935544
hoptimus,ood,ood_attention_hoptimus,0.7,86.6609587097168,687,0.5953420669577875,site,The University of New South Wales,19,12,0.631578947368421,-0.06842105263157894,0.036236880410633554
hoptimus,ood,ood_attention_hoptimus,0.7,86.6609587097168,687,0.5953420669577875,site,Thomas Jefferson University,19,13,0.6842105263157895,-0.015789473684210464,0.08886845935800203
hoptimus,ood,ood_attention_hoptimus,0.7,86.6609587097168,687,0.5953420669577875,site,UCSF,28,19,0.6785714285714286,-0.021428571428571352,0.08322936161364114
hoptimus,ood,ood_attention_hoptimus,0.7,86.6609587097168,687,0.5953420669577875,site,University of Sao Paulo,17,8,0.47058823529411764,-0.22941176470588232,-0.12475383166366982
hoptimus,ood,ood_attention_hoptimus,0.8,88.74188323974609,687,0.7117903930131004,magnification,20x,159,121,0.7610062893081762,-0.03899371069182389,0.04921589629507572
hoptimus,ood,ood_attention_hoptimus,0.8,88.74188323974609,687,0.7117903930131004,magnification,40x,528,368,0.696969696969697,-0.10303030303030303,-0.014820696043403414
hoptimus,ood,ood_attention_hoptimus,0.8,88.74188323974609,687,0.7117903930131004,scanner_grp,other,169,121,0.7159763313609467,-0.0840236686390533,0.0041859383478463075
hoptimus,ood,ood_attention_hoptimus,0.8,88.74188323974609,687,0.7117903930131004,scanner_grp,ss1302,240,178,0.7416666666666667,-0.05833333333333335,0.029876273653566265
hoptimus,ood,ood_attention_hoptimus,0.8,88.74188323974609,687,0.7117903930131004,scanner_grp,ss1763cntlr,146,100,0.684931506849315,-0.11506849315068501,-0.0268588861637854
hoptimus,ood,ood_attention_hoptimus,0.8,88.74188323974609,687,0.7117903930131004,scanner_grp,ss1764cntlr,132,90,0.6818181818181818,-0.11818181818181828,-0.029972211194918663
hoptimus,ood,ood_attention_hoptimus,0.8,88.74188323974609,687,0.7117903930131004,site,Case Western,69,56,0.8115942028985508,0.011594202898550732,0.09980380988545035
hoptimus,ood,ood_attention_hoptimus,0.8,88.74188323974609,687,0.7117903930131004,site,Case Western - St Joes,103,72,0.6990291262135923,-0.10097087378640779,-0.012761266799508175
hoptimus,ood,ood_attention_hoptimus,0.8,88.74188323974609,687,0.7117903930131004,site,Christiana Healthcare,10,6,0.6,-0.20000000000000007,-0.11179039301310045
hoptimus,ood,ood_attention_hoptimus,0.8,88.74188323974609,687,0.7117903930131004,site,Cureline,14,3,0.21428571428571427,-0.5857142857142857,-0.49750467872738613
hoptimus,ood,ood_attention_hoptimus,0.8,88.74188323974609,687,0.7117903930131004,site,Dept of Neurosurgery at University of Heidelberg,48,26,0.5416666666666666,-0.2583333333333334,-0.1701237263464338
hoptimus,ood,ood_attention_hoptimus,0.8,88.74188323974609,687,0.7117903930131004,site,Duke,59,51,0.864406779661017,0.06440677966101693,0.15261638664791655
hoptimus,ood,ood_attention_hoptimus,0.8,88.74188323974609,687,0.7117903930131004,site,Emory University,21,15,0.7142857142857143,-0.08571428571428574,0.0024953212726138707
hoptimus,ood,ood_attention_hoptimus,0.8,88.74188323974609,687,0.7117903930131004,site,Henry Ford Hospital,173,124,0.7167630057803468,-0.08323699421965325,0.004972612767246365
hoptimus,ood,ood_attention_hoptimus,0.8,88.74188323974609,687,0.7117903930131004,site,MD Anderson Cancer Center,37,18,0.4864864864864865,-0.31351351351351353,-0.22530390652661392
hoptimus,ood,ood_attention_hoptimus,0.8,88.74188323974609,687,0.7117903930131004,site,MSKCC,14,11,0.7857142857142857,-0.014285714285714346,0.07392389270118527
hoptimus,ood,ood_attention_hoptimus,0.8,88.74188323974609,687,0.7117903930131004,site,The University of New South Wales,19,14,0.7368421052631579,-0.06315789473684219,0.025051712250057423
hoptimus,ood,ood_attention_hoptimus,0.8,88.74188323974609,687,0.7117903930131004,site,Thomas Jefferson University,19,15,0.7894736842105263,-0.010526315789473717,0.0776832911974259
hoptimus,ood,ood_attention_hoptimus,0.8,88.74188323974609,687,0.7117903930131004,site,UCSF,28,22,0.7857142857142857,-0.014285714285714346,0.07392389270118527
hoptimus,ood,ood_attention_hoptimus,0.8,88.74188323974609,687,0.7117903930131004,site,University of Sao Paulo,17,10,0.5882352941176471,-0.21176470588235297,-0.12355509889545335
hoptimus,ood,ood_attention_hoptimus,0.9,92.59807617187501,687,0.8879184861717613,magnification,20x,159,148,0.9308176100628931,0.030817610062893075,0.04289912389113182
hoptimus,ood,ood_attention_hoptimus,0.9,92.59807617187501,687,0.8879184861717613,magnification,40x,528,462,0.875,-0.025000000000000022,-0.012918486171761279
hoptimus,ood,ood_attention_hoptimus,0.9,92.59807617187501,687,0.8879184861717613,scanner_grp,other,169,150,0.8875739644970414,-0.012426035502958621,-0.0003445216747198776
hoptimus,ood,ood_attention_hoptimus,0.9,92.59807617187501,687,0.8879184861717613,scanner_grp,ss1302,240,214,0.8916666666666667,-0.008333333333333304,0.00374818049490544
hoptimus,ood,ood_attention_hoptimus,0.9,92.59807617187501,687,0.8879184861717613,scanner_grp,ss1763cntlr,146,131,0.8972602739726028,-0.002739726027397249,0.009341787800841495
hoptimus,ood,ood_attention_hoptimus,0.9,92.59807617187501,687,0.8879184861717613,scanner_grp,ss1764cntlr,132,115,0.8712121212121212,-0.028787878787878807,-0.016706364959640063
hoptimus,ood,ood_attention_hoptimus,0.9,92.59807617187501,687,0.8879184861717613,site,Case Western,69,62,0.8985507246376812,-0.0014492753623188692,0.010632238465919874
hoptimus,ood,ood_attention_hoptimus,0.9,92.59807617187501,687,0.8879184861717613,site,Case Western - St Joes,103,89,0.8640776699029126,-0.03592233009708745,-0.023840816268848708
hoptimus,ood,ood_attention_hoptimus,0.9,92.59807617187501,687,0.8879184861717613,site,Christiana Healthcare,10,7,0.7,-0.20000000000000007,-0.18791848617176132
hoptimus,ood,ood_attention_hoptimus,0.9,92.59807617187501,687,0.8879184861717613,site,Cureline,14,11,0.7857142857142857,-0.11428571428571432,-0.10220420045747558
hoptimus,ood,ood_attention_hoptimus,0.9,92.59807617187501,687,0.8879184861717613,site,Dept of Neurosurgery at University of Heidelberg,48,40,0.8333333333333334,-0.06666666666666665,-0.05458515283842791
hoptimus,ood,ood_attention_hoptimus,0.9,92.59807617187501,687,0.8879184861717613,site,Duke,59,57,0.9661016949152542,0.0661016949152542,0.07818320874349294
hoptimus,ood,ood_attention_hoptimus,0.9,92.59807617187501,687,0.8879184861717613,site,Emory University,21,17,0.8095238095238095,-0.09047619047619049,-0.07839467664795174
hoptimus,ood,ood_attention_hoptimus,0.9,92.59807617187501,687,0.8879184861717613,site,Henry Ford Hospital,173,154,0.8901734104046243,-0.009826589595375745,0.002254924232862998
hoptimus,ood,ood_attention_hoptimus,0.9,92.59807617187501,687,0.8879184861717613,site,MD Anderson Cancer Center,37,32,0.8648648648648649,-0.03513513513513511,-0.023053621306896366
hoptimus,ood,ood_attention_hoptimus,0.9,92.59807617187501,687,0.8879184861717613,site,MSKCC,14,13,0.9285714285714286,0.02857142857142858,0.040652942399667324
hoptimus,ood,ood_attention_hoptimus,0.9,92.59807617187501,687,0.8879184861717613,site,The University of New South Wales,19,17,0.8947368421052632,-0.0052631578947368585,0.006818355933501885
hoptimus,ood,ood_attention_hoptimus,0.9,92.59807617187501,687,0.8879184861717613,site,Thomas Jefferson University,19,18,0.9473684210526315,0.047368421052631504,0.05944993488087025
hoptimus,ood,ood_attention_hoptimus,0.9,92.59807617187501,687,0.8879184861717613,site,UCSF,28,26,0.9285714285714286,0.02857142857142858,0.040652942399667324
hoptimus,ood,ood_attention_hoptimus,0.9,92.59807617187501,687,0.8879184861717613,site,University of Sao Paulo,17,17,1.0,0.09999999999999998,0.11208151382823872
hoptimus,predictive,aleatoric_hoptimus,0.7,0.29855942904712696,687,0.6506550218340611,magnification,20x,159,135,0.8490566037735849,0.14905660377358498,0.19840158193952384
hoptimus,predictive,aleatoric_hoptimus,0.7,0.29855942904712696,687,0.6506550218340611,magnification,40x,528,312,0.5909090909090909,-0.10909090909090902,-0.05974593092497016
hoptimus,predictive,aleatoric_hoptimus,0.7,0.29855942904712696,687,0.6506550218340611,scanner_grp,other,169,117,0.6923076923076923,-0.007692307692307665,0.04165267047363119
hoptimus,predictive,aleatoric_hoptimus,0.7,0.29855942904712696,687,0.6506550218340611,scanner_grp,ss1302,240,167,0.6958333333333333,-0.004166666666666652,0.045178311499272206
hoptimus,predictive,aleatoric_hoptimus,0.7,0.29855942904712696,687,0.6506550218340611,scanner_grp,ss1763cntlr,146,91,0.6232876712328768,-0.0767123287671232,-0.027367350601184337
hoptimus,predictive,aleatoric_hoptimus,0.7,0.29855942904712696,687,0.6506550218340611,scanner_grp,ss1764cntlr,132,72,0.5454545454545454,-0.15454545454545454,-0.10520047637951568
hoptimus,predictive,aleatoric_hoptimus,0.7,0.29855942904712696,687,0.6506550218340611,site,Case Western,69,48,0.6956521739130435,-0.004347826086956497,0.04499715207898236
hoptimus,predictive,aleatoric_hoptimus,0.7,0.29855942904712696,687,0.6506550218340611,site,Case Western - St Joes,103,58,0.5631067961165048,-0.13689320388349513,-0.08754822571755627
hoptimus,predictive,aleatoric_hoptimus,0.7,0.29855942904712696,687,0.6506550218340611,site,Christiana Healthcare,10,6,0.6,-0.09999999999999998,-0.05065502183406112
hoptimus,predictive,aleatoric_hoptimus,0.7,0.29855942904712696,687,0.6506550218340611,site,Cureline,14,6,0.42857142857142855,-0.2714285714285714,-0.22208359326263255
hoptimus,predictive,aleatoric_hoptimus,0.7,0.29855942904712696,687,0.6506550218340611,site,Dept of Neurosurgery at University of Heidelberg,48,28,0.5833333333333334,-0.11666666666666659,-0.06732168850072773
hoptimus,predictive,aleatoric_hoptimus,0.7,0.29855942904712696,687,0.6506550218340611,site,Duke,59,47,0.7966101694915254,0.09661016949152545,0.1459551476574643
hoptimus,predictive,aleatoric_hoptimus,0.7,0.29855942904712696,687,0.6506550218340611,site,Emory University,21,18,0.8571428571428571,0.15714285714285714,0.206487835308796
hoptimus,predictive,aleatoric_hoptimus,0.7,0.29855942904712696,687,0.6506550218340611,site,Henry Ford Hospital,173,103,0.5953757225433526,-0.10462427745664737,-0.05527929929070852
hoptimus,predictive,aleatoric_hoptimus,0.7,0.29855942904712696,687,0.6506550218340611,site,MD Anderson Cancer Center,37,27,0.7297297297297297,0.02972972972972976,0.07907470789566862
hoptimus,predictive,aleatoric_hoptimus,0.7,0.29855942904712696,687,0.6506550218340611,site,MSKCC,14,10,0.7142857142857143,0.014285714285714346,0.0636306924516532
hoptimus,predictive,aleatoric_hoptimus,0.7,0.29855942904712696,687,0.6506550218340611,site,The University of New South Wales,19,10,0.5263157894736842,-0.17368421052631577,-0.12433923236037692
hoptimus,predictive,aleatoric_hoptimus,0.7,0.29855942904712696,687,0.6506550218340611,site,Thomas Jefferson University,19,7,0.3684210526315789,-0.33157894736842103,-0.28223396920248217
hoptimus,predictive,aleatoric_hoptimus,0.7,0.29855942904712696,687,0.6506550218340611,site,UCSF,28,20,0.7142857142857143,0.014285714285714346,0.0636306924516532
hoptimus,predictive,aleatoric_hoptimus,0.7,0.29855942904712696,687,0.6506550218340611,site,University of Sao Paulo,17,15,0.8823529411764706,0.1823529411764706,0.23169791934240946
hoptimus,predictive,aleatoric_hoptimus,0.8,0.46109566828117565,687,0.7903930131004366,magnification,20x,159,141,0.8867924528301887,0.08679245283018866,0.09639943972975207
hoptimus,predictive,aleatoric_hoptimus,0.8,0.46109566828117565,687,0.7903930131004366,magnification,40x,528,402,0.7613636363636364,-0.03863636363636369,-0.029029376736800283
hoptimus,predictive,aleatoric_hoptimus,0.8,0.46109566828117565,687,0.7903930131004366,scanner_grp,other,169,131,0.7751479289940828,-0.024852071005917242,-0.015245084106353834
hoptimus,predictive,aleatoric_hoptimus,0.8,0.46109566828117565,687,0.7903930131004366,scanner_grp,ss1302,240,204,0.85,0.04999999999999993,0.05960698689956334
hoptimus,predictive,aleatoric_hoptimus,0.8,0.46109566828117565,687,0.7903930131004366,scanner_grp,ss1763cntlr,146,114,0.7808219178082192,-0.019178082191780854,-0.009571095292217446
hoptimus,predictive,aleatoric_hoptimus,0.8,0.46109566828117565,687,0.7903930131004366,scanner_grp,ss1764cntlr,132,94,0.7121212121212122,-0.08787878787878789,-0.07827180097922448
hoptimus,predictive,aleatoric_hoptimus,0.8,0.46109566828117565,687,0.7903930131004366,site,Case Western,69,60,0.8695652173913043,0.06956521739130428,0.07917220429086769
hoptimus,predictive,aleatoric_hoptimus,0.8,0.46109566828117565,687,0.7903930131004366,site,Case Western - St Joes,103,78,0.7572815533980582,-0.042718446601941795,-0.03311145970237839
hoptimus,predictive,aleatoric_hoptimus,0.8,0.46109566828117565,687,0.7903930131004366,site,Christiana Healthcare,10,9,0.9,0.09999999999999998,0.10960698689956339
hoptimus,predictive,aleatoric_hoptimus,0.8,0.46109566828117565,687,0.7903930131004366,site,Cureline,14,8,0.5714285714285714,-0.22857142857142865,-0.21896444167186524
hoptimus,predictive,aleatoric_hoptimus,0.8,0.46109566828117565,687,0.7903930131004366,site,Dept of Neurosurgery at University of Heidelberg,48,32,0.6666666666666666,-0.13333333333333341,-0.12372634643377001
hoptimus,predictive,aleatoric_hoptimus,0.8,0.46109566828117565,687,0.7903930131004366,site,Duke,59,50,0.847457627118644,0.047457627118643986,0.057064614018207394
hoptimus,predictive,aleatoric_hoptimus,0.8,0.46109566828117565,687,0.7903930131004366,site,Emory University,21,19,0.9047619047619048,0.10476190476190472,0.11436889166146813
hoptimus,predictive,aleatoric_hoptimus,0.8,0.46109566828117565,687,0.7903930131004366,site,Henry Ford Hospital,173,133,0.7687861271676301,-0.031213872832369982,-0.021606885932806574
hoptimus,predictive,aleatoric_hoptimus,0.8,0.46109566828117565,687,0.7903930131004366,site,MD Anderson Cancer Center,37,28,0.7567567567567568,-0.043243243243243246,-0.03363625634367984
hoptimus,predictive,aleatoric_hoptimus,0.8,0.46109566828117565,687,0.7903930131004366,site,MSKCC,14,10,0.7142857142857143,-0.08571428571428574,-0.07610729881472234
hoptimus,predictive,aleatoric_hoptimus,0.8,0.46109566828117565,687,0.7903930131004366,site,The University of New South Wales,19,14,0.7368421052631579,-0.06315789473684219,-0.05355090783727878
hoptimus,predictive,aleatoric_hoptimus,0.8,0.46109566828117565,687,0.7903930131004366,site,Thomas Jefferson University,19,15,0.7894736842105263,-0.010526315789473717,-0.0009193288899103091
hoptimus,predictive,aleatoric_hoptimus,0.8,0.46109566828117565,687,0.7903930131004366,site,UCSF,28,23,0.8214285714285714,0.021428571428571352,0.03103555832813476
hoptimus,predictive,aleatoric_hoptimus,0.8,0.46109566828117565,687,0.7903930131004366,site,University of Sao Paulo,17,17,1.0,0.19999999999999996,0.20960698689956336
hoptimus,predictive,aleatoric_hoptimus,0.9,0.5542355020803235,687,0.8806404657933042,magnification,20x,159,148,0.9308176100628931,0.030817610062893075,0.05017714426958886
hoptimus,predictive,aleatoric_hoptimus,0.9,0.5542355020803235,687,0.8806404657933042,magnification,40x,528,457,0.865530303030303,-0.03446969696969704,-0.015110162763001256
hoptimus,predictive,aleatoric_hoptimus,0.9,0.5542355020803235,687,0.8806404657933042,scanner_grp,other,169,148,0.8757396449704142,-0.02426035502958579,-0.004900820822890006
hoptimus,predictive,aleatoric_hoptimus,0.9,0.5542355020803235,687,0.8806404657933042,scanner_grp,ss1302,240,221,0.9208333333333333,0.02083333333333326,0.04019286754002904
hoptimus,predictive,aleatoric_hoptimus,0.9,0.5542355020803235,687,0.8806404657933042,scanner_grp,ss1763cntlr,146,127,0.8698630136986302,-0.03013698630136985,-0.010777452094674067
hoptimus,predictive,aleatoric_hoptimus,0.9,0.5542355020803235,687,0.8806404657933042,scanner_grp,ss1764cntlr,132,109,0.8257575757575758,-0.07424242424242422,-0.05488289003572844
hoptimus,predictive,aleatoric_hoptimus,0.9,0.5542355020803235,687,0.8806404657933042,site,Case Western,69,65,0.9420289855072463,0.04202898550724632,0.0613885197139421
hoptimus,predictive,aleatoric_hoptimus,0.9,0.5542355020803235,687,0.8806404657933042,site,Case Western - St Joes,103,92,0.8932038834951457,-0.006796116504854344,0.01256341770184144
hoptimus,predictive,aleatoric_hoptimus,0.9,0.5542355020803235,687,0.8806404657933042,site,Christiana Healthcare,10,10,1.0,0.09999999999999998,0.11935953420669576
hoptimus,predictive,aleatoric_hoptimus,0.9,0.5542355020803235,687,0.8806404657933042,site,Cureline,14,11,0.7857142857142857,-0.11428571428571432,-0.09492618007901854
hoptimus,predictive,aleatoric_hoptimus,0.9,0.5542355020803235,687,0.8806404657933042,site,Dept of Neurosurgery at University of Heidelberg,48,37,0.7708333333333334,-0.12916666666666665,-0.10980713245997087
hoptimus,predictive,aleatoric_hoptimus,0.9,0.5542355020803235,687,0.8806404657933042,site,Duke,59,54,0.9152542372881356,0.015254237288135575,0.03461377149483136
hoptimus,predictive,aleatoric_hoptimus,0.9,0.5542355020803235,687,0.8806404657933042,site,Emory University,21,19,0.9047619047619048,0.004761904761904745,0.024121438968600528
hoptimus,predictive,aleatoric_hoptimus,0.9,0.5542355020803235,687,0.8806404657933042,site,Henry Ford Hospital,173,150,0.8670520231213873,-0.03294797687861273,-0.013588442671916945
hoptimus,predictive,aleatoric_hoptimus,0.9,0.5542355020803235,687,0.8806404657933042,site,MD Anderson Cancer Center,37,32,0.8648648648648649,-0.03513513513513511,-0.015775600928439326
hoptimus,predictive,aleatoric_hoptimus,0.9,0.5542355020803235,687,0.8806404657933042,site,MSKCC,14,11,0.7857142857142857,-0.11428571428571432,-0.09492618007901854
hoptimus,predictive,aleatoric_hoptimus,0.9,0.5542355020803235,687,0.8806404657933042,site,The University of New South Wales,19,16,0.8421052631578947,-0.05789473684210533,-0.03853520263540955
hoptimus,predictive,aleatoric_hoptimus,0.9,0.5542355020803235,687,0.8806404657933042,site,Thomas Jefferson University,19,16,0.8421052631578947,-0.05789473684210533,-0.03853520263540955
hoptimus,predictive,aleatoric_hoptimus,0.9,0.5542355020803235,687,0.8806404657933042,site,UCSF,28,24,0.8571428571428571,-0.04285714285714293,-0.023497608650447144
hoptimus,predictive,aleatoric_hoptimus,0.9,0.5542355020803235,687,0.8806404657933042,site,University of Sao Paulo,17,17,1.0,0.09999999999999998,0.11935953420669576
uni2,deep_ensemble,de_predictive_entropy_uni2,0.7,0.25819156023265827,687,0.6069868995633187,magnification,20x,159,121,0.7610062893081762,0.0610062893081762,0.1540193897448574
uni2,deep_ensemble,de_predictive_entropy_uni2,0.7,0.25819156023265827,687,0.6069868995633187,magnification,40x,528,296,0.5606060606060606,-0.1393939393939394,-0.0463808389572582
uni2,deep_ensemble,de_predictive_entropy_uni2,0.7,0.25819156023265827,687,0.6069868995633187,scanner_grp,other,169,100,0.591715976331361,-0.10828402366863898,-0.015270923231957778
uni2,deep_ensemble,de_predictive_entropy_uni2,0.7,0.25819156023265827,687,0.6069868995633187,scanner_grp,ss1302,240,163,0.6791666666666667,-0.02083333333333326,0.07217976710334795
uni2,deep_ensemble,de_predictive_entropy_uni2,0.7,0.25819156023265827,687,0.6069868995633187,scanner_grp,ss1763cntlr,146,76,0.5205479452054794,-0.17945205479452053,-0.08643895435783933
uni2,deep_ensemble,de_predictive_entropy_uni2,0.7,0.25819156023265827,687,0.6069868995633187,scanner_grp,ss1764cntlr,132,78,0.5909090909090909,-0.10909090909090902,-0.01607780865422781
uni2,deep_ensemble,de_predictive_entropy_uni2,0.7,0.25819156023265827,687,0.6069868995633187,site,Case Western,69,40,0.5797101449275363,-0.1202898550724637,-0.027276754635782496
uni2,deep_ensemble,de_predictive_entropy_uni2,0.7,0.25819156023265827,687,0.6069868995633187,site,Case Western - St Joes,103,57,0.5533980582524272,-0.1466019417475728,-0.05358884131089159
uni2,deep_ensemble,de_predictive_entropy_uni2,0.7,0.25819156023265827,687,0.6069868995633187,site,Christiana Healthcare,10,6,0.6,-0.09999999999999998,-0.006986899563318771
uni2,deep_ensemble,de_predictive_entropy_uni2,0.7,0.25819156023265827,687,0.6069868995633187,site,Cureline,14,7,0.5,-0.19999999999999996,-0.10698689956331875
uni2,deep_ensemble,de_predictive_entropy_uni2,0.7,0.25819156023265827,687,0.6069868995633187,site,Dept of Neurosurgery at University of Heidelberg,48,29,0.6041666666666666,-0.09583333333333333,-0.0028202328966521195
uni2,deep_ensemble,de_predictive_entropy_uni2,0.7,0.25819156023265827,687,0.6069868995633187,site,Duke,59,33,0.559322033898305,-0.14067796610169492,-0.04766486566501371
uni2,deep_ensemble,de_predictive_entropy_uni2,0.7,0.25819156023265827,687,0.6069868995633187,site,Emory University,21,17,0.8095238095238095,0.10952380952380958,0.20253690996049079
uni2,deep_ensemble,de_predictive_entropy_uni2,0.7,0.25819156023265827,687,0.6069868995633187,site,Henry Ford Hospital,173,100,0.5780346820809249,-0.12196531791907506,-0.02895221748239385
uni2,deep_ensemble,de_predictive_entropy_uni2,0.7,0.25819156023265827,687,0.6069868995633187,site,MD Anderson Cancer Center,37,29,0.7837837837837838,0.08378378378378382,0.17679688422046502
uni2,deep_ensemble,de_predictive_entropy_uni2,0.7,0.25819156023265827,687,0.6069868995633187,site,MSKCC,14,9,0.6428571428571429,-0.05714285714285705,0.035870243293824156
uni2,deep_ensemble,de_predictive_entropy_uni2,0.7,0.25819156023265827,687,0.6069868995633187,site,The University of New South Wales,19,13,0.6842105263157895,-0.015789473684210464,0.07722362675247074
uni2,deep_ensemble,de_predictive_entropy_uni2,0.7,0.25819156023265827,687,0.6069868995633187,site,Thomas Jefferson University,19,8,0.42105263157894735,-0.2789473684210526,-0.1859342679843714
uni2,deep_ensemble,de_predictive_entropy_uni2,0.7,0.25819156023265827,687,0.6069868995633187,site,UCSF,28,16,0.5714285714285714,-0.12857142857142856,-0.03555832813474735
uni2,deep_ensemble,de_predictive_entropy_uni2,0.7,0.25819156023265827,687,0.6069868995633187,site,University of Sao Paulo,17,13,0.7647058823529411,0.06470588235294117,0.15771898278962238
uni2,deep_ensemble,de_predictive_entropy_uni2,0.8,0.3849441407053632,687,0.7205240174672489,magnification,20x,159,135,0.8490566037735849,0.049056603773584895,0.12853258630633602
uni2,deep_ensemble,de_predictive_entropy_uni2,0.8,0.3849441407053632,687,0.7205240174672489,magnification,40x,528,360,0.6818181818181818,-0.11818181818181828,-0.038705835649067155
uni2,deep_ensemble,de_predictive_entropy_uni2,0.8,0.3849441407053632,687,0.7205240174672489,scanner_grp,other,169,119,0.7041420118343196,-0.09585798816568047,-0.016382005632929353
uni2,deep_ensemble,de_predictive_entropy_uni2,0.8,0.3849441407053632,687,0.7205240174672489,scanner_grp,ss1302,240,187,0.7791666666666667,-0.02083333333333337,0.05864264919941775
uni2,deep_ensemble,de_predictive_entropy_uni2,0.8,0.3849441407053632,687,0.7205240174672489,scanner_grp,ss1763cntlr,146,99,0.678082191780822,-0.12191780821917808,-0.04244182568642696
uni2,deep_ensemble,de_predictive_entropy_uni2,0.8,0.3849441407053632,687,0.7205240174672489,scanner_grp,ss1764cntlr,132,90,0.6818181818181818,-0.11818181818181828,-0.038705835649067155
uni2,deep_ensemble,de_predictive_entropy_uni2,0.8,0.3849441407053632,687,0.7205240174672489,site,Case Western,69,49,0.7101449275362319,-0.08985507246376812,-0.010379089931016994
uni2,deep_ensemble,de_predictive_entropy_uni2,0.8,0.3849441407053632,687,0.7205240174672489,site,Case Western - St Joes,103,72,0.6990291262135923,-0.10097087378640779,-0.021494891253656667
uni2,deep_ensemble,de_predictive_entropy_uni2,0.8,0.3849441407053632,687,0.7205240174672489,site,Christiana Healthcare,10,8,0.8,0.0,0.07947598253275112
uni2,deep_ensemble,de_predictive_entropy_uni2,0.8,0.3849441407053632,687,0.7205240174672489,site,Cureline,14,10,0.7142857142857143,-0.08571428571428574,-0.006238303181534621
uni2,deep_ensemble,de_predictive_entropy_uni2,0.8,0.3849441407053632,687,0.7205240174672489,site,Dept of Neurosurgery at University of Heidelberg,48,32,0.6666666666666666,-0.13333333333333341,-0.05385735080058229
uni2,deep_ensemble,de_predictive_entropy_uni2,0.8,0.3849441407053632,687,0.7205240174672489,site,Duke,59,41,0.6949152542372882,-0.10508474576271187,-0.02560876322996075
uni2,deep_ensemble,de_predictive_entropy_uni2,0.8,0.3849441407053632,687,0.7205240174672489,site,Emory University,21,20,0.9523809523809523,0.15238095238095228,0.2318569349137034
uni2,deep_ensemble,de_predictive_entropy_uni2,0.8,0.3849441407053632,687,0.7205240174672489,site,Henry Ford Hospital,173,115,0.6647398843930635,-0.13526011560693652,-0.055784133074185394
uni2,deep_ensemble,de_predictive_entropy_uni2,0.8,0.3849441407053632,687,0.7205240174672489,site,MD Anderson Cancer Center,37,30,0.8108108108108109,0.010810810810810811,0.09028679334356193
uni2,deep_ensemble,de_predictive_entropy_uni2,0.8,0.3849441407053632,687,0.7205240174672489,site,MSKCC,14,11,0.7857142857142857,-0.014285714285714346,0.06519026824703678
uni2,deep_ensemble,de_predictive_entropy_uni2,0.8,0.3849441407053632,687,0.7205240174672489,site,The University of New South Wales,19,14,0.7368421052631579,-0.06315789473684219,0.01631808779590893
uni2,deep_ensemble,de_predictive_entropy_uni2,0.8,0.3849441407053632,687,0.7205240174672489,site,Thomas Jefferson University,19,11,0.5789473684210527,-0.2210526315789474,-0.14157664904619627
uni2,deep_ensemble,de_predictive_entropy_uni2,0.8,0.3849441407053632,687,0.7205240174672489,site,UCSF,28,21,0.75,-0.050000000000000044,0.029475982532751077
uni2,deep_ensemble,de_predictive_entropy_uni2,0.8,0.3849441407053632,687,0.7205240174672489,site,University of Sao Paulo,17,16,0.9411764705882353,0.14117647058823524,0.22065245312098636
uni2,deep_ensemble,de_predictive_entropy_uni2,0.9,0.5499486526479767,687,0.8253275109170306,magnification,20x,159,142,0.8930817610062893,-0.00691823899371069,0.06775425008925873
uni2,deep_ensemble,de_predictive_entropy_uni2,0.9,0.5499486526479767,687,0.8253275109170306,magnification,40x,528,425,0.8049242424242424,-0.09507575757575759,-0.020403268492788174
uni2,deep_ensemble,de_predictive_entropy_uni2,0.9,0.5499486526479767,687,0.8253275109170306,scanner_grp,other,169,138,0.8165680473372781,-0.08343195266272196,-0.008759463579752547
uni2,deep_ensemble,de_predictive_entropy_uni2,0.9,0.5499486526479767,687,0.8253275109170306,scanner_grp,ss1302,240,205,0.8541666666666666,-0.04583333333333339,0.028839155749636025
uni2,deep_ensemble,de_predictive_entropy_uni2,0.9,0.5499486526479767,687,0.8253275109170306,scanner_grp,ss1763cntlr,146,116,0.7945205479452054,-0.10547945205479459,-0.03080696297182517
uni2,deep_ensemble,de_predictive_entropy_uni2,0.9,0.5499486526479767,687,0.8253275109170306,scanner_grp,ss1764cntlr,132,108,0.8181818181818182,-0.08181818181818179,-0.007145692735212372
uni2,deep_ensemble,de_predictive_entropy_uni2,0.9,0.5499486526479767,687,0.8253275109170306,site,Case Western,69,55,0.7971014492753623,-0.10289855072463772,-0.0282260616416683
uni2,deep_ensemble,de_predictive_entropy_uni2,0.9,0.5499486526479767,687,0.8253275109170306,site,Case Western - St Joes,103,86,0.8349514563106796,-0.06504854368932045,0.00962394539364897
uni2,deep_ensemble,de_predictive_entropy_uni2,0.9,0.5499486526479767,687,0.8253275109170306,site,Christiana Healthcare,10,10,1.0,0.09999999999999998,0.1746724890829694
uni2,deep_ensemble,de_predictive_entropy_uni2,0.9,0.5499486526479767,687,0.8253275109170306,site,Cureline,14,13,0.9285714285714286,0.02857142857142858,0.103243917654398
uni2,deep_ensemble,de_predictive_entropy_uni2,0.9,0.5499486526479767,687,0.8253275109170306,site,Dept of Neurosurgery at University of Heidelberg,48,37,0.7708333333333334,-0.12916666666666665,-0.054494177583697234
uni2,deep_ensemble,de_predictive_entropy_uni2,0.9,0.5499486526479767,687,0.8253275109170306,site,Duke,59,48,0.8135593220338984,-0.08644067796610166,-0.011768188883132247
uni2,deep_ensemble,de_predictive_entropy_uni2,0.9,0.5499486526479767,687,0.8253275109170306,site,Emory University,21,20,0.9523809523809523,0.052380952380952306,0.12705344146392172
uni2,deep_ensemble,de_predictive_entropy_uni2,0.9,0.5499486526479767,687,0.8253275109170306,site,Henry Ford Hospital,173,131,0.7572254335260116,-0.14277456647398845,-0.06810207739101903
uni2,deep_ensemble,de_predictive_entropy_uni2,0.9,0.5499486526479767,687,0.8253275109170306,site,MD Anderson Cancer Center,37,32,0.8648648648648649,-0.03513513513513511,0.03953735394783431
uni2,deep_ensemble,de_predictive_entropy_uni2,0.9,0.5499486526479767,687,0.8253275109170306,site,MSKCC,14,11,0.7857142857142857,-0.11428571428571432,-0.039613225202744906
uni2,deep_ensemble,de_predictive_entropy_uni2,0.9,0.5499486526479767,687,0.8253275109170306,site,The University of New South Wales,19,18,0.9473684210526315,0.047368421052631504,0.12204091013560092
uni2,deep_ensemble,de_predictive_entropy_uni2,0.9,0.5499486526479767,687,0.8253275109170306,site,Thomas Jefferson University,19,14,0.7368421052631579,-0.16315789473684217,-0.08848540565387275
uni2,deep_ensemble,de_predictive_entropy_uni2,0.9,0.5499486526479767,687,0.8253275109170306,site,UCSF,28,25,0.8928571428571429,-0.0071428571428571175,0.0675296319401123
uni2,deep_ensemble,de_predictive_entropy_uni2,0.9,0.5499486526479767,687,0.8253275109170306,site,University of Sao Paulo,17,17,1.0,0.09999999999999998,0.1746724890829694
uni2,epistemic,within_encoder_mi_uni2,0.7,0.03159778609922765,687,0.586608442503639,magnification,20x,159,112,0.7044025157232704,0.004402515723270439,0.11779407321963142
uni2,epistemic,within_encoder_mi_uni2,0.7,0.03159778609922765,687,0.586608442503639,magnification,40x,528,291,0.5511363636363636,-0.1488636363636363,-0.035472078867275325
uni2,epistemic,within_encoder_mi_uni2,0.7,0.03159778609922765,687,0.586608442503639,scanner_grp,other,169,100,0.591715976331361,-0.10828402366863898,0.0051075338277219995
uni2,epistemic,within_encoder_mi_uni2,0.7,0.03159778609922765,687,0.586608442503639,scanner_grp,ss1302,240,153,0.6375,-0.0625,0.050891557496360984
uni2,epistemic,within_encoder_mi_uni2,0.7,0.03159778609922765,687,0.586608442503639,scanner_grp,ss1763cntlr,146,76,0.5205479452054794,-0.17945205479452053,-0.06606049729815955
uni2,epistemic,within_encoder_mi_uni2,0.7,0.03159778609922765,687,0.586608442503639,scanner_grp,ss1764cntlr,132,74,0.5606060606060606,-0.1393939393939394,-0.02600238189757842
uni2,epistemic,within_encoder_mi_uni2,0.7,0.03159778609922765,687,0.586608442503639,site,Case Western,69,44,0.6376811594202898,-0.062318840579710155,0.05107271691665083
uni2,epistemic,within_encoder_mi_uni2,0.7,0.03159778609922765,687,0.586608442503639,site,Case Western - St Joes,103,57,0.5533980582524272,-0.1466019417475728,-0.03321038425121181
uni2,epistemic,within_encoder_mi_uni2,0.7,0.03159778609922765,687,0.586608442503639,site,Christiana Healthcare,10,6,0.6,-0.09999999999999998,0.013391557496361006
uni2,epistemic,within_encoder_mi_uni2,0.7,0.03159778609922765,687,0.586608442503639,site,Cureline,14,8,0.5714285714285714,-0.12857142857142856,-0.015179871075067575
uni2,epistemic,within_encoder_mi_uni2,0.7,0.03159778609922765,687,0.586608442503639,site,Dept of Neurosurgery at University of Heidelberg,48,27,0.5625,-0.13749999999999996,-0.02410844250363897
uni2,epistemic,within_encoder_mi_uni2,0.7,0.03159778609922765,687,0.586608442503639,site,Duke,59,31,0.5254237288135594,-0.1745762711864406,-0.061184713690079606
uni2,epistemic,within_encoder_mi_uni2,0.7,0.03159778609922765,687,0.586608442503639,site,Emory University,21,15,0.7142857142857143,0.014285714285714346,0.12767727178207533
uni2,epistemic,within_encoder_mi_uni2,0.7,0.03159778609922765,687,0.586608442503639,site,Henry Ford Hospital,173,94,0.5433526011560693,-0.15664739884393064,-0.04325584134756966
uni2,epistemic,within_encoder_mi_uni2,0.7,0.03159778609922765,687,0.586608442503639,site,MD Anderson Cancer Center,37,24,0.6486486486486487,-0.05135135135135127,0.06204020614500971
uni2,epistemic,within_encoder_mi_uni2,0.7,0.03159778609922765,687,0.586608442503639,site,MSKCC,14,12,0.8571428571428571,0.15714285714285714,0.2705344146392181
uni2,epistemic,within_encoder_mi_uni2,0.7,0.03159778609922765,687,0.586608442503639,site,The University of New South Wales,19,11,0.5789473684210527,-0.1210526315789473,-0.007661074082586317
uni2,epistemic,within_encoder_mi_uni2,0.7,0.03159778609922765,687,0.586608442503639,site,Thomas Jefferson University,19,6,0.3157894736842105,-0.38421052631578945,-0.27081896881942846
uni2,epistemic,within_encoder_mi_uni2,0.7,0.03159778609922765,687,0.586608442503639,site,UCSF,28,14,0.5,-0.19999999999999996,-0.08660844250363897
uni2,epistemic,within_encoder_mi_uni2,0.7,0.03159778609922765,687,0.586608442503639,site,University of Sao Paulo,17,11,0.6470588235294118,-0.05294117647058816,0.060450381025772826
uni2,epistemic,within_encoder_mi_uni2,0.8,0.04036702749946333,687,0.6448326055312955,magnification,20x,159,121,0.7610062893081762,-0.03899371069182389,0.11617368377688064
uni2,epistemic,within_encoder_mi_uni2,0.8,0.04036702749946333,687,0.6448326055312955,magnification,40x,528,322,0.6098484848484849,-0.19015151515151518,-0.03498412068281065
uni2,epistemic,within_encoder_mi_uni2,0.8,0.04036702749946333,687,0.6448326055312955,scanner_grp,other,169,108,0.6390532544378699,-0.16094674556213018,-0.005779351093425644
uni2,epistemic,within_encoder_mi_uni2,0.8,0.04036702749946333,687,0.6448326055312955,scanner_grp,ss1302,240,167,0.6958333333333333,-0.10416666666666674,0.05100072780203779
uni2,epistemic,within_encoder_mi_uni2,0.8,0.04036702749946333,687,0.6448326055312955,scanner_grp,ss1763cntlr,146,86,0.589041095890411,-0.21095890410958906,-0.05579150964088453
uni2,epistemic,within_encoder_mi_uni2,0.8,0.04036702749946333,687,0.6448326055312955,scanner_grp,ss1764cntlr,132,82,0.6212121212121212,-0.17878787878787883,-0.023620484319174295
uni2,epistemic,within_encoder_mi_uni2,0.8,0.04036702749946333,687,0.6448326055312955,site,Case Western,69,49,0.7101449275362319,-0.08985507246376812,0.06531232200493642
uni2,epistemic,within_encoder_mi_uni2,0.8,0.04036702749946333,687,0.6448326055312955,site,Case Western - St Joes,103,64,0.6213592233009708,-0.17864077669902922,-0.02347338223032469
uni2,epistemic,within_encoder_mi_uni2,0.8,0.04036702749946333,687,0.6448326055312955,site,Christiana Healthcare,10,6,0.6,-0.20000000000000007,-0.04483260553129553
uni2,epistemic,within_encoder_mi_uni2,0.8,0.04036702749946333,687,0.6448326055312955,site,Cureline,14,10,0.7142857142857143,-0.08571428571428574,0.06945310875441879
uni2,epistemic,within_encoder_mi_uni2,0.8,0.04036702749946333,687,0.6448326055312955,site,Dept of Neurosurgery at University of Heidelberg,48,28,0.5833333333333334,-0.21666666666666667,-0.06149927219796214
uni2,epistemic,within_encoder_mi_uni2,0.8,0.04036702749946333,687,0.6448326055312955,site,Duke,59,34,0.576271186440678,-0.22372881355932206,-0.06856141909061753
uni2,epistemic,within_encoder_mi_uni2,0.8,0.04036702749946333,687,0.6448326055312955,site,Emory University,21,17,0.8095238095238095,0.00952380952380949,0.16469120399251402
uni2,epistemic,within_encoder_mi_uni2,0.8,0.04036702749946333,687,0.6448326055312955,site,Henry Ford Hospital,173,103,0.5953757225433526,-0.20462427745664746,-0.04945688298794293
uni2,epistemic,within_encoder_mi_uni2,0.8,0.04036702749946333,687,0.6448326055312955,site,MD Anderson Cancer Center,37,26,0.7027027027027027,-0.0972972972972973,0.05787009717140723
uni2,epistemic,within_encoder_mi_uni2,0.8,0.04036702749946333,687,0.6448326055312955,site,MSKCC,14,12,0.8571428571428571,0.05714285714285705,0.21231025161156158
uni2,epistemic,within_encoder_mi_uni2,0.8,0.04036702749946333,687,0.6448326055312955,site,The University of New South Wales,19,11,0.5789473684210527,-0.2210526315789474,-0.06588523711024286
uni2,epistemic,within_encoder_mi_uni2,0.8,0.04036702749946333,687,0.6448326055312955,site,Thomas Jefferson University,19,8,0.42105263157894735,-0.3789473684210527,-0.22377997395234817
uni2,epistemic,within_encoder_mi_uni2,0.8,0.04036702749946333,687,0.6448326055312955,site,UCSF,28,16,0.5714285714285714,-0.22857142857142865,-0.07340403410272411
uni2,epistemic,within_encoder_mi_uni2,0.8,0.04036702749946333,687,0.6448326055312955,site,University of Sao Paulo,17,13,0.7647058823529411,-0.03529411764705892,0.11987327682164561
uni2,epistemic,within_encoder_mi_uni2,0.9,0.07776141460960902,687,0.8165938864628821,magnification,20x,159,143,0.89937106918239,-0.0006289308176100628,0.08277718271950785
uni2,epistemic,within_encoder_mi_uni2,0.9,0.07776141460960902,687,0.8165938864628821,magnification,40x,528,418,0.7916666666666666,-0.10833333333333339,-0.024927219796215483
uni2,epistemic,within_encoder_mi_uni2,0.9,0.07776141460960902,687,0.8165938864628821,scanner_grp,other,169,141,0.834319526627219,-0.06568047337278105,0.017725640164336864
uni2,epistemic,within_encoder_mi_uni2,0.9,0.07776141460960902,687,0.8165938864628821,scanner_grp,ss1302,240,207,0.8625,-0.03749999999999998,0.04590611353711793
uni2,epistemic,within_encoder_mi_uni2,0.9,0.07776141460960902,687,0.8165938864628821,scanner_grp,ss1763cntlr,146,113,0.773972602739726,-0.126027397260274,-0.0426212837231561
uni2,epistemic,within_encoder_mi_uni2,0.9,0.07776141460960902,687,0.8165938864628821,scanner_grp,ss1764cntlr,132,100,0.7575757575757576,-0.14242424242424245,-0.059018128887124544
uni2,epistemic,within_encoder_mi_uni2,0.9,0.07776141460960902,687,0.8165938864628821,site,Case Western,69,56,0.8115942028985508,-0.08840579710144925,-0.004999683564331336
uni2,epistemic,within_encoder_mi_uni2,0.9,0.07776141460960902,687,0.8165938864628821,site,Case Western - St Joes,103,78,0.7572815533980582,-0.14271844660194177,-0.05931233306482386
uni2,epistemic,within_encoder_mi_uni2,0.9,0.07776141460960902,687,0.8165938864628821,site,Christiana Healthcare,10,9,0.9,0.0,0.08340611353711791
uni2,epistemic,within_encoder_mi_uni2,0.9,0.07776141460960902,687,0.8165938864628821,site,Cureline,14,12,0.8571428571428571,-0.04285714285714293,0.04054897067997498
uni2,epistemic,within_encoder_mi_uni2,0.9,0.07776141460960902,687,0.8165938864628821,site,Dept of Neurosurgery at University of Heidelberg,48,35,0.7291666666666666,-0.1708333333333334,-0.08742721979621548
uni2,epistemic,within_encoder_mi_uni2,0.9,0.07776141460960902,687,0.8165938864628821,site,Duke,59,47,0.7966101694915254,-0.10338983050847461,-0.019983716971356702
uni2,epistemic,within_encoder_mi_uni2,0.9,0.07776141460960902,687,0.8165938864628821,site,Emory University,21,19,0.9047619047619048,0.004761904761904745,0.08816801829902265
uni2,epistemic,within_encoder_mi_uni2,0.9,0.07776141460960902,687,0.8165938864628821,site,Henry Ford Hospital,173,143,0.8265895953757225,-0.0734104046242775,0.009995708912840406
uni2,epistemic,within_encoder_mi_uni2,0.9,0.07776141460960902,687,0.8165938864628821,site,MD Anderson Cancer Center,37,34,0.918918918918919,0.018918918918918948,0.10232503245603686
uni2,epistemic,within_encoder_mi_uni2,0.9,0.07776141460960902,687,0.8165938864628821,site,MSKCC,14,14,1.0,0.09999999999999998,0.1834061135371179
uni2,epistemic,within_encoder_mi_uni2,0.9,0.07776141460960902,687,0.8165938864628821,site,The University of New South Wales,19,14,0.7368421052631579,-0.16315789473684217,-0.07975178119972426
uni2,epistemic,within_encoder_mi_uni2,0.9,0.07776141460960902,687,0.8165938864628821,site,Thomas Jefferson University,19,11,0.5789473684210527,-0.32105263157894737,-0.23764651804182946
uni2,epistemic,within_encoder_mi_uni2,0.9,0.07776141460960902,687,0.8165938864628821,site,UCSF,28,23,0.8214285714285714,-0.07857142857142863,0.004834684965689284
uni2,epistemic,within_encoder_mi_uni2,0.9,0.07776141460960902,687,0.8165938864628821,site,University of Sao Paulo,17,16,0.9411764705882353,0.04117647058823526,0.12458258412535317
uni2,laplace,laplace_predictive_entropy_uni2,0.7,0.29240979030672715,687,0.5778748180494906,magnification,20x,159,110,0.6918238993710691,-0.008176100628930816,0.11394908132157855
uni2,laplace,laplace_predictive_entropy_uni2,0.7,0.29240979030672715,687,0.5778748180494906,magnification,40x,528,287,0.5435606060606061,-0.15643939393939388,-0.03431421198888451
uni2,laplace,laplace_predictive_entropy_uni2,0.7,0.29240979030672715,687,0.5778748180494906,scanner_grp,other,169,93,0.5502958579881657,-0.14970414201183424,-0.027578960061324875
uni2,laplace,laplace_predictive_entropy_uni2,0.7,0.29240979030672715,687,0.5778748180494906,scanner_grp,ss1302,240,154,0.6416666666666667,-0.05833333333333324,0.06379184861717613
uni2,laplace,laplace_predictive_entropy_uni2,0.7,0.29240979030672715,687,0.5778748180494906,scanner_grp,ss1763cntlr,146,73,0.5,-0.19999999999999996,-0.07787481804949059
uni2,laplace,laplace_predictive_entropy_uni2,0.7,0.29240979030672715,687,0.5778748180494906,scanner_grp,ss1764cntlr,132,77,0.5833333333333334,-0.11666666666666659,0.00545851528384278
uni2,laplace,laplace_predictive_entropy_uni2,0.7,0.29240979030672715,687,0.5778748180494906,site,Case Western,69,38,0.5507246376811594,-0.14927536231884053,-0.027150180368331167
uni2,laplace,laplace_predictive_entropy_uni2,0.7,0.29240979030672715,687,0.5778748180494906,site,Case Western - St Joes,103,54,0.5242718446601942,-0.1757281553398058,-0.05360297338929643
uni2,laplace,laplace_predictive_entropy_uni2,0.7,0.29240979030672715,687,0.5778748180494906,site,Christiana Healthcare,10,5,0.5,-0.19999999999999996,-0.07787481804949059
uni2,laplace,laplace_predictive_entropy_uni2,0.7,0.29240979030672715,687,0.5778748180494906,site,Cureline,14,9,0.6428571428571429,-0.05714285714285705,0.06498232480765231
uni2,laplace,laplace_predictive_entropy_uni2,0.7,0.29240979030672715,687,0.5778748180494906,site,Dept of Neurosurgery at University of Heidelberg,48,31,0.6458333333333334,-0.054166666666666585,0.06795851528384278
uni2,laplace,laplace_predictive_entropy_uni2,0.7,0.29240979030672715,687,0.5778748180494906,site,Duke,59,30,0.5084745762711864,-0.19152542372881354,-0.06940024177830417
uni2,laplace,laplace_predictive_entropy_uni2,0.7,0.29240979030672715,687,0.5778748180494906,site,Emory University,21,15,0.7142857142857143,0.014285714285714346,0.1364108962362237
uni2,laplace,laplace_predictive_entropy_uni2,0.7,0.29240979030672715,687,0.5778748180494906,site,Henry Ford Hospital,173,97,0.5606936416184971,-0.13930635838150285,-0.017181176430993483
uni2,laplace,laplace_predictive_entropy_uni2,0.7,0.29240979030672715,687,0.5778748180494906,site,MD Anderson Cancer Center,37,23,0.6216216216216216,-0.07837837837837835,0.04374680357213101
uni2,laplace,laplace_predictive_entropy_uni2,0.7,0.29240979030672715,687,0.5778748180494906,site,MSKCC,14,9,0.6428571428571429,-0.05714285714285705,0.06498232480765231
uni2,laplace,laplace_predictive_entropy_uni2,0.7,0.29240979030672715,687,0.5778748180494906,site,The University of New South Wales,19,11,0.5789473684210527,-0.1210526315789473,0.0010725503715620643
uni2,laplace,laplace_predictive_entropy_uni2,0.7,0.29240979030672715,687,0.5778748180494906,site,Thomas Jefferson University,19,9,0.47368421052631576,-0.2263157894736842,-0.10419060752317483
uni2,laplace,laplace_predictive_entropy_uni2,0.7,0.29240979030672715,687,0.5778748180494906,site,UCSF,28,14,0.5,-0.19999999999999996,-0.07787481804949059
uni2,laplace,laplace_predictive_entropy_uni2,0.7,0.29240979030672715,687,0.5778748180494906,site,University of Sao Paulo,17,13,0.7647058823529411,0.06470588235294117,0.18683106430345053
uni2,laplace,laplace_predictive_entropy_uni2,0.8,0.39586776968280607,687,0.6841339155749636,magnification,20x,159,129,0.8113207547169812,0.01132075471698113,0.12718683914201756
uni2,laplace,laplace_predictive_entropy_uni2,0.8,0.39586776968280607,687,0.6841339155749636,magnification,40x,528,341,0.6458333333333334,-0.15416666666666667,-0.03830058224163024
uni2,laplace,laplace_predictive_entropy_uni2,0.8,0.39586776968280607,687,0.6841339155749636,scanner_grp,other,169,114,0.6745562130177515,-0.12544378698224856,-0.009577702557212131
uni2,laplace,laplace_predictive_entropy_uni2,0.8,0.39586776968280607,687,0.6841339155749636,scanner_grp,ss1302,240,177,0.7375,-0.0625,0.05336608442503643
uni2,laplace,laplace_predictive_entropy_uni2,0.8,0.39586776968280607,687,0.6841339155749636,scanner_grp,ss1763cntlr,146,93,0.636986301369863,-0.16301369863013704,-0.04714761420510061
uni2,laplace,laplace_predictive_entropy_uni2,0.8,0.39586776968280607,687,0.6841339155749636,scanner_grp,ss1764cntlr,132,86,0.6515151515151515,-0.14848484848484855,-0.03261876405981212
uni2,laplace,laplace_predictive_entropy_uni2,0.8,0.39586776968280607,687,0.6841339155749636,site,Case Western,69,46,0.6666666666666666,-0.13333333333333341,-0.017467248908296984
uni2,laplace,laplace_predictive_entropy_uni2,0.8,0.39586776968280607,687,0.6841339155749636,site,Case Western - St Joes,103,68,0.6601941747572816,-0.13980582524271845,-0.02393974081768202
uni2,laplace,laplace_predictive_entropy_uni2,0.8,0.39586776968280607,687,0.6841339155749636,site,Christiana Healthcare,10,7,0.7,-0.10000000000000009,0.015866084425036342
uni2,laplace,laplace_predictive_entropy_uni2,0.8,0.39586776968280607,687,0.6841339155749636,site,Cureline,14,9,0.6428571428571429,-0.15714285714285714,-0.04127677271782071
uni2,laplace,laplace_predictive_entropy_uni2,0.8,0.39586776968280607,687,0.6841339155749636,site,Dept of Neurosurgery at University of Heidelberg,48,31,0.6458333333333334,-0.15416666666666667,-0.03830058224163024
uni2,laplace,laplace_predictive_entropy_uni2,0.8,0.39586776968280607,687,0.6841339155749636,site,Duke,59,38,0.6440677966101694,-0.1559322033898306,-0.04006611896479417
uni2,laplace,laplace_predictive_entropy_uni2,0.8,0.39586776968280607,687,0.6841339155749636,site,Emory University,21,19,0.9047619047619048,0.10476190476190472,0.22062798918694115
uni2,laplace,laplace_predictive_entropy_uni2,0.8,0.39586776968280607,687,0.6841339155749636,site,Henry Ford Hospital,173,109,0.630057803468208,-0.169942196531792,-0.05407611210675556
uni2,laplace,laplace_predictive_entropy_uni2,0.8,0.39586776968280607,687,0.6841339155749636,site,MD Anderson Cancer Center,37,30,0.8108108108108109,0.010810810810810811,0.12667689523584724
uni2,laplace,laplace_predictive_entropy_uni2,0.8,0.39586776968280607,687,0.6841339155749636,site,MSKCC,14,11,0.7857142857142857,-0.014285714285714346,0.10158037013932208
uni2,laplace,laplace_predictive_entropy_uni2,0.8,0.39586776968280607,687,0.6841339155749636,site,The University of New South Wales,19,13,0.6842105263157895,-0.11578947368421055,7.66107408258776e-05
uni2,laplace,laplace_predictive_entropy_uni2,0.8,0.39586776968280607,687,0.6841339155749636,site,Thomas Jefferson University,19,10,0.5263157894736842,-0.27368421052631586,-0.15781812610127943
uni2,laplace,laplace_predictive_entropy_uni2,0.8,0.39586776968280607,687,0.6841339155749636,site,UCSF,28,18,0.6428571428571429,-0.15714285714285714,-0.04127677271782071
uni2,laplace,laplace_predictive_entropy_uni2,0.8,0.39586776968280607,687,0.6841339155749636,site,University of Sao Paulo,17,16,0.9411764705882353,0.14117647058823524,0.25704255501327167
uni2,laplace,laplace_predictive_entropy_uni2,0.9,0.5974481112250644,687,0.8500727802037845,magnification,20x,159,141,0.8867924528301887,-0.013207547169811318,0.03671967262640419
uni2,laplace,laplace_predictive_entropy_uni2,0.9,0.5974481112250644,687,0.8500727802037845,magnification,40x,528,443,0.8390151515151515,-0.06098484848484853,-0.011057628688633026
uni2,laplace,laplace_predictive_entropy_uni2,0.9,0.5974481112250644,687,0.8500727802037845,scanner_grp,other,169,141,0.834319526627219,-0.06568047337278105,-0.01575325357656554
uni2,laplace,laplace_predictive_entropy_uni2,0.9,0.5974481112250644,687,0.8500727802037845,scanner_grp,ss1302,240,208,0.8666666666666667,-0.033333333333333326,0.01659388646288218
uni2,laplace,laplace_predictive_entropy_uni2,0.9,0.5974481112250644,687,0.8500727802037845,scanner_grp,ss1763cntlr,146,123,0.8424657534246576,-0.05753424657534245,-0.007607026779126946
uni2,laplace,laplace_predictive_entropy_uni2,0.9,0.5974481112250644,687,0.8500727802037845,scanner_grp,ss1764cntlr,132,112,0.8484848484848485,-0.051515151515151514,-0.0015879317189360087
uni2,laplace,laplace_predictive_entropy_uni2,0.9,0.5974481112250644,687,0.8500727802037845,site,Case Western,69,58,0.8405797101449275,-0.05942028985507253,-0.009493070058857023
uni2,laplace,laplace_predictive_entropy_uni2,0.9,0.5974481112250644,687,0.8500727802037845,site,Case Western - St Joes,103,89,0.8640776699029126,-0.03592233009708745,0.014004889699128054
uni2,laplace,laplace_predictive_entropy_uni2,0.9,0.5974481112250644,687,0.8500727802037845,site,Christiana Healthcare,10,10,1.0,0.09999999999999998,0.14992721979621548
uni2,laplace,laplace_predictive_entropy_uni2,0.9,0.5974481112250644,687,0.8500727802037845,site,Cureline,14,13,0.9285714285714286,0.02857142857142858,0.07849864836764409
uni2,laplace,laplace_predictive_entropy_uni2,0.9,0.5974481112250644,687,0.8500727802037845,site,Dept of Neurosurgery at University of Heidelberg,48,37,0.7708333333333334,-0.12916666666666665,-0.07923944687045115
uni2,laplace,laplace_predictive_entropy_uni2,0.9,0.5974481112250644,687,0.8500727802037845,site,Duke,59,48,0.8135593220338984,-0.08644067796610166,-0.03651345816988616
uni2,laplace,laplace_predictive_entropy_uni2,0.9,0.5974481112250644,687,0.8500727802037845,site,Emory University,21,20,0.9523809523809523,0.052380952380952306,0.10230817217716781
uni2,laplace,laplace_predictive_entropy_uni2,0.9,0.5974481112250644,687,0.8500727802037845,site,Henry Ford Hospital,173,139,0.8034682080924855,-0.09653179190751449,-0.04660457211129898
uni2,laplace,laplace_predictive_entropy_uni2,0.9,0.5974481112250644,687,0.8500727802037845,site,MD Anderson Cancer Center,37,31,0.8378378378378378,-0.06216216216216219,-0.012234942365946688
uni2,laplace,laplace_predictive_entropy_uni2,0.9,0.5974481112250644,687,0.8500727802037845,site,MSKCC,14,12,0.8571428571428571,-0.04285714285714293,0.007070076939072578
uni2,laplace,laplace_predictive_entropy_uni2,0.9,0.5974481112250644,687,0.8500727802037845,site,The University of New South Wales,19,18,0.9473684210526315,0.047368421052631504,0.09729564084884701
uni2,laplace,laplace_predictive_entropy_uni2,0.9,0.5974481112250644,687,0.8500727802037845,site,Thomas Jefferson University,19,15,0.7894736842105263,-0.1105263157894737,-0.06059909599325819
uni2,laplace,laplace_predictive_entropy_uni2,0.9,0.5974481112250644,687,0.8500727802037845,site,UCSF,28,25,0.8928571428571429,-0.0071428571428571175,0.04278436265335839
uni2,laplace,laplace_predictive_entropy_uni2,0.9,0.5974481112250644,687,0.8500727802037845,site,University of Sao Paulo,17,17,1.0,0.09999999999999998,0.14992721979621548
uni2,mc_dropout,mc_predictive_entropy_uni2,0.7,0.25007816506452063,687,0.5589519650655022,magnification,20x,159,103,0.6477987421383647,-0.05220125786163521,0.08884677707286259
uni2,mc_dropout,mc_predictive_entropy_uni2,0.7,0.25007816506452063,687,0.5589519650655022,magnification,40x,528,281,0.5321969696969697,-0.16780303030303023,-0.02675499536853243
uni2,mc_dropout,mc_predictive_entropy_uni2,0.7,0.25007816506452063,687,0.5589519650655022,scanner_grp,other,169,89,0.5266272189349113,-0.1733727810650887,-0.03232474613059089
uni2,mc_dropout,mc_predictive_entropy_uni2,0.7,0.25007816506452063,687,0.5589519650655022,scanner_grp,ss1302,240,148,0.6166666666666667,-0.08333333333333326,0.05771470160116454
uni2,mc_dropout,mc_predictive_entropy_uni2,0.7,0.25007816506452063,687,0.5589519650655022,scanner_grp,ss1763cntlr,146,72,0.4931506849315068,-0.20684931506849313,-0.06580128013399533
uni2,mc_dropout,mc_predictive_entropy_uni2,0.7,0.25007816506452063,687,0.5589519650655022,scanner_grp,ss1764cntlr,132,75,0.5681818181818182,-0.13181818181818172,0.009229853116316078
uni2,mc_dropout,mc_predictive_entropy_uni2,0.7,0.25007816506452063,687,0.5589519650655022,site,Case Western,69,38,0.5507246376811594,-0.14927536231884053,-0.00822732738434273
uni2,mc_dropout,mc_predictive_entropy_uni2,0.7,0.25007816506452063,687,0.5589519650655022,site,Case Western - St Joes,103,54,0.5242718446601942,-0.1757281553398058,-0.03468012040530799
uni2,mc_dropout,mc_predictive_entropy_uni2,0.7,0.25007816506452063,687,0.5589519650655022,site,Christiana Healthcare,10,4,0.4,-0.29999999999999993,-0.15895196506550213
uni2,mc_dropout,mc_predictive_entropy_uni2,0.7,0.25007816506452063,687,0.5589519650655022,site,Cureline,14,8,0.5714285714285714,-0.12857142857142856,0.012476606363069243
uni2,mc_dropout,mc_predictive_entropy_uni2,0.7,0.25007816506452063,687,0.5589519650655022,site,Dept of Neurosurgery at University of Heidelberg,48,30,0.625,-0.07499999999999996,0.06604803493449785
uni2,mc_dropout,mc_predictive_entropy_uni2,0.7,0.25007816506452063,687,0.5589519650655022,site,Duke,59,28,0.4745762711864407,-0.22542372881355927,-0.08437569387906146
uni2,mc_dropout,mc_predictive_entropy_uni2,0.7,0.25007816506452063,687,0.5589519650655022,site,Emory University,21,14,0.6666666666666666,-0.033333333333333326,0.10771470160116448
uni2,mc_dropout,mc_predictive_entropy_uni2,0.7,0.25007816506452063,687,0.5589519650655022,site,Henry Ford Hospital,173,93,0.5375722543352601,-0.16242774566473983,-0.02137971073024203
uni2,mc_dropout,mc_predictive_entropy_uni2,0.7,0.25007816506452063,687,0.5589519650655022,site,MD Anderson Cancer Center,37,21,0.5675675675675675,-0.1324324324324324,0.00861560250206539
uni2,mc_dropout,mc_predictive_entropy_uni2,0.7,0.25007816506452063,687,0.5589519650655022,site,MSKCC,14,10,0.7142857142857143,0.014285714285714346,0.15533374922021215
uni2,mc_dropout,mc_predictive_entropy_uni2,0.7,0.25007816506452063,687,0.5589519650655022,site,The University of New South Wales,19,10,0.5263157894736842,-0.17368421052631577,-0.03263617559181797
uni2,mc_dropout,mc_predictive_entropy_uni2,0.7,0.25007816506452063,687,0.5589519650655022,site,Thomas Jefferson University,19,8,0.42105263157894735,-0.2789473684210526,-0.1378993334865548
uni2,mc_dropout,mc_predictive_entropy_uni2,0.7,0.25007816506452063,687,0.5589519650655022,site,UCSF,28,14,0.5,-0.19999999999999996,-0.058951965065502154
uni2,mc_dropout,mc_predictive_entropy_uni2,0.7,0.25007816506452063,687,0.5589519650655022,site,University of Sao Paulo,17,13,0.7647058823529411,0.06470588235294117,0.20575391728743897
uni2,mc_dropout,mc_predictive_entropy_uni2,0.8,0.34902818094693555,687,0.6710334788937409,magnification,20x,159,126,0.7924528301886793,-0.007547169811320753,0.12141935129493842
uni2,mc_dropout,mc_predictive_entropy_uni2,0.8,0.34902818094693555,687,0.6710334788937409,magnification,40x,528,335,0.634469696969697,-0.16553030303030303,-0.03656378192404386
uni2,mc_dropout,mc_predictive_entropy_uni2,0.8,0.34902818094693555,687,0.6710334788937409,scanner_grp,other,169,113,0.6686390532544378,-0.1313609467455622,-0.0023944256393030328
uni2,mc_dropout,mc_predictive_entropy_uni2,0.8,0.34902818094693555,687,0.6710334788937409,scanner_grp,ss1302,240,174,0.725,-0.07500000000000007,0.0539665211062591
uni2,mc_dropout,mc_predictive_entropy_uni2,0.8,0.34902818094693555,687,0.6710334788937409,scanner_grp,ss1763cntlr,146,89,0.6095890410958904,-0.19041095890410964,-0.06144443779785047
uni2,mc_dropout,mc_predictive_entropy_uni2,0.8,0.34902818094693555,687,0.6710334788937409,scanner_grp,ss1764cntlr,132,85,0.6439393939393939,-0.15606060606060612,-0.027094084954346953
uni2,mc_dropout,mc_predictive_entropy_uni2,0.8,0.34902818094693555,687,0.6710334788937409,site,Case Western,69,45,0.6521739130434783,-0.14782608695652177,-0.018859565850262605
uni2,mc_dropout,mc_predictive_entropy_uni2,0.8,0.34902818094693555,687,0.6710334788937409,site,Case Western - St Joes,103,68,0.6601941747572816,-0.13980582524271845,-0.010839304136459282
uni2,mc_dropout,mc_predictive_entropy_uni2,0.8,0.34902818094693555,687,0.6710334788937409,site,Christiana Healthcare,10,7,0.7,-0.10000000000000009,0.02896652110625908
uni2,mc_dropout,mc_predictive_entropy_uni2,0.8,0.34902818094693555,687,0.6710334788937409,site,Cureline,14,9,0.6428571428571429,-0.15714285714285714,-0.02817633603659797
uni2,mc_dropout,mc_predictive_entropy_uni2,0.8,0.34902818094693555,687,0.6710334788937409,site,Dept of Neurosurgery at University of Heidelberg,48,31,0.6458333333333334,-0.15416666666666667,-0.025200145560407505
uni2,mc_dropout,mc_predictive_entropy_uni2,0.8,0.34902818094693555,687,0.6710334788937409,site,Duke,59,37,0.6271186440677966,-0.17288135593220344,-0.04391483482594427
uni2,mc_dropout,mc_predictive_entropy_uni2,0.8,0.34902818094693555,687,0.6710334788937409,site,Emory University,21,17,0.8095238095238095,0.00952380952380949,0.13849033063006866
uni2,mc_dropout,mc_predictive_entropy_uni2,0.8,0.34902818094693555,687,0.6710334788937409,site,Henry Ford Hospital,173,109,0.630057803468208,-0.169942196531792,-0.04097567542553282
uni2,mc_dropout,mc_predictive_entropy_uni2,0.8,0.34902818094693555,687,0.6710334788937409,site,MD Anderson Cancer Center,37,30,0.8108108108108109,0.010810810810810811,0.13977733191706998
uni2,mc_dropout,mc_predictive_entropy_uni2,0.8,0.34902818094693555,687,0.6710334788937409,site,MSKCC,14,11,0.7857142857142857,-0.014285714285714346,0.11468080682054482
uni2,mc_dropout,mc_predictive_entropy_uni2,0.8,0.34902818094693555,687,0.6710334788937409,site,The University of New South Wales,19,13,0.6842105263157895,-0.11578947368421055,0.013177047422048616
uni2,mc_dropout,mc_predictive_entropy_uni2,0.8,0.34902818094693555,687,0.6710334788937409,site,Thomas Jefferson University,19,10,0.5263157894736842,-0.27368421052631586,-0.1447176894200567
uni2,mc_dropout,mc_predictive_entropy_uni2,0.8,0.34902818094693555,687,0.6710334788937409,site,UCSF,28,15,0.5357142857142857,-0.26428571428571435,-0.13531919317945518
uni2,mc_dropout,mc_predictive_entropy_uni2,0.8,0.34902818094693555,687,0.6710334788937409,site,University of Sao Paulo,17,15,0.8823529411764706,0.08235294117647052,0.2113194622827297
uni2,mc_dropout,mc_predictive_entropy_uni2,0.9,0.5577051500565943,687,0.8224163027656477,magnification,20x,159,137,0.8616352201257862,-0.03836477987421383,0.039218917360138494
uni2,mc_dropout,mc_predictive_entropy_uni2,0.9,0.5577051500565943,687,0.8224163027656477,magnification,40x,528,428,0.8106060606060606,-0.08939393939393947,-0.011810242159587148
uni2,mc_dropout,mc_predictive_entropy_uni2,0.9,0.5577051500565943,687,0.8224163027656477,scanner_grp,other,169,135,0.7988165680473372,-0.10118343195266277,-0.02359973471831045
uni2,mc_dropout,mc_predictive_entropy_uni2,0.9,0.5577051500565943,687,0.8224163027656477,scanner_grp,ss1302,240,203,0.8458333333333333,-0.054166666666666696,0.023417030567685626
uni2,mc_dropout,mc_predictive_entropy_uni2,0.9,0.5577051500565943,687,0.8224163027656477,scanner_grp,ss1763cntlr,146,119,0.815068493150685,-0.08493150684931505,-0.00734780961496273
uni2,mc_dropout,mc_predictive_entropy_uni2,0.9,0.5577051500565943,687,0.8224163027656477,scanner_grp,ss1764cntlr,132,108,0.8181818181818182,-0.08181818181818179,-0.004234484583829468
uni2,mc_dropout,mc_predictive_entropy_uni2,0.9,0.5577051500565943,687,0.8224163027656477,site,Case Western,69,57,0.8260869565217391,-0.07391304347826089,0.0036706537560914354
uni2,mc_dropout,mc_predictive_entropy_uni2,0.9,0.5577051500565943,687,0.8224163027656477,site,Case Western - St Joes,103,87,0.8446601941747572,-0.05533980582524278,0.02224389140910954
uni2,mc_dropout,mc_predictive_entropy_uni2,0.9,0.5577051500565943,687,0.8224163027656477,site,Christiana Healthcare,10,10,1.0,0.09999999999999998,0.1775836972343523
uni2,mc_dropout,mc_predictive_entropy_uni2,0.9,0.5577051500565943,687,0.8224163027656477,site,Cureline,14,13,0.9285714285714286,0.02857142857142858,0.1061551258057809
uni2,mc_dropout,mc_predictive_entropy_uni2,0.9,0.5577051500565943,687,0.8224163027656477,site,Dept of Neurosurgery at University of Heidelberg,48,37,0.7708333333333334,-0.12916666666666665,-0.05158296943231433
uni2,mc_dropout,mc_predictive_entropy_uni2,0.9,0.5577051500565943,687,0.8224163027656477,site,Duke,59,45,0.7627118644067796,-0.1372881355932204,-0.05970443835886807
uni2,mc_dropout,mc_predictive_entropy_uni2,0.9,0.5577051500565943,687,0.8224163027656477,site,Emory University,21,20,0.9523809523809523,0.052380952380952306,0.12996464961530463
uni2,mc_dropout,mc_predictive_entropy_uni2,0.9,0.5577051500565943,687,0.8224163027656477,site,Henry Ford Hospital,173,134,0.7745664739884393,-0.12543352601156077,-0.04784982877720845
uni2,mc_dropout,mc_predictive_entropy_uni2,0.9,0.5577051500565943,687,0.8224163027656477,site,MD Anderson Cancer Center,37,30,0.8108108108108109,-0.08918918918918917,-0.011605491954836844
uni2,mc_dropout,mc_predictive_entropy_uni2,0.9,0.5577051500565943,687,0.8224163027656477,site,MSKCC,14,12,0.8571428571428571,-0.04285714285714293,0.034726554377209395
uni2,mc_dropout,mc_predictive_entropy_uni2,0.9,0.5577051500565943,687,0.8224163027656477,site,The University of New South Wales,19,17,0.8947368421052632,-0.0052631578947368585,0.07232053933961546
uni2,mc_dropout,mc_predictive_entropy_uni2,0.9,0.5577051500565943,687,0.8224163027656477,site,Thomas Jefferson University,19,15,0.7894736842105263,-0.1105263157894737,-0.03294261855512137
uni2,mc_dropout,mc_predictive_entropy_uni2,0.9,0.5577051500565943,687,0.8224163027656477,site,UCSF,28,22,0.7857142857142857,-0.11428571428571432,-0.036702017051362
uni2,mc_dropout,mc_predictive_entropy_uni2,0.9,0.5577051500565943,687,0.8224163027656477,site,University of Sao Paulo,17,17,1.0,0.09999999999999998,0.1775836972343523
uni2,ood,ood_attention_uni2,0.7,90.62922805786133,687,0.7409024745269287,magnification,20x,159,123,0.7735849056603774,0.07358490566037745,0.03268243113344871
uni2,ood,ood_attention_uni2,0.7,90.62922805786133,687,0.7409024745269287,magnification,40x,528,386,0.7310606060606061,0.031060606060606122,-0.009841868466322623
uni2,ood,ood_attention_uni2,0.7,90.62922805786133,687,0.7409024745269287,scanner_grp,other,169,131,0.7751479289940828,0.07514792899408285,0.0342454544671541
uni2,ood,ood_attention_uni2,0.7,90.62922805786133,687,0.7409024745269287,scanner_grp,ss1302,240,154,0.6416666666666667,-0.05833333333333324,-0.09923580786026198
uni2,ood,ood_attention_uni2,0.7,90.62922805786133,687,0.7409024745269287,scanner_grp,ss1763cntlr,146,115,0.7876712328767124,0.08767123287671241,0.04676875834978367
uni2,ood,ood_attention_uni2,0.7,90.62922805786133,687,0.7409024745269287,scanner_grp,ss1764cntlr,132,109,0.8257575757575758,0.12575757575757585,0.0848551012306471
uni2,ood,ood_attention_uni2,0.7,90.62922805786133,687,0.7409024745269287,site,Case Western,69,50,0.7246376811594203,0.024637681159420333,-0.016264793367508412
uni2,ood,ood_attention_uni2,0.7,90.62922805786133,687,0.7409024745269287,site,Case Western - St Joes,103,76,0.7378640776699029,0.03786407766990296,-0.0030383968570257824
uni2,ood,ood_attention_uni2,0.7,90.62922805786133,687,0.7409024745269287,site,Christiana Healthcare,10,3,0.3,-0.39999999999999997,-0.4409024745269287
uni2,ood,ood_attention_uni2,0.7,90.62922805786133,687,0.7409024745269287,site,Cureline,14,10,0.7142857142857143,0.014285714285714346,-0.0266167602412144
uni2,ood,ood_attention_uni2,0.7,90.62922805786133,687,0.7409024745269287,site,Dept of Neurosurgery at University of Heidelberg,48,45,0.9375,0.23750000000000004,0.1965975254730713
uni2,ood,ood_attention_uni2,0.7,90.62922805786133,687,0.7409024745269287,site,Duke,59,50,0.847457627118644,0.14745762711864407,0.10655515259171533
uni2,ood,ood_attention_uni2,0.7,90.62922805786133,687,0.7409024745269287,site,Emory University,21,18,0.8571428571428571,0.15714285714285714,0.1162403826159284
uni2,ood,ood_attention_uni2,0.7,90.62922805786133,687,0.7409024745269287,site,Henry Ford Hospital,173,112,0.6473988439306358,-0.05260115606936411,-0.09350363059629285
uni2,ood,ood_attention_uni2,0.7,90.62922805786133,687,0.7409024745269287,site,MD Anderson Cancer Center,37,24,0.6486486486486487,-0.05135135135135127,-0.09225382587828002
uni2,ood,ood_attention_uni2,0.7,90.62922805786133,687,0.7409024745269287,site,MSKCC,14,11,0.7857142857142857,0.08571428571428574,0.044811811187357
uni2,ood,ood_attention_uni2,0.7,90.62922805786133,687,0.7409024745269287,site,The University of New South Wales,19,18,0.9473684210526315,0.24736842105263157,0.20646594652570283
uni2,ood,ood_attention_uni2,0.7,90.62922805786133,687,0.7409024745269287,site,Thomas Jefferson University,19,8,0.42105263157894735,-0.2789473684210526,-0.31984984294798136
uni2,ood,ood_attention_uni2,0.7,90.62922805786133,687,0.7409024745269287,site,UCSF,28,27,0.9642857142857143,0.26428571428571435,0.2233832397587856
uni2,ood,ood_attention_uni2,0.7,90.62922805786133,687,0.7409024745269287,site,University of Sao Paulo,17,14,0.8235294117647058,0.12352941176470589,0.08262693723777714
uni2,ood,ood_attention_uni2,0.8,91.93367889404296,687,0.8122270742358079,magnification,20x,159,134,0.8427672955974843,0.04276729559748427,0.030540221361676445
uni2,ood,ood_attention_uni2,0.8,91.93367889404296,687,0.8122270742358079,magnification,40x,528,424,0.803030303030303,0.003030303030302939,-0.009196771205504883
uni2,ood,ood_attention_uni2,0.8,91.93367889404296,687,0.8122270742358079,scanner_grp,other,169,140,0.8284023668639053,0.028402366863905293,0.01617529262809747
uni2,ood,ood_attention_uni2,0.8,91.93367889404296,687,0.8122270742358079,scanner_grp,ss1302,240,177,0.7375,-0.0625,-0.07472707423580782
uni2,ood,ood_attention_uni2,0.8,91.93367889404296,687,0.8122270742358079,scanner_grp,ss1763cntlr,146,123,0.8424657534246576,0.042465753424657526,0.030238679188849704
uni2,ood,ood_attention_uni2,0.8,91.93367889404296,687,0.8122270742358079,scanner_grp,ss1764cntlr,132,118,0.8939393939393939,0.09393939393939388,0.08171231970358606
uni2,ood,ood_attention_uni2,0.8,91.93367889404296,687,0.8122270742358079,site,Case Western,69,53,0.7681159420289855,-0.03188405797101457,-0.04411113220682239
uni2,ood,ood_attention_uni2,0.8,91.93367889404296,687,0.8122270742358079,site,Case Western - St Joes,103,85,0.8252427184466019,0.025242718446601864,0.013015644210794042
uni2,ood,ood_attention_uni2,0.8,91.93367889404296,687,0.8122270742358079,site,Christiana Healthcare,10,5,0.5,-0.30000000000000004,-0.31222707423580787
uni2,ood,ood_attention_uni2,0.8,91.93367889404296,687,0.8122270742358079,site,Cureline,14,12,0.8571428571428571,0.05714285714285705,0.04491578290704923
uni2,ood,ood_attention_uni2,0.8,91.93367889404296,687,0.8122270742358079,site,Dept of Neurosurgery at University of Heidelberg,48,47,0.9791666666666666,0.17916666666666659,0.16693959243085876
uni2,ood,ood_attention_uni2,0.8,91.93367889404296,687,0.8122270742358079,site,Duke,59,52,0.8813559322033898,0.08135593220338977,0.06912885796758195
uni2,ood,ood_attention_uni2,0.8,91.93367889404296,687,0.8122270742358079,site,Emory University,21,19,0.9047619047619048,0.10476190476190472,0.0925348305260969
uni2,ood,ood_attention_uni2,0.8,91.93367889404296,687,0.8122270742358079,site,Henry Ford Hospital,173,129,0.7456647398843931,-0.054335260115606965,-0.06656233435141479
uni2,ood,ood_attention_uni2,0.8,91.93367889404296,687,0.8122270742358079,site,MD Anderson Cancer Center,37,27,0.7297297297297297,-0.07027027027027033,-0.08249734450607815
uni2,ood,ood_attention_uni2,0.8,91.93367889404296,687,0.8122270742358079,site,MSKCC,14,11,0.7857142857142857,-0.014285714285714346,-0.026512788521522168
uni2,ood,ood_attention_uni2,0.8,91.93367889404296,687,0.8122270742358079,site,The University of New South Wales,19,18,0.9473684210526315,0.14736842105263148,0.13514134681682366
uni2,ood,ood_attention_uni2,0.8,91.93367889404296,687,0.8122270742358079,site,Thomas Jefferson University,19,10,0.5263157894736842,-0.27368421052631586,-0.2859112847621237
uni2,ood,ood_attention_uni2,0.8,91.93367889404296,687,0.8122270742358079,site,UCSF,28,28,1.0,0.19999999999999996,0.18777292576419213
uni2,ood,ood_attention_uni2,0.8,91.93367889404296,687,0.8122270742358079,site,University of Sao Paulo,17,14,0.8235294117647058,0.0235294117647058,0.011302337528897977
uni2,ood,ood_attention_uni2,0.9,94.61228622436523,687,0.883551673944687,magnification,20x,159,142,0.8930817610062893,-0.00691823899371069,0.0095300870616023
uni2,ood,ood_attention_uni2,0.9,94.61228622436523,687,0.883551673944687,magnification,40x,528,465,0.8806818181818182,-0.01931818181818179,-0.0028698557628688004
uni2,ood,ood_attention_uni2,0.9,94.61228622436523,687,0.883551673944687,scanner_grp,other,169,151,0.893491124260355,-0.0065088757396449815,0.009939450315668008
uni2,ood,ood_attention_uni2,0.9,94.61228622436523,687,0.883551673944687,scanner_grp,ss1302,240,199,0.8291666666666667,-0.0708333333333333,-0.054385007278020314
uni2,ood,ood_attention_uni2,0.9,94.61228622436523,687,0.883551673944687,scanner_grp,ss1763cntlr,146,131,0.8972602739726028,-0.002739726027397249,0.01370860002791574
uni2,ood,ood_attention_uni2,0.9,94.61228622436523,687,0.883551673944687,scanner_grp,ss1764cntlr,132,126,0.9545454545454546,0.054545454545454564,0.07099378060076755
uni2,ood,ood_attention_uni2,0.9,94.61228622436523,687,0.883551673944687,site,Case Western,69,60,0.8695652173913043,-0.0304347826086957,-0.013986456553382709
uni2,ood,ood_attention_uni2,0.9,94.61228622436523,687,0.883551673944687,site,Case Western - St Joes,103,93,0.9029126213592233,0.002912621359223322,0.01936094741453631
uni2,ood,ood_attention_uni2,0.9,94.61228622436523,687,0.883551673944687,site,Christiana Healthcare,10,6,0.6,-0.30000000000000004,-0.28355167394468705
uni2,ood,ood_attention_uni2,0.9,94.61228622436523,687,0.883551673944687,site,Cureline,14,13,0.9285714285714286,0.02857142857142858,0.04501975462674157
uni2,ood,ood_attention_uni2,0.9,94.61228622436523,687,0.883551673944687,site,Dept of Neurosurgery at University of Heidelberg,48,47,0.9791666666666666,0.07916666666666661,0.0956149927219796
uni2,ood,ood_attention_uni2,0.9,94.61228622436523,687,0.883551673944687,site,Duke,59,54,0.9152542372881356,0.015254237288135575,0.031702563343448564
uni2,ood,ood_attention_uni2,0.9,94.61228622436523,687,0.883551673944687,site,Emory University,21,20,0.9523809523809523,0.052380952380952306,0.0688292784362653
uni2,ood,ood_attention_uni2,0.9,94.61228622436523,687,0.883551673944687,site,Henry Ford Hospital,173,141,0.815028901734104,-0.084971098265896,-0.068522772210583
uni2,ood,ood_attention_uni2,0.9,94.61228622436523,687,0.883551673944687,site,MD Anderson Cancer Center,37,32,0.8648648648648649,-0.03513513513513511,-0.01868680907982212
uni2,ood,ood_attention_uni2,0.9,94.61228622436523,687,0.883551673944687,site,MSKCC,14,13,0.9285714285714286,0.02857142857142858,0.04501975462674157
uni2,ood,ood_attention_uni2,0.9,94.61228622436523,687,0.883551673944687,site,The University of New South Wales,19,19,1.0,0.09999999999999998,0.11644832605531297
uni2,ood,ood_attention_uni2,0.9,94.61228622436523,687,0.883551673944687,site,Thomas Jefferson University,19,14,0.7368421052631579,-0.16315789473684217,-0.14670956868152918
uni2,ood,ood_attention_uni2,0.9,94.61228622436523,687,0.883551673944687,site,UCSF,28,28,1.0,0.09999999999999998,0.11644832605531297
uni2,ood,ood_attention_uni2,0.9,94.61228622436523,687,0.883551673944687,site,University of Sao Paulo,17,15,0.8823529411764706,-0.01764705882352946,-0.0011987327682164706
uni2,predictive,entropy_uni2,0.7,0.24450399870746425,687,0.5618631732168851,magnification,20x,159,103,0.6477987421383647,-0.05220125786163521,0.08593556892147969
uni2,predictive,entropy_uni2,0.7,0.24450399870746425,687,0.5618631732168851,magnification,40x,528,283,0.5359848484848485,-0.16401515151515145,-0.02587832473203655
uni2,predictive,entropy_uni2,0.7,0.24450399870746425,687,0.5618631732168851,scanner_grp,other,169,88,0.5207100591715976,-0.17928994082840233,-0.04115311404528743
uni2,predictive,entropy_uni2,0.7,0.24450399870746425,687,0.5618631732168851,scanner_grp,ss1302,240,148,0.6166666666666667,-0.08333333333333326,0.05480349344978164
uni2,predictive,entropy_uni2,0.7,0.24450399870746425,687,0.5618631732168851,scanner_grp,ss1763cntlr,146,73,0.5,-0.19999999999999996,-0.06186317321688506
uni2,predictive,entropy_uni2,0.7,0.24450399870746425,687,0.5618631732168851,scanner_grp,ss1764cntlr,132,77,0.5833333333333334,-0.11666666666666659,0.02147016011644831
uni2,predictive,entropy_uni2,0.7,0.24450399870746425,687,0.5618631732168851,site,Case Western,69,38,0.5507246376811594,-0.14927536231884053,-0.011138535535725635
uni2,predictive,entropy_uni2,0.7,0.24450399870746425,687,0.5618631732168851,site,Case Western - St Joes,103,54,0.5242718446601942,-0.1757281553398058,-0.037591328556690895
uni2,predictive,entropy_uni2,0.7,0.24450399870746425,687,0.5618631732168851,site,Christiana Healthcare,10,4,0.4,-0.29999999999999993,-0.16186317321688504
uni2,predictive,entropy_uni2,0.7,0.24450399870746425,687,0.5618631732168851,site,Cureline,14,9,0.6428571428571429,-0.05714285714285705,0.08099396964025785
uni2,predictive,entropy_uni2,0.7,0.24450399870746425,687,0.5618631732168851,site,Dept of Neurosurgery at University of Heidelberg,48,30,0.625,-0.07499999999999996,0.06313682678311494
uni2,predictive,entropy_uni2,0.7,0.24450399870746425,687,0.5618631732168851,site,Duke,59,28,0.4745762711864407,-0.22542372881355927,-0.08728690203044437
uni2,predictive,entropy_uni2,0.7,0.24450399870746425,687,0.5618631732168851,site,Emory University,21,14,0.6666666666666666,-0.033333333333333326,0.10480349344978157
uni2,predictive,entropy_uni2,0.7,0.24450399870746425,687,0.5618631732168851,site,Henry Ford Hospital,173,93,0.5375722543352601,-0.16242774566473983,-0.024290918881624934
uni2,predictive,entropy_uni2,0.7,0.24450399870746425,687,0.5618631732168851,site,MD Anderson Cancer Center,37,21,0.5675675675675675,-0.1324324324324324,0.005704394350682485
uni2,predictive,entropy_uni2,0.7,0.24450399870746425,687,0.5618631732168851,site,MSKCC,14,9,0.6428571428571429,-0.05714285714285705,0.08099396964025785
uni2,predictive,entropy_uni2,0.7,0.24450399870746425,687,0.5618631732168851,site,The University of New South Wales,19,11,0.5789473684210527,-0.1210526315789473,0.017084195204167596
uni2,predictive,entropy_uni2,0.7,0.24450399870746425,687,0.5618631732168851,site,Thomas Jefferson University,19,8,0.42105263157894735,-0.2789473684210526,-0.14081054163793771
uni2,predictive,entropy_uni2,0.7,0.24450399870746425,687,0.5618631732168851,site,UCSF,28,14,0.5,-0.19999999999999996,-0.06186317321688506
uni2,predictive,entropy_uni2,0.7,0.24450399870746425,687,0.5618631732168851,site,University of Sao Paulo,17,13,0.7647058823529411,0.06470588235294117,0.20284270913605607
uni2,predictive,entropy_uni2,0.8,0.3468022274579657,687,0.6754002911208151,magnification,20x,159,127,0.7987421383647799,-0.0012578616352201255,0.1233418472439648
uni2,predictive,entropy_uni2,0.8,0.3468022274579657,687,0.6754002911208151,magnification,40x,528,337,0.6382575757575758,-0.16174242424242424,-0.03714271536323932
uni2,predictive,entropy_uni2,0.8,0.3468022274579657,687,0.6754002911208151,scanner_grp,other,169,114,0.6745562130177515,-0.12544378698224856,-0.0008440781030636391
uni2,predictive,entropy_uni2,0.8,0.3468022274579657,687,0.6754002911208151,scanner_grp,ss1302,240,174,0.725,-0.07500000000000007,0.049599708879184856
uni2,predictive,entropy_uni2,0.8,0.3468022274579657,687,0.6754002911208151,scanner_grp,ss1763cntlr,146,90,0.6164383561643836,-0.18356164383561646,-0.05896193495643154
uni2,predictive,entropy_uni2,0.8,0.3468022274579657,687,0.6754002911208151,scanner_grp,ss1764cntlr,132,86,0.6515151515151515,-0.14848484848484855,-0.02388513960566363
uni2,predictive,entropy_uni2,0.8,0.3468022274579657,687,0.6754002911208151,site,Case Western,69,45,0.6521739130434783,-0.14782608695652177,-0.02322637807733685
uni2,predictive,entropy_uni2,0.8,0.3468022274579657,687,0.6754002911208151,site,Case Western - St Joes,103,69,0.6699029126213593,-0.13009708737864079,-0.005497378499455863
uni2,predictive,entropy_uni2,0.8,0.3468022274579657,687,0.6754002911208151,site,Christiana Healthcare,10,7,0.7,-0.10000000000000009,0.024599708879184834
uni2,predictive,entropy_uni2,0.8,0.3468022274579657,687,0.6754002911208151,site,Cureline,14,9,0.6428571428571429,-0.15714285714285714,-0.03254314826367222
uni2,predictive,entropy_uni2,0.8,0.3468022274579657,687,0.6754002911208151,site,Dept of Neurosurgery at University of Heidelberg,48,31,0.6458333333333334,-0.15416666666666667,-0.02956695778748175
uni2,predictive,entropy_uni2,0.8,0.3468022274579657,687,0.6754002911208151,site,Duke,59,38,0.6440677966101694,-0.1559322033898306,-0.03133249451064568
uni2,predictive,entropy_uni2,0.8,0.3468022274579657,687,0.6754002911208151,site,Emory University,21,17,0.8095238095238095,0.00952380952380949,0.1341235184029944
uni2,predictive,entropy_uni2,0.8,0.3468022274579657,687,0.6754002911208151,site,Henry Ford Hospital,173,109,0.630057803468208,-0.169942196531792,-0.045342487652607066
uni2,predictive,entropy_uni2,0.8,0.3468022274579657,687,0.6754002911208151,site,MD Anderson Cancer Center,37,30,0.8108108108108109,0.010810810810810811,0.13541051968999573
uni2,predictive,entropy_uni2,0.8,0.3468022274579657,687,0.6754002911208151,site,MSKCC,14,11,0.7857142857142857,-0.014285714285714346,0.11031399459347058
uni2,predictive,entropy_uni2,0.8,0.3468022274579657,687,0.6754002911208151,site,The University of New South Wales,19,13,0.6842105263157895,-0.11578947368421055,0.00881023519497437
uni2,predictive,entropy_uni2,0.8,0.3468022274579657,687,0.6754002911208151,site,Thomas Jefferson University,19,10,0.5263157894736842,-0.27368421052631586,-0.14908450164713094
uni2,predictive,entropy_uni2,0.8,0.3468022274579657,687,0.6754002911208151,site,UCSF,28,15,0.5357142857142857,-0.26428571428571435,-0.13968600540652942
uni2,predictive,entropy_uni2,0.8,0.3468022274579657,687,0.6754002911208151,site,University of Sao Paulo,17,16,0.9411764705882353,0.14117647058823524,0.26577617946742016
uni2,predictive,entropy_uni2,0.9,0.5611737288646375,687,0.8296943231441049,magnification,20x,159,139,0.8742138364779874,-0.025786163522012573,0.0445195133338826
uni2,predictive,entropy_uni2,0.9,0.5611737288646375,687,0.8296943231441049,magnification,40x,528,431,0.8162878787878788,-0.08371212121212124,-0.013406444356226066
uni2,predictive,entropy_uni2,0.9,0.5611737288646375,687,0.8296943231441049,scanner_grp,other,169,137,0.8106508875739645,-0.08934911242603549,-0.01904343557014032
uni2,predictive,entropy_uni2,0.9,0.5611737288646375,687,0.8296943231441049,scanner_grp,ss1302,240,205,0.8541666666666666,-0.04583333333333339,0.02447234352256178
uni2,predictive,entropy_uni2,0.9,0.5611737288646375,687,0.8296943231441049,scanner_grp,ss1763cntlr,146,119,0.815068493150685,-0.08493150684931505,-0.014625829993419881
uni2,predictive,entropy_uni2,0.9,0.5611737288646375,687,0.8296943231441049,scanner_grp,ss1764cntlr,132,109,0.8257575757575758,-0.07424242424242422,-0.003936747386529049
uni2,predictive,entropy_uni2,0.9,0.5611737288646375,687,0.8296943231441049,site,Case Western,69,57,0.8260869565217391,-0.07391304347826089,-0.0036073666223657153
uni2,predictive,entropy_uni2,0.9,0.5611737288646375,687,0.8296943231441049,site,Case Western - St Joes,103,87,0.8446601941747572,-0.05533980582524278,0.014965871030652389
uni2,predictive,entropy_uni2,0.9,0.5611737288646375,687,0.8296943231441049,site,Christiana Healthcare,10,10,1.0,0.09999999999999998,0.17030567685589515
uni2,predictive,entropy_uni2,0.9,0.5611737288646375,687,0.8296943231441049,site,Cureline,14,13,0.9285714285714286,0.02857142857142858,0.09887710542732375
uni2,predictive,entropy_uni2,0.9,0.5611737288646375,687,0.8296943231441049,site,Dept of Neurosurgery at University of Heidelberg,48,37,0.7708333333333334,-0.12916666666666665,-0.05886098981077148
uni2,predictive,entropy_uni2,0.9,0.5611737288646375,687,0.8296943231441049,site,Duke,59,46,0.7796610169491526,-0.12033898305084745,-0.050033306194952276
uni2,predictive,entropy_uni2,0.9,0.5611737288646375,687,0.8296943231441049,site,Emory University,21,20,0.9523809523809523,0.052380952380952306,0.12268662923684748
uni2,predictive,entropy_uni2,0.9,0.5611737288646375,687,0.8296943231441049,site,Henry Ford Hospital,173,137,0.791907514450867,-0.10809248554913298,-0.037786808693237806
uni2,predictive,entropy_uni2,0.9,0.5611737288646375,687,0.8296943231441049,site,MD Anderson Cancer Center,37,30,0.8108108108108109,-0.08918918918918917,-0.018883512333293995
uni2,predictive,entropy_uni2,0.9,0.5611737288646375,687,0.8296943231441049,site,MSKCC,14,12,0.8571428571428571,-0.04285714285714293,0.027448533998752245
uni2,predictive,entropy_uni2,0.9,0.5611737288646375,687,0.8296943231441049,site,The University of New South Wales,19,17,0.8947368421052632,-0.0052631578947368585,0.06504251896115831
uni2,predictive,entropy_uni2,0.9,0.5611737288646375,687,0.8296943231441049,site,Thomas Jefferson University,19,15,0.7894736842105263,-0.1105263157894737,-0.04022063893357852
uni2,predictive,entropy_uni2,0.9,0.5611737288646375,687,0.8296943231441049,site,UCSF,28,22,0.7857142857142857,-0.11428571428571432,-0.04398003742981915
uni2,predictive,entropy_uni2,0.9,0.5611737288646375,687,0.8296943231441049,site,University of Sao Paulo,17,17,1.0,0.09999999999999998,0.17030567685589515
uni2+hoptimus,deep_ensemble,de_aleatoric_uni2,0.7,0.2134736959909591,687,0.6084425036390102,magnification,20x,159,120,0.7547169811320755,0.05471698113207557,0.14627447749306532
uni2+hoptimus,deep_ensemble,de_aleatoric_uni2,0.7,0.2134736959909591,687,0.6084425036390102,magnification,40x,528,298,0.5643939393939394,-0.1356060606060605,-0.044048564245070754
uni2+hoptimus,deep_ensemble,de_aleatoric_uni2,0.7,0.2134736959909591,687,0.6084425036390102,scanner_grp,other,169,100,0.591715976331361,-0.10828402366863898,-0.01672652730764923
uni2+hoptimus,deep_ensemble,de_aleatoric_uni2,0.7,0.2134736959909591,687,0.6084425036390102,scanner_grp,ss1302,240,162,0.675,-0.02499999999999991,0.06655749636098984
uni2+hoptimus,deep_ensemble,de_aleatoric_uni2,0.7,0.2134736959909591,687,0.6084425036390102,scanner_grp,ss1763cntlr,146,77,0.5273972602739726,-0.17260273972602735,-0.0810452433650376
uni2+hoptimus,deep_ensemble,de_aleatoric_uni2,0.7,0.2134736959909591,687,0.6084425036390102,scanner_grp,ss1764cntlr,132,79,0.5984848484848485,-0.10151515151515145,-0.009957655154161693
uni2+hoptimus,deep_ensemble,de_aleatoric_uni2,0.7,0.2134736959909591,687,0.6084425036390102,site,Case Western,69,39,0.5652173913043478,-0.13478260869565217,-0.04322511233466242
uni2+hoptimus,deep_ensemble,de_aleatoric_uni2,0.7,0.2134736959909591,687,0.6084425036390102,site,Case Western - St Joes,103,58,0.5631067961165048,-0.13689320388349513,-0.045335707522505375
uni2+hoptimus,deep_ensemble,de_aleatoric_uni2,0.7,0.2134736959909591,687,0.6084425036390102,site,Christiana Healthcare,10,6,0.6,-0.09999999999999998,-0.008442503639010224
uni2+hoptimus,deep_ensemble,de_aleatoric_uni2,0.7,0.2134736959909591,687,0.6084425036390102,site,Cureline,14,6,0.42857142857142855,-0.2714285714285714,-0.17987107506758165
uni2+hoptimus,deep_ensemble,de_aleatoric_uni2,0.7,0.2134736959909591,687,0.6084425036390102,site,Dept of Neurosurgery at University of Heidelberg,48,30,0.625,-0.07499999999999996,0.0165574963609898
uni2+hoptimus,deep_ensemble,de_aleatoric_uni2,0.7,0.2134736959909591,687,0.6084425036390102,site,Duke,59,33,0.559322033898305,-0.14067796610169492,-0.049120469740705164
uni2+hoptimus,deep_ensemble,de_aleatoric_uni2,0.7,0.2134736959909591,687,0.6084425036390102,site,Emory University,21,15,0.7142857142857143,0.014285714285714346,0.1058432106467041
uni2+hoptimus,deep_ensemble,de_aleatoric_uni2,0.7,0.2134736959909591,687,0.6084425036390102,site,Henry Ford Hospital,173,102,0.5895953757225434,-0.11040462427745656,-0.01884712791646681
uni2+hoptimus,deep_ensemble,de_aleatoric_uni2,0.7,0.2134736959909591,687,0.6084425036390102,site,MD Anderson Cancer Center,37,29,0.7837837837837838,0.08378378378378382,0.17534128014477357
uni2+hoptimus,deep_ensemble,de_aleatoric_uni2,0.7,0.2134736959909591,687,0.6084425036390102,site,MSKCC,14,9,0.6428571428571429,-0.05714285714285705,0.0344146392181327
uni2+hoptimus,deep_ensemble,de_aleatoric_uni2,0.7,0.2134736959909591,687,0.6084425036390102,site,The University of New South Wales,19,13,0.6842105263157895,-0.015789473684210464,0.07576802267677929
uni2+hoptimus,deep_ensemble,de_aleatoric_uni2,0.7,0.2134736959909591,687,0.6084425036390102,site,Thomas Jefferson University,19,8,0.42105263157894735,-0.2789473684210526,-0.18738987206006286
uni2+hoptimus,deep_ensemble,de_aleatoric_uni2,0.7,0.2134736959909591,687,0.6084425036390102,site,UCSF,28,16,0.5714285714285714,-0.12857142857142856,-0.037013932210438805
uni2+hoptimus,deep_ensemble,de_aleatoric_uni2,0.7,0.2134736959909591,687,0.6084425036390102,site,University of Sao Paulo,17,13,0.7647058823529411,0.06470588235294117,0.15626337871393092
uni2+hoptimus,deep_ensemble,de_aleatoric_uni2,0.8,0.3151377379341889,687,0.7176128093158661,magnification,20x,159,133,0.8364779874213837,0.03647798742138364,0.11886517810551755
uni2+hoptimus,deep_ensemble,de_aleatoric_uni2,0.8,0.3151377379341889,687,0.7176128093158661,magnification,40x,528,360,0.6818181818181818,-0.11818181818181828,-0.03579462749768436
uni2+hoptimus,deep_ensemble,de_aleatoric_uni2,0.8,0.3151377379341889,687,0.7176128093158661,scanner_grp,other,169,117,0.6923076923076923,-0.10769230769230775,-0.02530511700817384
uni2+hoptimus,deep_ensemble,de_aleatoric_uni2,0.8,0.3151377379341889,687,0.7176128093158661,scanner_grp,ss1302,240,185,0.7708333333333334,-0.029166666666666674,0.05322052401746724
uni2+hoptimus,deep_ensemble,de_aleatoric_uni2,0.8,0.3151377379341889,687,0.7176128093158661,scanner_grp,ss1763cntlr,146,102,0.6986301369863014,-0.10136986301369866,-0.018982672329564743
uni2+hoptimus,deep_ensemble,de_aleatoric_uni2,0.8,0.3151377379341889,687,0.7176128093158661,scanner_grp,ss1764cntlr,132,89,0.6742424242424242,-0.12575757575757585,-0.04337038507344193
uni2+hoptimus,deep_ensemble,de_aleatoric_uni2,0.8,0.3151377379341889,687,0.7176128093158661,site,Case Western,69,49,0.7101449275362319,-0.08985507246376812,-0.0074678817796342
uni2+hoptimus,deep_ensemble,de_aleatoric_uni2,0.8,0.3151377379341889,687,0.7176128093158661,site,Case Western - St Joes,103,74,0.7184466019417476,-0.08155339805825246,0.0008337926258814576
uni2+hoptimus,deep_ensemble,de_aleatoric_uni2,0.8,0.3151377379341889,687,0.7176128093158661,site,Christiana Healthcare,10,7,0.7,-0.10000000000000009,-0.017612809315866174
uni2+hoptimus,deep_ensemble,de_aleatoric_uni2,0.8,0.3151377379341889,687,0.7176128093158661,site,Cureline,14,10,0.7142857142857143,-0.08571428571428574,-0.0033270950301518276
uni2+hoptimus,deep_ensemble,de_aleatoric_uni2,0.8,0.3151377379341889,687,0.7176128093158661,site,Dept of Neurosurgery at University of Heidelberg,48,32,0.6666666666666666,-0.13333333333333341,-0.0509461426491995
uni2+hoptimus,deep_ensemble,de_aleatoric_uni2,0.8,0.3151377379341889,687,0.7176128093158661,site,Duke,59,40,0.6779661016949152,-0.12203389830508482,-0.039646707620950905
uni2+hoptimus,deep_ensemble,de_aleatoric_uni2,0.8,0.3151377379341889,687,0.7176128093158661,site,Emory University,21,19,0.9047619047619048,0.10476190476190472,0.18714909544603864
uni2+hoptimus,deep_ensemble,de_aleatoric_uni2,0.8,0.3151377379341889,687,0.7176128093158661,site,Henry Ford Hospital,173,114,0.6589595375722543,-0.1410404624277457,-0.05865327174361179
uni2+hoptimus,deep_ensemble,de_aleatoric_uni2,0.8,0.3151377379341889,687,0.7176128093158661,site,MD Anderson Cancer Center,37,30,0.8108108108108109,0.010810810810810811,0.09319800149494473
uni2+hoptimus,deep_ensemble,de_aleatoric_uni2,0.8,0.3151377379341889,687,0.7176128093158661,site,MSKCC,14,11,0.7857142857142857,-0.014285714285714346,0.06810147639841957
uni2+hoptimus,deep_ensemble,de_aleatoric_uni2,0.8,0.3151377379341889,687,0.7176128093158661,site,The University of New South Wales,19,14,0.7368421052631579,-0.06315789473684219,0.019229295947291725
uni2+hoptimus,deep_ensemble,de_aleatoric_uni2,0.8,0.3151377379341889,687,0.7176128093158661,site,Thomas Jefferson University,19,11,0.5789473684210527,-0.2210526315789474,-0.13866544089481347
uni2+hoptimus,deep_ensemble,de_aleatoric_uni2,0.8,0.3151377379341889,687,0.7176128093158661,site,UCSF,28,21,0.75,-0.050000000000000044,0.03238719068413387
uni2+hoptimus,deep_ensemble,de_aleatoric_uni2,0.8,0.3151377379341889,687,0.7176128093158661,site,University of Sao Paulo,17,16,0.9411764705882353,0.14117647058823524,0.22356366127236915
uni2+hoptimus,deep_ensemble,de_aleatoric_uni2,0.9,0.4166530916722256,687,0.8093158660844251,magnification,20x,159,140,0.8805031446540881,-0.019496855345911945,0.071187278569663
uni2+hoptimus,deep_ensemble,de_aleatoric_uni2,0.9,0.4166530916722256,687,0.8093158660844251,magnification,40x,528,416,0.7878787878787878,-0.11212121212121218,-0.021437078205637228
uni2+hoptimus,deep_ensemble,de_aleatoric_uni2,0.9,0.4166530916722256,687,0.8093158660844251,scanner_grp,other,169,135,0.7988165680473372,-0.10118343195266277,-0.010499298037087823
uni2+hoptimus,deep_ensemble,de_aleatoric_uni2,0.9,0.4166530916722256,687,0.8093158660844251,scanner_grp,ss1302,240,202,0.8416666666666667,-0.05833333333333335,0.0323508005822416
uni2+hoptimus,deep_ensemble,de_aleatoric_uni2,0.9,0.4166530916722256,687,0.8093158660844251,scanner_grp,ss1763cntlr,146,113,0.773972602739726,-0.126027397260274,-0.03534326334469906
uni2+hoptimus,deep_ensemble,de_aleatoric_uni2,0.9,0.4166530916722256,687,0.8093158660844251,scanner_grp,ss1764cntlr,132,106,0.803030303030303,-0.09696969696969704,-0.00628556305412209
uni2+hoptimus,deep_ensemble,de_aleatoric_uni2,0.9,0.4166530916722256,687,0.8093158660844251,site,Case Western,69,55,0.7971014492753623,-0.10289855072463772,-0.012214416809062767
uni2+hoptimus,deep_ensemble,de_aleatoric_uni2,0.9,0.4166530916722256,687,0.8093158660844251,site,Case Western - St Joes,103,85,0.8252427184466019,-0.07475728155339811,0.015926852362176835
uni2+hoptimus,deep_ensemble,de_aleatoric_uni2,0.9,0.4166530916722256,687,0.8093158660844251,site,Christiana Healthcare,10,10,1.0,0.09999999999999998,0.19068413391557493
uni2+hoptimus,deep_ensemble,de_aleatoric_uni2,0.9,0.4166530916722256,687,0.8093158660844251,site,Cureline,14,13,0.9285714285714286,0.02857142857142858,0.11925556248700353
uni2+hoptimus,deep_ensemble,de_aleatoric_uni2,0.9,0.4166530916722256,687,0.8093158660844251,site,Dept of Neurosurgery at University of Heidelberg,48,38,0.7916666666666666,-0.10833333333333339,-0.017649199417758443
uni2+hoptimus,deep_ensemble,de_aleatoric_uni2,0.9,0.4166530916722256,687,0.8093158660844251,site,Duke,59,47,0.7966101694915254,-0.10338983050847461,-0.012705696592899662
uni2+hoptimus,deep_ensemble,de_aleatoric_uni2,0.9,0.4166530916722256,687,0.8093158660844251,site,Emory University,21,20,0.9523809523809523,0.052380952380952306,0.14306508629652726
uni2+hoptimus,deep_ensemble,de_aleatoric_uni2,0.9,0.4166530916722256,687,0.8093158660844251,site,Henry Ford Hospital,173,129,0.7456647398843931,-0.15433526011560694,-0.063651126200032
uni2+hoptimus,deep_ensemble,de_aleatoric_uni2,0.9,0.4166530916722256,687,0.8093158660844251,site,MD Anderson Cancer Center,37,31,0.8378378378378378,-0.06216216216216219,0.028521971753412756
uni2+hoptimus,deep_ensemble,de_aleatoric_uni2,0.9,0.4166530916722256,687,0.8093158660844251,site,MSKCC,14,11,0.7857142857142857,-0.11428571428571432,-0.023601580370139374
uni2+hoptimus,deep_ensemble,de_aleatoric_uni2,0.9,0.4166530916722256,687,0.8093158660844251,site,The University of New South Wales,19,17,0.8947368421052632,-0.0052631578947368585,0.08542097602083809
uni2+hoptimus,deep_ensemble,de_aleatoric_uni2,0.9,0.4166530916722256,687,0.8093158660844251,site,Thomas Jefferson University,19,13,0.6842105263157895,-0.21578947368421053,-0.12510533976863558
uni2+hoptimus,deep_ensemble,de_aleatoric_uni2,0.9,0.4166530916722256,687,0.8093158660844251,site,UCSF,28,23,0.8214285714285714,-0.07857142857142863,0.012112705344146324
uni2+hoptimus,deep_ensemble,de_aleatoric_uni2,0.9,0.4166530916722256,687,0.8093158660844251,site,University of Sao Paulo,17,16,0.9411764705882353,0.04117647058823526,0.1318606045038102
uni2+hoptimus,epistemic,within_encoder_mi_uni2,0.7,0.03159778609922765,687,0.586608442503639,magnification,20x,159,112,0.7044025157232704,0.004402515723270439,0.11779407321963142
uni2+hoptimus,epistemic,within_encoder_mi_uni2,0.7,0.03159778609922765,687,0.586608442503639,magnification,40x,528,291,0.5511363636363636,-0.1488636363636363,-0.035472078867275325
uni2+hoptimus,epistemic,within_encoder_mi_uni2,0.7,0.03159778609922765,687,0.586608442503639,scanner_grp,other,169,100,0.591715976331361,-0.10828402366863898,0.0051075338277219995
uni2+hoptimus,epistemic,within_encoder_mi_uni2,0.7,0.03159778609922765,687,0.586608442503639,scanner_grp,ss1302,240,153,0.6375,-0.0625,0.050891557496360984
uni2+hoptimus,epistemic,within_encoder_mi_uni2,0.7,0.03159778609922765,687,0.586608442503639,scanner_grp,ss1763cntlr,146,76,0.5205479452054794,-0.17945205479452053,-0.06606049729815955
uni2+hoptimus,epistemic,within_encoder_mi_uni2,0.7,0.03159778609922765,687,0.586608442503639,scanner_grp,ss1764cntlr,132,74,0.5606060606060606,-0.1393939393939394,-0.02600238189757842
uni2+hoptimus,epistemic,within_encoder_mi_uni2,0.7,0.03159778609922765,687,0.586608442503639,site,Case Western,69,44,0.6376811594202898,-0.062318840579710155,0.05107271691665083
uni2+hoptimus,epistemic,within_encoder_mi_uni2,0.7,0.03159778609922765,687,0.586608442503639,site,Case Western - St Joes,103,57,0.5533980582524272,-0.1466019417475728,-0.03321038425121181
uni2+hoptimus,epistemic,within_encoder_mi_uni2,0.7,0.03159778609922765,687,0.586608442503639,site,Christiana Healthcare,10,6,0.6,-0.09999999999999998,0.013391557496361006
uni2+hoptimus,epistemic,within_encoder_mi_uni2,0.7,0.03159778609922765,687,0.586608442503639,site,Cureline,14,8,0.5714285714285714,-0.12857142857142856,-0.015179871075067575
uni2+hoptimus,epistemic,within_encoder_mi_uni2,0.7,0.03159778609922765,687,0.586608442503639,site,Dept of Neurosurgery at University of Heidelberg,48,27,0.5625,-0.13749999999999996,-0.02410844250363897
uni2+hoptimus,epistemic,within_encoder_mi_uni2,0.7,0.03159778609922765,687,0.586608442503639,site,Duke,59,31,0.5254237288135594,-0.1745762711864406,-0.061184713690079606
uni2+hoptimus,epistemic,within_encoder_mi_uni2,0.7,0.03159778609922765,687,0.586608442503639,site,Emory University,21,15,0.7142857142857143,0.014285714285714346,0.12767727178207533
uni2+hoptimus,epistemic,within_encoder_mi_uni2,0.7,0.03159778609922765,687,0.586608442503639,site,Henry Ford Hospital,173,94,0.5433526011560693,-0.15664739884393064,-0.04325584134756966
uni2+hoptimus,epistemic,within_encoder_mi_uni2,0.7,0.03159778609922765,687,0.586608442503639,site,MD Anderson Cancer Center,37,24,0.6486486486486487,-0.05135135135135127,0.06204020614500971
uni2+hoptimus,epistemic,within_encoder_mi_uni2,0.7,0.03159778609922765,687,0.586608442503639,site,MSKCC,14,12,0.8571428571428571,0.15714285714285714,0.2705344146392181
uni2+hoptimus,epistemic,within_encoder_mi_uni2,0.7,0.03159778609922765,687,0.586608442503639,site,The University of New South Wales,19,11,0.5789473684210527,-0.1210526315789473,-0.007661074082586317
uni2+hoptimus,epistemic,within_encoder_mi_uni2,0.7,0.03159778609922765,687,0.586608442503639,site,Thomas Jefferson University,19,6,0.3157894736842105,-0.38421052631578945,-0.27081896881942846
uni2+hoptimus,epistemic,within_encoder_mi_uni2,0.7,0.03159778609922765,687,0.586608442503639,site,UCSF,28,14,0.5,-0.19999999999999996,-0.08660844250363897
uni2+hoptimus,epistemic,within_encoder_mi_uni2,0.7,0.03159778609922765,687,0.586608442503639,site,University of Sao Paulo,17,11,0.6470588235294118,-0.05294117647058816,0.060450381025772826
uni2+hoptimus,epistemic,within_encoder_mi_uni2,0.8,0.04036702749946333,687,0.6448326055312955,magnification,20x,159,121,0.7610062893081762,-0.03899371069182389,0.11617368377688064
uni2+hoptimus,epistemic,within_encoder_mi_uni2,0.8,0.04036702749946333,687,0.6448326055312955,magnification,40x,528,322,0.6098484848484849,-0.19015151515151518,-0.03498412068281065
uni2+hoptimus,epistemic,within_encoder_mi_uni2,0.8,0.04036702749946333,687,0.6448326055312955,scanner_grp,other,169,108,0.6390532544378699,-0.16094674556213018,-0.005779351093425644
uni2+hoptimus,epistemic,within_encoder_mi_uni2,0.8,0.04036702749946333,687,0.6448326055312955,scanner_grp,ss1302,240,167,0.6958333333333333,-0.10416666666666674,0.05100072780203779
uni2+hoptimus,epistemic,within_encoder_mi_uni2,0.8,0.04036702749946333,687,0.6448326055312955,scanner_grp,ss1763cntlr,146,86,0.589041095890411,-0.21095890410958906,-0.05579150964088453
uni2+hoptimus,epistemic,within_encoder_mi_uni2,0.8,0.04036702749946333,687,0.6448326055312955,scanner_grp,ss1764cntlr,132,82,0.6212121212121212,-0.17878787878787883,-0.023620484319174295
uni2+hoptimus,epistemic,within_encoder_mi_uni2,0.8,0.04036702749946333,687,0.6448326055312955,site,Case Western,69,49,0.7101449275362319,-0.08985507246376812,0.06531232200493642
uni2+hoptimus,epistemic,within_encoder_mi_uni2,0.8,0.04036702749946333,687,0.6448326055312955,site,Case Western - St Joes,103,64,0.6213592233009708,-0.17864077669902922,-0.02347338223032469
uni2+hoptimus,epistemic,within_encoder_mi_uni2,0.8,0.04036702749946333,687,0.6448326055312955,site,Christiana Healthcare,10,6,0.6,-0.20000000000000007,-0.04483260553129553
uni2+hoptimus,epistemic,within_encoder_mi_uni2,0.8,0.04036702749946333,687,0.6448326055312955,site,Cureline,14,10,0.7142857142857143,-0.08571428571428574,0.06945310875441879
uni2+hoptimus,epistemic,within_encoder_mi_uni2,0.8,0.04036702749946333,687,0.6448326055312955,site,Dept of Neurosurgery at University of Heidelberg,48,28,0.5833333333333334,-0.21666666666666667,-0.06149927219796214
uni2+hoptimus,epistemic,within_encoder_mi_uni2,0.8,0.04036702749946333,687,0.6448326055312955,site,Duke,59,34,0.576271186440678,-0.22372881355932206,-0.06856141909061753
uni2+hoptimus,epistemic,within_encoder_mi_uni2,0.8,0.04036702749946333,687,0.6448326055312955,site,Emory University,21,17,0.8095238095238095,0.00952380952380949,0.16469120399251402
uni2+hoptimus,epistemic,within_encoder_mi_uni2,0.8,0.04036702749946333,687,0.6448326055312955,site,Henry Ford Hospital,173,103,0.5953757225433526,-0.20462427745664746,-0.04945688298794293
uni2+hoptimus,epistemic,within_encoder_mi_uni2,0.8,0.04036702749946333,687,0.6448326055312955,site,MD Anderson Cancer Center,37,26,0.7027027027027027,-0.0972972972972973,0.05787009717140723
uni2+hoptimus,epistemic,within_encoder_mi_uni2,0.8,0.04036702749946333,687,0.6448326055312955,site,MSKCC,14,12,0.8571428571428571,0.05714285714285705,0.21231025161156158
uni2+hoptimus,epistemic,within_encoder_mi_uni2,0.8,0.04036702749946333,687,0.6448326055312955,site,The University of New South Wales,19,11,0.5789473684210527,-0.2210526315789474,-0.06588523711024286
uni2+hoptimus,epistemic,within_encoder_mi_uni2,0.8,0.04036702749946333,687,0.6448326055312955,site,Thomas Jefferson University,19,8,0.42105263157894735,-0.3789473684210527,-0.22377997395234817
uni2+hoptimus,epistemic,within_encoder_mi_uni2,0.8,0.04036702749946333,687,0.6448326055312955,site,UCSF,28,16,0.5714285714285714,-0.22857142857142865,-0.07340403410272411
uni2+hoptimus,epistemic,within_encoder_mi_uni2,0.8,0.04036702749946333,687,0.6448326055312955,site,University of Sao Paulo,17,13,0.7647058823529411,-0.03529411764705892,0.11987327682164561
uni2+hoptimus,epistemic,within_encoder_mi_uni2,0.9,0.07776141460960902,687,0.8165938864628821,magnification,20x,159,143,0.89937106918239,-0.0006289308176100628,0.08277718271950785
uni2+hoptimus,epistemic,within_encoder_mi_uni2,0.9,0.07776141460960902,687,0.8165938864628821,magnification,40x,528,418,0.7916666666666666,-0.10833333333333339,-0.024927219796215483
uni2+hoptimus,epistemic,within_encoder_mi_uni2,0.9,0.07776141460960902,687,0.8165938864628821,scanner_grp,other,169,141,0.834319526627219,-0.06568047337278105,0.017725640164336864
uni2+hoptimus,epistemic,within_encoder_mi_uni2,0.9,0.07776141460960902,687,0.8165938864628821,scanner_grp,ss1302,240,207,0.8625,-0.03749999999999998,0.04590611353711793
uni2+hoptimus,epistemic,within_encoder_mi_uni2,0.9,0.07776141460960902,687,0.8165938864628821,scanner_grp,ss1763cntlr,146,113,0.773972602739726,-0.126027397260274,-0.0426212837231561
uni2+hoptimus,epistemic,within_encoder_mi_uni2,0.9,0.07776141460960902,687,0.8165938864628821,scanner_grp,ss1764cntlr,132,100,0.7575757575757576,-0.14242424242424245,-0.059018128887124544
uni2+hoptimus,epistemic,within_encoder_mi_uni2,0.9,0.07776141460960902,687,0.8165938864628821,site,Case Western,69,56,0.8115942028985508,-0.08840579710144925,-0.004999683564331336
uni2+hoptimus,epistemic,within_encoder_mi_uni2,0.9,0.07776141460960902,687,0.8165938864628821,site,Case Western - St Joes,103,78,0.7572815533980582,-0.14271844660194177,-0.05931233306482386
uni2+hoptimus,epistemic,within_encoder_mi_uni2,0.9,0.07776141460960902,687,0.8165938864628821,site,Christiana Healthcare,10,9,0.9,0.0,0.08340611353711791
uni2+hoptimus,epistemic,within_encoder_mi_uni2,0.9,0.07776141460960902,687,0.8165938864628821,site,Cureline,14,12,0.8571428571428571,-0.04285714285714293,0.04054897067997498
uni2+hoptimus,epistemic,within_encoder_mi_uni2,0.9,0.07776141460960902,687,0.8165938864628821,site,Dept of Neurosurgery at University of Heidelberg,48,35,0.7291666666666666,-0.1708333333333334,-0.08742721979621548
uni2+hoptimus,epistemic,within_encoder_mi_uni2,0.9,0.07776141460960902,687,0.8165938864628821,site,Duke,59,47,0.7966101694915254,-0.10338983050847461,-0.019983716971356702
uni2+hoptimus,epistemic,within_encoder_mi_uni2,0.9,0.07776141460960902,687,0.8165938864628821,site,Emory University,21,19,0.9047619047619048,0.004761904761904745,0.08816801829902265
uni2+hoptimus,epistemic,within_encoder_mi_uni2,0.9,0.07776141460960902,687,0.8165938864628821,site,Henry Ford Hospital,173,143,0.8265895953757225,-0.0734104046242775,0.009995708912840406
uni2+hoptimus,epistemic,within_encoder_mi_uni2,0.9,0.07776141460960902,687,0.8165938864628821,site,MD Anderson Cancer Center,37,34,0.918918918918919,0.018918918918918948,0.10232503245603686
uni2+hoptimus,epistemic,within_encoder_mi_uni2,0.9,0.07776141460960902,687,0.8165938864628821,site,MSKCC,14,14,1.0,0.09999999999999998,0.1834061135371179
uni2+hoptimus,epistemic,within_encoder_mi_uni2,0.9,0.07776141460960902,687,0.8165938864628821,site,The University of New South Wales,19,14,0.7368421052631579,-0.16315789473684217,-0.07975178119972426
uni2+hoptimus,epistemic,within_encoder_mi_uni2,0.9,0.07776141460960902,687,0.8165938864628821,site,Thomas Jefferson University,19,11,0.5789473684210527,-0.32105263157894737,-0.23764651804182946
uni2+hoptimus,epistemic,within_encoder_mi_uni2,0.9,0.07776141460960902,687,0.8165938864628821,site,UCSF,28,23,0.8214285714285714,-0.07857142857142863,0.004834684965689284
uni2+hoptimus,epistemic,within_encoder_mi_uni2,0.9,0.07776141460960902,687,0.8165938864628821,site,University of Sao Paulo,17,16,0.9411764705882353,0.04117647058823526,0.12458258412535317
uni2+hoptimus,laplace,laplace_aleatoric_uni2,0.7,0.2357562665999998,687,0.586608442503639,magnification,20x,159,109,0.6855345911949685,-0.014465408805031443,0.09892614869132954
uni2+hoptimus,laplace,laplace_aleatoric_uni2,0.7,0.2357562665999998,687,0.586608442503639,magnification,40x,528,294,0.5568181818181818,-0.1431818181818182,-0.029790260685457204
uni2+hoptimus,laplace,laplace_aleatoric_uni2,0.7,0.2357562665999998,687,0.586608442503639,scanner_grp,other,169,91,0.5384615384615384,-0.16153846153846152,-0.048146904042100536
uni2+hoptimus,laplace,laplace_aleatoric_uni2,0.7,0.2357562665999998,687,0.586608442503639,scanner_grp,ss1302,240,153,0.6375,-0.0625,0.050891557496360984
uni2+hoptimus,laplace,laplace_aleatoric_uni2,0.7,0.2357562665999998,687,0.586608442503639,scanner_grp,ss1763cntlr,146,79,0.541095890410959,-0.158904109589041,-0.045512552092680014
uni2+hoptimus,laplace,laplace_aleatoric_uni2,0.7,0.2357562665999998,687,0.586608442503639,scanner_grp,ss1764cntlr,132,80,0.6060606060606061,-0.09393939393939388,0.019452163556967106
uni2+hoptimus,laplace,laplace_aleatoric_uni2,0.7,0.2357562665999998,687,0.586608442503639,site,Case Western,69,38,0.5507246376811594,-0.14927536231884053,-0.03588380482247955
uni2+hoptimus,laplace,laplace_aleatoric_uni2,0.7,0.2357562665999998,687,0.586608442503639,site,Case Western - St Joes,103,58,0.5631067961165048,-0.13689320388349513,-0.023501646387134145
uni2+hoptimus,laplace,laplace_aleatoric_uni2,0.7,0.2357562665999998,687,0.586608442503639,site,Christiana Healthcare,10,5,0.5,-0.19999999999999996,-0.08660844250363897
uni2+hoptimus,laplace,laplace_aleatoric_uni2,0.7,0.2357562665999998,687,0.586608442503639,site,Cureline,14,9,0.6428571428571429,-0.05714285714285705,0.05624870035350393
uni2+hoptimus,laplace,laplace_aleatoric_uni2,0.7,0.2357562665999998,687,0.586608442503639,site,Dept of Neurosurgery at University of Heidelberg,48,30,0.625,-0.07499999999999996,0.03839155749636103
uni2+hoptimus,laplace,laplace_aleatoric_uni2,0.7,0.2357562665999998,687,0.586608442503639,site,Duke,59,29,0.4915254237288136,-0.20847457627118637,-0.09508301877482539
uni2+hoptimus,laplace,laplace_aleatoric_uni2,0.7,0.2357562665999998,687,0.586608442503639,site,Emory University,21,15,0.7142857142857143,0.014285714285714346,0.12767727178207533
uni2+hoptimus,laplace,laplace_aleatoric_uni2,0.7,0.2357562665999998,687,0.586608442503639,site,Henry Ford Hospital,173,95,0.5491329479768786,-0.15086705202312134,-0.037475494526760356
uni2+hoptimus,laplace,laplace_aleatoric_uni2,0.7,0.2357562665999998,687,0.586608442503639,site,MD Anderson Cancer Center,37,23,0.6216216216216216,-0.07837837837837835,0.03501317911798263
uni2+hoptimus,laplace,laplace_aleatoric_uni2,0.7,0.2357562665999998,687,0.586608442503639,site,MSKCC,14,9,0.6428571428571429,-0.05714285714285705,0.05624870035350393
uni2+hoptimus,laplace,laplace_aleatoric_uni2,0.7,0.2357562665999998,687,0.586608442503639,site,The University of New South Wales,19,13,0.6842105263157895,-0.015789473684210464,0.09760208381215052
uni2+hoptimus,laplace,laplace_aleatoric_uni2,0.7,0.2357562665999998,687,0.586608442503639,site,Thomas Jefferson University,19,9,0.47368421052631576,-0.2263157894736842,-0.11292423197732321
uni2+hoptimus,laplace,laplace_aleatoric_uni2,0.7,0.2357562665999998,687,0.586608442503639,site,UCSF,28,15,0.5357142857142857,-0.16428571428571426,-0.05089415678935327
uni2+hoptimus,laplace,laplace_aleatoric_uni2,0.7,0.2357562665999998,687,0.586608442503639,site,University of Sao Paulo,17,15,0.8823529411764706,0.1823529411764706,0.2957444986728316
uni2+hoptimus,laplace,laplace_aleatoric_uni2,0.8,0.3064293350000001,687,0.6797671033478894,magnification,20x,159,128,0.8050314465408805,0.005031446540880502,0.12526434319299118
uni2+hoptimus,laplace,laplace_aleatoric_uni2,0.8,0.3064293350000001,687,0.6797671033478894,magnification,40x,528,339,0.6420454545454546,-0.15795454545454546,-0.03772164880243478
uni2+hoptimus,laplace,laplace_aleatoric_uni2,0.8,0.3064293350000001,687,0.6797671033478894,scanner_grp,other,169,113,0.6686390532544378,-0.1313609467455622,-0.011128050093451525
uni2+hoptimus,laplace,laplace_aleatoric_uni2,0.8,0.3064293350000001,687,0.6797671033478894,scanner_grp,ss1302,240,176,0.7333333333333333,-0.06666666666666676,0.053566229985443914
uni2+hoptimus,laplace,laplace_aleatoric_uni2,0.8,0.3064293350000001,687,0.6797671033478894,scanner_grp,ss1763cntlr,146,89,0.6095890410958904,-0.19041095890410964,-0.07017806225199896
uni2+hoptimus,laplace,laplace_aleatoric_uni2,0.8,0.3064293350000001,687,0.6797671033478894,scanner_grp,ss1764cntlr,132,89,0.6742424242424242,-0.12575757575757585,-0.005524679105465169
uni2+hoptimus,laplace,laplace_aleatoric_uni2,0.8,0.3064293350000001,687,0.6797671033478894,site,Case Western,69,45,0.6521739130434783,-0.14782608695652177,-0.027593190304411097
uni2+hoptimus,laplace,laplace_aleatoric_uni2,0.8,0.3064293350000001,687,0.6797671033478894,site,Case Western - St Joes,103,67,0.6504854368932039,-0.14951456310679612,-0.02928166645468544
uni2+hoptimus,laplace,laplace_aleatoric_uni2,0.8,0.3064293350000001,687,0.6797671033478894,site,Christiana Healthcare,10,7,0.7,-0.10000000000000009,0.020232896652110588
uni2+hoptimus,laplace,laplace_aleatoric_uni2,0.8,0.3064293350000001,687,0.6797671033478894,site,Cureline,14,9,0.6428571428571429,-0.15714285714285714,-0.03690996049074646
uni2+hoptimus,laplace,laplace_aleatoric_uni2,0.8,0.3064293350000001,687,0.6797671033478894,site,Dept of Neurosurgery at University of Heidelberg,48,32,0.6666666666666666,-0.13333333333333341,-0.013100436681222738
uni2+hoptimus,laplace,laplace_aleatoric_uni2,0.8,0.3064293350000001,687,0.6797671033478894,site,Duke,59,38,0.6440677966101694,-0.1559322033898306,-0.03569930673771993
uni2+hoptimus,laplace,laplace_aleatoric_uni2,0.8,0.3064293350000001,687,0.6797671033478894,site,Emory University,21,17,0.8095238095238095,0.00952380952380949,0.12975670617592017
uni2+hoptimus,laplace,laplace_aleatoric_uni2,0.8,0.3064293350000001,687,0.6797671033478894,site,Henry Ford Hospital,173,109,0.630057803468208,-0.169942196531792,-0.04970929987968131
uni2+hoptimus,laplace,laplace_aleatoric_uni2,0.8,0.3064293350000001,687,0.6797671033478894,site,MD Anderson Cancer Center,37,30,0.8108108108108109,0.010810810810810811,0.1310437074629215
uni2+hoptimus,laplace,laplace_aleatoric_uni2,0.8,0.3064293350000001,687,0.6797671033478894,site,MSKCC,14,11,0.7857142857142857,-0.014285714285714346,0.10594718236639633
uni2+hoptimus,laplace,laplace_aleatoric_uni2,0.8,0.3064293350000001,687,0.6797671033478894,site,The University of New South Wales,19,13,0.6842105263157895,-0.11578947368421055,0.004443422967900124
uni2+hoptimus,laplace,laplace_aleatoric_uni2,0.8,0.3064293350000001,687,0.6797671033478894,site,Thomas Jefferson University,19,11,0.5789473684210527,-0.2210526315789474,-0.10081973492683671
uni2+hoptimus,laplace,laplace_aleatoric_uni2,0.8,0.3064293350000001,687,0.6797671033478894,site,UCSF,28,17,0.6071428571428571,-0.19285714285714295,-0.07262424620503227
uni2+hoptimus,laplace,laplace_aleatoric_uni2,0.8,0.3064293350000001,687,0.6797671033478894,site,University of Sao Paulo,17,15,0.8823529411764706,0.08235294117647052,0.2025858378285812
uni2+hoptimus,laplace,laplace_aleatoric_uni2,0.9,0.4334055154000001,687,0.8034934497816594,magnification,20x,159,139,0.8742138364779874,-0.025786163522012573,0.07072038669632807
uni2+hoptimus,laplace,laplace_aleatoric_uni2,0.9,0.4334055154000001,687,0.8034934497816594,magnification,40x,528,413,0.7821969696969697,-0.1178030303030303,-0.02129648008468965
uni2+hoptimus,laplace,laplace_aleatoric_uni2,0.9,0.4334055154000001,687,0.8034934497816594,scanner_grp,other,169,132,0.7810650887573964,-0.11893491124260358,-0.022428361024262933
uni2+hoptimus,laplace,laplace_aleatoric_uni2,0.9,0.4334055154000001,687,0.8034934497816594,scanner_grp,ss1302,240,201,0.8375,-0.0625,0.03400655021834065
uni2+hoptimus,laplace,laplace_aleatoric_uni2,0.9,0.4334055154000001,687,0.8034934497816594,scanner_grp,ss1763cntlr,146,112,0.7671232876712328,-0.1328767123287672,-0.03637016211042654
uni2+hoptimus,laplace,laplace_aleatoric_uni2,0.9,0.4334055154000001,687,0.8034934497816594,scanner_grp,ss1764cntlr,132,107,0.8106060606060606,-0.08939393939393947,0.007112610824401178
uni2+hoptimus,laplace,laplace_aleatoric_uni2,0.9,0.4334055154000001,687,0.8034934497816594,site,Case Western,69,56,0.8115942028985508,-0.08840579710144925,0.008100753116891402
uni2+hoptimus,laplace,laplace_aleatoric_uni2,0.9,0.4334055154000001,687,0.8034934497816594,site,Case Western - St Joes,103,85,0.8252427184466019,-0.07475728155339811,0.021749268664942534
uni2+hoptimus,laplace,laplace_aleatoric_uni2,0.9,0.4334055154000001,687,0.8034934497816594,site,Christiana Healthcare,10,10,1.0,0.09999999999999998,0.19650655021834063
uni2+hoptimus,laplace,laplace_aleatoric_uni2,0.9,0.4334055154000001,687,0.8034934497816594,site,Cureline,14,13,0.9285714285714286,0.02857142857142858,0.12507797878976923
uni2+hoptimus,laplace,laplace_aleatoric_uni2,0.9,0.4334055154000001,687,0.8034934497816594,site,Dept of Neurosurgery at University of Heidelberg,48,39,0.8125,-0.08750000000000002,0.009006550218340625
uni2+hoptimus,laplace,laplace_aleatoric_uni2,0.9,0.4334055154000001,687,0.8034934497816594,site,Duke,59,46,0.7796610169491526,-0.12033898305084745,-0.0238324328325068
uni2+hoptimus,laplace,laplace_aleatoric_uni2,0.9,0.4334055154000001,687,0.8034934497816594,site,Emory University,21,20,0.9523809523809523,0.052380952380952306,0.14888750259929295
uni2+hoptimus,laplace,laplace_aleatoric_uni2,0.9,0.4334055154000001,687,0.8034934497816594,site,Henry Ford Hospital,173,126,0.7283236994219653,-0.17167630057803474,-0.07516975035969409
uni2+hoptimus,laplace,laplace_aleatoric_uni2,0.9,0.4334055154000001,687,0.8034934497816594,site,MD Anderson Cancer Center,37,30,0.8108108108108109,-0.08918918918918917,0.007317361029151481
uni2+hoptimus,laplace,laplace_aleatoric_uni2,0.9,0.4334055154000001,687,0.8034934497816594,site,MSKCC,14,11,0.7857142857142857,-0.11428571428571432,-0.017779164067373676
uni2+hoptimus,laplace,laplace_aleatoric_uni2,0.9,0.4334055154000001,687,0.8034934497816594,site,The University of New South Wales,19,17,0.8947368421052632,-0.0052631578947368585,0.09124339232360379
uni2+hoptimus,laplace,laplace_aleatoric_uni2,0.9,0.4334055154000001,687,0.8034934497816594,site,Thomas Jefferson University,19,14,0.7368421052631579,-0.16315789473684217,-0.06665134451850152
uni2+hoptimus,laplace,laplace_aleatoric_uni2,0.9,0.4334055154000001,687,0.8034934497816594,site,UCSF,28,22,0.7857142857142857,-0.11428571428571432,-0.017779164067373676
uni2+hoptimus,laplace,laplace_aleatoric_uni2,0.9,0.4334055154000001,687,0.8034934497816594,site,University of Sao Paulo,17,16,0.9411764705882353,0.04117647058823526,0.1376830208065759
uni2+hoptimus,mc_dropout,mc_aleatoric_uni2,0.7,0.2226371999907335,687,0.5909752547307132,magnification,20x,159,107,0.6729559748427673,-0.0270440251572327,0.08198072011205404
uni2+hoptimus,mc_dropout,mc_aleatoric_uni2,0.7,0.2226371999907335,687,0.5909752547307132,magnification,40x,528,299,0.5662878787878788,-0.13371212121212117,-0.024687375942834433
uni2+hoptimus,mc_dropout,mc_aleatoric_uni2,0.7,0.2226371999907335,687,0.5909752547307132,scanner_grp,other,169,91,0.5384615384615384,-0.16153846153846152,-0.05251371626917478
uni2+hoptimus,mc_dropout,mc_aleatoric_uni2,0.7,0.2226371999907335,687,0.5909752547307132,scanner_grp,ss1302,240,155,0.6458333333333334,-0.054166666666666585,0.05485807860262015
uni2+hoptimus,mc_dropout,mc_aleatoric_uni2,0.7,0.2226371999907335,687,0.5909752547307132,scanner_grp,ss1763cntlr,146,80,0.547945205479452,-0.15205479452054793,-0.04303004925126119
uni2+hoptimus,mc_dropout,mc_aleatoric_uni2,0.7,0.2226371999907335,687,0.5909752547307132,scanner_grp,ss1764cntlr,132,80,0.6060606060606061,-0.09393939393939388,0.01508535132989286
uni2+hoptimus,mc_dropout,mc_aleatoric_uni2,0.7,0.2226371999907335,687,0.5909752547307132,site,Case Western,69,39,0.5652173913043478,-0.13478260869565217,-0.025757863426365435
uni2+hoptimus,mc_dropout,mc_aleatoric_uni2,0.7,0.2226371999907335,687,0.5909752547307132,site,Case Western - St Joes,103,60,0.5825242718446602,-0.1174757281553398,-0.00845098288605306
uni2+hoptimus,mc_dropout,mc_aleatoric_uni2,0.7,0.2226371999907335,687,0.5909752547307132,site,Christiana Healthcare,10,5,0.5,-0.19999999999999996,-0.09097525473071322
uni2+hoptimus,mc_dropout,mc_aleatoric_uni2,0.7,0.2226371999907335,687,0.5909752547307132,site,Cureline,14,9,0.6428571428571429,-0.05714285714285705,0.05188188812642969
uni2+hoptimus,mc_dropout,mc_aleatoric_uni2,0.7,0.2226371999907335,687,0.5909752547307132,site,Dept of Neurosurgery at University of Heidelberg,48,30,0.625,-0.07499999999999996,0.03402474526928678
uni2+hoptimus,mc_dropout,mc_aleatoric_uni2,0.7,0.2226371999907335,687,0.5909752547307132,site,Duke,59,28,0.4745762711864407,-0.22542372881355927,-0.11639898354427253
uni2+hoptimus,mc_dropout,mc_aleatoric_uni2,0.7,0.2226371999907335,687,0.5909752547307132,site,Emory University,21,15,0.7142857142857143,0.014285714285714346,0.12331045955500108
uni2+hoptimus,mc_dropout,mc_aleatoric_uni2,0.7,0.2226371999907335,687,0.5909752547307132,site,Henry Ford Hospital,173,97,0.5606936416184971,-0.13930635838150285,-0.03028161311221611
uni2+hoptimus,mc_dropout,mc_aleatoric_uni2,0.7,0.2226371999907335,687,0.5909752547307132,site,MD Anderson Cancer Center,37,22,0.5945945945945946,-0.10540540540540533,0.00361933986388141
uni2+hoptimus,mc_dropout,mc_aleatoric_uni2,0.7,0.2226371999907335,687,0.5909752547307132,site,MSKCC,14,9,0.6428571428571429,-0.05714285714285705,0.05188188812642969
uni2+hoptimus,mc_dropout,mc_aleatoric_uni2,0.7,0.2226371999907335,687,0.5909752547307132,site,The University of New South Wales,19,13,0.6842105263157895,-0.015789473684210464,0.09323527158507627
uni2+hoptimus,mc_dropout,mc_aleatoric_uni2,0.7,0.2226371999907335,687,0.5909752547307132,site,Thomas Jefferson University,19,10,0.5263157894736842,-0.17368421052631577,-0.06465946525702904
uni2+hoptimus,mc_dropout,mc_aleatoric_uni2,0.7,0.2226371999907335,687,0.5909752547307132,site,UCSF,28,15,0.5357142857142857,-0.16428571428571426,-0.05526096901642752
uni2+hoptimus,mc_dropout,mc_aleatoric_uni2,0.7,0.2226371999907335,687,0.5909752547307132,site,University of Sao Paulo,17,15,0.8823529411764706,0.1823529411764706,0.29137768644575734
uni2+hoptimus,mc_dropout,mc_aleatoric_uni2,0.8,0.29076623192463913,687,0.6695778748180495,magnification,20x,159,125,0.7861635220125787,-0.01383647798742138,0.11658564719452913
uni2+hoptimus,mc_dropout,mc_aleatoric_uni2,0.8,0.29076623192463913,687,0.6695778748180495,magnification,40x,528,335,0.634469696969697,-0.16553030303030303,-0.03510817784835252
uni2+hoptimus,mc_dropout,mc_aleatoric_uni2,0.8,0.29076623192463913,687,0.6695778748180495,scanner_grp,other,169,112,0.6627218934911243,-0.13727810650887573,-0.00685598132692522
uni2+hoptimus,mc_dropout,mc_aleatoric_uni2,0.8,0.29076623192463913,687,0.6695778748180495,scanner_grp,ss1302,240,172,0.7166666666666667,-0.08333333333333337,0.04708879184861714
uni2+hoptimus,mc_dropout,mc_aleatoric_uni2,0.8,0.29076623192463913,687,0.6695778748180495,scanner_grp,ss1763cntlr,146,88,0.6027397260273972,-0.19726027397260282,-0.06683814879065231
uni2+hoptimus,mc_dropout,mc_aleatoric_uni2,0.8,0.29076623192463913,687,0.6695778748180495,scanner_grp,ss1764cntlr,132,88,0.6666666666666666,-0.13333333333333341,-0.0029112081513829047
uni2+hoptimus,mc_dropout,mc_aleatoric_uni2,0.8,0.29076623192463913,687,0.6695778748180495,site,Case Western,69,42,0.6086956521739131,-0.19130434782608696,-0.06088222264413645
uni2+hoptimus,mc_dropout,mc_aleatoric_uni2,0.8,0.29076623192463913,687,0.6695778748180495,site,Case Western - St Joes,103,69,0.6699029126213593,-0.13009708737864079,0.00032503780330972454
uni2+hoptimus,mc_dropout,mc_aleatoric_uni2,0.8,0.29076623192463913,687,0.6695778748180495,site,Christiana Healthcare,10,7,0.7,-0.10000000000000009,0.03042212518195042
uni2+hoptimus,mc_dropout,mc_aleatoric_uni2,0.8,0.29076623192463913,687,0.6695778748180495,site,Cureline,14,9,0.6428571428571429,-0.15714285714285714,-0.02672073196090663
uni2+hoptimus,mc_dropout,mc_aleatoric_uni2,0.8,0.29076623192463913,687,0.6695778748180495,site,Dept of Neurosurgery at University of Heidelberg,48,32,0.6666666666666666,-0.13333333333333341,-0.0029112081513829047
uni2+hoptimus,mc_dropout,mc_aleatoric_uni2,0.8,0.29076623192463913,687,0.6695778748180495,site,Duke,59,37,0.6271186440677966,-0.17288135593220344,-0.04245923075025293
uni2+hoptimus,mc_dropout,mc_aleatoric_uni2,0.8,0.29076623192463913,687,0.6695778748180495,site,Emory University,21,16,0.7619047619047619,-0.03809523809523818,0.09232688708671233
uni2+hoptimus,mc_dropout,mc_aleatoric_uni2,0.8,0.29076623192463913,687,0.6695778748180495,site,Henry Ford Hospital,173,109,0.630057803468208,-0.169942196531792,-0.03952007134984148
uni2+hoptimus,mc_dropout,mc_aleatoric_uni2,0.8,0.29076623192463913,687,0.6695778748180495,site,MD Anderson Cancer Center,37,29,0.7837837837837838,-0.016216216216216273,0.11420590896573424
uni2+hoptimus,mc_dropout,mc_aleatoric_uni2,0.8,0.29076623192463913,687,0.6695778748180495,site,MSKCC,14,11,0.7857142857142857,-0.014285714285714346,0.11613641089623616
uni2+hoptimus,mc_dropout,mc_aleatoric_uni2,0.8,0.29076623192463913,687,0.6695778748180495,site,The University of New South Wales,19,13,0.6842105263157895,-0.11578947368421055,0.014632651497739957
uni2+hoptimus,mc_dropout,mc_aleatoric_uni2,0.8,0.29076623192463913,687,0.6695778748180495,site,Thomas Jefferson University,19,11,0.5789473684210527,-0.2210526315789474,-0.09063050639699688
uni2+hoptimus,mc_dropout,mc_aleatoric_uni2,0.8,0.29076623192463913,687,0.6695778748180495,site,UCSF,28,15,0.5357142857142857,-0.26428571428571435,-0.13386358910376384
uni2+hoptimus,mc_dropout,mc_aleatoric_uni2,0.8,0.29076623192463913,687,0.6695778748180495,site,University of Sao Paulo,17,15,0.8823529411764706,0.08235294117647052,0.21277506635842103
uni2+hoptimus,mc_dropout,mc_aleatoric_uni2,0.9,0.4414228980840999,687,0.8005822416302766,magnification,20x,159,138,0.8679245283018868,-0.0320754716981132,0.06734228667161024
uni2+hoptimus,mc_dropout,mc_aleatoric_uni2,0.9,0.4414228980840999,687,0.8005822416302766,magnification,40x,528,412,0.7803030303030303,-0.11969696969696975,-0.020279211327246305
uni2+hoptimus,mc_dropout,mc_aleatoric_uni2,0.9,0.4414228980840999,687,0.8005822416302766,scanner_grp,other,169,131,0.7751479289940828,-0.12485207100591722,-0.02543431263619378
uni2+hoptimus,mc_dropout,mc_aleatoric_uni2,0.9,0.4414228980840999,687,0.8005822416302766,scanner_grp,ss1302,240,199,0.8291666666666667,-0.0708333333333333,0.028584425036390138
uni2+hoptimus,mc_dropout,mc_aleatoric_uni2,0.9,0.4414228980840999,687,0.8005822416302766,scanner_grp,ss1763cntlr,146,112,0.7671232876712328,-0.1328767123287672,-0.03345895395904375
uni2+hoptimus,mc_dropout,mc_aleatoric_uni2,0.9,0.4414228980840999,687,0.8005822416302766,scanner_grp,ss1764cntlr,132,108,0.8181818181818182,-0.08181818181818179,0.01759957655154165
uni2+hoptimus,mc_dropout,mc_aleatoric_uni2,0.9,0.4414228980840999,687,0.8005822416302766,site,Case Western,69,56,0.8115942028985508,-0.08840579710144925,0.011011961268274195
uni2+hoptimus,mc_dropout,mc_aleatoric_uni2,0.9,0.4414228980840999,687,0.8005822416302766,site,Case Western - St Joes,103,85,0.8252427184466019,-0.07475728155339811,0.024660476816325327
uni2+hoptimus,mc_dropout,mc_aleatoric_uni2,0.9,0.4414228980840999,687,0.8005822416302766,site,Christiana Healthcare,10,10,1.0,0.09999999999999998,0.19941775836972342
uni2+hoptimus,mc_dropout,mc_aleatoric_uni2,0.9,0.4414228980840999,687,0.8005822416302766,site,Cureline,14,13,0.9285714285714286,0.02857142857142858,0.12798918694115202
uni2+hoptimus,mc_dropout,mc_aleatoric_uni2,0.9,0.4414228980840999,687,0.8005822416302766,site,Dept of Neurosurgery at University of Heidelberg,48,39,0.8125,-0.08750000000000002,0.011917758369723419
uni2+hoptimus,mc_dropout,mc_aleatoric_uni2,0.9,0.4414228980840999,687,0.8005822416302766,site,Duke,59,46,0.7796610169491526,-0.12033898305084745,-0.020921224681124007
uni2+hoptimus,mc_dropout,mc_aleatoric_uni2,0.9,0.4414228980840999,687,0.8005822416302766,site,Emory University,21,20,0.9523809523809523,0.052380952380952306,0.15179871075067575
uni2+hoptimus,mc_dropout,mc_aleatoric_uni2,0.9,0.4414228980840999,687,0.8005822416302766,site,Henry Ford Hospital,173,123,0.7109826589595376,-0.18901734104046242,-0.08959958267073898
uni2+hoptimus,mc_dropout,mc_aleatoric_uni2,0.9,0.4414228980840999,687,0.8005822416302766,site,MD Anderson Cancer Center,37,30,0.8108108108108109,-0.08918918918918917,0.010228569180534275
uni2+hoptimus,mc_dropout,mc_aleatoric_uni2,0.9,0.4414228980840999,687,0.8005822416302766,site,MSKCC,14,11,0.7857142857142857,-0.11428571428571432,-0.014867955915990883
uni2+hoptimus,mc_dropout,mc_aleatoric_uni2,0.9,0.4414228980840999,687,0.8005822416302766,site,The University of New South Wales,19,17,0.8947368421052632,-0.0052631578947368585,0.09415460047498658
uni2+hoptimus,mc_dropout,mc_aleatoric_uni2,0.9,0.4414228980840999,687,0.8005822416302766,site,Thomas Jefferson University,19,14,0.7368421052631579,-0.16315789473684217,-0.06374013636711873
uni2+hoptimus,mc_dropout,mc_aleatoric_uni2,0.9,0.4414228980840999,687,0.8005822416302766,site,UCSF,28,22,0.7857142857142857,-0.11428571428571432,-0.014867955915990883
uni2+hoptimus,mc_dropout,mc_aleatoric_uni2,0.9,0.4414228980840999,687,0.8005822416302766,site,University of Sao Paulo,17,16,0.9411764705882353,0.04117647058823526,0.1405942289579587
uni2+hoptimus,ood,ood_attention_uni2,0.7,90.62922805786133,687,0.7409024745269287,magnification,20x,159,123,0.7735849056603774,0.07358490566037745,0.03268243113344871
uni2+hoptimus,ood,ood_attention_uni2,0.7,90.62922805786133,687,0.7409024745269287,magnification,40x,528,386,0.7310606060606061,0.031060606060606122,-0.009841868466322623
uni2+hoptimus,ood,ood_attention_uni2,0.7,90.62922805786133,687,0.7409024745269287,scanner_grp,other,169,131,0.7751479289940828,0.07514792899408285,0.0342454544671541
uni2+hoptimus,ood,ood_attention_uni2,0.7,90.62922805786133,687,0.7409024745269287,scanner_grp,ss1302,240,154,0.6416666666666667,-0.05833333333333324,-0.09923580786026198
uni2+hoptimus,ood,ood_attention_uni2,0.7,90.62922805786133,687,0.7409024745269287,scanner_grp,ss1763cntlr,146,115,0.7876712328767124,0.08767123287671241,0.04676875834978367
uni2+hoptimus,ood,ood_attention_uni2,0.7,90.62922805786133,687,0.7409024745269287,scanner_grp,ss1764cntlr,132,109,0.8257575757575758,0.12575757575757585,0.0848551012306471
uni2+hoptimus,ood,ood_attention_uni2,0.7,90.62922805786133,687,0.7409024745269287,site,Case Western,69,50,0.7246376811594203,0.024637681159420333,-0.016264793367508412
uni2+hoptimus,ood,ood_attention_uni2,0.7,90.62922805786133,687,0.7409024745269287,site,Case Western - St Joes,103,76,0.7378640776699029,0.03786407766990296,-0.0030383968570257824
uni2+hoptimus,ood,ood_attention_uni2,0.7,90.62922805786133,687,0.7409024745269287,site,Christiana Healthcare,10,3,0.3,-0.39999999999999997,-0.4409024745269287
uni2+hoptimus,ood,ood_attention_uni2,0.7,90.62922805786133,687,0.7409024745269287,site,Cureline,14,10,0.7142857142857143,0.014285714285714346,-0.0266167602412144
uni2+hoptimus,ood,ood_attention_uni2,0.7,90.62922805786133,687,0.7409024745269287,site,Dept of Neurosurgery at University of Heidelberg,48,45,0.9375,0.23750000000000004,0.1965975254730713
uni2+hoptimus,ood,ood_attention_uni2,0.7,90.62922805786133,687,0.7409024745269287,site,Duke,59,50,0.847457627118644,0.14745762711864407,0.10655515259171533
uni2+hoptimus,ood,ood_attention_uni2,0.7,90.62922805786133,687,0.7409024745269287,site,Emory University,21,18,0.8571428571428571,0.15714285714285714,0.1162403826159284
uni2+hoptimus,ood,ood_attention_uni2,0.7,90.62922805786133,687,0.7409024745269287,site,Henry Ford Hospital,173,112,0.6473988439306358,-0.05260115606936411,-0.09350363059629285
uni2+hoptimus,ood,ood_attention_uni2,0.7,90.62922805786133,687,0.7409024745269287,site,MD Anderson Cancer Center,37,24,0.6486486486486487,-0.05135135135135127,-0.09225382587828002
uni2+hoptimus,ood,ood_attention_uni2,0.7,90.62922805786133,687,0.7409024745269287,site,MSKCC,14,11,0.7857142857142857,0.08571428571428574,0.044811811187357
uni2+hoptimus,ood,ood_attention_uni2,0.7,90.62922805786133,687,0.7409024745269287,site,The University of New South Wales,19,18,0.9473684210526315,0.24736842105263157,0.20646594652570283
uni2+hoptimus,ood,ood_attention_uni2,0.7,90.62922805786133,687,0.7409024745269287,site,Thomas Jefferson University,19,8,0.42105263157894735,-0.2789473684210526,-0.31984984294798136
uni2+hoptimus,ood,ood_attention_uni2,0.7,90.62922805786133,687,0.7409024745269287,site,UCSF,28,27,0.9642857142857143,0.26428571428571435,0.2233832397587856
uni2+hoptimus,ood,ood_attention_uni2,0.7,90.62922805786133,687,0.7409024745269287,site,University of Sao Paulo,17,14,0.8235294117647058,0.12352941176470589,0.08262693723777714
uni2+hoptimus,ood,ood_attention_uni2,0.8,91.93367889404296,687,0.8122270742358079,magnification,20x,159,134,0.8427672955974843,0.04276729559748427,0.030540221361676445
uni2+hoptimus,ood,ood_attention_uni2,0.8,91.93367889404296,687,0.8122270742358079,magnification,40x,528,424,0.803030303030303,0.003030303030302939,-0.009196771205504883
uni2+hoptimus,ood,ood_attention_uni2,0.8,91.93367889404296,687,0.8122270742358079,scanner_grp,other,169,140,0.8284023668639053,0.028402366863905293,0.01617529262809747
uni2+hoptimus,ood,ood_attention_uni2,0.8,91.93367889404296,687,0.8122270742358079,scanner_grp,ss1302,240,177,0.7375,-0.0625,-0.07472707423580782
uni2+hoptimus,ood,ood_attention_uni2,0.8,91.93367889404296,687,0.8122270742358079,scanner_grp,ss1763cntlr,146,123,0.8424657534246576,0.042465753424657526,0.030238679188849704
uni2+hoptimus,ood,ood_attention_uni2,0.8,91.93367889404296,687,0.8122270742358079,scanner_grp,ss1764cntlr,132,118,0.8939393939393939,0.09393939393939388,0.08171231970358606
uni2+hoptimus,ood,ood_attention_uni2,0.8,91.93367889404296,687,0.8122270742358079,site,Case Western,69,53,0.7681159420289855,-0.03188405797101457,-0.04411113220682239
uni2+hoptimus,ood,ood_attention_uni2,0.8,91.93367889404296,687,0.8122270742358079,site,Case Western - St Joes,103,85,0.8252427184466019,0.025242718446601864,0.013015644210794042
uni2+hoptimus,ood,ood_attention_uni2,0.8,91.93367889404296,687,0.8122270742358079,site,Christiana Healthcare,10,5,0.5,-0.30000000000000004,-0.31222707423580787
uni2+hoptimus,ood,ood_attention_uni2,0.8,91.93367889404296,687,0.8122270742358079,site,Cureline,14,12,0.8571428571428571,0.05714285714285705,0.04491578290704923
uni2+hoptimus,ood,ood_attention_uni2,0.8,91.93367889404296,687,0.8122270742358079,site,Dept of Neurosurgery at University of Heidelberg,48,47,0.9791666666666666,0.17916666666666659,0.16693959243085876
uni2+hoptimus,ood,ood_attention_uni2,0.8,91.93367889404296,687,0.8122270742358079,site,Duke,59,52,0.8813559322033898,0.08135593220338977,0.06912885796758195
uni2+hoptimus,ood,ood_attention_uni2,0.8,91.93367889404296,687,0.8122270742358079,site,Emory University,21,19,0.9047619047619048,0.10476190476190472,0.0925348305260969
uni2+hoptimus,ood,ood_attention_uni2,0.8,91.93367889404296,687,0.8122270742358079,site,Henry Ford Hospital,173,129,0.7456647398843931,-0.054335260115606965,-0.06656233435141479
uni2+hoptimus,ood,ood_attention_uni2,0.8,91.93367889404296,687,0.8122270742358079,site,MD Anderson Cancer Center,37,27,0.7297297297297297,-0.07027027027027033,-0.08249734450607815
uni2+hoptimus,ood,ood_attention_uni2,0.8,91.93367889404296,687,0.8122270742358079,site,MSKCC,14,11,0.7857142857142857,-0.014285714285714346,-0.026512788521522168
uni2+hoptimus,ood,ood_attention_uni2,0.8,91.93367889404296,687,0.8122270742358079,site,The University of New South Wales,19,18,0.9473684210526315,0.14736842105263148,0.13514134681682366
uni2+hoptimus,ood,ood_attention_uni2,0.8,91.93367889404296,687,0.8122270742358079,site,Thomas Jefferson University,19,10,0.5263157894736842,-0.27368421052631586,-0.2859112847621237
uni2+hoptimus,ood,ood_attention_uni2,0.8,91.93367889404296,687,0.8122270742358079,site,UCSF,28,28,1.0,0.19999999999999996,0.18777292576419213
uni2+hoptimus,ood,ood_attention_uni2,0.8,91.93367889404296,687,0.8122270742358079,site,University of Sao Paulo,17,14,0.8235294117647058,0.0235294117647058,0.011302337528897977
uni2+hoptimus,ood,ood_attention_uni2,0.9,94.61228622436523,687,0.883551673944687,magnification,20x,159,142,0.8930817610062893,-0.00691823899371069,0.0095300870616023
uni2+hoptimus,ood,ood_attention_uni2,0.9,94.61228622436523,687,0.883551673944687,magnification,40x,528,465,0.8806818181818182,-0.01931818181818179,-0.0028698557628688004
uni2+hoptimus,ood,ood_attention_uni2,0.9,94.61228622436523,687,0.883551673944687,scanner_grp,other,169,151,0.893491124260355,-0.0065088757396449815,0.009939450315668008
uni2+hoptimus,ood,ood_attention_uni2,0.9,94.61228622436523,687,0.883551673944687,scanner_grp,ss1302,240,199,0.8291666666666667,-0.0708333333333333,-0.054385007278020314
uni2+hoptimus,ood,ood_attention_uni2,0.9,94.61228622436523,687,0.883551673944687,scanner_grp,ss1763cntlr,146,131,0.8972602739726028,-0.002739726027397249,0.01370860002791574
uni2+hoptimus,ood,ood_attention_uni2,0.9,94.61228622436523,687,0.883551673944687,scanner_grp,ss1764cntlr,132,126,0.9545454545454546,0.054545454545454564,0.07099378060076755
uni2+hoptimus,ood,ood_attention_uni2,0.9,94.61228622436523,687,0.883551673944687,site,Case Western,69,60,0.8695652173913043,-0.0304347826086957,-0.013986456553382709
uni2+hoptimus,ood,ood_attention_uni2,0.9,94.61228622436523,687,0.883551673944687,site,Case Western - St Joes,103,93,0.9029126213592233,0.002912621359223322,0.01936094741453631
uni2+hoptimus,ood,ood_attention_uni2,0.9,94.61228622436523,687,0.883551673944687,site,Christiana Healthcare,10,6,0.6,-0.30000000000000004,-0.28355167394468705
uni2+hoptimus,ood,ood_attention_uni2,0.9,94.61228622436523,687,0.883551673944687,site,Cureline,14,13,0.9285714285714286,0.02857142857142858,0.04501975462674157
uni2+hoptimus,ood,ood_attention_uni2,0.9,94.61228622436523,687,0.883551673944687,site,Dept of Neurosurgery at University of Heidelberg,48,47,0.9791666666666666,0.07916666666666661,0.0956149927219796
uni2+hoptimus,ood,ood_attention_uni2,0.9,94.61228622436523,687,0.883551673944687,site,Duke,59,54,0.9152542372881356,0.015254237288135575,0.031702563343448564
uni2+hoptimus,ood,ood_attention_uni2,0.9,94.61228622436523,687,0.883551673944687,site,Emory University,21,20,0.9523809523809523,0.052380952380952306,0.0688292784362653
uni2+hoptimus,ood,ood_attention_uni2,0.9,94.61228622436523,687,0.883551673944687,site,Henry Ford Hospital,173,141,0.815028901734104,-0.084971098265896,-0.068522772210583
uni2+hoptimus,ood,ood_attention_uni2,0.9,94.61228622436523,687,0.883551673944687,site,MD Anderson Cancer Center,37,32,0.8648648648648649,-0.03513513513513511,-0.01868680907982212
uni2+hoptimus,ood,ood_attention_uni2,0.9,94.61228622436523,687,0.883551673944687,site,MSKCC,14,13,0.9285714285714286,0.02857142857142858,0.04501975462674157
uni2+hoptimus,ood,ood_attention_uni2,0.9,94.61228622436523,687,0.883551673944687,site,The University of New South Wales,19,19,1.0,0.09999999999999998,0.11644832605531297
uni2+hoptimus,ood,ood_attention_uni2,0.9,94.61228622436523,687,0.883551673944687,site,Thomas Jefferson University,19,14,0.7368421052631579,-0.16315789473684217,-0.14670956868152918
uni2+hoptimus,ood,ood_attention_uni2,0.9,94.61228622436523,687,0.883551673944687,site,UCSF,28,28,1.0,0.09999999999999998,0.11644832605531297
uni2+hoptimus,ood,ood_attention_uni2,0.9,94.61228622436523,687,0.883551673944687,site,University of Sao Paulo,17,15,0.8823529411764706,-0.01764705882352946,-0.0011987327682164706
uni2+hoptimus,predictive,aleatoric_uni2,0.7,0.21355994721525054,687,0.5764192139737991,magnification,20x,159,106,0.6666666666666666,-0.033333333333333326,0.09024745269286749
uni2+hoptimus,predictive,aleatoric_uni2,0.7,0.21355994721525054,687,0.5764192139737991,magnification,40x,528,290,0.5492424242424242,-0.15075757575757576,-0.02717678973137494
uni2+hoptimus,predictive,aleatoric_uni2,0.7,0.21355994721525054,687,0.5764192139737991,scanner_grp,other,169,91,0.5384615384615384,-0.16153846153846152,-0.0379576755122607
uni2+hoptimus,predictive,aleatoric_uni2,0.7,0.21355994721525054,687,0.5764192139737991,scanner_grp,ss1302,240,150,0.625,-0.07499999999999996,0.04858078602620086
uni2+hoptimus,predictive,aleatoric_uni2,0.7,0.21355994721525054,687,0.5764192139737991,scanner_grp,ss1763cntlr,146,77,0.5273972602739726,-0.17260273972602735,-0.04902195369982654
uni2+hoptimus,predictive,aleatoric_uni2,0.7,0.21355994721525054,687,0.5764192139737991,scanner_grp,ss1764cntlr,132,78,0.5909090909090909,-0.10909090909090902,0.014489876935291801
uni2+hoptimus,predictive,aleatoric_uni2,0.7,0.21355994721525054,687,0.5764192139737991,site,Case Western,69,38,0.5507246376811594,-0.14927536231884053,-0.025694576292639715
uni2+hoptimus,predictive,aleatoric_uni2,0.7,0.21355994721525054,687,0.5764192139737991,site,Case Western - St Joes,103,58,0.5631067961165048,-0.13689320388349513,-0.013312417857294312
uni2+hoptimus,predictive,aleatoric_uni2,0.7,0.21355994721525054,687,0.5764192139737991,site,Christiana Healthcare,10,4,0.4,-0.29999999999999993,-0.17641921397379912
uni2+hoptimus,predictive,aleatoric_uni2,0.7,0.21355994721525054,687,0.5764192139737991,site,Cureline,14,9,0.6428571428571429,-0.05714285714285705,0.06643792888334377
uni2+hoptimus,predictive,aleatoric_uni2,0.7,0.21355994721525054,687,0.5764192139737991,site,Dept of Neurosurgery at University of Heidelberg,48,30,0.625,-0.07499999999999996,0.04858078602620086
uni2+hoptimus,predictive,aleatoric_uni2,0.7,0.21355994721525054,687,0.5764192139737991,site,Duke,59,28,0.4745762711864407,-0.22542372881355927,-0.10184294278735845
uni2+hoptimus,predictive,aleatoric_uni2,0.7,0.21355994721525054,687,0.5764192139737991,site,Emory University,21,15,0.7142857142857143,0.014285714285714346,0.13786650031191516
uni2+hoptimus,predictive,aleatoric_uni2,0.7,0.21355994721525054,687,0.5764192139737991,site,Henry Ford Hospital,173,96,0.5549132947976878,-0.14508670520231215,-0.021505919176111332
uni2+hoptimus,predictive,aleatoric_uni2,0.7,0.21355994721525054,687,0.5764192139737991,site,MD Anderson Cancer Center,37,22,0.5945945945945946,-0.10540540540540533,0.01817538062079549
uni2+hoptimus,predictive,aleatoric_uni2,0.7,0.21355994721525054,687,0.5764192139737991,site,MSKCC,14,9,0.6428571428571429,-0.05714285714285705,0.06643792888334377
uni2+hoptimus,predictive,aleatoric_uni2,0.7,0.21355994721525054,687,0.5764192139737991,site,The University of New South Wales,19,13,0.6842105263157895,-0.015789473684210464,0.10779131234199035
uni2+hoptimus,predictive,aleatoric_uni2,0.7,0.21355994721525054,687,0.5764192139737991,site,Thomas Jefferson University,19,9,0.47368421052631576,-0.2263157894736842,-0.10273500344748338
uni2+hoptimus,predictive,aleatoric_uni2,0.7,0.21355994721525054,687,0.5764192139737991,site,UCSF,28,14,0.5,-0.19999999999999996,-0.07641921397379914
uni2+hoptimus,predictive,aleatoric_uni2,0.7,0.21355994721525054,687,0.5764192139737991,site,University of Sao Paulo,17,14,0.8235294117647058,0.12352941176470589,0.2471101977909067
uni2+hoptimus,predictive,aleatoric_uni2,0.8,0.29063566229007487,687,0.6754002911208151,magnification,20x,159,127,0.7987421383647799,-0.0012578616352201255,0.1233418472439648
uni2+hoptimus,predictive,aleatoric_uni2,0.8,0.29063566229007487,687,0.6754002911208151,magnification,40x,528,337,0.6382575757575758,-0.16174242424242424,-0.03714271536323932
uni2+hoptimus,predictive,aleatoric_uni2,0.8,0.29063566229007487,687,0.6754002911208151,scanner_grp,other,169,113,0.6686390532544378,-0.1313609467455622,-0.006761237866377279
uni2+hoptimus,predictive,aleatoric_uni2,0.8,0.29063566229007487,687,0.6754002911208151,scanner_grp,ss1302,240,173,0.7208333333333333,-0.07916666666666672,0.045433042212518204
uni2+hoptimus,predictive,aleatoric_uni2,0.8,0.29063566229007487,687,0.6754002911208151,scanner_grp,ss1763cntlr,146,90,0.6164383561643836,-0.18356164383561646,-0.05896193495643154
uni2+hoptimus,predictive,aleatoric_uni2,0.8,0.29063566229007487,687,0.6754002911208151,scanner_grp,ss1764cntlr,132,88,0.6666666666666666,-0.13333333333333341,-0.008733624454148492
uni2+hoptimus,predictive,aleatoric_uni2,0.8,0.29063566229007487,687,0.6754002911208151,site,Case Western,69,43,0.6231884057971014,-0.1768115942028986,-0.05221188532371368
uni2+hoptimus,predictive,aleatoric_uni2,0.8,0.29063566229007487,687,0.6754002911208151,site,Case Western - St Joes,103,69,0.6699029126213593,-0.13009708737864079,-0.005497378499455863
uni2+hoptimus,predictive,aleatoric_uni2,0.8,0.29063566229007487,687,0.6754002911208151,site,Christiana Healthcare,10,7,0.7,-0.10000000000000009,0.024599708879184834
uni2+hoptimus,predictive,aleatoric_uni2,0.8,0.29063566229007487,687,0.6754002911208151,site,Cureline,14,9,0.6428571428571429,-0.15714285714285714,-0.03254314826367222
uni2+hoptimus,predictive,aleatoric_uni2,0.8,0.29063566229007487,687,0.6754002911208151,site,Dept of Neurosurgery at University of Heidelberg,48,31,0.6458333333333334,-0.15416666666666667,-0.02956695778748175
uni2+hoptimus,predictive,aleatoric_uni2,0.8,0.29063566229007487,687,0.6754002911208151,site,Duke,59,37,0.6271186440677966,-0.17288135593220344,-0.04828164705301852
uni2+hoptimus,predictive,aleatoric_uni2,0.8,0.29063566229007487,687,0.6754002911208151,site,Emory University,21,17,0.8095238095238095,0.00952380952380949,0.1341235184029944
uni2+hoptimus,predictive,aleatoric_uni2,0.8,0.29063566229007487,687,0.6754002911208151,site,Henry Ford Hospital,173,109,0.630057803468208,-0.169942196531792,-0.045342487652607066
uni2+hoptimus,predictive,aleatoric_uni2,0.8,0.29063566229007487,687,0.6754002911208151,site,MD Anderson Cancer Center,37,30,0.8108108108108109,0.010810810810810811,0.13541051968999573
uni2+hoptimus,predictive,aleatoric_uni2,0.8,0.29063566229007487,687,0.6754002911208151,site,MSKCC,14,11,0.7857142857142857,-0.014285714285714346,0.11031399459347058
uni2+hoptimus,predictive,aleatoric_uni2,0.8,0.29063566229007487,687,0.6754002911208151,site,The University of New South Wales,19,13,0.6842105263157895,-0.11578947368421055,0.00881023519497437
uni2+hoptimus,predictive,aleatoric_uni2,0.8,0.29063566229007487,687,0.6754002911208151,site,Thomas Jefferson University,19,11,0.5789473684210527,-0.2210526315789474,-0.09645292269976247
uni2+hoptimus,predictive,aleatoric_uni2,0.8,0.29063566229007487,687,0.6754002911208151,site,UCSF,28,16,0.5714285714285714,-0.22857142857142865,-0.10397171969224372
uni2+hoptimus,predictive,aleatoric_uni2,0.8,0.29063566229007487,687,0.6754002911208151,site,University of Sao Paulo,17,15,0.8823529411764706,0.08235294117647052,0.20695265005565544
uni2+hoptimus,predictive,aleatoric_uni2,0.9,0.4357966006226053,687,0.7976710334788938,magnification,20x,159,138,0.8679245283018868,-0.0320754716981132,0.07025349482299303
uni2+hoptimus,predictive,aleatoric_uni2,0.9,0.4357966006226053,687,0.7976710334788938,magnification,40x,528,410,0.7765151515151515,-0.12348484848484853,-0.021155881963742296
uni2+hoptimus,predictive,aleatoric_uni2,0.9,0.4357966006226053,687,0.7976710334788938,scanner_grp,other,169,132,0.7810650887573964,-0.11893491124260358,-0.016605944721497345
uni2+hoptimus,predictive,aleatoric_uni2,0.9,0.4357966006226053,687,0.7976710334788938,scanner_grp,ss1302,240,198,0.825,-0.07500000000000007,0.02732896652110617
uni2+hoptimus,predictive,aleatoric_uni2,0.9,0.4357966006226053,687,0.7976710334788938,scanner_grp,ss1763cntlr,146,111,0.7602739726027398,-0.13972602739726026,-0.03739706087615402
uni2+hoptimus,predictive,aleatoric_uni2,0.9,0.4357966006226053,687,0.7976710334788938,scanner_grp,ss1764cntlr,132,107,0.8106060606060606,-0.08939393939393947,0.012935027127166765
uni2+hoptimus,predictive,aleatoric_uni2,0.9,0.4357966006226053,687,0.7976710334788938,site,Case Western,69,56,0.8115942028985508,-0.08840579710144925,0.013923169419656989
uni2+hoptimus,predictive,aleatoric_uni2,0.9,0.4357966006226053,687,0.7976710334788938,site,Case Western - St Joes,103,85,0.8252427184466019,-0.07475728155339811,0.02757168496770812
uni2+hoptimus,predictive,aleatoric_uni2,0.9,0.4357966006226053,687,0.7976710334788938,site,Christiana Healthcare,10,10,1.0,0.09999999999999998,0.2023289665211062
uni2+hoptimus,predictive,aleatoric_uni2,0.9,0.4357966006226053,687,0.7976710334788938,site,Cureline,14,13,0.9285714285714286,0.02857142857142858,0.13090039509253482
uni2+hoptimus,predictive,aleatoric_uni2,0.9,0.4357966006226053,687,0.7976710334788938,site,Dept of Neurosurgery at University of Heidelberg,48,39,0.8125,-0.08750000000000002,0.014828966521106213
uni2+hoptimus,predictive,aleatoric_uni2,0.9,0.4357966006226053,687,0.7976710334788938,site,Duke,59,46,0.7796610169491526,-0.12033898305084745,-0.018010016529741213
uni2+hoptimus,predictive,aleatoric_uni2,0.9,0.4357966006226053,687,0.7976710334788938,site,Emory University,21,20,0.9523809523809523,0.052380952380952306,0.15470991890205854
uni2+hoptimus,predictive,aleatoric_uni2,0.9,0.4357966006226053,687,0.7976710334788938,site,Henry Ford Hospital,173,123,0.7109826589595376,-0.18901734104046242,-0.08668837451935618
uni2+hoptimus,predictive,aleatoric_uni2,0.9,0.4357966006226053,687,0.7976710334788938,site,MD Anderson Cancer Center,37,30,0.8108108108108109,-0.08918918918918917,0.013139777331917069
uni2+hoptimus,predictive,aleatoric_uni2,0.9,0.4357966006226053,687,0.7976710334788938,site,MSKCC,14,11,0.7857142857142857,-0.11428571428571432,-0.011956747764608089
uni2+hoptimus,predictive,aleatoric_uni2,0.9,0.4357966006226053,687,0.7976710334788938,site,The University of New South Wales,19,17,0.8947368421052632,-0.0052631578947368585,0.09706580862636938
uni2+hoptimus,predictive,aleatoric_uni2,0.9,0.4357966006226053,687,0.7976710334788938,site,Thomas Jefferson University,19,13,0.6842105263157895,-0.21578947368421053,-0.1134605071631043
uni2+hoptimus,predictive,aleatoric_uni2,0.9,0.4357966006226053,687,0.7976710334788938,site,UCSF,28,22,0.7857142857142857,-0.11428571428571432,-0.011956747764608089
uni2+hoptimus,predictive,aleatoric_uni2,0.9,0.4357966006226053,687,0.7976710334788938,site,University of Sao Paulo,17,16,0.9411764705882353,0.04117647058823526,0.1435054371093415
