predictor,signal,coverage,axis,level,n,realised_coverage,retained_prev,n_retained,metric,full,retained,d_full,d_random,pct_in_random,mde,sig
uni2,aleatoric_uni2,0.9,sex,female,300,0.7,0.5476190476190477,210,auroc,0.9485970819304153,0.9675972540045765,0.01900017207416127,0.019100693363802712,0.985,0.02272187191076822,False
uni2,aleatoric_uni2,0.9,sex,female,300,0.7,0.5476190476190477,210,auprc,0.9414977616247269,0.9552093198232186,0.01371155819849168,0.013608176190271992,0.838,0.036054076714322654,False
uni2,aleatoric_uni2,0.9,sex,female,300,0.7,0.5476190476190477,210,bss,0.6637238960091012,0.8505673134803813,0.18684341747128008,0.1874965926600879,1.0,0.07628734826581514,True
uni2,aleatoric_uni2,0.9,sex,female,300,0.7,0.5476190476190477,210,balanced_accuracy,0.8952861952861952,0.9606407322654462,0.06535453697925098,0.06573119960588192,1.0,0.03090394290030186,True
uni2,aleatoric_uni2,0.9,sex,female,300,0.7,0.5476190476190477,210,sensitivity,0.9090909090909091,0.9739130434782609,0.06482213438735185,0.06439842499869508,1.0,0.040553892437837046,True
uni2,aleatoric_uni2,0.9,sex,female,300,0.7,0.5476190476190477,210,specificity,0.8814814814814815,0.9473684210526315,0.06588693957115,0.06706397421306842,1.0,0.04812889923241081,True
uni2,aleatoric_uni2,0.9,sex,female,300,0.7,0.5476190476190477,210,brier,0.08322833573774746,0.0370193220006085,-0.04620901373713896,-0.04629102052555047,0.0,0.018687068740410373,True
uni2,aleatoric_uni2,0.9,sex,female,300,0.7,0.5476190476190477,210,ece,0.05085138315200001,0.019800985074285727,-0.031050398077714283,-0.03685355084239475,0.0,0.02496579365526372,True
uni2,aleatoric_uni2,0.9,sex,female,300,0.7,0.5476190476190477,210,cal_gap,-0.016466015388000077,0.007915934017142745,0.024381949405142822,0.02365546439948708,0.986,0.029616720817974236,False
uni2,aleatoric_uni2,0.9,sex,female,300,0.7,0.5476190476190477,210,accuracy,0.8966666666666666,0.9619047619047619,0.06523809523809532,0.06555932738662662,1.0,0.030380141727662877,True
uni2,aleatoric_uni2,0.9,sex,female,300,0.7,0.5476190476190477,210,ppv,0.9036144578313253,0.9572649572649573,0.05365049943363198,0.05479449230322786,1.0,0.03913064688794796,True
uni2,aleatoric_uni2,0.9,sex,female,300,0.7,0.5476190476190477,210,npv,0.8880597014925373,0.967741935483871,0.07968223399133367,0.07894775254623598,1.0,0.049047600753273,True
uni2,aleatoric_uni2,0.9,sex,female,300,0.7,0.5476190476190477,210,f1,0.9063444108761329,0.9655172413793104,0.059172830503177454,0.05964310006388118,1.0,0.028969550942020646,True
uni2,aleatoric_uni2,0.9,sex,male,407,0.7223587223587223,0.4931972789115646,294,auroc,0.9593837535014007,0.9769034945614441,0.017519741060043392,0.017963847375198738,0.997,0.01616135626200035,True
uni2,aleatoric_uni2,0.9,sex,male,407,0.7223587223587223,0.4931972789115646,294,auprc,0.9583271892975003,0.9779892390387854,0.01966204974128516,0.01986184209322983,0.999,0.018548298825270627,True
uni2,aleatoric_uni2,0.9,sex,male,407,0.7223587223587223,0.4931972789115646,294,bss,0.7008114571136108,0.8562980590758561,0.15548660196224529,0.15727926324938601,1.0,0.062033494249096766,True
uni2,aleatoric_uni2,0.9,sex,male,407,0.7223587223587223,0.4931972789115646,294,balanced_accuracy,0.8919033130493577,0.9628095348299004,0.07090622178054273,0.07135327632588018,1.0,0.027572689349872868,True
uni2,aleatoric_uni2,0.9,sex,male,407,0.7223587223587223,0.4931972789115646,294,sensitivity,0.896551724137931,0.9793103448275862,0.08275862068965512,0.08275550518624586,1.0,0.0383155353799052,True
uni2,aleatoric_uni2,0.9,sex,male,407,0.7223587223587223,0.4931972789115646,294,specificity,0.8872549019607843,0.9463087248322147,0.05905382287143046,0.05995104746551483,1.0,0.03948641672907067,True
uni2,aleatoric_uni2,0.9,sex,male,407,0.7223587223587223,0.4931972789115646,294,brier,0.07479668418168023,0.03591883513427424,-0.03887784904740599,-0.039256299403792286,0.0,0.01548364382955129,True
uni2,aleatoric_uni2,0.9,sex,male,407,0.7223587223587223,0.4931972789115646,294,ece,0.05402250554545451,0.018999486418367295,-0.03502301912708722,-0.03721669180306467,0.0,0.020513824063578764,True
uni2,aleatoric_uni2,0.9,sex,male,407,0.7223587223587223,0.4931972789115646,294,cal_gap,0.002529640041768977,0.01716685716666666,0.014637217124897683,0.014499051198316461,0.955,0.023741137072786182,False
uni2,aleatoric_uni2,0.9,sex,male,407,0.7223587223587223,0.4931972789115646,294,accuracy,0.8918918918918919,0.9625850340136054,0.07069314212171351,0.0711379991611405,1.0,0.027475301974685222,True
uni2,aleatoric_uni2,0.9,sex,male,407,0.7223587223587223,0.4931972789115646,294,ppv,0.8878048780487805,0.9466666666666667,0.05886178861788616,0.05949155101370629,1.0,0.039061410404046044,True
uni2,aleatoric_uni2,0.9,sex,male,407,0.7223587223587223,0.4931972789115646,294,npv,0.8960396039603961,0.9791666666666666,0.08312706270627057,0.08335419505153607,1.0,0.0382885217694915,True
uni2,aleatoric_uni2,0.9,sex,male,407,0.7223587223587223,0.4931972789115646,294,f1,0.8921568627450981,0.9627118644067797,0.0705550016616816,0.07096580114092099,1.0,0.028865542359681945,True
uni2,aleatoric_uni2,0.9,age,20-39,219,0.6986301369863014,0.8758169934640523,153,auroc,0.862466577540107,0.8503534956794974,-0.012113081860609665,-0.01254153641898803,0.361,0.08621040125216381,False
uni2,aleatoric_uni2,0.9,age,20-39,219,0.6986301369863014,0.8758169934640523,153,auprc,0.9569037530474686,0.9585370506541657,0.0016332976066971705,0.0013268787811177019,0.611,0.036804771567291616,False
uni2,aleatoric_uni2,0.9,age,20-39,219,0.6986301369863014,0.8758169934640523,153,bss,0.23611288980103562,0.5355766936933629,0.2994638038923273,0.3024450067946912,1.0,0.24255617535660035,True
uni2,aleatoric_uni2,0.9,age,20-39,219,0.6986301369863014,0.8758169934640523,153,balanced_accuracy,0.8112466577540107,0.8572270227808327,0.04598036502682201,0.04634074167522906,0.95,0.07587942164743143,False
uni2,aleatoric_uni2,0.9,age,20-39,219,0.6986301369863014,0.8758169934640523,153,sensitivity,0.9037433155080213,0.9776119402985075,0.07386862479048617,0.07415060003215224,1.0,0.03861547466730823,True
uni2,aleatoric_uni2,0.9,age,20-39,219,0.6986301369863014,0.8758169934640523,153,specificity,0.71875,0.7368421052631579,0.018092105263157854,0.01853088331830588,0.62,0.14694121214562147,False
uni2,aleatoric_uni2,0.9,age,20-39,219,0.6986301369863014,0.8758169934640523,153,brier,0.09530869805530749,0.05051141603044547,-0.04479728202486202,-0.044826578604126324,0.0,0.025260748454232873,True
uni2,aleatoric_uni2,0.9,age,20-39,219,0.6986301369863014,0.8758169934640523,153,ece,0.09018160940639267,0.019346912483660106,-0.07083469692273256,-0.07591878139937482,0.0,0.03201599612143577,True
uni2,aleatoric_uni2,0.9,age,20-39,219,0.6986301369863014,0.8758169934640523,153,cal_gap,-0.08900919059360723,-0.014545858235294085,0.07446333235831315,0.07395606016670088,1.0,0.03555196691970468,True
uni2,aleatoric_uni2,0.9,age,20-39,219,0.6986301369863014,0.8758169934640523,153,accuracy,0.8767123287671232,0.9477124183006536,0.07100008953353032,0.07142126457558207,1.0,0.03972312003843123,True
uni2,aleatoric_uni2,0.9,age,20-39,219,0.6986301369863014,0.8758169934640523,153,ppv,0.949438202247191,0.9632352941176471,0.01379709187045608,0.014138976527796054,0.919,0.029336369317833996,False
uni2,aleatoric_uni2,0.9,age,20-39,219,0.6986301369863014,0.8758169934640523,153,npv,0.5609756097560976,0.8235294117647058,0.26255380200860823,0.26211357243149924,1.0,0.1408367397826266,True
uni2,aleatoric_uni2,0.9,age,20-39,219,0.6986301369863014,0.8758169934640523,153,f1,0.9260273972602739,0.9703703703703703,0.044342973110096384,0.044729558480146925,1.0,0.025431021790033214,True
uni2,aleatoric_uni2,0.9,age,40-54,221,0.746606334841629,0.5454545454545454,165,auroc,0.96265664160401,0.9792592592592594,0.016602617655249396,0.016595492933554667,0.981,0.02188971220125602,False
uni2,aleatoric_uni2,0.9,age,40-54,221,0.746606334841629,0.5454545454545454,165,auprc,0.9698250303921452,0.9840434732411071,0.014218442848961899,0.014223629435874185,0.972,0.019795957327375362,False
uni2,aleatoric_uni2,0.9,age,40-54,221,0.746606334841629,0.5454545454545454,165,bss,0.718426063431028,0.8632607986591176,0.14483473522808965,0.1447774928203932,1.0,0.08584597943983678,True
uni2,aleatoric_uni2,0.9,age,40-54,221,0.746606334841629,0.5454545454545454,165,balanced_accuracy,0.9089807852965748,0.9622222222222222,0.05324143692564742,0.052880707612787625,1.0,0.03541677109123079,True
uni2,aleatoric_uni2,0.9,age,40-54,221,0.746606334841629,0.5454545454545454,165,sensitivity,0.9126984126984127,0.9777777777777777,0.06507936507936507,0.06480300300555497,1.0,0.046221385929383914,True
uni2,aleatoric_uni2,0.9,age,40-54,221,0.746606334841629,0.5454545454545454,165,specificity,0.9052631578947369,0.9466666666666667,0.041403508771929776,0.04095841222002028,0.98,0.052284299157163726,False
uni2,aleatoric_uni2,0.9,age,40-54,221,0.746606334841629,0.5454545454545454,165,brier,0.06900841548556735,0.0339022813241857,-0.035106134161381655,-0.03496998471565621,0.0,0.020962710264342356,True
uni2,aleatoric_uni2,0.9,age,40-54,221,0.746606334841629,0.5454545454545454,165,ece,0.0532547660565611,0.017538445021212108,-0.03571632103534899,-0.041875357521375334,0.0,0.025307618656382393,True
uni2,aleatoric_uni2,0.9,age,40-54,221,0.746606334841629,0.5454545454545454,165,cal_gap,-0.023671584359728604,0.008068954342424162,0.031740538702152765,0.031931132033790034,0.999,0.03143281350244942,True
uni2,aleatoric_uni2,0.9,age,40-54,221,0.746606334841629,0.5454545454545454,165,accuracy,0.9095022624434389,0.9636363636363636,0.05413410119292472,0.05381209178766688,1.0,0.034975031134565605,True
uni2,aleatoric_uni2,0.9,age,40-54,221,0.746606334841629,0.5454545454545454,165,ppv,0.9274193548387096,0.9565217391304348,0.02910238429172518,0.028853338990014965,0.971,0.041117711456278704,False
uni2,aleatoric_uni2,0.9,age,40-54,221,0.746606334841629,0.5454545454545454,165,npv,0.8865979381443299,0.9726027397260274,0.08600480158169754,0.08558504419243951,1.0,0.059650926528107356,True
uni2,aleatoric_uni2,0.9,age,40-54,221,0.746606334841629,0.5454545454545454,165,f1,0.92,0.967032967032967,0.047032967032967,0.04689020111002051,1.0,0.03231105128401336,True
uni2,aleatoric_uni2,0.9,age,55-69,189,0.671957671957672,0.2204724409448819,127,auroc,0.944568333864288,0.9754689754689755,0.03090064160468753,0.03178533435941511,0.992,0.03583795955491938,False
uni2,aleatoric_uni2,0.9,age,55-69,189,0.671957671957672,0.2204724409448819,127,auprc,0.8824744433413432,0.9617324017002685,0.07925795835892535,0.08083868514891257,1.0,0.06932314629937689,True
uni2,aleatoric_uni2,0.9,age,55-69,189,0.671957671957672,0.2204724409448819,127,bss,0.5287557575654691,0.8578103790402392,0.32905462147477005,0.33400419490938393,1.0,0.14903294360514255,True
uni2,aleatoric_uni2,0.9,age,55-69,189,0.671957671957672,0.2204724409448819,127,balanced_accuracy,0.8603854730805989,0.972041847041847,0.11165637396124817,0.11230206144970101,1.0,0.05539929008007889,True
uni2,aleatoric_uni2,0.9,age,55-69,189,0.671957671957672,0.2204724409448819,127,sensitivity,0.8372093023255814,0.9642857142857143,0.12707641196013286,0.12815075395536302,0.999,0.10022847702182801,True
uni2,aleatoric_uni2,0.9,age,55-69,189,0.671957671957672,0.2204724409448819,127,specificity,0.8835616438356164,0.9797979797979798,0.09623633596236336,0.096453368944039,1.0,0.047113383621311476,True
uni2,aleatoric_uni2,0.9,age,55-69,189,0.671957671957672,0.2204724409448819,127,brier,0.08282162744615171,0.024437325891280125,-0.05838430155487158,-0.05877631752634439,0.0,0.02256839855778059,True
uni2,aleatoric_uni2,0.9,age,55-69,189,0.671957671957672,0.2204724409448819,127,ece,0.07716419623968254,0.03679655062440948,-0.04036764561527306,-0.047146642260944074,0.0,0.03132394598174678,True
uni2,aleatoric_uni2,0.9,age,55-69,189,0.671957671957672,0.2204724409448819,127,cal_gap,0.07716419623968251,0.03291296070314964,-0.044251235536532874,-0.04416452716842231,0.0,0.03524919152670696,True
uni2,aleatoric_uni2,0.9,age,55-69,189,0.671957671957672,0.2204724409448819,127,accuracy,0.873015873015873,0.9763779527559056,0.10336207974003253,0.10376843554558934,1.0,0.04247309634963188,True
uni2,aleatoric_uni2,0.9,age,55-69,189,0.671957671957672,0.2204724409448819,127,ppv,0.6792452830188679,0.9310344827586207,0.2517891997397528,0.2526331510944233,1.0,0.11821160522798035,True
uni2,aleatoric_uni2,0.9,age,55-69,189,0.671957671957672,0.2204724409448819,127,npv,0.9485294117647058,0.9897959183673469,0.041266506602641084,0.04157904803121859,0.999,0.03272723674469212,True
uni2,aleatoric_uni2,0.9,age,55-69,189,0.671957671957672,0.2204724409448819,127,f1,0.75,0.9473684210526315,0.19736842105263153,0.19913138392458973,1.0,0.09013413971778628,True
uni2,aleatoric_uni2,0.9,age,70+,74,0.7837837837837838,0.1206896551724138,58,auroc,0.9794871794871793,0.9803921568627452,0.0009049773755658297,0.0005174869384481084,0.623,0.028783623631451975,False
uni2,aleatoric_uni2,0.9,age,70+,74,0.7837837837837838,0.1206896551724138,58,auprc,0.8038800705467373,0.8121315192743763,0.008251448727639055,-0.010239052071165156,0.572,0.28980161858040193,False
uni2,aleatoric_uni2,0.9,age,70+,74,0.7837837837837838,0.1206896551724138,58,bss,0.5650299107611895,0.6899636081886649,0.1249336974274754,0.13548251701505976,0.834,0.4277293006100909,False
uni2,aleatoric_uni2,0.9,age,70+,74,0.7837837837837838,0.1206896551724138,58,balanced_accuracy,0.9692307692307692,0.9803921568627452,0.011161387631975939,0.010780705739150909,0.899,0.028030675776085125,False
uni2,aleatoric_uni2,0.9,age,70+,74,0.7837837837837838,0.1206896551724138,58,sensitivity,1.0,1.0,0.0,0.0,0.0,0.0,False
uni2,aleatoric_uni2,0.9,age,70+,74,0.7837837837837838,0.1206896551724138,58,specificity,0.9384615384615385,0.9607843137254902,0.022322775263951766,0.021561411478301595,0.899,0.056061351552170166,False
uni2,aleatoric_uni2,0.9,age,70+,74,0.7837837837837838,0.1206896551724138,58,brier,0.046467768846731955,0.03290219734739793,-0.013565571499334024,-0.013015333143505017,0.135,0.03283313090582328,False
uni2,aleatoric_uni2,0.9,age,70+,74,0.7837837837837838,0.1206896551724138,58,ece,0.0964955429027027,0.06275196525517242,-0.033743577647530276,-0.03771797855280172,0.0,0.03654208552290409,True
uni2,aleatoric_uni2,0.9,age,70+,74,0.7837837837837838,0.1206896551724138,58,cal_gap,0.08747023479459456,0.05927390318620686,-0.028196331608387706,-0.027293639184518367,0.043,0.04199806890561764,False
uni2,aleatoric_uni2,0.9,age,70+,74,0.7837837837837838,0.1206896551724138,58,accuracy,0.9459459459459459,0.9655172413793104,0.019571295433364444,0.018854929223375394,0.895,0.04927767646623165,False
uni2,aleatoric_uni2,0.9,age,70+,74,0.7837837837837838,0.1206896551724138,58,ppv,0.6923076923076923,0.7777777777777778,0.0854700854700855,0.08021388888888892,0.776,0.25575273949695443,False
uni2,aleatoric_uni2,0.9,age,70+,74,0.7837837837837838,0.1206896551724138,58,npv,1.0,1.0,0.0,0.0,0.0,0.0,False
uni2,aleatoric_uni2,0.9,age,70+,74,0.7837837837837838,0.1206896551724138,58,f1,0.8181818181818182,0.875,0.05681818181818177,0.056552455800133794,0.776,0.17767128158147624,False
uni2,aleatoric_uni2,0.9,race,white,632,0.7183544303797469,0.5374449339207048,454,auroc,0.9588425085702763,0.9766198282591725,0.017777319688896176,0.01784688438287052,0.999,0.014156467573625733,True
uni2,aleatoric_uni2,0.9,race,white,632,0.7183544303797469,0.5374449339207048,454,auprc,0.9545978431378157,0.9687930910259197,0.014195247888104001,0.014194200354225583,0.949,0.022271981832125053,False
uni2,aleatoric_uni2,0.9,race,white,632,0.7183544303797469,0.5374449339207048,454,bss,0.6978018027341106,0.8647180725507141,0.16691626981660346,0.16721896111523404,1.0,0.05174955624306636,True
uni2,aleatoric_uni2,0.9,race,white,632,0.7183544303797469,0.5374449339207048,454,balanced_accuracy,0.8983061101028433,0.9635636221701795,0.06525751206733621,0.06504989750760393,1.0,0.021422936693240312,True
uni2,aleatoric_uni2,0.9,race,white,632,0.7183544303797469,0.5374449339207048,454,sensitivity,0.9035087719298246,0.9795081967213115,0.07599942479148691,0.07600386221755084,1.0,0.027893054602715843,True
uni2,aleatoric_uni2,0.9,race,white,632,0.7183544303797469,0.5374449339207048,454,specificity,0.8931034482758621,0.9476190476190476,0.054515599343185506,0.0540959327976569,1.0,0.03188882468203602,True
uni2,aleatoric_uni2,0.9,race,white,632,0.7183544303797469,0.5374449339207048,454,brier,0.0750380978730144,0.03363079995003498,-0.04140729792297942,-0.04142925777739174,0.0,0.012810997786057326,True
uni2,aleatoric_uni2,0.9,race,white,632,0.7183544303797469,0.5374449339207048,454,ece,0.038224462300000026,0.011724750184141017,-0.026499712115859008,-0.03042034945558506,0.0,0.016306961917177384,True
uni2,aleatoric_uni2,0.9,race,white,632,0.7183544303797469,0.5374449339207048,454,cal_gap,-0.012569881434177255,0.011724750184141097,0.024294631618318352,0.024380272328136422,1.0,0.019167987194352875,True
uni2,aleatoric_uni2,0.9,race,white,632,0.7183544303797469,0.5374449339207048,454,accuracy,0.8987341772151899,0.9647577092511013,0.06602353203591138,0.06582867124045677,1.0,0.021231944292780667,True
uni2,aleatoric_uni2,0.9,race,white,632,0.7183544303797469,0.5374449339207048,454,ppv,0.9088235294117647,0.956,0.047176470588235264,0.04679082483888186,1.0,0.027321284523770258,True
uni2,aleatoric_uni2,0.9,race,white,632,0.7183544303797469,0.5374449339207048,454,npv,0.886986301369863,0.9754901960784313,0.08850389470856834,0.08853660944483155,1.0,0.03260706181138218,True
uni2,aleatoric_uni2,0.9,race,white,632,0.7183544303797469,0.5374449339207048,454,f1,0.906158357771261,0.9676113360323887,0.06145297826112772,0.06131088858680478,1.0,0.020602856933098122,True
uni2,aleatoric_uni2,0.9,race,black or african american,44,0.7045454545454546,0.3225806451612903,31,auroc,0.8942528735632184,0.8904761904761905,-0.0037766830870278323,-0.004456691627352738,0.568,0.12191693322385898,False
uni2,aleatoric_uni2,0.9,race,black or african american,44,0.7045454545454546,0.3225806451612903,31,auprc,0.8614881268828636,0.8865859332238643,0.025097806341000672,0.022868207850454847,0.672,0.15406992677596762,False
uni2,aleatoric_uni2,0.9,race,black or african american,44,0.7045454545454546,0.3225806451612903,31,bss,0.5092633009144911,0.6992964067305568,0.1900331058160657,0.19153305797098474,0.944,0.3307667715865903,False
uni2,aleatoric_uni2,0.9,race,black or african american,44,0.7045454545454546,0.3225806451612903,31,balanced_accuracy,0.8804597701149426,0.9261904761904762,0.045730706075533645,0.043881184380155536,0.89,0.09099974419780608,False
uni2,aleatoric_uni2,0.9,race,black or african american,44,0.7045454545454546,0.3225806451612903,31,sensitivity,0.9333333333333333,0.9,-0.033333333333333326,-0.033563658563658616,0.145,0.12517057718591093,False
uni2,aleatoric_uni2,0.9,race,black or african american,44,0.7045454545454546,0.3225806451612903,31,specificity,0.8275862068965517,0.9523809523809523,0.12479474548440062,0.12132602732396935,0.993,0.13374755933531024,False
uni2,aleatoric_uni2,0.9,race,black or african american,44,0.7045454545454546,0.3225806451612903,31,brier,0.11026366947427499,0.0657104626291187,-0.04455320684515629,-0.04306823737542188,0.051,0.06870826688659769,False
uni2,aleatoric_uni2,0.9,race,black or african american,44,0.7045454545454546,0.3225806451612903,31,ece,0.11109217118181818,0.0636879513548387,-0.04740421982697947,-0.06307314019274488,0.004,0.06419600644470305,False
uni2,aleatoric_uni2,0.9,race,black or african american,44,0.7045454545454546,0.3225806451612903,31,cal_gap,0.0687659915454546,0.016103135096774135,-0.05266285644868046,-0.05058497901879497,0.066,0.0907285237947651,False
uni2,aleatoric_uni2,0.9,race,black or african american,44,0.7045454545454546,0.3225806451612903,31,accuracy,0.8636363636363636,0.9354838709677419,0.07184750733137824,0.069485870027586,0.967,0.09606530975670947,False
uni2,aleatoric_uni2,0.9,race,black or african american,44,0.7045454545454546,0.3225806451612903,31,ppv,0.7368421052631579,0.9,0.16315789473684217,0.1594138741160801,0.972,0.19524932963647465,False
uni2,aleatoric_uni2,0.9,race,black or african american,44,0.7045454545454546,0.3225806451612903,31,npv,0.96,0.9523809523809523,-0.007619047619047636,-0.008052407653331373,0.613,0.07294075177662995,False
uni2,aleatoric_uni2,0.9,race,black or african american,44,0.7045454545454546,0.3225806451612903,31,f1,0.8235294117647058,0.9,0.07647058823529418,0.07606176656914931,0.933,0.13477158755991528,False
uni2,aleatoric_uni2,0.8,sex,female,300,0.65,0.5435897435897435,195,auroc,0.9485970819304153,0.9687301250794997,0.020133043149084484,0.02028167722633145,0.983,0.027193748831369293,False
uni2,aleatoric_uni2,0.8,sex,female,300,0.65,0.5435897435897435,195,auprc,0.9414977616247269,0.9557266114777373,0.014228849853010428,0.014109405409707843,0.781,0.04312528764867533,False
uni2,aleatoric_uni2,0.8,sex,female,300,0.65,0.5435897435897435,195,bss,0.6637238960091012,0.8598359612801589,0.19611206527105773,0.19721432626560687,1.0,0.08987151642343681,True
uni2,aleatoric_uni2,0.8,sex,female,300,0.65,0.5435897435897435,195,balanced_accuracy,0.8952861952861952,0.9624761500953996,0.06718995480920431,0.06747796608291401,1.0,0.03600975558635335,True
uni2,aleatoric_uni2,0.8,sex,female,300,0.65,0.5435897435897435,195,sensitivity,0.9090909090909091,0.9811320754716981,0.07204116638078906,0.07212521723636856,1.0,0.04514264899772199,True
uni2,aleatoric_uni2,0.8,sex,female,300,0.65,0.5435897435897435,195,specificity,0.8814814814814815,0.9438202247191011,0.062338743237619565,0.06283071492945946,0.999,0.056102735844066776,True
uni2,aleatoric_uni2,0.8,sex,female,300,0.65,0.5435897435897435,195,brier,0.08322833573774746,0.03477468879113691,-0.04845364694661055,-0.04857957680418707,0.0,0.02205418244678949,True
uni2,aleatoric_uni2,0.8,sex,female,300,0.65,0.5435897435897435,195,ece,0.05085138315200001,0.015380810690256421,-0.03547057246174359,-0.04228904357311899,0.0,0.028878809222822772,True
uni2,aleatoric_uni2,0.8,sex,female,300,0.65,0.5435897435897435,195,cal_gap,-0.016466015388000077,0.01538081069025643,0.03184682607825651,0.031793163298485014,0.998,0.03318572321822438,False
uni2,aleatoric_uni2,0.8,sex,female,300,0.65,0.5435897435897435,195,accuracy,0.8966666666666666,0.9641025641025641,0.06743589743589751,0.06771243912978453,1.0,0.035206756789977686,True
uni2,aleatoric_uni2,0.8,sex,female,300,0.65,0.5435897435897435,195,ppv,0.9036144578313253,0.9541284403669725,0.050513982535647206,0.05088644562824529,0.999,0.04551506200043646,True
uni2,aleatoric_uni2,0.8,sex,female,300,0.65,0.5435897435897435,195,npv,0.8880597014925373,0.9767441860465116,0.08868448455397426,0.08885139671770248,1.0,0.05575585908127274,True
uni2,aleatoric_uni2,0.8,sex,female,300,0.65,0.5435897435897435,195,f1,0.9063444108761329,0.9674418604651163,0.06109744958898333,0.061460171935217134,1.0,0.03317988701913424,True
uni2,aleatoric_uni2,0.8,sex,male,407,0.6461916461916462,0.5133079847908745,263,auroc,0.9593837535014007,0.9790509259259259,0.019667172424525203,0.01953461430012504,1.0,0.019936015012806105,False
uni2,aleatoric_uni2,0.8,sex,male,407,0.6461916461916462,0.5133079847908745,263,auprc,0.9583271892975003,0.9815120373790995,0.023184848081599263,0.02310437834696255,1.0,0.022559008250642724,True
uni2,aleatoric_uni2,0.8,sex,male,407,0.6461916461916462,0.5133079847908745,263,bss,0.7008114571136108,0.8816363858938263,0.1808249287802155,0.1809629886216827,1.0,0.0758510274525901,True
uni2,aleatoric_uni2,0.8,sex,male,407,0.6461916461916462,0.5133079847908745,263,balanced_accuracy,0.8919033130493577,0.9693576388888889,0.07745432583953127,0.0775018871650941,1.0,0.032917382520627265,True
uni2,aleatoric_uni2,0.8,sex,male,407,0.6461916461916462,0.5133079847908745,263,sensitivity,0.896551724137931,0.9777777777777777,0.0812260536398467,0.08119492471220346,1.0,0.045086819504139126,True
uni2,aleatoric_uni2,0.8,sex,male,407,0.6461916461916462,0.5133079847908745,263,specificity,0.8872549019607843,0.9609375,0.07368259803921573,0.07380884961798462,1.0,0.04640010837204477,True
uni2,aleatoric_uni2,0.8,sex,male,407,0.6461916461916462,0.5133079847908745,263,brier,0.07479668418168023,0.029569941039406116,-0.04522674314227411,-0.045156522587033274,0.0,0.018938946207598072,True
uni2,aleatoric_uni2,0.8,sex,male,407,0.6461916461916462,0.5133079847908745,263,ece,0.05402250554545451,0.008781027532319557,-0.04524147801313495,-0.049557673384714326,0.0,0.02291797733644447,True
uni2,aleatoric_uni2,0.8,sex,male,407,0.6461916461916462,0.5133079847908745,263,cal_gap,0.002529640041768977,0.005965359851711094,0.003435719809942117,0.0032971561560712244,0.63,0.028217274603834986,False
uni2,aleatoric_uni2,0.8,sex,male,407,0.6461916461916462,0.5133079847908745,263,accuracy,0.8918918918918919,0.9695817490494296,0.07768985715753773,0.07773283616804305,1.0,0.03292969791888238,True
uni2,aleatoric_uni2,0.8,sex,male,407,0.6461916461916462,0.5133079847908745,263,ppv,0.8878048780487805,0.9635036496350365,0.07569877158625604,0.07601541492594299,1.0,0.04701186176235081,True
uni2,aleatoric_uni2,0.8,sex,male,407,0.6461916461916462,0.5133079847908745,263,npv,0.8960396039603961,0.9761904761904762,0.0801508722300801,0.07993260323510809,1.0,0.04483578933810839,True
uni2,aleatoric_uni2,0.8,sex,male,407,0.6461916461916462,0.5133079847908745,263,f1,0.8921568627450981,0.9705882352941176,0.07843137254901955,0.07870261604380102,1.0,0.03508393139586681,True
uni2,aleatoric_uni2,0.8,age,20-39,219,0.6438356164383562,0.8865248226950354,141,auroc,0.862466577540107,0.8355,-0.026966577540107006,-0.02665335916955247,0.205,0.09337752962544273,False
uni2,aleatoric_uni2,0.8,age,20-39,219,0.6438356164383562,0.8865248226950354,141,auprc,0.9569037530474686,0.9585852311810676,0.0016814781335990903,0.0017535221882778451,0.571,0.04011757925730557,False
uni2,aleatoric_uni2,0.8,age,20-39,219,0.6438356164383562,0.8865248226950354,141,bss,0.23611288980103562,0.5222637123990721,0.2861508225980365,0.29106983698089506,0.999,0.28680325519762434,True
uni2,aleatoric_uni2,0.8,age,20-39,219,0.6438356164383562,0.8865248226950354,141,balanced_accuracy,0.8112466577540107,0.863,0.051753342245989264,0.05109103695588246,0.964,0.08244084274605874,False
uni2,aleatoric_uni2,0.8,age,20-39,219,0.6438356164383562,0.8865248226950354,141,sensitivity,0.9037433155080213,0.976,0.07225668449197864,0.07205837647464808,1.0,0.04462597718820766,True
uni2,aleatoric_uni2,0.8,age,20-39,219,0.6438356164383562,0.8865248226950354,141,specificity,0.71875,0.75,0.03125,0.030123697437116848,0.672,0.15921233126397225,False
uni2,aleatoric_uni2,0.8,age,20-39,219,0.6438356164383562,0.8865248226950354,141,brier,0.09530869805530749,0.04805958328061245,-0.04724911477469504,-0.04744277783570894,0.0,0.02796662466919787,True
uni2,aleatoric_uni2,0.8,age,20-39,219,0.6438356164383562,0.8865248226950354,141,ece,0.09018160940639267,0.021929987475177496,-0.06825162193121517,-0.0749802401088985,0.0,0.03738870751646624,True
uni2,aleatoric_uni2,0.8,age,20-39,219,0.6438356164383562,0.8865248226950354,141,cal_gap,-0.08900919059360723,-0.016156465347517468,0.07285272524608977,0.07222531532895203,1.0,0.041434268455190985,True
uni2,aleatoric_uni2,0.8,age,20-39,219,0.6438356164383562,0.8865248226950354,141,accuracy,0.8767123287671232,0.950354609929078,0.07364228116195481,0.07353070409676976,1.0,0.044916462445070006,True
uni2,aleatoric_uni2,0.8,age,20-39,219,0.6438356164383562,0.8865248226950354,141,ppv,0.949438202247191,0.9682539682539683,0.018815766006777257,0.01908330771649769,0.958,0.032804834208334695,False
uni2,aleatoric_uni2,0.8,age,20-39,219,0.6438356164383562,0.8865248226950354,141,npv,0.5609756097560976,0.8,0.23902439024390243,0.2358385196714713,0.999,0.16383875428524342,True
uni2,aleatoric_uni2,0.8,age,20-39,219,0.6438356164383562,0.8865248226950354,141,f1,0.9260273972602739,0.9721115537848606,0.04608415652458664,0.04620840087511746,1.0,0.028860789988598153,True
uni2,aleatoric_uni2,0.8,age,40-54,221,0.6832579185520362,0.543046357615894,151,auroc,0.96265664160401,0.9814422057264051,0.01878556412239507,0.01895734606445698,0.978,0.026022444945596888,False
uni2,aleatoric_uni2,0.8,age,40-54,221,0.6832579185520362,0.543046357615894,151,auprc,0.9698250303921452,0.9864644710062989,0.016639440614153678,0.01683580480716307,0.975,0.023537532295904516,False
uni2,aleatoric_uni2,0.8,age,40-54,221,0.6832579185520362,0.543046357615894,151,bss,0.718426063431028,0.9189622052403877,0.20053614180935975,0.20145639567779872,1.0,0.09934028817700158,True
uni2,aleatoric_uni2,0.8,age,40-54,221,0.6832579185520362,0.543046357615894,151,balanced_accuracy,0.9089807852965748,0.9794096854012018,0.07042890010462699,0.07081603931875302,1.0,0.03961511492928084,True
uni2,aleatoric_uni2,0.8,age,40-54,221,0.6832579185520362,0.543046357615894,151,sensitivity,0.9126984126984127,0.9878048780487805,0.0751064653503678,0.07543790843983977,1.0,0.051804354054959645,True
uni2,aleatoric_uni2,0.8,age,40-54,221,0.6832579185520362,0.543046357615894,151,specificity,0.9052631578947369,0.9710144927536232,0.06575133485888629,0.06619417019766605,0.999,0.061643635344306766,True
uni2,aleatoric_uni2,0.8,age,40-54,221,0.6832579185520362,0.543046357615894,151,brier,0.06900841548556735,0.020109286555409236,-0.04889912893015812,-0.04897318423470633,0.0,0.02418268857363815,True
uni2,aleatoric_uni2,0.8,age,40-54,221,0.6832579185520362,0.543046357615894,151,ece,0.0532547660565611,0.009491479546357698,-0.0437632865102034,-0.05229240013280072,0.0,0.02822781022159663,True
uni2,aleatoric_uni2,0.8,age,40-54,221,0.6832579185520362,0.543046357615894,151,cal_gap,-0.023671584359728604,0.006741777029801277,0.03041336138952988,0.03028567297912083,0.996,0.035885746525737026,False
uni2,aleatoric_uni2,0.8,age,40-54,221,0.6832579185520362,0.543046357615894,151,accuracy,0.9095022624434389,0.9801324503311258,0.07063018788768693,0.07098571040049328,1.0,0.03876703834302939,True
uni2,aleatoric_uni2,0.8,age,40-54,221,0.6832579185520362,0.543046357615894,151,ppv,0.9274193548387096,0.9759036144578314,0.04848425961912173,0.04897596103584545,0.997,0.04724319404563212,True
uni2,aleatoric_uni2,0.8,age,40-54,221,0.6832579185520362,0.543046357615894,151,npv,0.8865979381443299,0.9852941176470589,0.09869617950272902,0.09879668640828942,1.0,0.06575518849501871,True
uni2,aleatoric_uni2,0.8,age,40-54,221,0.6832579185520362,0.543046357615894,151,f1,0.92,0.9818181818181818,0.06181818181818177,0.06238868515581397,1.0,0.03607238019071259,True
uni2,aleatoric_uni2,0.8,age,55-69,189,0.5925925925925926,0.23214285714285715,112,auroc,0.944568333864288,0.9771914132379249,0.032623079373636954,0.03372598237877644,0.985,0.04193756440636362,False
uni2,aleatoric_uni2,0.8,age,55-69,189,0.5925925925925926,0.23214285714285715,112,auprc,0.8824744433413432,0.9657506586164318,0.08327621527508866,0.08468843293231998,1.0,0.07917485883399099,True
uni2,aleatoric_uni2,0.8,age,55-69,189,0.5925925925925926,0.23214285714285715,112,bss,0.5287557575654691,0.8548011754692377,0.3260454179037686,0.33316571213366886,1.0,0.17133241294308124,True
uni2,aleatoric_uni2,0.8,age,55-69,189,0.5925925925925926,0.23214285714285715,112,balanced_accuracy,0.8603854730805989,0.9691413237924866,0.10875585071188776,0.10942923632669588,1.0,0.06519448274847703,True
uni2,aleatoric_uni2,0.8,age,55-69,189,0.5925925925925926,0.23214285714285715,112,sensitivity,0.8372093023255814,0.9615384615384616,0.12432915921288012,0.12531934862812155,0.998,0.11861603884227298,True
uni2,aleatoric_uni2,0.8,age,55-69,189,0.5925925925925926,0.23214285714285715,112,specificity,0.8835616438356164,0.9767441860465116,0.09318254221089517,0.09353912402526998,1.0,0.05582908103957054,True
uni2,aleatoric_uni2,0.8,age,55-69,189,0.5925925925925926,0.23214285714285715,112,brier,0.08282162744615171,0.025882060877773005,-0.0569395665683787,-0.057595092291380684,0.0,0.027518077723586432,True
uni2,aleatoric_uni2,0.8,age,55-69,189,0.5925925925925926,0.23214285714285715,112,ece,0.07716419623968254,0.02641295377946432,-0.05075124246021823,-0.06017842564894876,0.0,0.03622573473062969,True
uni2,aleatoric_uni2,0.8,age,55-69,189,0.5925925925925926,0.23214285714285715,112,cal_gap,0.07716419623968251,0.026412953779464288,-0.05075124246021823,-0.05104389910316001,0.0,0.04113895753313267,True
uni2,aleatoric_uni2,0.8,age,55-69,189,0.5925925925925926,0.23214285714285715,112,accuracy,0.873015873015873,0.9732142857142857,0.10019841269841268,0.1006776950390651,1.0,0.05046200493410447,True
uni2,aleatoric_uni2,0.8,age,55-69,189,0.5925925925925926,0.23214285714285715,112,ppv,0.6792452830188679,0.9259259259259259,0.24668064290705805,0.24766890311697953,1.0,0.13061963507193275,True
uni2,aleatoric_uni2,0.8,age,55-69,189,0.5925925925925926,0.23214285714285715,112,npv,0.9485294117647058,0.9882352941176471,0.03970588235294126,0.03999239783468278,0.999,0.039406812693636516,True
uni2,aleatoric_uni2,0.8,age,55-69,189,0.5925925925925926,0.23214285714285715,112,f1,0.75,0.9433962264150944,0.19339622641509435,0.19546935827424283,1.0,0.10104271042655888,True
uni2,aleatoric_uni2,0.8,age,70+,74,0.7162162162162162,0.1320754716981132,53,auroc,0.9794871794871793,0.9782608695652174,-0.0012263099219619322,-0.0008924069170473947,0.554,0.03212911080484461,False
uni2,aleatoric_uni2,0.8,age,70+,74,0.7162162162162162,0.1320754716981132,53,auprc,0.8038800705467373,0.8121315192743763,0.008251448727639055,-0.00813374696511604,0.569,0.3095795463513459,False
uni2,aleatoric_uni2,0.8,age,70+,74,0.7162162162162162,0.1320754716981132,53,bss,0.5650299107611895,0.6961453654123466,0.13111545465115715,0.1564345113993525,0.832,0.5124541890954962,False
uni2,aleatoric_uni2,0.8,age,70+,74,0.7162162162162162,0.1320754716981132,53,balanced_accuracy,0.9692307692307692,0.9782608695652174,0.009030100334448177,0.009278716943995402,0.828,0.032619950995527794,False
uni2,aleatoric_uni2,0.8,age,70+,74,0.7162162162162162,0.1320754716981132,53,sensitivity,1.0,1.0,0.0,0.0,0.0,0.0,False
uni2,aleatoric_uni2,0.8,age,70+,74,0.7162162162162162,0.1320754716981132,53,specificity,0.9384615384615385,0.9565217391304348,0.018060200668896353,0.018557433887990915,0.828,0.06523990199105552,False
uni2,aleatoric_uni2,0.8,age,70+,74,0.7162162162162162,0.1320754716981132,53,brier,0.046467768846731955,0.03483132514675129,-0.011636443699980667,-0.012113163407623695,0.171,0.03764370319498675,False
uni2,aleatoric_uni2,0.8,age,70+,74,0.7162162162162162,0.1320754716981132,53,ece,0.0964955429027027,0.0582258336754717,-0.038269709227231,-0.043993547315204426,0.001,0.04100596971114336,True
uni2,aleatoric_uni2,0.8,age,70+,74,0.7162162162162162,0.1320754716981132,53,cal_gap,0.08747023479459456,0.0544196525433962,-0.03305058225119836,-0.03365487522247694,0.035,0.04923089434893277,False
uni2,aleatoric_uni2,0.8,age,70+,74,0.7162162162162162,0.1320754716981132,53,accuracy,0.9459459459459459,0.9622641509433962,0.016318204997450292,0.01668460185004561,0.838,0.05729448123897517,False
uni2,aleatoric_uni2,0.8,age,70+,74,0.7162162162162162,0.1320754716981132,53,ppv,0.6923076923076923,0.7777777777777778,0.0854700854700855,0.08326330891330891,0.772,0.293690009357768,False
uni2,aleatoric_uni2,0.8,age,70+,74,0.7162162162162162,0.1320754716981132,53,npv,1.0,1.0,0.0,0.0,0.0,0.0,False
uni2,aleatoric_uni2,0.8,age,70+,74,0.7162162162162162,0.1320754716981132,53,f1,0.8181818181818182,0.875,0.05681818181818177,0.059808740021588314,0.772,0.20635679179659538,False
uni2,aleatoric_uni2,0.8,race,white,632,0.6534810126582279,0.5520581113801453,413,auroc,0.9588425085702763,0.9780701754385965,0.019227666868320226,0.019094175377894484,1.0,0.015648332564472022,True
uni2,aleatoric_uni2,0.8,race,white,632,0.6534810126582279,0.5520581113801453,413,auprc,0.9545978431378157,0.9707599103399027,0.016162067202087016,0.016032301875332666,0.96,0.02577780277782453,False
uni2,aleatoric_uni2,0.8,race,white,632,0.6534810126582279,0.5520581113801453,413,bss,0.6978018027341106,0.88661812153004,0.18881631879592942,0.18886026354780572,1.0,0.057233503566840115,True
uni2,aleatoric_uni2,0.8,race,white,632,0.6534810126582279,0.5520581113801453,413,balanced_accuracy,0.8983061101028433,0.969606448553817,0.07130033845097361,0.07133294311083693,1.0,0.02435372171829595,True
uni2,aleatoric_uni2,0.8,race,white,632,0.6534810126582279,0.5520581113801453,413,sensitivity,0.9035087719298246,0.9824561403508771,0.07894736842105254,0.07876042403764127,1.0,0.03269392744350255,True
uni2,aleatoric_uni2,0.8,race,white,632,0.6534810126582279,0.5520581113801453,413,specificity,0.8931034482758621,0.9567567567567568,0.06365330848089468,0.06390546218403248,1.0,0.037207862233493934,True
uni2,aleatoric_uni2,0.8,race,white,632,0.6534810126582279,0.5520581113801453,413,brier,0.0750380978730144,0.028038199402370373,-0.04699989847064402,-0.04695775498336267,0.0,0.014202956930892045,True
uni2,aleatoric_uni2,0.8,race,white,632,0.6534810126582279,0.5520581113801453,413,ece,0.038224462300000026,0.0076697210377724015,-0.030554741262227625,-0.03538619514440529,0.0,0.018397177736070826,True
uni2,aleatoric_uni2,0.8,race,white,632,0.6534810126582279,0.5520581113801453,413,cal_gap,-0.012569881434177255,0.007181276485714316,0.01975115791989157,0.019367853484013473,0.989,0.023164279645532443,False
uni2,aleatoric_uni2,0.8,race,white,632,0.6534810126582279,0.5520581113801453,413,accuracy,0.8987341772151899,0.9709443099273608,0.07221013271217092,0.07224763645151222,1.0,0.024121425361370175,True
uni2,aleatoric_uni2,0.8,race,white,632,0.6534810126582279,0.5520581113801453,413,ppv,0.9088235294117647,0.9655172413793104,0.05669371196754569,0.057128591879460955,1.0,0.03284302390247263,True
uni2,aleatoric_uni2,0.8,race,white,632,0.6534810126582279,0.5520581113801453,413,npv,0.886986301369863,0.9779005524861878,0.09091425111632478,0.09049783373775044,1.0,0.03830250766742246,True
uni2,aleatoric_uni2,0.8,race,white,632,0.6534810126582279,0.5520581113801453,413,f1,0.906158357771261,0.9739130434782609,0.06775468570699994,0.06794863783892713,1.0,0.023714785026751593,True
uni2,aleatoric_uni2,0.8,race,black or african american,44,0.6363636363636364,0.2857142857142857,28,auroc,0.8942528735632184,0.875,-0.019252873563218365,-0.021207970901390816,0.406,0.14113330630410292,False
uni2,aleatoric_uni2,0.8,race,black or african american,44,0.6363636363636364,0.2857142857142857,28,auprc,0.8614881268828636,0.8799793956043956,0.01849126872153206,0.013483952336246552,0.561,0.1801596920682647,False
uni2,aleatoric_uni2,0.8,race,black or african american,44,0.6363636363636364,0.2857142857142857,28,bss,0.5092633009144911,0.650512799510895,0.1412494985964039,0.14452034477967168,0.853,0.3936538180509944,False
uni2,aleatoric_uni2,0.8,race,black or african american,44,0.6363636363636364,0.2857142857142857,28,balanced_accuracy,0.8804597701149426,0.9125,0.03204022988505739,0.030246227769391454,0.779,0.10620884960829775,False
uni2,aleatoric_uni2,0.8,race,black or african american,44,0.6363636363636364,0.2857142857142857,28,sensitivity,0.9333333333333333,0.875,-0.05833333333333335,-0.06022667332667331,0.035,0.14151419384632724,False
uni2,aleatoric_uni2,0.8,race,black or african american,44,0.6363636363636364,0.2857142857142857,28,specificity,0.8275862068965517,0.95,0.12241379310344824,0.120719128865456,0.993,0.1534275627551403,False
uni2,aleatoric_uni2,0.8,race,black or african american,44,0.6363636363636364,0.2857142857142857,28,brier,0.11026366947427499,0.07132391846716427,-0.03893975100711072,-0.037633922103257805,0.099,0.07996160642307967,False
uni2,aleatoric_uni2,0.8,race,black or african american,44,0.6363636363636364,0.2857142857142857,28,ece,0.11109217118181818,0.05823849399999998,-0.052853677181818194,-0.07287250674170168,0.0,0.07512975531397541,False
uni2,aleatoric_uni2,0.8,race,black or african american,44,0.6363636363636364,0.2857142857142857,28,cal_gap,0.0687659915454546,0.02294010814285713,-0.04582588340259747,-0.04459388443594492,0.12,0.10280853759178718,False
uni2,aleatoric_uni2,0.8,race,black or african american,44,0.6363636363636364,0.2857142857142857,28,accuracy,0.8636363636363636,0.9285714285714286,0.06493506493506496,0.06316382794148256,0.941,0.11156350644460299,False
uni2,aleatoric_uni2,0.8,race,black or african american,44,0.6363636363636364,0.2857142857142857,28,ppv,0.7368421052631579,0.875,0.13815789473684215,0.13436975619839397,0.944,0.22360291507742622,False
uni2,aleatoric_uni2,0.8,race,black or african american,44,0.6363636363636364,0.2857142857142857,28,npv,0.96,0.95,-0.010000000000000009,-0.010583377558749496,0.577,0.08461453201073572,False
uni2,aleatoric_uni2,0.8,race,black or african american,44,0.6363636363636364,0.2857142857142857,28,f1,0.8235294117647058,0.875,0.05147058823529416,0.05100655696424672,0.823,0.15712136259997042,False
uni2,aleatoric_uni2,0.7,sex,female,300,0.5,0.5466666666666666,150,auroc,0.9485970819304153,0.9713055954088953,0.02270851347848002,0.023036048683863775,0.958,0.037754484293598276,False
uni2,aleatoric_uni2,0.7,sex,female,300,0.5,0.5466666666666666,150,auprc,0.9414977616247269,0.9583256865511244,0.01682792492639751,0.016916937992883962,0.771,0.05937995310212543,False
uni2,aleatoric_uni2,0.7,sex,female,300,0.5,0.5466666666666666,150,bss,0.6637238960091012,0.8939237111746522,0.230199815165551,0.23254211633566912,1.0,0.12747287716921424,True
uni2,aleatoric_uni2,0.7,sex,female,300,0.5,0.5466666666666666,150,balanced_accuracy,0.8952861952861952,0.9705882352941176,0.0753020400079224,0.07582595226678468,1.0,0.05004753886590077,True
uni2,aleatoric_uni2,0.7,sex,female,300,0.5,0.5466666666666666,150,sensitivity,0.9090909090909091,1.0,0.09090909090909094,0.0916408545254308,1.0,0.06298795869755892,True
uni2,aleatoric_uni2,0.7,sex,female,300,0.5,0.5466666666666666,150,specificity,0.8814814814814815,0.9411764705882353,0.05969498910675375,0.060011050008138556,0.983,0.07665952140181566,False
uni2,aleatoric_uni2,0.7,sex,female,300,0.5,0.5466666666666666,150,brier,0.08322833573774746,0.02628806162178398,-0.05694027411596348,-0.05722287913081207,0.0,0.031294527064109075,True
uni2,aleatoric_uni2,0.7,sex,female,300,0.5,0.5466666666666666,150,ece,0.05085138315200001,0.026654645030666547,-0.024196738121333463,-0.037963644583431586,0.0,0.03590501906660252,True
uni2,aleatoric_uni2,0.7,sex,female,300,0.5,0.5466666666666666,150,cal_gap,-0.016466015388000077,0.026654645030666724,0.0431206604186668,0.04298529228140037,0.994,0.0476286628332023,False
uni2,aleatoric_uni2,0.7,sex,female,300,0.5,0.5466666666666666,150,accuracy,0.8966666666666666,0.9733333333333334,0.07666666666666677,0.07719151820116932,1.0,0.0490821292964285,True
uni2,aleatoric_uni2,0.7,sex,female,300,0.5,0.5466666666666666,150,ppv,0.9036144578313253,0.9534883720930233,0.04987391426169796,0.050153360251286694,0.99,0.06309397059596887,False
uni2,aleatoric_uni2,0.7,sex,female,300,0.5,0.5466666666666666,150,npv,0.8880597014925373,1.0,0.11194029850746268,0.11282002176401806,1.0,0.07726632379170952,True
uni2,aleatoric_uni2,0.7,sex,female,300,0.5,0.5466666666666666,150,f1,0.9063444108761329,0.9761904761904762,0.06984606531434323,0.07059898603355197,1.0,0.0469343674100661,True
uni2,aleatoric_uni2,0.7,sex,male,407,0.4987714987714988,0.5024630541871922,203,auroc,0.9593837535014007,0.9829159386526887,0.023532185151287965,0.023071878532816448,0.995,0.02691902166698847,False
uni2,aleatoric_uni2,0.7,sex,male,407,0.4987714987714988,0.5024630541871922,203,auprc,0.9583271892975003,0.9865930862100607,0.02826589691256043,0.027898932845487945,0.998,0.02990002421322278,False
uni2,aleatoric_uni2,0.7,sex,male,407,0.4987714987714988,0.5024630541871922,203,bss,0.7008114571136108,0.9042698097644676,0.20345835265085677,0.20193100395658403,1.0,0.1008773771545558,True
uni2,aleatoric_uni2,0.7,sex,male,407,0.4987714987714988,0.5024630541871922,203,balanced_accuracy,0.8919033130493577,0.9753445932828577,0.08344128023350006,0.08252171508030215,1.0,0.0427277038574675,True
uni2,aleatoric_uni2,0.7,sex,male,407,0.4987714987714988,0.5024630541871922,203,sensitivity,0.896551724137931,0.9803921568627451,0.083840432724814,0.08327010162552417,1.0,0.0596594513307911,True
uni2,aleatoric_uni2,0.7,sex,male,407,0.4987714987714988,0.5024630541871922,203,specificity,0.8872549019607843,0.9702970297029703,0.083042127742186,0.08177332853508001,1.0,0.06042852231394955,True
uni2,aleatoric_uni2,0.7,sex,male,407,0.4987714987714988,0.5024630541871922,203,brier,0.07479668418168023,0.023931966798671538,-0.05086471738300869,-0.05029151811990706,0.0,0.025099055983290843,True
uni2,aleatoric_uni2,0.7,sex,male,407,0.4987714987714988,0.5024630541871922,203,ece,0.05402250554545451,0.005575901325123162,-0.048446604220331355,-0.056359941913946596,0.0,0.028995267583340638,True
uni2,aleatoric_uni2,0.7,sex,male,407,0.4987714987714988,0.5024630541871922,203,cal_gap,0.002529640041768977,0.0055759013251232,0.0030462612833542235,0.002866067039034986,0.573,0.03807289347894827,False
uni2,aleatoric_uni2,0.7,sex,male,407,0.4987714987714988,0.5024630541871922,203,accuracy,0.8918918918918919,0.9753694581280788,0.08347756623618696,0.08257769692053685,1.0,0.04257845440444825,True
uni2,aleatoric_uni2,0.7,sex,male,407,0.4987714987714988,0.5024630541871922,203,ppv,0.8878048780487805,0.970873786407767,0.0830689083589865,0.08236722831536969,1.0,0.06089797668691282,True
uni2,aleatoric_uni2,0.7,sex,male,407,0.4987714987714988,0.5024630541871922,203,npv,0.8960396039603961,0.98,0.08396039603960392,0.08294142969104346,1.0,0.060784338819005974,True
uni2,aleatoric_uni2,0.7,sex,male,407,0.4987714987714988,0.5024630541871922,203,f1,0.8921568627450981,0.975609756097561,0.08345289335246286,0.08304640158177745,1.0,0.04493676038919011,True
uni2,aleatoric_uni2,0.7,age,20-39,219,0.4748858447488584,0.8846153846153846,104,auroc,0.862466577540107,0.8251811594202899,-0.037285418119817115,-0.038496887821691916,0.215,0.13643805607434145,False
uni2,aleatoric_uni2,0.7,age,20-39,219,0.4748858447488584,0.8846153846153846,104,auprc,0.9569037530474686,0.9568412505504323,-6.25024970362098e-05,-0.0007766323905520345,0.498,0.05634981901450015,False
uni2,aleatoric_uni2,0.7,age,20-39,219,0.4748858447488584,0.8846153846153846,104,bss,0.23611288980103562,0.6307449959641677,0.39463210616313205,0.407820928522974,1.0,0.42510931693482595,False
uni2,aleatoric_uni2,0.7,age,20-39,219,0.4748858447488584,0.8846153846153846,104,balanced_accuracy,0.8112466577540107,0.8333333333333333,0.022086675579322534,0.021207684755463307,0.704,0.12336305783478829,False
uni2,aleatoric_uni2,0.7,age,20-39,219,0.4748858447488584,0.8846153846153846,104,sensitivity,0.9037433155080213,1.0,0.09625668449197866,0.09654928404429275,1.0,0.061399735480538925,True
uni2,aleatoric_uni2,0.7,age,20-39,219,0.4748858447488584,0.8846153846153846,104,specificity,0.71875,0.6666666666666666,-0.05208333333333337,-0.05413391453336602,0.215,0.23636001851115188,False
uni2,aleatoric_uni2,0.7,age,20-39,219,0.4748858447488584,0.8846153846153846,104,brier,0.09530869805530749,0.0376902297018823,-0.05761846835342519,-0.05769427266744332,0.0,0.039573676414633344,True
uni2,aleatoric_uni2,0.7,age,20-39,219,0.4748858447488584,0.8846153846153846,104,ece,0.09018160940639267,0.02448609202884608,-0.06569551737754659,-0.07757380734786595,0.0,0.04825188253505259,True
uni2,aleatoric_uni2,0.7,age,20-39,219,0.4748858447488584,0.8846153846153846,104,cal_gap,-0.08900919059360723,0.024486092028846218,0.11349528262245345,0.1134327679133029,1.0,0.05828548557722103,True
uni2,aleatoric_uni2,0.7,age,20-39,219,0.4748858447488584,0.8846153846153846,104,accuracy,0.8767123287671232,0.9615384615384616,0.08482613277133833,0.08493840600146296,1.0,0.06367534779656486,True
uni2,aleatoric_uni2,0.7,age,20-39,219,0.4748858447488584,0.8846153846153846,104,ppv,0.949438202247191,0.9583333333333334,0.008895131086142372,0.008890582922557844,0.721,0.04670490907214732,False
uni2,aleatoric_uni2,0.7,age,20-39,219,0.4748858447488584,0.8846153846153846,104,npv,0.5609756097560976,1.0,0.4390243902439024,0.4373035416706579,1.0,0.23430574369610804,True
uni2,aleatoric_uni2,0.7,age,20-39,219,0.4748858447488584,0.8846153846153846,104,f1,0.9260273972602739,0.9787234042553191,0.052696006995045175,0.05303940800640927,1.0,0.0405530072666783,True
uni2,aleatoric_uni2,0.7,age,40-54,221,0.5384615384615384,0.5462184873949579,119,auroc,0.96265664160401,0.9823361823361825,0.019679540732172485,0.019680027170241976,0.941,0.03545892374589232,False
uni2,aleatoric_uni2,0.7,age,40-54,221,0.5384615384615384,0.5462184873949579,119,auprc,0.9698250303921452,0.9888464399672268,0.019021409575081583,0.01912145728859893,0.96,0.03252865121038942,False
uni2,aleatoric_uni2,0.7,age,40-54,221,0.5384615384615384,0.5462184873949579,119,bss,0.718426063431028,0.932285899602546,0.21385983617151805,0.21491633042506475,1.0,0.13643140287898411,True
uni2,aleatoric_uni2,0.7,age,40-54,221,0.5384615384615384,0.5462184873949579,119,balanced_accuracy,0.9089807852965748,0.983048433048433,0.07406764775185826,0.07392395909208793,1.0,0.05454923629255606,True
uni2,aleatoric_uni2,0.7,age,40-54,221,0.5384615384615384,0.5462184873949579,119,sensitivity,0.9126984126984127,0.9846153846153847,0.071916971916972,0.07196086163852888,1.0,0.07166021329713342,True
uni2,aleatoric_uni2,0.7,age,40-54,221,0.5384615384615384,0.5462184873949579,119,specificity,0.9052631578947369,0.9814814814814815,0.07621832358674463,0.07588705654564731,0.999,0.08286031730785492,False
uni2,aleatoric_uni2,0.7,age,40-54,221,0.5384615384615384,0.5462184873949579,119,brier,0.06900841548556735,0.016783877720151347,-0.05222453776541601,-0.05226452478549097,0.0,0.03304124077330669,True
uni2,aleatoric_uni2,0.7,age,40-54,221,0.5384615384615384,0.5462184873949579,119,ece,0.0532547660565611,0.0017663553067226666,-0.05148841074983843,-0.06642563216413432,0.0,0.03784660424264155,True
uni2,aleatoric_uni2,0.7,age,40-54,221,0.5384615384615384,0.5462184873949579,119,cal_gap,-0.023671584359728604,0.0009636892563025246,0.024635273616031128,0.02416643711787573,0.913,0.04992894134914612,False
uni2,aleatoric_uni2,0.7,age,40-54,221,0.5384615384615384,0.5462184873949579,119,accuracy,0.9095022624434389,0.9831932773109243,0.07369101486748542,0.07362672655491576,1.0,0.053616106443849544,True
uni2,aleatoric_uni2,0.7,age,40-54,221,0.5384615384615384,0.5462184873949579,119,ppv,0.9274193548387096,0.9846153846153847,0.05719602977667504,0.05780491329719406,0.997,0.06501470724967295,False
uni2,aleatoric_uni2,0.7,age,40-54,221,0.5384615384615384,0.5462184873949579,119,npv,0.8865979381443299,0.9814814814814815,0.09488354333715165,0.09371865189304096,1.0,0.09170695607157937,True
uni2,aleatoric_uni2,0.7,age,40-54,221,0.5384615384615384,0.5462184873949579,119,f1,0.92,0.9846153846153847,0.06461538461538463,0.06524240508912083,1.0,0.0499250803797962,True
uni2,aleatoric_uni2,0.7,age,55-69,189,0.47619047619047616,0.24444444444444444,90,auroc,0.944568333864288,0.9806149732620322,0.03604663939774422,0.03688902691634255,0.967,0.059244819751111885,False
uni2,aleatoric_uni2,0.7,age,55-69,189,0.47619047619047616,0.24444444444444444,90,auprc,0.8824744433413432,0.9707229999437791,0.08824855660243591,0.08918771989773855,0.998,0.11331163649692105,False
uni2,aleatoric_uni2,0.7,age,55-69,189,0.47619047619047616,0.24444444444444444,90,bss,0.5287557575654691,0.8837700269455103,0.3550142693800412,0.36217586407845814,1.0,0.24381851473768315,True
uni2,aleatoric_uni2,0.7,age,55-69,189,0.47619047619047616,0.24444444444444444,90,balanced_accuracy,0.8603854730805989,0.9699197860962567,0.10953431301565786,0.11033715896627672,0.999,0.09128355800461682,True
uni2,aleatoric_uni2,0.7,age,55-69,189,0.47619047619047616,0.24444444444444444,90,sensitivity,0.8372093023255814,0.9545454545454546,0.11733615221987315,0.11999278513783918,0.984,0.16392780668718795,False
uni2,aleatoric_uni2,0.7,age,55-69,189,0.47619047619047616,0.24444444444444444,90,specificity,0.8835616438356164,0.9852941176470589,0.10173247381144246,0.10068153279471415,1.0,0.07632677646804738,True
uni2,aleatoric_uni2,0.7,age,55-69,189,0.47619047619047616,0.24444444444444444,90,brier,0.08282162744615171,0.02146667156660698,-0.06135495587954473,-0.06137343741983317,0.0,0.03729153214530444,True
uni2,aleatoric_uni2,0.7,age,55-69,189,0.47619047619047616,0.24444444444444444,90,ece,0.07716419623968254,0.010799293469999992,-0.06636490276968254,-0.08149795249886208,0.0,0.04623025832028294,True
uni2,aleatoric_uni2,0.7,age,55-69,189,0.47619047619047616,0.24444444444444444,90,cal_gap,0.07716419623968251,0.010799293469999999,-0.06636490276968252,-0.06565544931116861,0.0,0.055480578692712626,True
uni2,aleatoric_uni2,0.7,age,55-69,189,0.47619047619047616,0.24444444444444444,90,accuracy,0.873015873015873,0.9777777777777777,0.10476190476190472,0.1044572588866195,1.0,0.06979088963644052,True
uni2,aleatoric_uni2,0.7,age,55-69,189,0.47619047619047616,0.24444444444444444,90,ppv,0.6792452830188679,0.9545454545454546,0.2753001715265867,0.2743439323658964,1.0,0.18875076550783218,True
uni2,aleatoric_uni2,0.7,age,55-69,189,0.47619047619047616,0.24444444444444444,90,npv,0.9485294117647058,0.9852941176470589,0.03676470588235303,0.037352311162939245,0.971,0.052623611361824654,False
uni2,aleatoric_uni2,0.7,age,55-69,189,0.47619047619047616,0.24444444444444444,90,f1,0.75,0.9545454545454546,0.20454545454545459,0.20705887334185358,1.0,0.14683565929732678,True
uni2,aleatoric_uni2,0.7,age,70+,74,0.527027027027027,0.10256410256410256,39,auroc,0.9794871794871793,0.9785714285714285,-0.0009157509157508015,-0.0012266020270628175,0.4954954954954955,0.046288016410298526,False
uni2,aleatoric_uni2,0.7,age,70+,74,0.527027027027027,0.10256410256410256,39,auprc,0.8038800705467373,0.8041666666666667,0.0002865961199294276,-0.03246428482870267,0.3863863863863864,0.41121876190105255,False
uni2,aleatoric_uni2,0.7,age,70+,74,0.527027027027027,0.10256410256410256,39,bss,0.5650299107611895,0.7347642089769503,0.1697342982157608,0.22430889480891392,0.7977977977977978,0.8468995400270282,False
uni2,aleatoric_uni2,0.7,age,70+,74,0.527027027027027,0.10256410256410256,39,balanced_accuracy,0.9692307692307692,0.9857142857142858,0.016483516483516536,0.016320352886095235,0.8808808808808809,0.041975081092174314,False
uni2,aleatoric_uni2,0.7,age,70+,74,0.527027027027027,0.10256410256410256,39,sensitivity,1.0,1.0,0.0,0.0,0.0,0.0,False
uni2,aleatoric_uni2,0.7,age,70+,74,0.527027027027027,0.10256410256410256,39,specificity,0.9384615384615385,0.9714285714285714,0.03296703296703296,0.03264070577219025,0.8808808808808809,0.08395016218434859,False
uni2,aleatoric_uni2,0.7,age,70+,74,0.527027027027027,0.10256410256410256,39,brier,0.046467768846731955,0.02441355078450162,-0.022054218062230336,-0.021387264898667265,0.14414414414414414,0.0501391974329166,False
uni2,aleatoric_uni2,0.7,age,70+,74,0.527027027027027,0.10256410256410256,39,ece,0.0964955429027027,0.038749413302564095,-0.0577461296001386,-0.06611544061371355,0.0,0.053832092096256105,True
uni2,aleatoric_uni2,0.7,age,70+,74,0.527027027027027,0.10256410256410256,39,cal_gap,0.08747023479459456,0.038749413302564095,-0.04872082149203047,-0.04817461830544585,0.015015015015015015,0.06451614652321455,False
uni2,aleatoric_uni2,0.7,age,70+,74,0.527027027027027,0.10256410256410256,39,accuracy,0.9459459459459459,0.9743589743589743,0.028413028413028396,0.028184940117864876,0.8558558558558559,0.07413043459268727,False
uni2,aleatoric_uni2,0.7,age,70+,74,0.527027027027027,0.10256410256410256,39,ppv,0.6923076923076923,0.8,0.10769230769230775,0.10838085560307775,0.7467467467467468,0.4052373626956835,False
uni2,aleatoric_uni2,0.7,age,70+,74,0.527027027027027,0.10256410256410256,39,npv,1.0,1.0,0.0,0.0,0.0,0.0,False
uni2,aleatoric_uni2,0.7,age,70+,74,0.527027027027027,0.10256410256410256,39,f1,0.8181818181818182,0.8888888888888888,0.07070707070707061,0.08008570524050385,0.7467467467467468,0.2944869715955199,False
uni2,aleatoric_uni2,0.7,race,white,632,0.504746835443038,0.542319749216301,319,auroc,0.9588425085702763,0.9815503998733075,0.02270789130303119,0.022870708215945834,1.0,0.021560118970521562,True
uni2,aleatoric_uni2,0.7,race,white,632,0.504746835443038,0.542319749216301,319,auprc,0.9545978431378157,0.972982153803271,0.018384310665455317,0.018568798161504807,0.939,0.034208009067775644,False
uni2,aleatoric_uni2,0.7,race,white,632,0.504746835443038,0.542319749216301,319,bss,0.6978018027341106,0.9134578760263603,0.21565607329224967,0.216723973537005,1.0,0.08049641709051172,True
uni2,aleatoric_uni2,0.7,race,white,632,0.504746835443038,0.542319749216301,319,balanced_accuracy,0.8983061101028433,0.9765618813841159,0.07825577128127259,0.07858121970374121,1.0,0.033348133993596416,True
uni2,aleatoric_uni2,0.7,race,white,632,0.504746835443038,0.542319749216301,319,sensitivity,0.9035087719298246,0.9942196531791907,0.0907108812493661,0.09085029261030664,1.0,0.04659336640086234,True
uni2,aleatoric_uni2,0.7,race,white,632,0.504746835443038,0.542319749216301,319,specificity,0.8931034482758621,0.958904109589041,0.06580066131317897,0.06631214679717568,1.0,0.05161922163541518,True
uni2,aleatoric_uni2,0.7,race,white,632,0.504746835443038,0.542319749216301,319,brier,0.0750380978730144,0.02148053740948095,-0.053557560463533445,-0.053696965372387225,0.0,0.019923574500819885,True
uni2,aleatoric_uni2,0.7,race,white,632,0.504746835443038,0.542319749216301,319,ece,0.038224462300000026,0.015201250782445157,-0.02302321151755487,-0.03238389409156364,0.0,0.024495315687663773,True
uni2,aleatoric_uni2,0.7,race,white,632,0.504746835443038,0.542319749216301,319,cal_gap,-0.012569881434177255,0.015201250782445164,0.02777113221662242,0.027865489589124416,0.99,0.03154278068063993,False
uni2,aleatoric_uni2,0.7,race,white,632,0.504746835443038,0.542319749216301,319,accuracy,0.8987341772151899,0.9780564263322884,0.07932224911709851,0.07961865548751901,1.0,0.03317952942546487,True
uni2,aleatoric_uni2,0.7,race,white,632,0.504746835443038,0.542319749216301,319,ppv,0.9088235294117647,0.9662921348314607,0.057468605419696006,0.0577034907882471,1.0,0.04361325371372092,True
uni2,aleatoric_uni2,0.7,race,white,632,0.504746835443038,0.542319749216301,319,npv,0.886986301369863,0.9929078014184397,0.1059215000485767,0.10620594377416726,1.0,0.0529418127278342,True
uni2,aleatoric_uni2,0.7,race,white,632,0.504746835443038,0.542319749216301,319,f1,0.906158357771261,0.98005698005698,0.07389862228571908,0.0742242922319234,1.0,0.03241564926987832,True
uni2,aleatoric_uni2,0.7,race,black or african american,44,0.5227272727272727,0.34782608695652173,23,auroc,0.8942528735632184,0.875,-0.019252873563218365,-0.018846829958100386,0.4205729166666667,0.18162996925299987,False
uni2,aleatoric_uni2,0.7,race,black or african american,44,0.5227272727272727,0.34782608695652173,23,auprc,0.8614881268828636,0.8891369047619048,0.027648777879041186,0.02437494080586533,0.57421875,0.22875691181107627,False
uni2,aleatoric_uni2,0.7,race,black or african american,44,0.5227272727272727,0.34782608695652173,23,bss,0.5092633009144911,0.6270174444291534,0.11775414351466229,0.13277162590872393,0.7643229166666666,0.5176454147245168,False
uni2,aleatoric_uni2,0.7,race,black or african american,44,0.5227272727272727,0.34782608695652173,23,balanced_accuracy,0.8804597701149426,0.9041666666666667,0.023706896551724088,0.022537463391562484,0.6393229166666666,0.1338335534772872,False
uni2,aleatoric_uni2,0.7,race,black or african american,44,0.5227272727272727,0.34782608695652173,23,sensitivity,0.9333333333333333,0.875,-0.05833333333333335,-0.057498169509888286,0.18489583333333334,0.190653645489649,False
uni2,aleatoric_uni2,0.7,race,black or african american,44,0.5227272727272727,0.34782608695652173,23,specificity,0.8275862068965517,0.9333333333333333,0.10574712643678164,0.10257309629301337,0.9088541666666666,0.19395379579486174,False
uni2,aleatoric_uni2,0.7,race,black or african american,44,0.5227272727272727,0.34782608695652173,23,brier,0.11026366947427499,0.0846085192221202,-0.025655150252154785,-0.024493257527649234,0.25,0.09934873190790881,False
uni2,aleatoric_uni2,0.7,race,black or african american,44,0.5227272727272727,0.34782608695652173,23,ece,0.11109217118181818,0.0693640116521739,-0.041728159529644274,-0.07001815211776419,0.018229166666666668,0.09553177556098627,False
uni2,aleatoric_uni2,0.7,race,black or african american,44,0.5227272727272727,0.34782608695652173,23,cal_gap,0.0687659915454546,0.006940360521739075,-0.06182563102371552,-0.060013022267307356,0.11458333333333333,0.13623168905252986,False
uni2,aleatoric_uni2,0.7,race,black or african american,44,0.5227272727272727,0.34782608695652173,23,accuracy,0.8636363636363636,0.9130434782608695,0.049407114624505866,0.04735720126416987,0.80078125,0.13955949034758203,False
uni2,aleatoric_uni2,0.7,race,black or african american,44,0.5227272727272727,0.34782608695652173,23,ppv,0.7368421052631579,0.875,0.13815789473684215,0.13461407022987915,0.8671875,0.2976862577411807,False
uni2,aleatoric_uni2,0.7,race,black or african american,44,0.5227272727272727,0.34782608695652173,23,npv,0.96,0.9333333333333333,-0.026666666666666616,-0.02657559624471395,0.33984375,0.10869146210860256,False
uni2,aleatoric_uni2,0.7,race,black or african american,44,0.5227272727272727,0.34782608695652173,23,f1,0.8235294117647058,0.875,0.05147058823529416,0.054307209362841724,0.734375,0.20957832474323904,False
conch,entropy_conch,0.9,sex,female,300,0.8566666666666667,0.5369649805447471,257,auroc,0.9149270482603815,0.9319814882474731,0.017054439987091552,0.017309020214770543,0.984,0.019687386838350463,False
conch,entropy_conch,0.9,sex,female,300,0.8566666666666667,0.5369649805447471,257,auprc,0.916749437616876,0.9281504576806422,0.011401020063766198,0.011536320495591612,0.871,0.026507352644904746,False
conch,entropy_conch,0.9,sex,female,300,0.8566666666666667,0.5369649805447471,257,bss,0.5041128733382998,0.5790480140287666,0.0749351406904668,0.07621298591181269,0.999,0.06343470305347164,True
conch,entropy_conch,0.9,sex,female,300,0.8566666666666667,0.5369649805447471,257,balanced_accuracy,0.8393939393939394,0.8716051638046522,0.03221122441071289,0.03242041285853181,1.0,0.024715849703613436,True
conch,entropy_conch,0.9,sex,female,300,0.8566666666666667,0.5369649805447471,257,sensitivity,0.8121212121212121,0.8188405797101449,0.0067193675889327675,0.007300160026369906,0.722,0.03494093178421952,False
conch,entropy_conch,0.9,sex,female,300,0.8566666666666667,0.5369649805447471,257,specificity,0.8666666666666667,0.9243697478991597,0.057703081232493014,0.057540665690693826,1.0,0.03389505761411949,True
conch,entropy_conch,0.9,sex,female,300,0.8566666666666667,0.5369649805447471,257,brier,0.1227320638487708,0.10466280357945759,-0.018069260269313214,-0.01830335410253342,0.001,0.015341479512296672,True
conch,entropy_conch,0.9,sex,female,300,0.8566666666666667,0.5369649805447471,257,ece,0.07654738820200004,0.06809331696731519,-0.008454071234684848,-0.012528650900415841,0.045,0.019911015530104267,False
conch,entropy_conch,0.9,sex,female,300,0.8566666666666667,0.5369649805447471,257,cal_gap,-0.07544077666866672,-0.06680155253151748,0.008639224137149237,0.009030132183776338,0.885,0.021688622288928264,False
conch,entropy_conch,0.9,sex,female,300,0.8566666666666667,0.5369649805447471,257,accuracy,0.8366666666666667,0.867704280155642,0.03103761348897538,0.03129711656007672,0.999,0.02487873608465469,True
conch,entropy_conch,0.9,sex,female,300,0.8566666666666667,0.5369649805447471,257,ppv,0.881578947368421,0.9262295081967213,0.04465056082830032,0.04451392987854619,1.0,0.030181236921495803,True
conch,entropy_conch,0.9,sex,female,300,0.8566666666666667,0.5369649805447471,257,npv,0.7905405405405406,0.8148148148148148,0.0242742742742742,0.02488834605877288,0.95,0.03876895170849772,False
conch,entropy_conch,0.9,sex,female,300,0.8566666666666667,0.5369649805447471,257,f1,0.8454258675078864,0.8692307692307693,0.023804901722882854,0.024124905337428504,0.996,0.02519932526931892,False
conch,entropy_conch,0.9,sex,male,407,0.8648648648648649,0.4772727272727273,352,auroc,0.923959238867961,0.9419319358178054,0.01797269694984438,0.01767852222312627,1.0,0.01494182449278879,True
conch,entropy_conch,0.9,sex,male,407,0.8648648648648649,0.4772727272727273,352,auprc,0.9232447880080653,0.9397253456266756,0.016480557618610336,0.01613163179797017,0.991,0.01770547189514641,False
conch,entropy_conch,0.9,sex,male,407,0.8648648648648649,0.4772727272727273,352,bss,0.5453205101772256,0.6305847445802466,0.085264234403021,0.08454222227064223,1.0,0.04766487051621043,True
conch,entropy_conch,0.9,sex,male,407,0.8648648648648649,0.4772727272727273,352,balanced_accuracy,0.8451294310827779,0.8786231884057971,0.03349375732301918,0.033321136852733524,1.0,0.01991771684700286,True
conch,entropy_conch,0.9,sex,male,407,0.8648648648648649,0.4772727272727273,352,sensitivity,0.812807881773399,0.8333333333333334,0.02052545155993435,0.019986074228882766,0.963,0.030928421647975136,False
conch,entropy_conch,0.9,sex,male,407,0.8648648648648649,0.4772727272727273,352,specificity,0.8774509803921569,0.9239130434782609,0.04646206308610401,0.04665619947658417,1.0,0.026295819379580112,True
conch,entropy_conch,0.9,sex,male,407,0.8648648648648649,0.4772727272727273,352,brier,0.11366918624646533,0.0921630001899488,-0.021506186056516524,-0.021279081793650026,0.0,0.011905286925706051,True
conch,entropy_conch,0.9,sex,male,407,0.8648648648648649,0.4772727272727273,352,ece,0.0764518274567322,0.05663037103661933,-0.019821456420112862,-0.021425621326040298,0.0,0.017803291056145237,True
conch,entropy_conch,0.9,sex,male,407,0.8648648648648649,0.4772727272727273,352,cal_gap,-0.05539033452798531,-0.042737683246846625,0.012652651281138683,0.01238542805622983,0.972,0.019186359792494098,False
conch,entropy_conch,0.9,sex,male,407,0.8648648648648649,0.4772727272727273,352,accuracy,0.8452088452088452,0.8806818181818182,0.03547297297297303,0.035303256797839855,1.0,0.019953739815042473,True
conch,entropy_conch,0.9,sex,male,407,0.8648648648648649,0.4772727272727273,352,ppv,0.868421052631579,0.9090909090909091,0.04066985645933008,0.04074233214885159,1.0,0.027820234739457692,True
conch,entropy_conch,0.9,sex,male,407,0.8648648648648649,0.4772727272727273,352,npv,0.8248847926267281,0.8585858585858586,0.03370106595913047,0.03334952674369096,0.999,0.029227802137251905,True
conch,entropy_conch,0.9,sex,male,407,0.8648648648648649,0.4772727272727273,352,f1,0.8396946564885496,0.8695652173913043,0.02987056090275475,0.02967450649786596,1.0,0.022209091042365924,True
conch,entropy_conch,0.9,age,20-39,219,0.867579908675799,0.8421052631578947,190,auroc,0.844418449197861,0.8585416666666666,0.014123217468805627,0.013745796493972118,0.775,0.055421171015981305,False
conch,entropy_conch,0.9,age,20-39,219,0.867579908675799,0.8421052631578947,190,auprc,0.9481587158288818,0.9474919258423659,-0.0006667899865159255,-0.001314732808525787,0.618,0.027652802278076326,False
conch,entropy_conch,0.9,age,20-39,219,0.867579908675799,0.8421052631578947,190,bss,-0.19239688138457578,-0.013669140053327533,0.17872774133124825,0.18735977606608156,0.996,0.23418559940520692,False
conch,entropy_conch,0.9,age,20-39,219,0.867579908675799,0.8421052631578947,190,balanced_accuracy,0.7840909090909092,0.8125,0.02840909090909083,0.028153701602059877,0.935,0.0488448944658048,False
conch,entropy_conch,0.9,age,20-39,219,0.867579908675799,0.8421052631578947,190,sensitivity,0.8181818181818182,0.825,0.006818181818181723,0.006833503106744687,0.727,0.031320059033277475,False
conch,entropy_conch,0.9,age,20-39,219,0.867579908675799,0.8421052631578947,190,specificity,0.75,0.8,0.050000000000000044,0.04947390009737529,0.917,0.09263141155174179,False
conch,entropy_conch,0.9,age,20-39,219,0.867579908675799,0.8421052631578947,190,brier,0.14877302262682807,0.13478149230625966,-0.013991530320568407,-0.014045691948452038,0.026,0.018286167933548852,False
conch,entropy_conch,0.9,age,20-39,219,0.867579908675799,0.8421052631578947,190,ece,0.1886558117141552,0.1557823708178947,-0.032873440896260514,-0.03414544422473531,0.0,0.02612617207491549,True
conch,entropy_conch,0.9,age,20-39,219,0.867579908675799,0.8421052631578947,190,cal_gap,-0.18865581171415524,-0.1557823708178948,0.03287344089626043,0.0333117760648845,1.0,0.0264397687191455,True
conch,entropy_conch,0.9,age,20-39,219,0.867579908675799,0.8421052631578947,190,accuracy,0.8082191780821918,0.8210526315789474,0.012833453496755576,0.01275218328890837,0.883,0.02980521517796966,False
conch,entropy_conch,0.9,age,20-39,219,0.867579908675799,0.8421052631578947,190,ppv,0.9503105590062112,0.9565217391304348,0.006211180124223614,0.005919486717412825,0.767,0.02019497356187356,False
conch,entropy_conch,0.9,age,20-39,219,0.867579908675799,0.8421052631578947,190,npv,0.41379310344827586,0.46153846153846156,0.04774535809018571,0.04871567409773242,0.971,0.0735678290042392,False
conch,entropy_conch,0.9,age,20-39,219,0.867579908675799,0.8421052631578947,190,f1,0.8793103448275862,0.8859060402684564,0.006595695440870242,0.006529618088555567,0.812,0.020590590156422253,False
conch,entropy_conch,0.9,age,40-54,221,0.8371040723981901,0.5297297297297298,185,auroc,0.9379281537176274,0.9494487450152475,0.011520591297620064,0.011774604919987608,0.942,0.019179237490668518,False
conch,entropy_conch,0.9,age,40-54,221,0.8371040723981901,0.5297297297297298,185,auprc,0.9512849902268204,0.9584944721194794,0.007209481892658909,0.007508855619111632,0.872,0.017637870322728,False
conch,entropy_conch,0.9,age,40-54,221,0.8371040723981901,0.5297297297297298,185,bss,0.5443021802166486,0.6535237540572254,0.10922157384057685,0.11032805329428885,1.0,0.06996473486729667,True
conch,entropy_conch,0.9,age,40-54,221,0.8371040723981901,0.5297297297297298,185,balanced_accuracy,0.8679197994987469,0.895378841191649,0.027459041692902142,0.027717090005107692,0.997,0.02514128559450563,True
conch,entropy_conch,0.9,age,40-54,221,0.8371040723981901,0.5297297297297298,185,sensitivity,0.8095238095238095,0.8367346938775511,0.027210884353741527,0.02700378576810447,0.967,0.0399572147511714,False
conch,entropy_conch,0.9,age,40-54,221,0.8371040723981901,0.5297297297297298,185,specificity,0.9263157894736842,0.9540229885057471,0.027707199032062868,0.028430394242111023,0.99,0.030301467093917726,False
conch,entropy_conch,0.9,age,40-54,221,0.8371040723981901,0.5297297297297298,185,brier,0.11168286691113445,0.08631282608935271,-0.025370040821781736,-0.025510355602302998,0.0,0.016345723180702196,True
conch,entropy_conch,0.9,age,40-54,221,0.8371040723981901,0.5297297297297298,185,ece,0.09904378347076925,0.06939400830832436,-0.029649775162444894,-0.030870482723752965,0.0,0.023260919926830468,True
conch,entropy_conch,0.9,age,40-54,221,0.8371040723981901,0.5297297297297298,185,cal_gap,-0.09904378347076925,-0.06269268376778375,0.0363510997029855,0.03622498360487582,1.0,0.0254993761713509,True
conch,entropy_conch,0.9,age,40-54,221,0.8371040723981901,0.5297297297297298,185,accuracy,0.8597285067873304,0.8918918918918919,0.032163385104561515,0.03241688255167752,0.999,0.026665074954347858,True
conch,entropy_conch,0.9,age,40-54,221,0.8371040723981901,0.5297297297297298,185,ppv,0.9357798165137615,0.9534883720930233,0.017708555579261764,0.018201334580452033,0.942,0.02688195888314517,False
conch,entropy_conch,0.9,age,40-54,221,0.8371040723981901,0.5297297297297298,185,npv,0.7857142857142857,0.8383838383838383,0.052669552669552644,0.05291621578924899,0.995,0.04547559453039816,True
conch,entropy_conch,0.9,age,40-54,221,0.8371040723981901,0.5297297297297298,185,f1,0.8680851063829788,0.8913043478260869,0.023219241443108163,0.023393951213598885,0.99,0.026645391048083895,False
conch,entropy_conch,0.9,age,55-69,189,0.8624338624338624,0.2331288343558282,163,auroc,0.8779866199426567,0.8922105263157895,0.014223906373132755,0.01503380771623608,0.844,0.04089018144522535,False
conch,entropy_conch,0.9,age,55-69,189,0.8624338624338624,0.2331288343558282,163,auprc,0.8064230218123615,0.8423899462683679,0.035966924456006466,0.03646282377808796,0.964,0.05670239651589299,False
conch,entropy_conch,0.9,age,55-69,189,0.8624338624338624,0.2331288343558282,163,bss,0.3872574152255831,0.5229377375618283,0.13568032233624516,0.13795934769074958,1.0,0.10827797517655648,True
conch,entropy_conch,0.9,age,55-69,189,0.8624338624338624,0.2331288343558282,163,balanced_accuracy,0.8200063714558776,0.8587368421052632,0.03873047064938562,0.03947743926575331,0.991,0.038986799556297615,True
conch,entropy_conch,0.9,age,55-69,189,0.8624338624338624,0.2331288343558282,163,sensitivity,0.7906976744186046,0.7894736842105263,-0.001223990208078285,0.00013868226027469177,0.511,0.07089752228117119,False
conch,entropy_conch,0.9,age,55-69,189,0.8624338624338624,0.2331288343558282,163,specificity,0.8493150684931506,0.928,0.07868493150684941,0.07881619627123182,1.0,0.03302370403392533,True
conch,entropy_conch,0.9,age,55-69,189,0.8624338624338624,0.2331288343558282,163,brier,0.10769009678379075,0.08528908677712053,-0.02240101000667022,-0.022729234567813894,0.0,0.017658507184786672,True
conch,entropy_conch,0.9,age,55-69,189,0.8624338624338624,0.2331288343558282,163,ece,0.09659200413465611,0.06393477203343559,-0.032657232101220526,-0.033957655670624295,0.0,0.024273028777346908,True
conch,entropy_conch,0.9,age,55-69,189,0.8624338624338624,0.2331288343558282,163,cal_gap,0.0640045574208995,0.02582117688680985,-0.03818338053408965,-0.03794520712068433,0.0,0.02645575595314628,True
conch,entropy_conch,0.9,age,55-69,189,0.8624338624338624,0.2331288343558282,163,accuracy,0.8359788359788359,0.8957055214723927,0.05972668549355675,0.06016025377822809,1.0,0.029903998336560086,True
conch,entropy_conch,0.9,age,55-69,189,0.8624338624338624,0.2331288343558282,163,ppv,0.6071428571428571,0.7692307692307693,0.16208791208791218,0.16223541286108412,1.0,0.07329590692481047,True
conch,entropy_conch,0.9,age,55-69,189,0.8624338624338624,0.2331288343558282,163,npv,0.9323308270676691,0.9354838709677419,0.0031530439000727606,0.003688154386488507,0.683,0.0242669238182059,False
conch,entropy_conch,0.9,age,55-69,189,0.8624338624338624,0.2331288343558282,163,f1,0.6868686868686869,0.7792207792207793,0.09235209235209241,0.09331043035318243,1.0,0.060091566105991485,True
conch,entropy_conch,0.9,age,70+,74,0.918918918918919,0.11764705882352941,68,auroc,0.9572649572649573,0.96875,0.011485042735042694,0.010749562012904113,0.84,0.037531702651255466,False
conch,entropy_conch,0.9,age,70+,74,0.918918918918919,0.11764705882352941,68,auprc,0.8440510107176775,0.8793650793650793,0.03531406864740183,0.032940650784964665,0.798,0.12482297495842583,False
conch,entropy_conch,0.9,age,70+,74,0.918918918918919,0.11764705882352941,68,bss,0.366729827492579,0.4614348347120636,0.0947050072194846,0.10161362413271485,0.859,0.28886918014728585,False
conch,entropy_conch,0.9,age,70+,74,0.918918918918919,0.11764705882352941,68,balanced_accuracy,0.8982905982905982,0.9041666666666667,0.005876068376068466,0.00467755933404479,0.797,0.071537811048185,False
conch,entropy_conch,0.9,age,70+,74,0.918918918918919,0.11764705882352941,68,sensitivity,0.8888888888888888,0.875,-0.01388888888888884,-0.01636428571428583,0.267,0.13786170978103712,False
conch,entropy_conch,0.9,age,70+,74,0.918918918918919,0.11764705882352941,68,specificity,0.9076923076923077,0.9333333333333333,0.02564102564102566,0.0257194043823753,0.961,0.040274029083741184,False
conch,entropy_conch,0.9,age,70+,74,0.918918918918919,0.11764705882352941,68,brier,0.06765212763273216,0.05590641854200031,-0.011745709090731853,-0.011497869512910451,0.094,0.021855147846256286,False
conch,entropy_conch,0.9,age,70+,74,0.918918918918919,0.11764705882352941,68,ece,0.11114275873513514,0.08238436259411765,-0.028758396141017495,-0.031223850969252676,0.002,0.028721343961757913,True
conch,entropy_conch,0.9,age,70+,74,0.918918918918919,0.11764705882352941,68,cal_gap,0.09034954278918916,0.07202898935882354,-0.01832055343036562,-0.018472287683474614,0.057,0.03207589828163638,False
conch,entropy_conch,0.9,age,70+,74,0.918918918918919,0.11764705882352941,68,accuracy,0.9054054054054054,0.9264705882352942,0.021065182829888784,0.020856124160247624,0.934,0.038414371711435684,False
conch,entropy_conch,0.9,age,70+,74,0.918918918918919,0.11764705882352941,68,ppv,0.5714285714285714,0.6363636363636364,0.06493506493506496,0.06460216727716739,0.872,0.15551977455878693,False
conch,entropy_conch,0.9,age,70+,74,0.918918918918919,0.11764705882352941,68,npv,0.9833333333333333,0.9824561403508771,-0.0008771929824561431,-0.001208334072059447,0.817,0.019766397422171414,False
conch,entropy_conch,0.9,age,70+,74,0.918918918918919,0.11764705882352941,68,f1,0.6956521739130435,0.7368421052631579,0.041189931350114395,0.04187848623161583,0.818,0.12904943848431688,False
conch,entropy_conch,0.9,race,white,632,0.8575949367088608,0.5239852398523985,542,auroc,0.9252167775761241,0.9439212796156786,0.018704502039554538,0.018582011229262507,1.0,0.012306455146802352,True
conch,entropy_conch,0.9,race,white,632,0.8575949367088608,0.5239852398523985,542,auprc,0.9288745895096072,0.9426010817009818,0.013726492191374562,0.013435098578109539,0.975,0.016913702597463873,False
conch,entropy_conch,0.9,race,white,632,0.8575949367088608,0.5239852398523985,542,bss,0.533940854019779,0.6246914541037918,0.09075060008401281,0.09054523481978416,1.0,0.040958720368942554,True
conch,entropy_conch,0.9,race,white,632,0.8575949367088608,0.5239852398523985,542,balanced_accuracy,0.8443637830207703,0.8825472213123704,0.03818343829160009,0.03810524212590538,1.0,0.016281041595750563,True
conch,entropy_conch,0.9,race,white,632,0.8575949367088608,0.5239852398523985,542,sensitivity,0.8128654970760234,0.8309859154929577,0.018120418416934347,0.01818055521116191,0.973,0.024007786936345754,False
conch,entropy_conch,0.9,race,white,632,0.8575949367088608,0.5239852398523985,542,specificity,0.8758620689655172,0.9341085271317829,0.058246458166265724,0.05802992904064863,1.0,0.02202982729127051,True
conch,entropy_conch,0.9,race,white,632,0.8575949367088608,0.5239852398523985,542,brier,0.11572601070120556,0.093611224571108,-0.022114786130097555,-0.022037833020296674,0.0,0.009989495776830852,True
conch,entropy_conch,0.9,race,white,632,0.8575949367088608,0.5239852398523985,542,ece,0.07597452850773734,0.06271352853669743,-0.01326099997103991,-0.013804836523446648,0.007,0.01502719138816583,False
conch,entropy_conch,0.9,race,white,632,0.8575949367088608,0.5239852398523985,542,cal_gap,-0.07427763907735763,-0.06271352853669743,0.0115641105406602,0.011561767021704666,0.978,0.01534408551525094,False
conch,entropy_conch,0.9,race,white,632,0.8575949367088608,0.5239852398523985,542,accuracy,0.8417721518987342,0.8800738007380073,0.03830164883927312,0.03822544259363625,1.0,0.016477868303045026,True
conch,entropy_conch,0.9,race,white,632,0.8575949367088608,0.5239852398523985,542,ppv,0.8853503184713376,0.932806324110672,0.04745600563933439,0.04735477237371233,1.0,0.020498626143384494,True
conch,entropy_conch,0.9,race,white,632,0.8575949367088608,0.5239852398523985,542,npv,0.7987421383647799,0.8339100346020761,0.035167896237296215,0.03507324058295358,1.0,0.025608532473954098,True
conch,entropy_conch,0.9,race,white,632,0.8575949367088608,0.5239852398523985,542,f1,0.8475609756097561,0.8789571694599627,0.031396193850206644,0.03141514937744139,1.0,0.017106283982151672,True
conch,entropy_conch,0.9,race,black or african american,44,0.9318181818181818,0.34146341463414637,41,auroc,0.8827586206896552,0.8862433862433863,0.0034847655537311173,0.003547160647140557,0.674,0.07068183911136,False
conch,entropy_conch,0.9,race,black or african american,44,0.9318181818181818,0.34146341463414637,41,auprc,0.8148865542209195,0.8222644627719815,0.007377908551062018,0.006881507653456187,0.636,0.11736113064805598,False
conch,entropy_conch,0.9,race,black or african american,44,0.9318181818181818,0.34146341463414637,41,bss,0.46664631341069074,0.5006234487438517,0.033977135333160935,0.037898960509985924,0.7,0.2130438840193393,False
conch,entropy_conch,0.9,race,black or african american,44,0.9318181818181818,0.34146341463414637,41,balanced_accuracy,0.864367816091954,0.873015873015873,0.008648056923919012,0.0091053243584025,0.679,0.06505172020343267,False
conch,entropy_conch,0.9,race,black or african american,44,0.9318181818181818,0.34146341463414637,41,sensitivity,0.8666666666666667,0.8571428571428571,-0.009523809523809601,-0.009116477966478076,0.437,0.10660114539202407,False
conch,entropy_conch,0.9,race,black or african american,44,0.9318181818181818,0.34146341463414637,41,specificity,0.8620689655172413,0.8888888888888888,0.026819923371647514,0.027327126683282965,0.872,0.07483570783043972,False
conch,entropy_conch,0.9,race,black or african american,44,0.9318181818181818,0.34146341463414637,41,brier,0.11983928391856899,0.11229288303082928,-0.00754640088773971,-0.007680507298029202,0.293,0.04577365325819031,False
conch,entropy_conch,0.9,race,black or african american,44,0.9318181818181818,0.34146341463414637,41,ece,0.09325543626590908,0.08923730135853658,-0.004018134907372503,-0.016038639162971963,0.148,0.042149212497746426,False
conch,entropy_conch,0.9,race,black or african american,44,0.9318181818181818,0.34146341463414637,41,cal_gap,0.02899922464318183,0.02252322108048782,-0.0064760035626940105,-0.006919587595804581,0.349,0.06039663580696428,False
conch,entropy_conch,0.9,race,black or african american,44,0.9318181818181818,0.34146341463414637,41,accuracy,0.8636363636363636,0.8780487804878049,0.014412416851441234,0.014867065737616536,0.789,0.05969719857787175,False
conch,entropy_conch,0.9,race,black or african american,44,0.9318181818181818,0.34146341463414637,41,ppv,0.7647058823529411,0.8,0.03529411764705892,0.03652961034063984,0.767,0.12366324082951156,False
conch,entropy_conch,0.9,race,black or african american,44,0.9318181818181818,0.34146341463414637,41,npv,0.9259259259259259,0.9230769230769231,-0.002849002849002802,-0.0028463413336935472,0.651,0.05862799800025086,False
conch,entropy_conch,0.9,race,black or african american,44,0.9318181818181818,0.34146341463414637,41,f1,0.8125,0.8275862068965517,0.015086206896551713,0.016809067257982924,0.665,0.0896490139967766,False
conch,entropy_conch,0.8,sex,female,300,0.72,0.5,216,auroc,0.9149270482603815,0.9415294924554184,0.02660244419503688,0.02610065774129311,0.991,0.030794697333016912,False
conch,entropy_conch,0.8,sex,female,300,0.72,0.5,216,auprc,0.916749437616876,0.9319861204556588,0.015236682838782767,0.01412133691494366,0.817,0.04262849819229624,False
conch,entropy_conch,0.8,sex,female,300,0.72,0.5,216,bss,0.5041128733382998,0.6897025593978359,0.18558968605953607,0.18545893767850863,1.0,0.09969643010275105,True
conch,entropy_conch,0.8,sex,female,300,0.72,0.5,216,balanced_accuracy,0.8393939393939394,0.912037037037037,0.07264309764309762,0.0723795054583507,1.0,0.037665823083358946,True
conch,entropy_conch,0.8,sex,female,300,0.72,0.5,216,sensitivity,0.8121212121212121,0.8703703703703703,0.05824915824915822,0.058562540891041515,0.998,0.05412381012660684,True
conch,entropy_conch,0.8,sex,female,300,0.72,0.5,216,specificity,0.8666666666666667,0.9537037037037037,0.08703703703703702,0.08619647002565989,1.0,0.052137366710047844,True
conch,entropy_conch,0.8,sex,female,300,0.72,0.5,216,brier,0.1227320638487708,0.07757436015054103,-0.04515770369822977,-0.04492423902896106,0.0,0.02405724144403126,True
conch,entropy_conch,0.8,sex,female,300,0.72,0.5,216,ece,0.07654738820200004,0.04332511416944445,-0.033222274032555586,-0.040678080018751304,0.0,0.03211702621521178,True
conch,entropy_conch,0.8,sex,female,300,0.72,0.5,216,cal_gap,-0.07544077666866672,-0.04178815370648148,0.03365262296218524,0.03393379542161522,0.997,0.03561718759834142,False
conch,entropy_conch,0.8,sex,female,300,0.72,0.5,216,accuracy,0.8366666666666667,0.9120370370370371,0.07537037037037042,0.07519250735651906,1.0,0.03809317718178293,True
conch,entropy_conch,0.8,sex,female,300,0.72,0.5,216,ppv,0.881578947368421,0.9494949494949495,0.06791600212652849,0.06710817530977009,1.0,0.04601142982604167,True
conch,entropy_conch,0.8,sex,female,300,0.72,0.5,216,npv,0.7905405405405406,0.8803418803418803,0.08980133980133975,0.09021402242492393,0.999,0.06084122476833162,True
conch,entropy_conch,0.8,sex,female,300,0.72,0.5,216,f1,0.8454258675078864,0.9082125603864735,0.06278669287858707,0.06275215891924246,1.0,0.03839554301787673,True
conch,entropy_conch,0.8,sex,male,407,0.7002457002457002,0.43508771929824563,285,auroc,0.923959238867961,0.9539671408535364,0.030007901985575347,0.030016191094528577,0.999,0.023783632084744495,True
conch,entropy_conch,0.8,sex,male,407,0.7002457002457002,0.43508771929824563,285,auprc,0.9232447880080653,0.9521442656046196,0.028899477596554313,0.029032619526199066,0.997,0.028629777067480763,True
conch,entropy_conch,0.8,sex,male,407,0.7002457002457002,0.43508771929824563,285,bss,0.5453205101772256,0.754302110905293,0.20898160072806737,0.20947185010857883,1.0,0.07525506590488808,True
conch,entropy_conch,0.8,sex,male,407,0.7002457002457002,0.43508771929824563,285,balanced_accuracy,0.8451294310827779,0.9298737727910238,0.08474434170824585,0.0847297278646354,1.0,0.031067255090900463,True
conch,entropy_conch,0.8,sex,male,407,0.7002457002457002,0.43508771929824563,285,sensitivity,0.812807881773399,0.9032258064516129,0.09041792467821386,0.09056730625610587,1.0,0.04856364708401681,True
conch,entropy_conch,0.8,sex,male,407,0.7002457002457002,0.43508771929824563,285,specificity,0.8774509803921569,0.9565217391304348,0.07907075873827796,0.07889214947316492,1.0,0.04049902026070065,True
conch,entropy_conch,0.8,sex,male,407,0.7002457002457002,0.43508771929824563,285,brier,0.11366918624646533,0.060389198619719676,-0.05327998762674565,-0.05327290262954037,0.0,0.018820431146562514,True
conch,entropy_conch,0.8,sex,male,407,0.7002457002457002,0.43508771929824563,285,ece,0.0764518274567322,0.030593498613649135,-0.04585832884308306,-0.049509046169694974,0.0,0.02678974418599181,True
conch,entropy_conch,0.8,sex,male,407,0.7002457002457002,0.43508771929824563,285,cal_gap,-0.05539033452798531,-0.02005816295750884,0.03533217157047647,0.035327817814260705,1.0,0.030066386663440185,True
conch,entropy_conch,0.8,sex,male,407,0.7002457002457002,0.43508771929824563,285,accuracy,0.8452088452088452,0.9333333333333333,0.08812448812448814,0.0880813029499995,1.0,0.03101870454142677,True
conch,entropy_conch,0.8,sex,male,407,0.7002457002457002,0.43508771929824563,285,ppv,0.868421052631579,0.9411764705882353,0.0727554179566563,0.07271761554199185,1.0,0.043877110989204285,True
conch,entropy_conch,0.8,sex,male,407,0.7002457002457002,0.43508771929824563,285,npv,0.8248847926267281,0.927710843373494,0.10282605074676587,0.10280032439175546,1.0,0.04563367294926019,True
conch,entropy_conch,0.8,sex,male,407,0.7002457002457002,0.43508771929824563,285,f1,0.8396946564885496,0.9218106995884774,0.08211604309992782,0.08231774746789222,1.0,0.03529208926281454,True
conch,entropy_conch,0.8,age,20-39,219,0.639269406392694,0.8285714285714286,140,auroc,0.844418449197861,0.8728448275862069,0.02842637838834583,0.028088511075380795,0.816,0.09000224463843307,False
conch,entropy_conch,0.8,age,20-39,219,0.639269406392694,0.8285714285714286,140,auprc,0.9481587158288818,0.9452650211722564,-0.0028936946566253674,-0.0038326570286713046,0.457,0.042627056478086636,False
conch,entropy_conch,0.8,age,20-39,219,0.639269406392694,0.8285714285714286,140,bss,-0.19239688138457578,0.29809767858884884,0.4904945599734246,0.5073752690646469,1.0,0.3965460575271685,True
conch,entropy_conch,0.8,age,20-39,219,0.639269406392694,0.8285714285714286,140,balanced_accuracy,0.7840909090909092,0.8649425287356323,0.0808516196447231,0.08028821862396551,0.996,0.07728405125751468,True
conch,entropy_conch,0.8,age,20-39,219,0.639269406392694,0.8285714285714286,140,sensitivity,0.8181818181818182,0.896551724137931,0.07836990595611282,0.07811313593171676,1.0,0.050045476592717776,True
conch,entropy_conch,0.8,age,20-39,219,0.639269406392694,0.8285714285714286,140,specificity,0.75,0.8333333333333334,0.08333333333333337,0.08246330131621427,0.935,0.1468259217425344,False
conch,entropy_conch,0.8,age,20-39,219,0.639269406392694,0.8285714285714286,140,brier,0.14877302262682807,0.09969877871472674,-0.04907424391210133,-0.048858019588874646,0.0,0.030106661912308968,True
conch,entropy_conch,0.8,age,20-39,219,0.639269406392694,0.8285714285714286,140,ece,0.1886558117141552,0.09718040696714278,-0.09147540474701243,-0.0947023395044383,0.0,0.04143472892097084,True
conch,entropy_conch,0.8,age,20-39,219,0.639269406392694,0.8285714285714286,140,cal_gap,-0.18865581171415524,-0.09718040696714303,0.09147540474701221,0.09191845398487161,1.0,0.0427148827757452,True
conch,entropy_conch,0.8,age,20-39,219,0.639269406392694,0.8285714285714286,140,accuracy,0.8082191780821918,0.8857142857142857,0.07749510763209388,0.07715017065581253,1.0,0.04731706718283183,True
conch,entropy_conch,0.8,age,20-39,219,0.639269406392694,0.8285714285714286,140,ppv,0.9503105590062112,0.9629629629629629,0.012652403956751712,0.01218660840957786,0.808,0.03225339806215542,False
conch,entropy_conch,0.8,age,20-39,219,0.639269406392694,0.8285714285714286,140,npv,0.41379310344827586,0.625,0.21120689655172414,0.21254667240518316,1.0,0.11849244121924964,True
conch,entropy_conch,0.8,age,20-39,219,0.639269406392694,0.8285714285714286,140,f1,0.8793103448275862,0.9285714285714286,0.049261083743842415,0.049041825793811,1.0,0.032793512800423016,True
conch,entropy_conch,0.8,age,40-54,221,0.7058823529411765,0.5,156,auroc,0.9379281537176274,0.9567718606180144,0.01884370690038706,0.018729276176126075,0.944,0.03201186727621672,False
conch,entropy_conch,0.8,age,40-54,221,0.7058823529411765,0.5,156,auprc,0.9512849902268204,0.9650539314480511,0.013768941221230624,0.013494531299224621,0.879,0.030118701401133423,False
conch,entropy_conch,0.8,age,40-54,221,0.7058823529411765,0.5,156,bss,0.5443021802166486,0.78416636395647,0.23986418373982143,0.2413209784028737,1.0,0.11134984728933392,True
conch,entropy_conch,0.8,age,40-54,221,0.7058823529411765,0.5,156,balanced_accuracy,0.8679197994987469,0.9423076923076923,0.07438789280894542,0.07454789456111843,1.0,0.040977842524582156,True
conch,entropy_conch,0.8,age,40-54,221,0.7058823529411765,0.5,156,sensitivity,0.8095238095238095,0.9102564102564102,0.10073260073260071,0.10156080600491635,1.0,0.062032712767136435,True
conch,entropy_conch,0.8,age,40-54,221,0.7058823529411765,0.5,156,specificity,0.9263157894736842,0.9743589743589743,0.048043184885290136,0.04753498311732052,0.995,0.050380440680085334,False
conch,entropy_conch,0.8,age,40-54,221,0.7058823529411765,0.5,156,brier,0.11168286691113445,0.05395840901088251,-0.05772445790025194,-0.057838672570197196,0.0,0.026233712387333456,True
conch,entropy_conch,0.8,age,40-54,221,0.7058823529411765,0.5,156,ece,0.09904378347076925,0.033054824468205166,-0.06598895900256409,-0.07012778594365182,0.0,0.03434273698190628,True
conch,entropy_conch,0.8,age,40-54,221,0.7058823529411765,0.5,156,cal_gap,-0.09904378347076925,-0.03305482446820518,0.06598895900256407,0.06627914660823515,1.0,0.0376442083309294,True
conch,entropy_conch,0.8,age,40-54,221,0.7058823529411765,0.5,156,accuracy,0.8597285067873304,0.9423076923076923,0.08257918552036192,0.08279444138091652,1.0,0.04278219453799949,True
conch,entropy_conch,0.8,age,40-54,221,0.7058823529411765,0.5,156,ppv,0.9357798165137615,0.9726027397260274,0.03682292321226588,0.03647305262743061,0.976,0.043574000001571175,False
conch,entropy_conch,0.8,age,40-54,221,0.7058823529411765,0.5,156,npv,0.7857142857142857,0.9156626506024096,0.1299483648881239,0.1305186739751547,1.0,0.0692794663865418,True
conch,entropy_conch,0.8,age,40-54,221,0.7058823529411765,0.5,156,f1,0.8680851063829788,0.9403973509933775,0.07231224461039876,0.07282705667686507,1.0,0.042855655742196935,True
conch,entropy_conch,0.8,age,55-69,189,0.7566137566137566,0.20279720279720279,143,auroc,0.8779866199426567,0.8856624319419238,0.007675811999267146,0.008833276518115274,0.668,0.06270266204149264,False
conch,entropy_conch,0.8,age,55-69,189,0.7566137566137566,0.20279720279720279,143,auprc,0.8064230218123615,0.8557560653292086,0.049333043516847086,0.04983651136120826,0.939,0.08882526302354365,False
conch,entropy_conch,0.8,age,55-69,189,0.7566137566137566,0.20279720279720279,143,bss,0.3872574152255831,0.5781654235413574,0.19090800831577426,0.1941813514332152,1.0,0.1717787190150524,True
conch,entropy_conch,0.8,age,55-69,189,0.7566137566137566,0.20279720279720279,143,balanced_accuracy,0.8200063714558776,0.8746218995765276,0.05461552812064996,0.054773092702689374,0.992,0.060494167552906944,False
conch,entropy_conch,0.8,age,55-69,189,0.7566137566137566,0.20279720279720279,143,sensitivity,0.7906976744186046,0.7931034482758621,0.002405773857257487,0.0032471246440652912,0.512,0.11114445504921076,False
conch,entropy_conch,0.8,age,55-69,189,0.7566137566137566,0.20279720279720279,143,specificity,0.8493150684931506,0.956140350877193,0.10682528238404232,0.10629906076131346,1.0,0.05288157814377933,True
conch,entropy_conch,0.8,age,55-69,189,0.7566137566137566,0.20279720279720279,143,brier,0.10769009678379075,0.0681982057690974,-0.03949189101469336,-0.03966191727871925,0.0,0.027627858589782287,True
conch,entropy_conch,0.8,age,55-69,189,0.7566137566137566,0.20279720279720279,143,ece,0.09659200413465611,0.060541275045104904,-0.03605072908955121,-0.039147887342478656,0.001,0.037343719681134306,True
conch,entropy_conch,0.8,age,55-69,189,0.7566137566137566,0.20279720279720279,143,cal_gap,0.0640045574208995,0.017471153164685338,-0.04653340425621416,-0.045874996408653876,0.001,0.04211634911625517,True
conch,entropy_conch,0.8,age,55-69,189,0.7566137566137566,0.20279720279720279,143,accuracy,0.8359788359788359,0.9230769230769231,0.0870980870980872,0.0869318492428992,1.0,0.04689565884575575,True
conch,entropy_conch,0.8,age,55-69,189,0.7566137566137566,0.20279720279720279,143,ppv,0.6071428571428571,0.8214285714285714,0.2142857142857143,0.21328308946149455,1.0,0.11867736330347552,True
conch,entropy_conch,0.8,age,55-69,189,0.7566137566137566,0.20279720279720279,143,npv,0.9323308270676691,0.9478260869565217,0.015495259888852586,0.015816599421484834,0.868,0.038663209197769,False
conch,entropy_conch,0.8,age,55-69,189,0.7566137566137566,0.20279720279720279,143,f1,0.6868686868686869,0.8070175438596491,0.12014885699096223,0.12078111754378207,1.0,0.09490418175076125,True
conch,entropy_conch,0.8,age,70+,74,0.7972972972972973,0.11864406779661017,59,auroc,0.9572649572649573,0.9862637362637363,0.028998778998779007,0.029652010291853048,0.873,0.05904393575456546,False
conch,entropy_conch,0.8,age,70+,74,0.7972972972972973,0.11864406779661017,59,auprc,0.8440510107176775,0.9276437847866419,0.08359277406896437,0.08450530938527634,0.885,0.2076266438292622,False
conch,entropy_conch,0.8,age,70+,74,0.7972972972972973,0.11864406779661017,59,bss,0.366729827492579,0.711532705000665,0.344802877508086,0.3685736245684903,0.994,0.49827104854005944,False
conch,entropy_conch,0.8,age,70+,74,0.7972972972972973,0.11864406779661017,59,balanced_accuracy,0.8982905982905982,0.9189560439560439,0.020665445665445703,0.022428691519161714,0.723,0.11087402388538228,False
conch,entropy_conch,0.8,age,70+,74,0.7972972972972973,0.11864406779661017,59,sensitivity,0.8888888888888888,0.8571428571428571,-0.031746031746031744,-0.02863174603174623,0.308,0.21547499477138074,False
conch,entropy_conch,0.8,age,70+,74,0.7972972972972973,0.11864406779661017,59,specificity,0.9076923076923077,0.9807692307692307,0.07307692307692304,0.07348912907006944,1.0,0.0641893695558486,True
conch,entropy_conch,0.8,age,70+,74,0.7972972972972973,0.11864406779661017,59,brier,0.06765212763273216,0.030164347997632276,-0.03748777963509989,-0.03790518858572242,0.002,0.034554958214705354,True
conch,entropy_conch,0.8,age,70+,74,0.7972972972972973,0.11864406779661017,59,ece,0.11114275873513514,0.041374776718644056,-0.06976798201649109,-0.07569447437805862,0.0,0.04353303643798933,True
conch,entropy_conch,0.8,age,70+,74,0.7972972972972973,0.11864406779661017,59,cal_gap,0.09034954278918916,0.02783570688813554,-0.06251383590105362,-0.061813198870589794,0.001,0.0511441196743169,True
conch,entropy_conch,0.8,age,70+,74,0.7972972972972973,0.11864406779661017,59,accuracy,0.9054054054054054,0.9661016949152542,0.060696289509848844,0.06131140599851703,0.998,0.06004540032891121,True
conch,entropy_conch,0.8,age,70+,74,0.7972972972972973,0.11864406779661017,59,ppv,0.5714285714285714,0.8571428571428571,0.2857142857142857,0.28499480241980246,0.996,0.2513144053112815,True
conch,entropy_conch,0.8,age,70+,74,0.7972972972972973,0.11864406779661017,59,npv,0.9833333333333333,0.9807692307692307,-0.002564102564102555,-0.0020820630201946466,0.723,0.029834381691540034,False
conch,entropy_conch,0.8,age,70+,74,0.7972972972972973,0.11864406779661017,59,f1,0.6956521739130435,0.8571428571428571,0.16149068322981364,0.16615577911006307,0.987,0.21122613868501913,False
conch,entropy_conch,0.8,race,white,632,0.7041139240506329,0.48764044943820223,445,auroc,0.9252167775761241,0.9538766270514998,0.0286598494753757,0.02863331644601108,1.0,0.018673524222180687,True
conch,entropy_conch,0.8,race,white,632,0.7041139240506329,0.48764044943820223,445,auprc,0.9288745895096072,0.948291415579678,0.01941682607007078,0.01952428142958662,0.979,0.02544196415707425,False
conch,entropy_conch,0.8,race,white,632,0.7041139240506329,0.48764044943820223,445,bss,0.533940854019779,0.7473481013789867,0.21340724735920769,0.21366703377368435,1.0,0.06281122395785106,True
conch,entropy_conch,0.8,race,white,632,0.7041139240506329,0.48764044943820223,445,balanced_accuracy,0.8443637830207703,0.9293495836365107,0.08498580061574035,0.08507579925662911,1.0,0.025430760545595937,True
conch,entropy_conch,0.8,race,white,632,0.7041139240506329,0.48764044943820223,445,sensitivity,0.8128654970760234,0.8894009216589862,0.07653542458296281,0.07664024569292127,1.0,0.037271161738098635,True
conch,entropy_conch,0.8,race,white,632,0.7041139240506329,0.48764044943820223,445,specificity,0.8758620689655172,0.9692982456140351,0.09343617664851789,0.09351135282033674,1.0,0.03420220653515594,True
conch,entropy_conch,0.8,race,white,632,0.7041139240506329,0.48764044943820223,445,brier,0.11572601070120556,0.0631243799327017,-0.052601630768503854,-0.05261156687802669,0.0,0.015262353452405258,True
conch,entropy_conch,0.8,race,white,632,0.7041139240506329,0.48764044943820223,445,ece,0.07597452850773734,0.0408020388244719,-0.03517248968326544,-0.03650856917999932,0.0,0.023181432828680983,True
conch,entropy_conch,0.8,race,white,632,0.7041139240506329,0.48764044943820223,445,cal_gap,-0.07427763907735763,-0.040802038824471865,0.03347560025288576,0.03321373093887957,1.0,0.023869224835742244,True
conch,entropy_conch,0.8,race,white,632,0.7041139240506329,0.48764044943820223,445,accuracy,0.8417721518987342,0.9303370786516854,0.08856492675295113,0.08861460825528933,1.0,0.025780828791483926,True
conch,entropy_conch,0.8,race,white,632,0.7041139240506329,0.48764044943820223,445,ppv,0.8853503184713376,0.965,0.07964968152866236,0.08002280215985524,1.0,0.03207758899530407,True
conch,entropy_conch,0.8,race,white,632,0.7041139240506329,0.48764044943820223,445,npv,0.7987421383647799,0.9020408163265307,0.10329867796175074,0.10295035357037918,1.0,0.040131754942061115,True
conch,entropy_conch,0.8,race,white,632,0.7041139240506329,0.48764044943820223,445,f1,0.8475609756097561,0.9256594724220624,0.0780984968123063,0.07840498201354773,1.0,0.026748664784499627,True
conch,entropy_conch,0.8,race,black or african american,44,0.8409090909090909,0.2972972972972973,37,auroc,0.8827586206896552,0.8881118881118881,0.005353267422232966,0.005580244065421125,0.602,0.11583133645421052,False
conch,entropy_conch,0.8,race,black or african american,44,0.8409090909090909,0.2972972972972973,37,auprc,0.8148865542209195,0.8267320248991803,0.011845470678260805,0.009035962147896037,0.581,0.1936439551953665,False
conch,entropy_conch,0.8,race,black or african american,44,0.8409090909090909,0.2972972972972973,37,bss,0.46664631341069074,0.44282005492896215,-0.02382625848172859,-0.018056475359740698,0.463,0.3542779373461222,False
conch,entropy_conch,0.8,race,black or african american,44,0.8409090909090909,0.2972972972972973,37,balanced_accuracy,0.864367816091954,0.8513986013986015,-0.012969214693352549,-0.013014484341773769,0.386,0.10813937600361047,False
conch,entropy_conch,0.8,race,black or african american,44,0.8409090909090909,0.2972972972972973,37,sensitivity,0.8666666666666667,0.8181818181818182,-0.048484848484848464,-0.04622132312132321,0.163,0.1755591116682577,False
conch,entropy_conch,0.8,race,black or african american,44,0.8409090909090909,0.2972972972972973,37,specificity,0.8620689655172413,0.8846153846153846,0.022546419098143256,0.02019235443777534,0.685,0.11950270787601613,False
conch,entropy_conch,0.8,race,black or african american,44,0.8409090909090909,0.2972972972972973,37,brier,0.11983928391856899,0.1164013617898589,-0.003437922128710094,-0.003047072123260483,0.418,0.07499728482461913,False
conch,entropy_conch,0.8,race,black or african american,44,0.8409090909090909,0.2972972972972973,37,ece,0.09325543626590908,0.08051509096486487,-0.012740345301044217,-0.038990965316029746,0.037,0.06389250873448205,False
conch,entropy_conch,0.8,race,black or african american,44,0.8409090909090909,0.2972972972972973,37,cal_gap,0.02899922464318183,0.03696824200810811,0.007969017364926279,0.009685794123054817,0.614,0.09281179013994371,False
conch,entropy_conch,0.8,race,black or african american,44,0.8409090909090909,0.2972972972972973,37,accuracy,0.8636363636363636,0.8648648648648649,0.0012285012285012664,0.0004431343369577512,0.515,0.09738872632792807,False
conch,entropy_conch,0.8,race,black or african american,44,0.8409090909090909,0.2972972972972973,37,ppv,0.7647058823529411,0.75,-0.014705882352941124,-0.01721397466912189,0.346,0.20279717538192493,False
conch,entropy_conch,0.8,race,black or african american,44,0.8409090909090909,0.2972972972972973,37,npv,0.9259259259259259,0.92,-0.00592592592592589,-0.0049112929402824745,0.519,0.09528121648191243,False
conch,entropy_conch,0.8,race,black or african american,44,0.8409090909090909,0.2972972972972973,37,f1,0.8125,0.782608695652174,-0.029891304347826053,-0.02811469251362686,0.247,0.15017540309953742,False
conch,entropy_conch,0.7,sex,female,300,0.68,0.5,204,auroc,0.9149270482603815,0.9448289119569395,0.029901863696558006,0.029350563088024084,0.991,0.03515214597915444,False
conch,entropy_conch,0.7,sex,female,300,0.68,0.5,204,auprc,0.916749437616876,0.9348846205997876,0.018135182982911613,0.01745623358065973,0.844,0.046531871331159824,False
conch,entropy_conch,0.7,sex,female,300,0.68,0.5,204,bss,0.5041128733382998,0.7173590913740939,0.21324621803579413,0.21198680270331338,1.0,0.11346087836281862,True
conch,entropy_conch,0.7,sex,female,300,0.68,0.5,204,balanced_accuracy,0.8393939393939394,0.9215686274509804,0.08217468805704109,0.08129252009779853,1.0,0.04316167838835558,True
conch,entropy_conch,0.7,sex,female,300,0.68,0.5,204,sensitivity,0.8121212121212121,0.8823529411764706,0.07023172905525843,0.06928045180961095,0.999,0.06113078691979701,True
conch,entropy_conch,0.7,sex,female,300,0.68,0.5,204,specificity,0.8666666666666667,0.9607843137254902,0.09411764705882353,0.09330458838598588,1.0,0.06030980894466025,True
conch,entropy_conch,0.7,sex,female,300,0.68,0.5,204,brier,0.1227320638487708,0.07066022715647653,-0.052071836692294274,-0.05154264746080123,0.0,0.027343655764999062,True
conch,entropy_conch,0.7,sex,female,300,0.68,0.5,204,ece,0.07654738820200004,0.04280085142450982,-0.03374653677749022,-0.04246661884923761,0.001,0.03554850863713421,True
conch,entropy_conch,0.7,sex,female,300,0.68,0.5,204,cal_gap,-0.07544077666866672,-0.04117348152254907,0.03426729514611765,0.0340150095003125,0.991,0.041070444355445816,False
conch,entropy_conch,0.7,sex,female,300,0.68,0.5,204,accuracy,0.8366666666666667,0.9215686274509803,0.08490196078431367,0.08400987466410648,1.0,0.04328227947620914,True
conch,entropy_conch,0.7,sex,female,300,0.68,0.5,204,ppv,0.881578947368421,0.9574468085106383,0.07586786114221733,0.07533641326193175,1.0,0.05428167323486739,True
conch,entropy_conch,0.7,sex,female,300,0.68,0.5,204,npv,0.7905405405405406,0.8909090909090909,0.1003685503685503,0.09909667178208303,1.0,0.06865381223000014,True
conch,entropy_conch,0.7,sex,female,300,0.68,0.5,204,f1,0.8454258675078864,0.9183673469387755,0.07294147943088913,0.07240002842484561,1.0,0.04410011781683537,True
conch,entropy_conch,0.7,sex,male,407,0.6535626535626535,0.42105263157894735,266,auroc,0.923959238867961,0.9550672541743971,0.031108015306436032,0.030765454134436432,0.998,0.02658043344875774,True
conch,entropy_conch,0.7,sex,male,407,0.6535626535626535,0.42105263157894735,266,auprc,0.9232447880080653,0.9536720885425736,0.03042730053450826,0.02998609314684464,0.996,0.031977186885558354,False
conch,entropy_conch,0.7,sex,male,407,0.6535626535626535,0.42105263157894735,266,bss,0.5453205101772256,0.7934668284469459,0.24814631826972033,0.24756947984366806,1.0,0.08506580652975203,True
conch,entropy_conch,0.7,sex,male,407,0.6535626535626535,0.42105263157894735,266,balanced_accuracy,0.8451294310827779,0.9448051948051948,0.09967576372241682,0.09918800976618602,1.0,0.0371503508489196,True
conch,entropy_conch,0.7,sex,male,407,0.6535626535626535,0.42105263157894735,266,sensitivity,0.812807881773399,0.9285714285714286,0.11576354679802958,0.1145117423711206,1.0,0.05485001824621156,True
conch,entropy_conch,0.7,sex,male,407,0.6535626535626535,0.42105263157894735,266,specificity,0.8774509803921569,0.961038961038961,0.08358798064680417,0.08386427716125155,1.0,0.047658168267661144,True
conch,entropy_conch,0.7,sex,male,407,0.6535626535626535,0.42105263157894735,266,brier,0.11366918624646533,0.05034603627886084,-0.06332314996760449,-0.06303779437091231,0.0,0.02123251421717097,True
conch,entropy_conch,0.7,sex,male,407,0.6535626535626535,0.42105263157894735,266,ece,0.0764518274567322,0.043573658101090235,-0.03287816935564196,-0.037545384707072374,0.0,0.028945953227865293,True
conch,entropy_conch,0.7,sex,male,407,0.6535626535626535,0.42105263157894735,266,cal_gap,-0.05539033452798531,-0.010695979296578895,0.04469435523140641,0.04473469317024753,1.0,0.0321277492477715,True
conch,entropy_conch,0.7,sex,male,407,0.6535626535626535,0.42105263157894735,266,accuracy,0.8452088452088452,0.9473684210526315,0.10215957584378632,0.10172118501691774,1.0,0.036934965315497864,True
conch,entropy_conch,0.7,sex,male,407,0.6535626535626535,0.42105263157894735,266,ppv,0.868421052631579,0.9454545454545454,0.07703349282296645,0.07673330577325277,1.0,0.05154080325934514,True
conch,entropy_conch,0.7,sex,male,407,0.6535626535626535,0.42105263157894735,266,npv,0.8248847926267281,0.9487179487179487,0.12383315609122059,0.12339918882948586,1.0,0.050460373728122475,True
conch,entropy_conch,0.7,sex,male,407,0.6535626535626535,0.42105263157894735,266,f1,0.8396946564885496,0.9369369369369369,0.09724228044838734,0.0966029149776989,1.0,0.041712930817209254,True
conch,entropy_conch,0.7,age,20-39,219,0.5844748858447488,0.828125,128,auroc,0.844418449197861,0.8717838765008576,0.027365427302996626,0.02657250378737419,0.775,0.10097070582195794,False
conch,entropy_conch,0.7,age,20-39,219,0.5844748858447488,0.828125,128,auprc,0.9481587158288818,0.9441884495745154,-0.003970266254366361,-0.005050334910030374,0.428,0.04740485861909193,False
conch,entropy_conch,0.7,age,20-39,219,0.5844748858447488,0.828125,128,bss,-0.19239688138457578,0.4334121666725653,0.6258090480571411,0.6373793995161676,1.0,0.4164406865306663,True
conch,entropy_conch,0.7,age,20-39,219,0.5844748858447488,0.828125,128,balanced_accuracy,0.7840909090909092,0.8940823327615781,0.10999142367066894,0.10985594563839873,1.0,0.08296378389345567,True
conch,entropy_conch,0.7,age,20-39,219,0.5844748858447488,0.828125,128,sensitivity,0.8181818181818182,0.9245283018867925,0.10634648370497424,0.10619697931225669,1.0,0.05512905190420064,True
conch,entropy_conch,0.7,age,20-39,219,0.5844748858447488,0.828125,128,specificity,0.75,0.8636363636363636,0.11363636363636365,0.11351491196454044,0.965,0.158102018925806,False
conch,entropy_conch,0.7,age,20-39,219,0.5844748858447488,0.828125,128,brier,0.14877302262682807,0.08064470381589219,-0.06812831881093588,-0.06777686959297334,0.0,0.032405435455611614,True
conch,entropy_conch,0.7,age,20-39,219,0.5844748858447488,0.828125,128,ece,0.1886558117141552,0.08026191894843743,-0.10839389276571779,-0.11114652597521754,0.0,0.04351614132244564,True
conch,entropy_conch,0.7,age,20-39,219,0.5844748858447488,0.828125,128,cal_gap,-0.18865581171415524,-0.08026191894843748,0.10839389276571776,0.1081804665050485,1.0,0.04525702408738098,True
conch,entropy_conch,0.7,age,20-39,219,0.5844748858447488,0.828125,128,accuracy,0.8082191780821918,0.9140625,0.10584332191780821,0.10567830156705438,1.0,0.051710092604730924,True
conch,entropy_conch,0.7,age,20-39,219,0.5844748858447488,0.828125,128,ppv,0.9503105590062112,0.9702970297029703,0.019986470696759073,0.019903130409342662,0.924,0.03398507590420501,False
conch,entropy_conch,0.7,age,20-39,219,0.5844748858447488,0.828125,128,npv,0.41379310344827586,0.7037037037037037,0.28991060025542786,0.2899637664615165,1.0,0.12768874306748348,True
conch,entropy_conch,0.7,age,20-39,219,0.5844748858447488,0.828125,128,f1,0.8793103448275862,0.9468599033816425,0.06754955855405631,0.06757779296144129,1.0,0.03602935803730256,True
conch,entropy_conch,0.7,age,40-54,221,0.6606334841628959,0.4863013698630137,146,auroc,0.9379281537176274,0.956056338028169,0.01812818431054164,0.017642092992341096,0.939,0.03277845329711146,False
conch,entropy_conch,0.7,age,40-54,221,0.6606334841628959,0.4863013698630137,146,auprc,0.9512849902268204,0.964395828719096,0.013110838492275567,0.01254897910908681,0.853,0.03147327055680339,False
conch,entropy_conch,0.7,age,40-54,221,0.6606334841628959,0.4863013698630137,146,bss,0.5443021802166486,0.8133161978351517,0.2690140176185032,0.26883372500316627,1.0,0.12007401829861886,True
conch,entropy_conch,0.7,age,40-54,221,0.6606334841628959,0.4863013698630137,146,balanced_accuracy,0.8679197994987469,0.9514553990610328,0.08353559956228596,0.0833266317950937,1.0,0.042848641305514544,True
conch,entropy_conch,0.7,age,40-54,221,0.6606334841628959,0.4863013698630137,146,sensitivity,0.8095238095238095,0.9295774647887324,0.12005365526492284,0.1199321714093694,1.0,0.0687685649777858,True
conch,entropy_conch,0.7,age,40-54,221,0.6606334841628959,0.4863013698630137,146,specificity,0.9263157894736842,0.9733333333333334,0.04701754385964918,0.0467210921808181,0.994,0.05346179205263311,False
conch,entropy_conch,0.7,age,40-54,221,0.6606334841628959,0.4863013698630137,146,brier,0.11168286691113445,0.046635918865069285,-0.06504694804606517,-0.06466733196720911,0.0,0.028060846140168075,True
conch,entropy_conch,0.7,age,40-54,221,0.6606334841628959,0.4863013698630137,146,ece,0.09904378347076925,0.02138843415780824,-0.07765534931296102,-0.08254667487286659,0.0,0.038699363905813765,True
conch,entropy_conch,0.7,age,40-54,221,0.6606334841628959,0.4863013698630137,146,cal_gap,-0.09904378347076925,-0.021388434157808223,0.07765534931296103,0.07741584334974316,1.0,0.04351246366628547,True
conch,entropy_conch,0.7,age,40-54,221,0.6606334841628959,0.4863013698630137,146,accuracy,0.8597285067873304,0.952054794520548,0.0923262877332176,0.09215504178901868,1.0,0.04510249545901533,True
conch,entropy_conch,0.7,age,40-54,221,0.6606334841628959,0.4863013698630137,146,ppv,0.9357798165137615,0.9705882352941176,0.03480841878035612,0.03449273423497001,0.969,0.04672564670553397,False
conch,entropy_conch,0.7,age,40-54,221,0.6606334841628959,0.4863013698630137,146,npv,0.7857142857142857,0.9358974358974359,0.1501831501831502,0.15022398535106696,1.0,0.07641470116111942,True
conch,entropy_conch,0.7,age,40-54,221,0.6606334841628959,0.4863013698630137,146,f1,0.8680851063829788,0.9496402877697842,0.0815551813868054,0.08159558982236526,1.0,0.04577391350455231,True
conch,entropy_conch,0.7,age,55-69,189,0.7248677248677249,0.20437956204379562,137,auroc,0.8779866199426567,0.8872870249017037,0.009300404959047048,0.007854762368364021,0.619,0.07630617272674566,False
conch,entropy_conch,0.7,age,55-69,189,0.7248677248677249,0.20437956204379562,137,auprc,0.8064230218123615,0.8614672574779308,0.055044235665569374,0.05197562532684463,0.924,0.10249508602984027,False
conch,entropy_conch,0.7,age,55-69,189,0.7248677248677249,0.20437956204379562,137,bss,0.3872574152255831,0.599589914905994,0.2123324996804109,0.21223880259636574,1.0,0.19970227674123386,True
conch,entropy_conch,0.7,age,55-69,189,0.7248677248677249,0.20437956204379562,137,balanced_accuracy,0.8200063714558776,0.8745085190039319,0.05450214754805427,0.05289042139834921,0.977,0.07061318916535135,False
conch,entropy_conch,0.7,age,55-69,189,0.7248677248677249,0.20437956204379562,137,sensitivity,0.7906976744186046,0.7857142857142857,-0.004983388704318914,-0.008214331614910919,0.439,0.12790287084895097,False
conch,entropy_conch,0.7,age,55-69,189,0.7248677248677249,0.20437956204379562,137,specificity,0.8493150684931506,0.963302752293578,0.11398768380042734,0.11399517441160911,1.0,0.05946887130859097,True
conch,entropy_conch,0.7,age,55-69,189,0.7248677248677249,0.20437956204379562,137,brier,0.10769009678379075,0.06511010601027793,-0.04257999077351282,-0.042086236687722836,0.0,0.032259211148524446,True
conch,entropy_conch,0.7,age,55-69,189,0.7248677248677249,0.20437956204379562,137,ece,0.09659200413465611,0.05322604964562043,-0.043365954489035685,-0.047512339267625325,0.0,0.042579632495934876,True
conch,entropy_conch,0.7,age,55-69,189,0.7248677248677249,0.20437956204379562,137,cal_gap,0.0640045574208995,0.008269645055109492,-0.05573491236579001,-0.05580495143213565,0.002,0.0474219846846357,True
conch,entropy_conch,0.7,age,55-69,189,0.7248677248677249,0.20437956204379562,137,accuracy,0.8359788359788359,0.927007299270073,0.09102846329123704,0.09039148271334096,1.0,0.054015941794379775,True
conch,entropy_conch,0.7,age,55-69,189,0.7248677248677249,0.20437956204379562,137,ppv,0.6071428571428571,0.8461538461538461,0.23901098901098905,0.23732636463016443,1.0,0.13381867696690813,True
conch,entropy_conch,0.7,age,55-69,189,0.7248677248677249,0.20437956204379562,137,npv,0.9323308270676691,0.9459459459459459,0.013615118878276822,0.012944853450215899,0.809,0.04499732330643016,False
conch,entropy_conch,0.7,age,55-69,189,0.7248677248677249,0.20437956204379562,137,f1,0.6868686868686869,0.8148148148148148,0.12794612794612792,0.12686559427357147,1.0,0.10802937675658791,True
conch,entropy_conch,0.7,age,70+,74,0.7567567567567568,0.125,56,auroc,0.9572649572649573,0.9941690962099126,0.036904138944955256,0.036104592483580666,0.926,0.06427213767035536,False
conch,entropy_conch,0.7,age,70+,74,0.7567567567567568,0.125,56,auprc,0.8440510107176775,0.9617346938775511,0.11768368315987354,0.11241933327874176,0.932,0.22071546823904634,False
conch,entropy_conch,0.7,age,70+,74,0.7567567567567568,0.125,56,bss,0.366729827492579,0.7231545130743706,0.35642468558179163,0.37906841846477957,0.997,0.6052564639393525,False
conch,entropy_conch,0.7,age,70+,74,0.7567567567567568,0.125,56,balanced_accuracy,0.8982905982905982,0.9183673469387754,0.02007674864817721,0.018823675948806518,0.666,0.11972381782302172,False
conch,entropy_conch,0.7,age,70+,74,0.7567567567567568,0.125,56,sensitivity,0.8888888888888888,0.8571428571428571,-0.031746031746031744,-0.03374166666666678,0.335,0.22875486845357698,False
conch,entropy_conch,0.7,age,70+,74,0.7567567567567568,0.125,56,specificity,0.9076923076923077,0.9795918367346939,0.07189952904238617,0.07138901856427982,1.0,0.07436905080743293,False
conch,entropy_conch,0.7,age,70+,74,0.7567567567567568,0.125,56,brier,0.06765212763273216,0.030279975132490717,-0.03737215250024145,-0.03711910529016528,0.005,0.03894635847604875,False
conch,entropy_conch,0.7,age,70+,74,0.7567567567567568,0.125,56,ece,0.11114275873513514,0.052552749221428566,-0.058590009513706576,-0.06584730159650548,0.0,0.048180759698038325,True
conch,entropy_conch,0.7,age,70+,74,0.7567567567567568,0.125,56,cal_gap,0.09034954278918916,0.020365438864285712,-0.06998410392490345,-0.06878582052153583,0.001,0.05901357316069215,True
conch,entropy_conch,0.7,age,70+,74,0.7567567567567568,0.125,56,accuracy,0.9054054054054054,0.9642857142857143,0.05888030888030893,0.05845775327125691,0.995,0.06947645747103048,False
conch,entropy_conch,0.7,age,70+,74,0.7567567567567568,0.125,56,ppv,0.5714285714285714,0.8571428571428571,0.2857142857142857,0.2791940698190699,0.988,0.2943715448386979,False
conch,entropy_conch,0.7,age,70+,74,0.7567567567567568,0.125,56,npv,0.9833333333333333,0.9795918367346939,-0.0037414965986394266,-0.0035083017394119675,0.671,0.0332637909624041,False
conch,entropy_conch,0.7,age,70+,74,0.7567567567567568,0.125,56,f1,0.6956521739130435,0.8571428571428571,0.16149068322981364,0.16223863468944577,0.977,0.23826586618169718,False
conch,entropy_conch,0.7,race,white,632,0.6582278481012658,0.4807692307692308,416,auroc,0.9252167775761241,0.955462962962963,0.030246185386838875,0.03013364397098728,1.0,0.021467738304693104,True
conch,entropy_conch,0.7,race,white,632,0.6582278481012658,0.4807692307692308,416,auprc,0.9288745895096072,0.9491191589021069,0.020244569392499634,0.01961969244629369,0.963,0.02866248701662949,False
conch,entropy_conch,0.7,race,white,632,0.6582278481012658,0.4807692307692308,416,bss,0.533940854019779,0.7818868972123173,0.24794604319253832,0.24847616364430247,1.0,0.07133869558031497,True
conch,entropy_conch,0.7,race,white,632,0.6582278481012658,0.4807692307692308,416,balanced_accuracy,0.8443637830207703,0.9411111111111111,0.09674732809034081,0.09678533173584347,1.0,0.028514889663878107,True
conch,entropy_conch,0.7,race,white,632,0.6582278481012658,0.4807692307692308,416,sensitivity,0.8128654970760234,0.91,0.09713450292397663,0.09682616452355253,1.0,0.04210280116803072,True
conch,entropy_conch,0.7,race,white,632,0.6582278481012658,0.4807692307692308,416,specificity,0.8758620689655172,0.9722222222222222,0.096360153256705,0.0967444989481342,1.0,0.0379909511236283,True
conch,entropy_conch,0.7,race,white,632,0.6582278481012658,0.4807692307692308,416,brier,0.11572601070120556,0.0544476125671915,-0.061278398134014055,-0.06127210199082115,0.0,0.017392527240965776,True
conch,entropy_conch,0.7,race,white,632,0.6582278481012658,0.4807692307692308,416,ece,0.07597452850773734,0.03368617730021636,-0.042288351207520974,-0.044506753255715445,0.0,0.02419248505087911,True
conch,entropy_conch,0.7,race,white,632,0.6582278481012658,0.4807692307692308,416,cal_gap,-0.07427763907735763,-0.03368617730021645,0.04059146177714118,0.041050861378616466,1.0,0.025525579643140114,True
conch,entropy_conch,0.7,race,white,632,0.6582278481012658,0.4807692307692308,416,accuracy,0.8417721518987342,0.9423076923076923,0.10053554040895807,0.10060575161467356,1.0,0.02882063212323354,True
conch,entropy_conch,0.7,race,white,632,0.6582278481012658,0.4807692307692308,416,ppv,0.8853503184713376,0.9680851063829787,0.08273478791164113,0.08255574257473952,1.0,0.03501877940369034,True
conch,entropy_conch,0.7,race,white,632,0.6582278481012658,0.4807692307692308,416,npv,0.7987421383647799,0.9210526315789473,0.12231049321416743,0.12281316046531421,1.0,0.04386093403576911,True
conch,entropy_conch,0.7,race,white,632,0.6582278481012658,0.4807692307692308,416,f1,0.8475609756097561,0.9381443298969072,0.09058335428715114,0.0904284747418036,1.0,0.030170474340070072,True
conch,entropy_conch,0.7,race,black or african american,44,0.8409090909090909,0.2972972972972973,37,auroc,0.8827586206896552,0.8881118881118881,0.005353267422232966,0.006812722605471944,0.5915915915915916,0.12619907029728342,False
conch,entropy_conch,0.7,race,black or african american,44,0.8409090909090909,0.2972972972972973,37,auprc,0.8148865542209195,0.8267320248991803,0.011845470678260805,0.00909211423382339,0.5535535535535535,0.20972502113316904,False
conch,entropy_conch,0.7,race,black or african american,44,0.8409090909090909,0.2972972972972973,37,bss,0.46664631341069074,0.44282005492896215,-0.02382625848172859,-0.007297819174161058,0.4894894894894895,0.3869181364349994,False
conch,entropy_conch,0.7,race,black or african american,44,0.8409090909090909,0.2972972972972973,37,balanced_accuracy,0.864367816091954,0.8513986013986015,-0.012969214693352549,-0.011358002367042208,0.4144144144144144,0.11834763675757848,False
conch,entropy_conch,0.7,race,black or african american,44,0.8409090909090909,0.2972972972972973,37,sensitivity,0.8666666666666667,0.8181818181818182,-0.048484848484848464,-0.04758896425563097,0.2122122122122122,0.19239783531525076,False
conch,entropy_conch,0.7,race,black or african american,44,0.8409090909090909,0.2972972972972973,37,specificity,0.8620689655172413,0.8846153846153846,0.022546419098143256,0.024872959521546445,0.7097097097097097,0.13212223894983102,False
conch,entropy_conch,0.7,race,black or african american,44,0.8409090909090909,0.2972972972972973,37,brier,0.11983928391856899,0.1164013617898589,-0.003437922128710094,-0.005049803039300527,0.4044044044044044,0.08202909651691238,False
conch,entropy_conch,0.7,race,black or african american,44,0.8409090909090909,0.2972972972972973,37,ece,0.09325543626590908,0.08051509096486487,-0.012740345301044217,-0.04517660167600879,0.03003003003003003,0.07272452927639131,False
conch,entropy_conch,0.7,race,black or african american,44,0.8409090909090909,0.2972972972972973,37,cal_gap,0.02899922464318183,0.03696824200810811,0.007969017364926279,0.007164769260756883,0.5725725725725725,0.1092560889238273,False
conch,entropy_conch,0.7,race,black or african american,44,0.8409090909090909,0.2972972972972973,37,accuracy,0.8636363636363636,0.8648648648648649,0.0012285012285012664,0.003222823129306107,0.5445445445445446,0.10744877602750845,False
conch,entropy_conch,0.7,race,black or african american,44,0.8409090909090909,0.2972972972972973,37,ppv,0.7647058823529411,0.75,-0.014705882352941124,-0.011735904546362197,0.38538538538538536,0.22581427843550467,False
conch,entropy_conch,0.7,race,black or african american,44,0.8409090909090909,0.2972972972972973,37,npv,0.9259259259259259,0.92,-0.00592592592592589,-0.0046520089218374805,0.4574574574574575,0.10833944328758212,False
conch,entropy_conch,0.7,race,black or african american,44,0.8409090909090909,0.2972972972972973,37,f1,0.8125,0.782608695652174,-0.029891304347826053,-0.024932386213056823,0.2962962962962963,0.16371300338188668,False
hoptimus,aleatoric_hoptimus,0.9,sex,female,300,0.8833333333333333,0.5245283018867924,265,auroc,0.9208080808080807,0.9326824254881808,0.011874344680100068,0.011898102253987686,0.958,0.016300812966913127,False
hoptimus,aleatoric_hoptimus,0.9,sex,female,300,0.8833333333333333,0.5245283018867924,265,auprc,0.9254302348758091,0.9328947463092112,0.007464511433402099,0.007535594730134765,0.866,0.018941955117664,False
hoptimus,aleatoric_hoptimus,0.9,sex,female,300,0.8833333333333333,0.5245283018867924,265,bss,0.5115901431445258,0.5876512782938342,0.07606113514930846,0.07619320209669711,0.999,0.057789408853217775,True
hoptimus,aleatoric_hoptimus,0.9,sex,female,300,0.8833333333333333,0.5245283018867924,265,balanced_accuracy,0.8609427609427609,0.8836644969738495,0.022721736031088624,0.022748951438146925,0.997,0.019920113186831113,True
hoptimus,aleatoric_hoptimus,0.9,sex,female,300,0.8833333333333333,0.5245283018867924,265,sensitivity,0.8848484848484849,0.8705035971223022,-0.014344887726182698,-0.014270755157212989,0.031,0.024541083874259333,False
hoptimus,aleatoric_hoptimus,0.9,sex,female,300,0.8833333333333333,0.5245283018867924,265,specificity,0.837037037037037,0.8968253968253969,0.059788359788359835,0.05976865803350684,1.0,0.030568808559017377,True
hoptimus,aleatoric_hoptimus,0.9,sex,female,300,0.8833333333333333,0.5245283018867924,265,brier,0.12088143957172988,0.10283909593395212,-0.018042343637777764,-0.01803753363703929,0.001,0.014011292872532501,True
hoptimus,aleatoric_hoptimus,0.9,sex,female,300,0.8833333333333333,0.5245283018867924,265,ece,0.09258969143646673,0.07318219192807557,-0.019407499508391157,-0.019655567919980577,0.002,0.01893619525448215,True
hoptimus,aleatoric_hoptimus,0.9,sex,female,300,0.8833333333333333,0.5245283018867924,265,cal_gap,-0.07687204163646671,-0.05388015924883022,0.022991882387636497,0.022838802968207367,0.999,0.018498448265063343,True
hoptimus,aleatoric_hoptimus,0.9,sex,female,300,0.8833333333333333,0.5245283018867924,265,accuracy,0.8633333333333333,0.8830188679245283,0.019685534591195042,0.019724646883986785,0.995,0.019549215698068743,True
hoptimus,aleatoric_hoptimus,0.9,sex,female,300,0.8833333333333333,0.5245283018867924,265,ppv,0.8690476190476191,0.9029850746268657,0.033937455579246656,0.03406069926728761,1.0,0.024689076993624076,True
hoptimus,aleatoric_hoptimus,0.9,sex,female,300,0.8833333333333333,0.5245283018867924,265,npv,0.8560606060606061,0.8625954198473282,0.00653481378672216,0.006457393780176401,0.757,0.02978889397748905,False
hoptimus,aleatoric_hoptimus,0.9,sex,female,300,0.8833333333333333,0.5245283018867924,265,f1,0.8768768768768769,0.8864468864468864,0.00957000957000953,0.009705443835526628,0.92,0.0188087131896798,False
hoptimus,aleatoric_hoptimus,0.9,sex,male,407,0.9041769041769042,0.4782608695652174,368,auroc,0.9340287839273641,0.948834043560606,0.014805259633241863,0.014783125234275274,0.999,0.011567509292592575,True
hoptimus,aleatoric_hoptimus,0.9,sex,male,407,0.9041769041769042,0.4782608695652174,368,auprc,0.9290706229211653,0.9424076210965586,0.013336998175393355,0.013355713847743811,0.988,0.014461664582747865,False
hoptimus,aleatoric_hoptimus,0.9,sex,male,407,0.9041769041769042,0.4782608695652174,368,bss,0.5615041426226849,0.6394205697599956,0.07791642713731073,0.07753221362221463,1.0,0.043049851094152124,True
hoptimus,aleatoric_hoptimus,0.9,sex,male,407,0.9041769041769042,0.4782608695652174,368,balanced_accuracy,0.8673814353327538,0.8854166666666667,0.018035231333912938,0.018005621220099965,0.998,0.015905900543227824,True
hoptimus,aleatoric_hoptimus,0.9,sex,male,407,0.9041769041769042,0.4782608695652174,368,sensitivity,0.8916256157635468,0.875,-0.01662561576354682,-0.016852472154100018,0.001,0.021648477124033998,False
hoptimus,aleatoric_hoptimus,0.9,sex,male,407,0.9041769041769042,0.4782608695652174,368,specificity,0.8431372549019608,0.8958333333333334,0.052696078431372584,0.05286371459429995,1.0,0.023670666614968482,True
hoptimus,aleatoric_hoptimus,0.9,sex,male,407,0.9041769041769042,0.4782608695652174,368,brier,0.10962330255968566,0.08997445140204267,-0.01964885115764299,-0.019520941394187696,0.0,0.0107609582639106,True
hoptimus,aleatoric_hoptimus,0.9,sex,male,407,0.9041769041769042,0.4782608695652174,368,ece,0.06612670043029485,0.05086230259546198,-0.015264397834832868,-0.016418084033940836,0.003,0.015366649155141814,True
hoptimus,aleatoric_hoptimus,0.9,sex,male,407,0.9041769041769042,0.4782608695652174,368,cal_gap,-0.05417771674479116,-0.037646986399809845,0.016530730344981315,0.016178338394754035,0.997,0.015474097787832057,True
hoptimus,aleatoric_hoptimus,0.9,sex,male,407,0.9041769041769042,0.4782608695652174,368,accuracy,0.8673218673218673,0.8858695652173914,0.018547697895524018,0.018541874082084853,0.998,0.015873489583363036,True
hoptimus,aleatoric_hoptimus,0.9,sex,male,407,0.9041769041769042,0.4782608695652174,368,ppv,0.8497652582159625,0.8850574712643678,0.03529221304840535,0.0356481227189982,1.0,0.022528432878340835,True
hoptimus,aleatoric_hoptimus,0.9,sex,male,407,0.9041769041769042,0.4782608695652174,368,npv,0.8865979381443299,0.8865979381443299,0.0,-0.0003913581651779907,0.521,0.022638830553505754,False
hoptimus,aleatoric_hoptimus,0.9,sex,male,407,0.9041769041769042,0.4782608695652174,368,f1,0.8701923076923077,0.88,0.009807692307692295,0.009918174696847748,0.947,0.016485342635458717,False
hoptimus,aleatoric_hoptimus,0.9,age,20-39,219,0.8584474885844748,0.851063829787234,188,auroc,0.8512700534759358,0.8765625,0.02529244652406426,0.025520267590708468,0.944,0.039540728652783,False
hoptimus,aleatoric_hoptimus,0.9,age,20-39,219,0.8584474885844748,0.851063829787234,188,auprc,0.9629866690796748,0.9677885135737647,0.004801844494089935,0.004768969629675768,0.843,0.013991494086825828,False
hoptimus,aleatoric_hoptimus,0.9,age,20-39,219,0.8584474885844748,0.851063829787234,188,bss,-0.15705475343697084,0.04288305478604093,0.19993780822301177,0.20511339746157622,1.0,0.19269631825346867,True
hoptimus,aleatoric_hoptimus,0.9,age,20-39,219,0.8584474885844748,0.851063829787234,188,balanced_accuracy,0.7616978609625669,0.8008928571428571,0.03919499618029021,0.03949339246461092,0.99,0.04303646308557623,False
hoptimus,aleatoric_hoptimus,0.9,age,20-39,219,0.8584474885844748,0.851063829787234,188,sensitivity,0.8983957219251337,0.8875,-0.010895721925133772,-0.01081047259881418,0.05,0.020812202621642517,False
hoptimus,aleatoric_hoptimus,0.9,age,20-39,219,0.8584474885844748,0.851063829787234,188,specificity,0.625,0.7142857142857143,0.0892857142857143,0.08979725752803625,0.995,0.08413489453326162,True
hoptimus,aleatoric_hoptimus,0.9,age,20-39,219,0.8584474885844748,0.851063829787234,188,brier,0.14436345456864605,0.12131858065183727,-0.023044873916808775,-0.023208235297535976,0.0,0.015390337407046966,True
hoptimus,aleatoric_hoptimus,0.9,age,20-39,219,0.8584474885844748,0.851063829787234,188,ece,0.16566178248995436,0.1303721770494681,-0.03528960544048626,-0.03576266110004278,0.0,0.022177102725594807,True
hoptimus,aleatoric_hoptimus,0.9,age,20-39,219,0.8584474885844748,0.851063829787234,188,cal_gap,-0.16566178248995433,-0.1303721770494679,0.03528960544048643,0.03542107598180283,1.0,0.022109789872465112,True
hoptimus,aleatoric_hoptimus,0.9,age,20-39,219,0.8584474885844748,0.851063829787234,188,accuracy,0.8584474885844748,0.8617021276595744,0.003254639075099597,0.0033711244862433265,0.673,0.021713893571730352,False
hoptimus,aleatoric_hoptimus,0.9,age,20-39,219,0.8584474885844748,0.851063829787234,188,ppv,0.9333333333333333,0.9466666666666667,0.013333333333333308,0.013361878456671361,0.971,0.017729614229582812,False
hoptimus,aleatoric_hoptimus,0.9,age,20-39,219,0.8584474885844748,0.851063829787234,188,npv,0.5128205128205128,0.5263157894736842,0.013495276653171406,0.01417230277407433,0.625,0.07918280325332822,False
hoptimus,aleatoric_hoptimus,0.9,age,20-39,219,0.8584474885844748,0.851063829787234,188,f1,0.9155313351498637,0.9161290322580645,0.0005976971082007898,0.0006811004102594831,0.555,0.013911777532522795,False
hoptimus,aleatoric_hoptimus,0.9,age,40-54,221,0.8868778280542986,0.5408163265306123,196,auroc,0.944611528822055,0.9572327044025157,0.01262117558046072,0.012597786097419017,0.976,0.015024920080942925,False
hoptimus,aleatoric_hoptimus,0.9,age,40-54,221,0.8868778280542986,0.5408163265306123,196,auprc,0.9584265123545683,0.9672962522411899,0.008869739886621542,0.008889251247673147,0.955,0.012673003120899522,False
hoptimus,aleatoric_hoptimus,0.9,age,40-54,221,0.8868778280542986,0.5408163265306123,196,bss,0.5589075274625653,0.6522764969723458,0.09336896950978046,0.09352065818810618,1.0,0.0625529706424068,True
hoptimus,aleatoric_hoptimus,0.9,age,40-54,221,0.8868778280542986,0.5408163265306123,196,balanced_accuracy,0.8905179615705932,0.9053459119496856,0.014827950379092458,0.014922552235231978,0.967,0.021064830637227954,False
hoptimus,aleatoric_hoptimus,0.9,age,40-54,221,0.8868778280542986,0.5408163265306123,196,sensitivity,0.8968253968253969,0.8773584905660378,-0.019466906259359096,-0.01910442392452938,0.0,0.025833611779303645,False
hoptimus,aleatoric_hoptimus,0.9,age,40-54,221,0.8868778280542986,0.5408163265306123,196,specificity,0.8842105263157894,0.9333333333333333,0.0491228070175439,0.048949528394993225,0.999,0.03343194483356343,True
hoptimus,aleatoric_hoptimus,0.9,age,40-54,221,0.8868778280542986,0.5408163265306123,196,brier,0.10810337413798024,0.08635157795928315,-0.02175179617869709,-0.021768099579246525,0.0,0.014869430476046025,True
hoptimus,aleatoric_hoptimus,0.9,age,40-54,221,0.8868778280542986,0.5408163265306123,196,ece,0.09299627634660634,0.0710571069010204,-0.021939169445585938,-0.0230853238715531,0.003,0.020527468519849264,True
hoptimus,aleatoric_hoptimus,0.9,age,40-54,221,0.8868778280542986,0.5408163265306123,196,cal_gap,-0.09299627634660623,-0.06716847343163262,0.025827802914973608,0.02592104722723995,0.999,0.0207463783948463,True
hoptimus,aleatoric_hoptimus,0.9,age,40-54,221,0.8868778280542986,0.5408163265306123,196,accuracy,0.8914027149321267,0.9030612244897959,0.011658509557669117,0.011808532316704423,0.92,0.020428136545166155,False
hoptimus,aleatoric_hoptimus,0.9,age,40-54,221,0.8868778280542986,0.5408163265306123,196,ppv,0.9112903225806451,0.9393939393939394,0.02810361681329432,0.028225013611770322,0.995,0.025919315436862683,True
hoptimus,aleatoric_hoptimus,0.9,age,40-54,221,0.8868778280542986,0.5408163265306123,196,npv,0.865979381443299,0.865979381443299,0.0,8.000452772327638e-05,0.564,0.03296245013474776,False
hoptimus,aleatoric_hoptimus,0.9,age,40-54,221,0.8868778280542986,0.5408163265306123,196,f1,0.904,0.9073170731707317,0.0033170731707317103,0.0036046659594830555,0.72,0.01886245871725843,False
hoptimus,aleatoric_hoptimus,0.9,age,55-69,189,0.9312169312169312,0.21022727272727273,176,auroc,0.9049060210258044,0.9121135524013223,0.007207531375517884,0.007066562793414333,0.786,0.02794493592127816,False
hoptimus,aleatoric_hoptimus,0.9,age,55-69,189,0.9312169312169312,0.21022727272727273,176,auprc,0.7712587844474863,0.7897961807030214,0.018537396255535077,0.018211953605056674,0.817,0.061102259033298564,False
hoptimus,aleatoric_hoptimus,0.9,age,55-69,189,0.9312169312169312,0.21022727272727273,176,bss,0.42717332054963797,0.4637918552812963,0.036618534731658325,0.036973377726715606,0.878,0.0942763082722566,False
hoptimus,aleatoric_hoptimus,0.9,age,55-69,189,0.9312169312169312,0.21022727272727273,176,balanced_accuracy,0.8548900923861102,0.8649620843865449,0.010071992000434626,0.009844237767656305,0.842,0.028552653478590012,False
hoptimus,aleatoric_hoptimus,0.9,age,55-69,189,0.9312169312169312,0.21022727272727273,176,sensitivity,0.8604651162790697,0.8378378378378378,-0.022627278441231913,-0.022819327508764253,0.034,0.05125513100773787,False
hoptimus,aleatoric_hoptimus,0.9,age,55-69,189,0.9312169312169312,0.21022727272727273,176,specificity,0.8493150684931506,0.8920863309352518,0.042771262442101166,0.04250780304407675,0.999,0.028378372708729525,True
hoptimus,aleatoric_hoptimus,0.9,age,55-69,189,0.9312169312169312,0.21022727272727273,176,brier,0.10067483815093006,0.08902758549484417,-0.01164725265608589,-0.011590206560491062,0.028,0.015666938512764492,False
hoptimus,aleatoric_hoptimus,0.9,age,55-69,189,0.9312169312169312,0.21022727272727273,176,ece,0.06608355690195765,0.06493968894585224,-0.00114386795610541,-0.0051527944355120175,0.217,0.01940372628220364,False
hoptimus,aleatoric_hoptimus,0.9,age,55-69,189,0.9312169312169312,0.21022727272727273,176,cal_gap,0.04506775659010587,0.05041855417914767,0.005350797589041806,0.005367064583615126,0.76,0.02233681526511742,False
hoptimus,aleatoric_hoptimus,0.9,age,55-69,189,0.9312169312169312,0.21022727272727273,176,accuracy,0.8518518518518519,0.8806818181818182,0.028829966329966372,0.02859519808717592,0.997,0.02407137101690498,True
hoptimus,aleatoric_hoptimus,0.9,age,55-69,189,0.9312169312169312,0.21022727272727273,176,ppv,0.6271186440677966,0.6739130434782609,0.04679439941046426,0.04627880138308704,0.982,0.06023309612217698,False
hoptimus,aleatoric_hoptimus,0.9,age,55-69,189,0.9312169312169312,0.21022727272727273,176,npv,0.9538461538461539,0.9538461538461539,0.0,-5.723581795735733e-05,0.517,0.01773482405373415,False
hoptimus,aleatoric_hoptimus,0.9,age,55-69,189,0.9312169312169312,0.21022727272727273,176,f1,0.7254901960784313,0.7469879518072289,0.02149775572879753,0.021330921671662617,0.889,0.046434993491738207,False
hoptimus,aleatoric_hoptimus,0.9,age,70+,74,0.9459459459459459,0.12857142857142856,70,auroc,0.9435897435897436,0.9617486338797814,0.01815889029003781,0.018265304112054626,0.959,0.02738696950912926,False
hoptimus,aleatoric_hoptimus,0.9,age,70+,74,0.9459459459459459,0.12857142857142856,70,auprc,0.7023670286828181,0.7537758537758539,0.05140882509303579,0.04998441569027323,0.858,0.15260774910366146,False
hoptimus,aleatoric_hoptimus,0.9,age,70+,74,0.9459459459459459,0.12857142857142856,70,bss,0.338950482656871,0.44949428224220445,0.11054379958533345,0.11759364286016488,0.91,0.2382241000660573,False
hoptimus,aleatoric_hoptimus,0.9,age,70+,74,0.9459459459459459,0.12857142857142856,70,balanced_accuracy,0.7717948717948717,0.8005464480874317,0.028751576292559977,0.029122213169287647,0.838,0.08573088393723546,False
hoptimus,aleatoric_hoptimus,0.9,age,70+,74,0.9459459459459459,0.12857142857142856,70,sensitivity,0.6666666666666666,0.6666666666666666,0.0,0.0004773809523809236,0.354,0.16739894514127432,False
hoptimus,aleatoric_hoptimus,0.9,age,70+,74,0.9459459459459459,0.12857142857142856,70,specificity,0.8769230769230769,0.9344262295081968,0.05750315258511984,0.05776704538619448,0.998,0.04094507213301956,True
hoptimus,aleatoric_hoptimus,0.9,age,70+,74,0.9459459459459459,0.12857142857142856,70,brier,0.07061978956277036,0.06167911001000607,-0.008940679552764293,-0.008993591721549184,0.122,0.02141656883189002,False
hoptimus,aleatoric_hoptimus,0.9,age,70+,74,0.9459459459459459,0.12857142857142856,70,ece,0.09303491589594594,0.07203188266142854,-0.021003033234517396,-0.023525512624911274,0.016,0.027455566910574655,False
hoptimus,aleatoric_hoptimus,0.9,age,70+,74,0.9459459459459459,0.12857142857142856,70,cal_gap,0.0518775196797297,0.02852263523285714,-0.02335488444687256,-0.023304219960394994,0.015,0.030156909690874346,False
hoptimus,aleatoric_hoptimus,0.9,age,70+,74,0.9459459459459459,0.12857142857142856,70,accuracy,0.8513513513513513,0.9,0.04864864864864871,0.04895152368803135,0.993,0.04071904137736823,True
hoptimus,aleatoric_hoptimus,0.9,age,70+,74,0.9459459459459459,0.12857142857142856,70,ppv,0.42857142857142855,0.6,0.17142857142857143,0.17247143412143406,0.994,0.13649249690465529,True
hoptimus,aleatoric_hoptimus,0.9,age,70+,74,0.9459459459459459,0.12857142857142856,70,npv,0.95,0.95,0.0,6.225057531805689e-05,0.722,0.027726690329096353,False
hoptimus,aleatoric_hoptimus,0.9,age,70+,74,0.9459459459459459,0.12857142857142856,70,f1,0.5217391304347826,0.631578947368421,0.10983981693363842,0.1123551765807218,0.989,0.1272288223314514,False
hoptimus,aleatoric_hoptimus,0.9,race,white,632,0.8971518987341772,0.5202821869488536,567,auroc,0.9324460576729179,0.9464481555333998,0.014002097860481899,0.01412966946356542,1.0,0.009596022919645843,True
hoptimus,aleatoric_hoptimus,0.9,race,white,632,0.8971518987341772,0.5202821869488536,567,auprc,0.9351517771230581,0.9455666080723389,0.010414830949280862,0.01053690006822916,0.989,0.011405975353128464,False
hoptimus,aleatoric_hoptimus,0.9,race,white,632,0.8971518987341772,0.5202821869488536,567,bss,0.5445399695375875,0.6254766367725197,0.0809366672349322,0.08155848091684326,1.0,0.03503192001147416,True
hoptimus,aleatoric_hoptimus,0.9,race,white,632,0.8971518987341772,0.5202821869488536,567,balanced_accuracy,0.8651340996168582,0.8858175473579262,0.020683447741068006,0.02079895159559808,0.999,0.013322027068749914,True
hoptimus,aleatoric_hoptimus,0.9,race,white,632,0.8971518987341772,0.5202821869488536,567,sensitivity,0.8888888888888888,0.8745762711864407,-0.014312617702448183,-0.014199834153017954,0.002,0.01615858891482401,False
hoptimus,aleatoric_hoptimus,0.9,race,white,632,0.8971518987341772,0.5202821869488536,567,specificity,0.8413793103448276,0.8970588235294118,0.055679513184584195,0.055797737344214005,1.0,0.02017072755555768,True
hoptimus,aleatoric_hoptimus,0.9,race,white,632,0.8971518987341772,0.5202821869488536,567,brier,0.11309417015818295,0.09347677421427489,-0.01961739594390806,-0.019746838906434777,0.0,0.008573001346114068,True
hoptimus,aleatoric_hoptimus,0.9,race,white,632,0.8971518987341772,0.5202821869488536,567,ece,0.08102827060912976,0.06250286238971785,-0.018525408219411912,-0.01880137907257487,0.0,0.011952649486930231,True
hoptimus,aleatoric_hoptimus,0.9,race,white,632,0.8971518987341772,0.5202821869488536,567,cal_gap,-0.07186096617875004,-0.05228463240735454,0.019576333771395504,0.0195963193858181,1.0,0.012131471456539533,True
hoptimus,aleatoric_hoptimus,0.9,race,white,632,0.8971518987341772,0.5202821869488536,567,accuracy,0.8670886075949367,0.8853615520282186,0.01827294443328198,0.018384396879642884,0.999,0.013200138498818707,True
hoptimus,aleatoric_hoptimus,0.9,race,white,632,0.8971518987341772,0.5202821869488536,567,ppv,0.8685714285714285,0.9020979020979021,0.03352647352647353,0.033629713757955315,1.0,0.01748052706978433,True
hoptimus,aleatoric_hoptimus,0.9,race,white,632,0.8971518987341772,0.5202821869488536,567,npv,0.8652482269503546,0.8683274021352313,0.003079175184876659,0.003213514121620298,0.692,0.019073003342025507,False
hoptimus,aleatoric_hoptimus,0.9,race,white,632,0.8971518987341772,0.5202821869488536,567,f1,0.8786127167630058,0.8881239242685026,0.009511207505496833,0.009635285691675821,0.978,0.013129579841672715,False
hoptimus,aleatoric_hoptimus,0.9,race,black or african american,44,0.9772727272727273,0.3488372093023256,43,auroc,0.8781609195402299,0.8785714285714286,0.0004105090311986581,0.0004793506148053073,0.649,0.06155074032706879,False
hoptimus,aleatoric_hoptimus,0.9,race,black or african american,44,0.9772727272727273,0.3488372093023256,43,auprc,0.8039193895772843,0.8066508291508291,0.002731439573544825,0.0014487256751887223,0.582,0.10214868330608949,False
hoptimus,aleatoric_hoptimus,0.9,race,black or african american,44,0.9772727272727273,0.3488372093023256,43,bss,0.47406748940165655,0.48823260202125707,0.014165112619600517,0.015821604403437495,0.636,0.1906594172922523,False
hoptimus,aleatoric_hoptimus,0.9,race,black or african american,44,0.9772727272727273,0.3488372093023256,43,balanced_accuracy,0.864367816091954,0.8797619047619047,0.015394088669950734,0.015671995778112735,0.8,0.05502488344809434,False
hoptimus,aleatoric_hoptimus,0.9,race,black or african american,44,0.9772727272727273,0.3488372093023256,43,sensitivity,0.8666666666666667,0.8666666666666667,0.0,0.0007554057054056651,0.62,0.08944660343645985,False
hoptimus,aleatoric_hoptimus,0.9,race,black or african american,44,0.9772727272727273,0.3488372093023256,43,specificity,0.8620689655172413,0.8928571428571429,0.03078817733990158,0.030588585850819805,0.919,0.06377704057698401,False
hoptimus,aleatoric_hoptimus,0.9,race,black or african american,44,0.9772727272727273,0.3488372093023256,43,brier,0.11817181927183854,0.1162478675776485,-0.001923951694190032,-0.001985737381135416,0.388,0.04182078440950863,False
hoptimus,aleatoric_hoptimus,0.9,race,black or african american,44,0.9772727272727273,0.3488372093023256,43,ece,0.0895120977659091,0.10201751027209303,0.012505412506183936,0.006100278993421734,0.642,0.04419749170703694,False
hoptimus,aleatoric_hoptimus,0.9,race,black or african american,44,0.9772727272727273,0.3488372093023256,43,cal_gap,0.009954499506818149,-0.00023773631860468658,-0.010192235825422835,-0.009510207202221654,0.259,0.051209266358096445,False
hoptimus,aleatoric_hoptimus,0.9,race,black or african american,44,0.9772727272727273,0.3488372093023256,43,accuracy,0.8636363636363636,0.8837209302325582,0.02008456659619451,0.020205545149026616,0.872,0.05064407064273576,False
hoptimus,aleatoric_hoptimus,0.9,race,black or african american,44,0.9772727272727273,0.3488372093023256,43,ppv,0.7647058823529411,0.8125,0.047794117647058876,0.04709986508589448,0.858,0.10292627341527491,False
hoptimus,aleatoric_hoptimus,0.9,race,black or african american,44,0.9772727272727273,0.3488372093023256,43,npv,0.9259259259259259,0.9259259259259259,0.0,0.0005740570278099932,0.775,0.049752100360393854,False
hoptimus,aleatoric_hoptimus,0.9,race,black or african american,44,0.9772727272727273,0.3488372093023256,43,f1,0.8125,0.8387096774193549,0.02620967741935487,0.026744775711732616,0.803,0.07432367401288786,False
hoptimus,aleatoric_hoptimus,0.8,sex,female,300,0.7866666666666666,0.5,236,auroc,0.9208080808080807,0.9400316001149096,0.019223519306828862,0.01989686551700731,0.988,0.022852425950331507,False
hoptimus,aleatoric_hoptimus,0.8,sex,female,300,0.7866666666666666,0.5,236,auprc,0.9254302348758091,0.9375115130675045,0.012081278191695355,0.012846358981428052,0.906,0.026797792662316845,False
hoptimus,aleatoric_hoptimus,0.8,sex,female,300,0.7866666666666666,0.5,236,bss,0.5115901431445258,0.6356156950001182,0.12402555185559239,0.12634665837370662,1.0,0.08297398798424543,True
hoptimus,aleatoric_hoptimus,0.8,sex,female,300,0.7866666666666666,0.5,236,balanced_accuracy,0.8609427609427609,0.8983050847457628,0.03736232380300186,0.03788919186385431,0.999,0.02971920611720718,True
hoptimus,aleatoric_hoptimus,0.8,sex,female,300,0.7866666666666666,0.5,236,sensitivity,0.8848484848484849,0.864406779661017,-0.020441705187467907,-0.020372246408186134,0.047,0.03597042903089405,False
hoptimus,aleatoric_hoptimus,0.8,sex,female,300,0.7866666666666666,0.5,236,specificity,0.837037037037037,0.9322033898305084,0.09516635279347141,0.09615063013589475,1.0,0.04599523994447446,True
hoptimus,aleatoric_hoptimus,0.8,sex,female,300,0.7866666666666666,0.5,236,brier,0.12088143957172988,0.09109607624997046,-0.02978536332175942,-0.03022898266804966,0.0,0.020093162890396487,True
hoptimus,aleatoric_hoptimus,0.8,sex,female,300,0.7866666666666666,0.5,236,ece,0.09258969143646673,0.06969703335144077,-0.022892658085025955,-0.02464088570665436,0.003,0.02596790647723015,False
hoptimus,aleatoric_hoptimus,0.8,sex,female,300,0.7866666666666666,0.5,236,cal_gap,-0.07687204163646671,-0.0414862314870339,0.03538581014943282,0.035077477559151624,1.0,0.027724622943151467,True
hoptimus,aleatoric_hoptimus,0.8,sex,female,300,0.7866666666666666,0.5,236,accuracy,0.8633333333333333,0.8983050847457628,0.034971751412429475,0.03543318642439863,0.999,0.029136700634225587,True
hoptimus,aleatoric_hoptimus,0.8,sex,female,300,0.7866666666666666,0.5,236,ppv,0.8690476190476191,0.9272727272727272,0.05822510822510818,0.058855397140380794,1.0,0.03768661990307584,True
hoptimus,aleatoric_hoptimus,0.8,sex,female,300,0.7866666666666666,0.5,236,npv,0.8560606060606061,0.873015873015873,0.016955266955266945,0.017245831546144008,0.857,0.04438219851506854,False
hoptimus,aleatoric_hoptimus,0.8,sex,female,300,0.7866666666666666,0.5,236,f1,0.8768768768768769,0.8947368421052632,0.017859965228386288,0.01829667115937339,0.965,0.02814480280737153,False
hoptimus,aleatoric_hoptimus,0.8,sex,male,407,0.7936117936117936,0.4520123839009288,323,auroc,0.9340287839273641,0.96045197740113,0.02642319347376587,0.026036520242556982,1.0,0.01783372240237448,True
hoptimus,aleatoric_hoptimus,0.8,sex,male,407,0.7936117936117936,0.4520123839009288,323,auprc,0.9290706229211653,0.954081705535543,0.025011082614377678,0.024665201744896836,0.995,0.02218694941073216,True
hoptimus,aleatoric_hoptimus,0.8,sex,male,407,0.7936117936117936,0.4520123839009288,323,bss,0.5615041426226849,0.7482220164393535,0.1867178738166686,0.18550355406082242,1.0,0.06429259163354376,True
hoptimus,aleatoric_hoptimus,0.8,sex,male,407,0.7936117936117936,0.4520123839009288,323,balanced_accuracy,0.8673814353327538,0.9250058045042953,0.057624369171541456,0.057167345439306794,1.0,0.024335338627032438,True
hoptimus,aleatoric_hoptimus,0.8,sex,male,407,0.7936117936117936,0.4520123839009288,323,sensitivity,0.8916256157635468,0.9178082191780822,0.026182603414535377,0.025314797068655248,0.981,0.03133331455127018,False
hoptimus,aleatoric_hoptimus,0.8,sex,male,407,0.7936117936117936,0.4520123839009288,323,specificity,0.8431372549019608,0.9322033898305084,0.08906613492854765,0.08901989380995878,1.0,0.036415276536642255,True
hoptimus,aleatoric_hoptimus,0.8,sex,male,407,0.7936117936117936,0.4520123839009288,323,brier,0.10962330255968566,0.06236469870481101,-0.04725860385487465,-0.046882392344733154,0.0,0.016065112291548358,True
hoptimus,aleatoric_hoptimus,0.8,sex,male,407,0.7936117936117936,0.4520123839009288,323,ece,0.06612670043029485,0.03266668769390095,-0.0334600127363939,-0.0359968348576051,0.0,0.021950903872499306,True
hoptimus,aleatoric_hoptimus,0.8,sex,male,407,0.7936117936117936,0.4520123839009288,323,cal_gap,-0.05417771674479116,-0.014236174628885434,0.039941542115905726,0.03957526374649523,1.0,0.023767810744789813,True
hoptimus,aleatoric_hoptimus,0.8,sex,male,407,0.7936117936117936,0.4520123839009288,323,accuracy,0.8673218673218673,0.9256965944272446,0.05837472710537728,0.05792541002323848,1.0,0.024311955416976696,True
hoptimus,aleatoric_hoptimus,0.8,sex,male,407,0.7936117936117936,0.4520123839009288,323,ppv,0.8497652582159625,0.9178082191780822,0.0680429609621197,0.0679401511328317,1.0,0.035261776675568166,True
hoptimus,aleatoric_hoptimus,0.8,sex,male,407,0.7936117936117936,0.4520123839009288,323,npv,0.8865979381443299,0.9322033898305084,0.04560545168617858,0.04476471026781215,1.0,0.033033565043962404,True
hoptimus,aleatoric_hoptimus,0.8,sex,male,407,0.7936117936117936,0.4520123839009288,323,f1,0.8701923076923077,0.9178082191780822,0.04761591148577449,0.04721899299221077,1.0,0.02533039224246002,True
hoptimus,aleatoric_hoptimus,0.8,age,20-39,219,0.7077625570776256,0.8387096774193549,155,auroc,0.8512700534759358,0.8981538461538462,0.04688379267791043,0.04695528722996667,0.97,0.06149944544290817,False
hoptimus,aleatoric_hoptimus,0.8,age,20-39,219,0.7077625570776256,0.8387096774193549,155,auprc,0.9629866690796748,0.9708860457369382,0.007899376657263368,0.007676623209058042,0.829,0.021133601174753595,False
hoptimus,aleatoric_hoptimus,0.8,age,20-39,219,0.7077625570776256,0.8387096774193549,155,bss,-0.15705475343697084,0.2946016377991043,0.45165639123607515,0.46471219322485857,1.0,0.30567478976008655,True
hoptimus,aleatoric_hoptimus,0.8,age,20-39,219,0.7077625570776256,0.8387096774193549,155,balanced_accuracy,0.7616978609625669,0.8376923076923077,0.07599444672974087,0.07526920232659529,1.0,0.06638223254269031,True
hoptimus,aleatoric_hoptimus,0.8,age,20-39,219,0.7077625570776256,0.8387096774193549,155,sensitivity,0.8983957219251337,0.9153846153846154,0.016988893459481624,0.01686151575150696,0.915,0.03260528337339911,False
hoptimus,aleatoric_hoptimus,0.8,age,20-39,219,0.7077625570776256,0.8387096774193549,155,specificity,0.625,0.76,0.135,0.1336768889016835,0.998,0.12712625036126526,True
hoptimus,aleatoric_hoptimus,0.8,age,20-39,219,0.7077625570776256,0.8387096774193549,155,brier,0.14436345456864605,0.09542329561510553,-0.04894015895354052,-0.049116755509894736,0.0,0.0246234896543361,True
hoptimus,aleatoric_hoptimus,0.8,age,20-39,219,0.7077625570776256,0.8387096774193549,155,ece,0.16566178248995436,0.08430112635677423,-0.08136065613318014,-0.08407069106929477,0.0,0.03291939841338869,True
hoptimus,aleatoric_hoptimus,0.8,age,20-39,219,0.7077625570776256,0.8387096774193549,155,cal_gap,-0.16566178248995433,-0.07834671216322586,0.08731507032672847,0.08813466641985973,1.0,0.03362811908758311,True
hoptimus,aleatoric_hoptimus,0.8,age,20-39,219,0.7077625570776256,0.8387096774193549,155,accuracy,0.8584474885844748,0.8903225806451613,0.031875092060686505,0.03138266459940897,0.995,0.034989530987737744,False
hoptimus,aleatoric_hoptimus,0.8,age,20-39,219,0.7077625570776256,0.8387096774193549,155,ppv,0.9333333333333333,0.952,0.01866666666666661,0.018101770318131538,0.975,0.026688130006157006,False
hoptimus,aleatoric_hoptimus,0.8,age,20-39,219,0.7077625570776256,0.8387096774193549,155,npv,0.5128205128205128,0.6333333333333333,0.12051282051282053,0.12094701142500786,0.996,0.12317009480159206,False
hoptimus,aleatoric_hoptimus,0.8,age,20-39,219,0.7077625570776256,0.8387096774193549,155,f1,0.9155313351498637,0.9333333333333333,0.017801998183469614,0.017519438569822188,0.985,0.022336446170968492,False
hoptimus,aleatoric_hoptimus,0.8,age,40-54,221,0.8054298642533937,0.5224719101123596,178,auroc,0.944611528822055,0.963314358001265,0.018702829179209957,0.01924832808920718,0.99,0.021802585545735574,False
hoptimus,aleatoric_hoptimus,0.8,age,40-54,221,0.8054298642533937,0.5224719101123596,178,auprc,0.9584265123545683,0.9718960788443249,0.013469566489756613,0.013991314660764975,0.981,0.018027409496180702,False
hoptimus,aleatoric_hoptimus,0.8,age,40-54,221,0.8054298642533937,0.5224719101123596,178,bss,0.5589075274625653,0.7294285185408496,0.17052099107828422,0.17298898739670598,1.0,0.09392460339647501,True
hoptimus,aleatoric_hoptimus,0.8,age,40-54,221,0.8054298642533937,0.5224719101123596,178,balanced_accuracy,0.8905179615705932,0.9285895003162555,0.03807153874566238,0.03860100888778206,1.0,0.03094410409036475,True
hoptimus,aleatoric_hoptimus,0.8,age,40-54,221,0.8054298642533937,0.5224719101123596,178,sensitivity,0.8968253968253969,0.8924731182795699,-0.004352278545826982,-0.003814939554096952,0.424,0.0398477931618498,False
hoptimus,aleatoric_hoptimus,0.8,age,40-54,221,0.8054298642533937,0.5224719101123596,178,specificity,0.8842105263157894,0.9647058823529412,0.08049535603715174,0.08101695732966119,1.0,0.047439372171562286,True
hoptimus,aleatoric_hoptimus,0.8,age,40-54,221,0.8054298642533937,0.5224719101123596,178,brier,0.10810337413798024,0.06750623535331977,-0.040597138784660466,-0.0410613901628763,0.0,0.022213487227114793,True
hoptimus,aleatoric_hoptimus,0.8,age,40-54,221,0.8054298642533937,0.5224719101123596,178,ece,0.09299627634660634,0.05540910866629214,-0.037587167680314205,-0.03988814842844033,0.001,0.030673173677667576,True
hoptimus,aleatoric_hoptimus,0.8,age,40-54,221,0.8054298642533937,0.5224719101123596,178,cal_gap,-0.09299627634660623,-0.050290612374157384,0.04270566397244885,0.0426567386174178,1.0,0.03165149487154911,True
hoptimus,aleatoric_hoptimus,0.8,age,40-54,221,0.8054298642533937,0.5224719101123596,178,accuracy,0.8914027149321267,0.9269662921348315,0.035563577202704755,0.03609991386618949,1.0,0.030296272145461472,True
hoptimus,aleatoric_hoptimus,0.8,age,40-54,221,0.8054298642533937,0.5224719101123596,178,ppv,0.9112903225806451,0.9651162790697675,0.05382595648912236,0.05433753017182752,1.0,0.03701509105930957,True
hoptimus,aleatoric_hoptimus,0.8,age,40-54,221,0.8054298642533937,0.5224719101123596,178,npv,0.865979381443299,0.8913043478260869,0.025324966382787917,0.025860004762820576,0.92,0.0504917350676953,False
hoptimus,aleatoric_hoptimus,0.8,age,40-54,221,0.8054298642533937,0.5224719101123596,178,f1,0.904,0.9273743016759777,0.02337430167597765,0.023992916101961526,0.987,0.02843126617646263,False
hoptimus,aleatoric_hoptimus,0.8,age,55-69,189,0.8359788359788359,0.1962025316455696,158,auroc,0.9049060210258044,0.9182118364236728,0.013305815397868348,0.013515069760374976,0.808,0.04238135684307757,False
hoptimus,aleatoric_hoptimus,0.8,age,55-69,189,0.8359788359788359,0.1962025316455696,158,auprc,0.7712587844474863,0.8117387350755847,0.04047995062809839,0.03816257296732661,0.863,0.09796919539833017,False
hoptimus,aleatoric_hoptimus,0.8,age,55-69,189,0.8359788359788359,0.1962025316455696,158,bss,0.42717332054963797,0.5720952243760924,0.14492190382645442,0.14674091990661464,0.995,0.14980491706743118,False
hoptimus,aleatoric_hoptimus,0.8,age,55-69,189,0.8359788359788359,0.1962025316455696,158,balanced_accuracy,0.8548900923861102,0.9000508001016002,0.04516070771548997,0.04538552591031264,0.997,0.04370745450499334,True
hoptimus,aleatoric_hoptimus,0.8,age,55-69,189,0.8359788359788359,0.1962025316455696,158,sensitivity,0.8604651162790697,0.8709677419354839,0.010502625656414133,0.010579133478084368,0.663,0.0752125789983645,False
hoptimus,aleatoric_hoptimus,0.8,age,55-69,189,0.8359788359788359,0.1962025316455696,158,specificity,0.8493150684931506,0.9291338582677166,0.07981878977456591,0.08019191834254102,1.0,0.0438223702244182,True
hoptimus,aleatoric_hoptimus,0.8,age,55-69,189,0.8359788359788359,0.1962025316455696,158,brier,0.10067483815093006,0.06748362047874237,-0.03319121767218769,-0.033613585117159075,0.0,0.024894536096019007,True
hoptimus,aleatoric_hoptimus,0.8,age,55-69,189,0.8359788359788359,0.1962025316455696,158,ece,0.06608355690195765,0.04874562521816453,-0.01733793168379312,-0.02503373987965221,0.013,0.029806026142758985,False
hoptimus,aleatoric_hoptimus,0.8,age,55-69,189,0.8359788359788359,0.1962025316455696,158,cal_gap,0.04506775659010587,0.04074394535145573,-0.004323811238650138,-0.00388957196208127,0.34,0.03204271837535712,False
hoptimus,aleatoric_hoptimus,0.8,age,55-69,189,0.8359788359788359,0.1962025316455696,158,accuracy,0.8518518518518519,0.9177215189873418,0.06586966713548992,0.0661399948157716,1.0,0.037862318983139485,True
hoptimus,aleatoric_hoptimus,0.8,age,55-69,189,0.8359788359788359,0.1962025316455696,158,ppv,0.6271186440677966,0.75,0.1228813559322034,0.12166950591244774,1.0,0.09085715766679377,True
hoptimus,aleatoric_hoptimus,0.8,age,55-69,189,0.8359788359788359,0.1962025316455696,158,npv,0.9538461538461539,0.9672131147540983,0.013366960907944425,0.013731396787406314,0.9,0.02588112515935968,False
hoptimus,aleatoric_hoptimus,0.8,age,55-69,189,0.8359788359788359,0.1962025316455696,158,f1,0.7254901960784313,0.8059701492537313,0.08047995317529999,0.08019746622132873,1.0,0.07192839509870193,True
hoptimus,aleatoric_hoptimus,0.8,age,70+,74,0.9054054054054054,0.13432835820895522,67,auroc,0.9435897435897436,0.9731800766283525,0.029590333038608918,0.029769234162951963,0.974,0.04299889166157436,False
hoptimus,aleatoric_hoptimus,0.8,age,70+,74,0.9054054054054054,0.13432835820895522,67,auprc,0.7023670286828181,0.8009700176366843,0.09860298895386621,0.0952387219567552,0.897,0.23151502476266644,False
hoptimus,aleatoric_hoptimus,0.8,age,70+,74,0.9054054054054054,0.13432835820895522,67,bss,0.338950482656871,0.5113184178871624,0.17236793523029137,0.18730114415307186,0.946,0.3826791978071927,False
hoptimus,aleatoric_hoptimus,0.8,age,70+,74,0.9054054054054054,0.13432835820895522,67,balanced_accuracy,0.7717948717948717,0.8160919540229885,0.04429708222811679,0.04555609927390991,0.855,0.13800795263824192,False
hoptimus,aleatoric_hoptimus,0.8,age,70+,74,0.9054054054054054,0.13432835820895522,67,sensitivity,0.6666666666666666,0.6666666666666666,0.0,0.002807142857142897,0.441,0.2702968917923834,False
hoptimus,aleatoric_hoptimus,0.8,age,70+,74,0.9054054054054054,0.13432835820895522,67,specificity,0.8769230769230769,0.9655172413793104,0.08859416445623347,0.08830505569067704,1.0,0.0610452767393252,True
hoptimus,aleatoric_hoptimus,0.8,age,70+,74,0.9054054054054054,0.13432835820895522,67,brier,0.07061978956277036,0.05682597145531326,-0.013793818107457098,-0.01374831439583564,0.127,0.03233439218841163,False
hoptimus,aleatoric_hoptimus,0.8,age,70+,74,0.9054054054054054,0.13432835820895522,67,ece,0.09303491589594594,0.07364846397462685,-0.01938645192131909,-0.024554700643677915,0.047,0.039860563137900915,False
hoptimus,aleatoric_hoptimus,0.8,age,70+,74,0.9054054054054054,0.13432835820895522,67,cal_gap,0.0518775196797297,0.013042826362686583,-0.03883469331704312,-0.0384938174012875,0.011,0.04509220818509585,False
hoptimus,aleatoric_hoptimus,0.8,age,70+,74,0.9054054054054054,0.13432835820895522,67,accuracy,0.8513513513513513,0.9253731343283582,0.0740217829770069,0.0740453875273952,0.999,0.060790499047430356,True
hoptimus,aleatoric_hoptimus,0.8,age,70+,74,0.9054054054054054,0.13432835820895522,67,ppv,0.42857142857142855,0.75,0.32142857142857145,0.32263691031191033,1.0,0.20995980871330555,True
hoptimus,aleatoric_hoptimus,0.8,age,70+,74,0.9054054054054054,0.13432835820895522,67,npv,0.95,0.9491525423728814,-0.0008474576271185752,-0.0006391129848773991,0.519,0.04163850100737636,False
hoptimus,aleatoric_hoptimus,0.8,age,70+,74,0.9054054054054054,0.13432835820895522,67,f1,0.5217391304347826,0.7058823529411765,0.18414322250639392,0.18951499736634347,0.996,0.20241964361088663,False
hoptimus,aleatoric_hoptimus,0.8,race,white,632,0.7863924050632911,0.4949698189134809,497,auroc,0.9324460576729179,0.956790723285719,0.02434466561280113,0.02448674104779991,1.0,0.014841300089568785,True
hoptimus,aleatoric_hoptimus,0.8,race,white,632,0.7863924050632911,0.4949698189134809,497,auprc,0.9351517771230581,0.9537006999489981,0.018548922825940006,0.01845610239777351,0.998,0.017370864552519863,True
hoptimus,aleatoric_hoptimus,0.8,race,white,632,0.7863924050632911,0.4949698189134809,497,bss,0.5445399695375875,0.7203503372807581,0.1758103677431706,0.17633165361610292,1.0,0.05398242644014891,True
hoptimus,aleatoric_hoptimus,0.8,race,white,632,0.7863924050632911,0.4949698189134809,497,balanced_accuracy,0.8651340996168582,0.9193065137822694,0.05417241416541119,0.05418169295061037,1.0,0.02007155087532791,True
hoptimus,aleatoric_hoptimus,0.8,race,white,632,0.7863924050632911,0.4949698189134809,497,sensitivity,0.8888888888888888,0.8983739837398373,0.009485094850948506,0.009445884274219662,0.852,0.02392884136148047,False
hoptimus,aleatoric_hoptimus,0.8,race,white,632,0.7863924050632911,0.4949698189134809,497,specificity,0.8413793103448276,0.9402390438247012,0.09885973347987365,0.09891750162700108,1.0,0.0320480945584202,True
hoptimus,aleatoric_hoptimus,0.8,race,white,632,0.7863924050632911,0.4949698189134809,497,brier,0.11309417015818295,0.06990533978220351,-0.04318883037597944,-0.04325037857745691,0.0,0.013183379140481568,True
hoptimus,aleatoric_hoptimus,0.8,race,white,632,0.7863924050632911,0.4949698189134809,497,ece,0.08102827060912976,0.04546136234400406,-0.0355669082651257,-0.03630183822476905,0.0,0.018164406553245634,True
hoptimus,aleatoric_hoptimus,0.8,race,white,632,0.7863924050632911,0.4949698189134809,497,cal_gap,-0.07186096617875004,-0.03270770600597589,0.03915326017277415,0.039382666128889535,1.0,0.01879679891418822,True
hoptimus,aleatoric_hoptimus,0.8,race,white,632,0.7863924050632911,0.4949698189134809,497,accuracy,0.8670886075949367,0.9195171026156942,0.052428495020757526,0.05240671269373298,1.0,0.019678051358853955,True
hoptimus,aleatoric_hoptimus,0.8,race,white,632,0.7863924050632911,0.4949698189134809,497,ppv,0.8685714285714285,0.9364406779661016,0.06786924939467309,0.06768088241866832,1.0,0.026533423728667117,True
hoptimus,aleatoric_hoptimus,0.8,race,white,632,0.7863924050632911,0.4949698189134809,497,npv,0.8652482269503546,0.9042145593869731,0.03896633243661851,0.03915047998683596,1.0,0.028431883325687343,True
hoptimus,aleatoric_hoptimus,0.8,race,white,632,0.7863924050632911,0.4949698189134809,497,f1,0.8786127167630058,0.91701244813278,0.03839973136977426,0.03832396911342606,1.0,0.019105952243270996,True
hoptimus,aleatoric_hoptimus,0.8,race,black or african american,44,0.9090909090909091,0.325,40,auroc,0.8781609195402299,0.8774928774928775,-0.0006680420473523796,-0.000795222134128748,0.562,0.09430617923435672,False
hoptimus,aleatoric_hoptimus,0.8,race,black or african american,44,0.9090909090909091,0.325,40,auprc,0.8039193895772843,0.8049392286948849,0.0010198391176006183,-0.00036827912613868197,0.52,0.15475849780953224,False
hoptimus,aleatoric_hoptimus,0.8,race,black or african american,44,0.9090909090909091,0.325,40,bss,0.47406748940165655,0.4779381709943331,0.0038706815926765614,0.008698496450098514,0.567,0.28578116430266703,False
hoptimus,aleatoric_hoptimus,0.8,race,black or african american,44,0.9090909090909091,0.325,40,balanced_accuracy,0.864367816091954,0.8675213675213675,0.003153551429413537,0.002799638818673955,0.559,0.08324962234672259,False
hoptimus,aleatoric_hoptimus,0.8,race,black or african american,44,0.9090909090909091,0.325,40,sensitivity,0.8666666666666667,0.8461538461538461,-0.02051282051282055,-0.02080589965589974,0.334,0.13559265391322067,False
hoptimus,aleatoric_hoptimus,0.8,race,black or african american,44,0.9090909090909091,0.325,40,specificity,0.8620689655172413,0.8888888888888888,0.026819923371647514,0.02640517729324776,0.804,0.09472005378270514,False
hoptimus,aleatoric_hoptimus,0.8,race,black or african american,44,0.9090909090909091,0.325,40,brier,0.11817181927183854,0.11452731373811817,-0.003644505533720366,-0.0036462784894606692,0.389,0.06243401804798695,False
hoptimus,aleatoric_hoptimus,0.8,race,black or african american,44,0.9090909090909091,0.325,40,ece,0.0895120977659091,0.08374419004250001,-0.005767907723409085,-0.01899933994474802,0.204,0.06502683404654022,False
hoptimus,aleatoric_hoptimus,0.8,race,black or african american,44,0.9090909090909091,0.325,40,cal_gap,0.009954499506818149,0.0138618324575,0.003907332950681852,0.003688877914082525,0.572,0.0775351906178587,False
hoptimus,aleatoric_hoptimus,0.8,race,black or african american,44,0.9090909090909091,0.325,40,accuracy,0.8636363636363636,0.875,0.011363636363636354,0.011074228571041234,0.651,0.07604831914618294,False
hoptimus,aleatoric_hoptimus,0.8,race,black or african american,44,0.9090909090909091,0.325,40,ppv,0.7647058823529411,0.7857142857142857,0.021008403361344574,0.021014824228059448,0.627,0.1602466065449369,False
hoptimus,aleatoric_hoptimus,0.8,race,black or african american,44,0.9090909090909091,0.325,40,npv,0.9259259259259259,0.9230769230769231,-0.002849002849002802,-0.003104693809590553,0.615,0.07530988511616502,False
hoptimus,aleatoric_hoptimus,0.8,race,black or african american,44,0.9090909090909091,0.325,40,f1,0.8125,0.8148148148148148,0.0023148148148147696,0.0036127185571974696,0.486,0.11509950153978363,False
hoptimus,aleatoric_hoptimus,0.7,sex,female,300,0.6166666666666667,0.4702702702702703,185,auroc,0.9208080808080807,0.9517945109078114,0.030986430099730677,0.03090818846400023,0.993,0.03597868608596898,False
hoptimus,aleatoric_hoptimus,0.7,sex,female,300,0.6166666666666667,0.4702702702702703,185,auprc,0.9254302348758091,0.9475641910534436,0.022133956177634473,0.021662764445317895,0.929,0.04235838624381456,False
hoptimus,aleatoric_hoptimus,0.7,sex,female,300,0.6166666666666667,0.4702702702702703,185,bss,0.5115901431445258,0.7333267914786722,0.2217366483341464,0.22228310954241892,1.0,0.12602163203153813,True
hoptimus,aleatoric_hoptimus,0.7,sex,female,300,0.6166666666666667,0.4702702702702703,185,balanced_accuracy,0.8609427609427609,0.9278676988036594,0.06692493786089848,0.0663073286659489,1.0,0.04430451033624975,True
hoptimus,aleatoric_hoptimus,0.7,sex,female,300,0.6166666666666667,0.4702702702702703,185,sensitivity,0.8848484848484849,0.896551724137931,0.011703239289446166,0.011498951106902466,0.715,0.057089984149083006,False
hoptimus,aleatoric_hoptimus,0.7,sex,female,300,0.6166666666666667,0.4702702702702703,185,specificity,0.837037037037037,0.9591836734693877,0.12214663643235069,0.12111570622499523,1.0,0.069394724473518,True
hoptimus,aleatoric_hoptimus,0.7,sex,female,300,0.6166666666666667,0.4702702702702703,185,brier,0.12088143957172988,0.06643260119365495,-0.05444883837807493,-0.05427860164829877,0.0,0.03055420506080345,True
hoptimus,aleatoric_hoptimus,0.7,sex,female,300,0.6166666666666667,0.4702702702702703,185,ece,0.09258969143646673,0.045904991761837904,-0.04668469967462882,-0.05154426458748777,0.0,0.03941171160940614,True
hoptimus,aleatoric_hoptimus,0.7,sex,female,300,0.6166666666666667,0.4702702702702703,185,cal_gap,-0.07687204163646671,-0.026127629599675628,0.05074441203679109,0.0512171565620439,0.999,0.04162758634871822,True
hoptimus,aleatoric_hoptimus,0.7,sex,female,300,0.6166666666666667,0.4702702702702703,185,accuracy,0.8633333333333333,0.9297297297297298,0.0663963963963965,0.06578457639864566,1.0,0.04371274895548816,True
hoptimus,aleatoric_hoptimus,0.7,sex,female,300,0.6166666666666667,0.4702702702702703,185,ppv,0.8690476190476191,0.9512195121951219,0.08217189314750284,0.08111703663231651,1.0,0.05713359361222623,True
hoptimus,aleatoric_hoptimus,0.7,sex,female,300,0.6166666666666667,0.4702702702702703,185,npv,0.8560606060606061,0.912621359223301,0.05656075316269493,0.05645010258595473,0.993,0.06860450035777715,False
hoptimus,aleatoric_hoptimus,0.7,sex,female,300,0.6166666666666667,0.4702702702702703,185,f1,0.8768768768768769,0.9230769230769231,0.04620004620004625,0.04577168611249405,0.999,0.04266896172759784,True
hoptimus,aleatoric_hoptimus,0.7,sex,male,407,0.6363636363636364,0.41312741312741313,259,auroc,0.9340287839273641,0.9696261682242991,0.03559738429693504,0.0352266437536114,1.0,0.02627612900217545,True
hoptimus,aleatoric_hoptimus,0.7,sex,male,407,0.6363636363636364,0.41312741312741313,259,auprc,0.9290706229211653,0.965686405266361,0.03661578234519569,0.036084525383709765,1.0,0.03212283668026658,True
hoptimus,aleatoric_hoptimus,0.7,sex,male,407,0.6363636363636364,0.41312741312741313,259,bss,0.5615041426226849,0.821618892266188,0.2601147496435031,0.2588584282252532,1.0,0.09535083748982674,True
hoptimus,aleatoric_hoptimus,0.7,sex,male,407,0.6363636363636364,0.41312741312741313,259,balanced_accuracy,0.8673814353327538,0.9522257747171667,0.08484433938441294,0.08466472300321892,1.0,0.03598372511418614,True
hoptimus,aleatoric_hoptimus,0.7,sex,male,407,0.6363636363636364,0.41312741312741313,259,sensitivity,0.8916256157635468,0.9439252336448598,0.05229961788131299,0.05192938619700649,0.999,0.04723899866635391,True
hoptimus,aleatoric_hoptimus,0.7,sex,male,407,0.6363636363636364,0.41312741312741313,259,specificity,0.8431372549019608,0.9605263157894737,0.11738906088751289,0.11740005980943136,1.0,0.05555020972702349,True
hoptimus,aleatoric_hoptimus,0.7,sex,male,407,0.6363636363636364,0.41312741312741313,259,brier,0.10962330255968566,0.0432490621216547,-0.06637424043803097,-0.06589585437274101,0.0,0.023770740229766288,True
hoptimus,aleatoric_hoptimus,0.7,sex,male,407,0.6363636363636364,0.41312741312741313,259,ece,0.06612670043029485,0.021564171197413155,-0.0445625292328817,-0.05032029342711137,0.0,0.03103283478366436,True
hoptimus,aleatoric_hoptimus,0.7,sex,male,407,0.6363636363636364,0.41312741312741313,259,cal_gap,-0.05417771674479116,-0.001270779228301211,0.05290693751648995,0.05217303132655562,1.0,0.03553293568567711,True
hoptimus,aleatoric_hoptimus,0.7,sex,male,407,0.6363636363636364,0.41312741312741313,259,accuracy,0.8673218673218673,0.9536679536679536,0.08634608634608631,0.08618335128891463,1.0,0.035924819960810594,True
hoptimus,aleatoric_hoptimus,0.7,sex,male,407,0.6363636363636364,0.41312741312741313,259,ppv,0.8497652582159625,0.9439252336448598,0.09415997542889731,0.09450544676821204,1.0,0.05236228589007037,True
hoptimus,aleatoric_hoptimus,0.7,sex,male,407,0.6363636363636364,0.41312741312741313,259,npv,0.8865979381443299,0.9605263157894737,0.07392837764514382,0.073231150570643,1.0,0.04905106644020909,True
hoptimus,aleatoric_hoptimus,0.7,sex,male,407,0.6363636363636364,0.41312741312741313,259,f1,0.8701923076923077,0.9439252336448598,0.0737329259525521,0.07389883164832389,1.0,0.03749523482152917,True
hoptimus,aleatoric_hoptimus,0.7,age,20-39,219,0.5205479452054794,0.8333333333333334,114,auroc,0.8512700534759358,0.9213296398891967,0.07005958641326093,0.07008972365816868,0.982,0.094279467615329,False
hoptimus,aleatoric_hoptimus,0.7,age,20-39,219,0.5205479452054794,0.8333333333333334,114,auprc,0.9629866690796748,0.9760055296926226,0.013018860612947769,0.012576263545445054,0.854,0.031267091610730845,False
hoptimus,aleatoric_hoptimus,0.7,age,20-39,219,0.5205479452054794,0.8333333333333334,114,bss,-0.15705475343697084,0.4754584079723836,0.6325131614093544,0.6551335502889701,1.0,0.4652463953807635,True
hoptimus,aleatoric_hoptimus,0.7,age,20-39,219,0.5205479452054794,0.8333333333333334,114,balanced_accuracy,0.7616978609625669,0.8894736842105263,0.12777582324795944,0.12838364516728418,0.999,0.10370610400870496,True
hoptimus,aleatoric_hoptimus,0.7,age,20-39,219,0.5205479452054794,0.8333333333333334,114,sensitivity,0.8983957219251337,0.9368421052631579,0.03844638333802419,0.03915589605660186,0.989,0.04733621496462534,False
hoptimus,aleatoric_hoptimus,0.7,age,20-39,219,0.5205479452054794,0.8333333333333334,114,specificity,0.625,0.8421052631578947,0.2171052631578947,0.21761139427796672,0.996,0.20283319729471885,True
hoptimus,aleatoric_hoptimus,0.7,age,20-39,219,0.5205479452054794,0.8333333333333334,114,brier,0.14436345456864605,0.0728529988927245,-0.07151045567592156,-0.07176480493216734,0.0,0.03534597678963362,True
hoptimus,aleatoric_hoptimus,0.7,age,20-39,219,0.5205479452054794,0.8333333333333334,114,ece,0.16566178248995436,0.047899666528947435,-0.11776211596100693,-0.12159361570173728,0.0,0.047687493625137904,True
hoptimus,aleatoric_hoptimus,0.7,age,20-39,219,0.5205479452054794,0.8333333333333334,114,cal_gap,-0.16566178248995433,-0.0456665261780701,0.11999525631188424,0.12064654878922865,1.0,0.04979947501041647,True
hoptimus,aleatoric_hoptimus,0.7,age,20-39,219,0.5205479452054794,0.8333333333333334,114,accuracy,0.8584474885844748,0.9210526315789473,0.0626051429944725,0.06304289398365981,1.0,0.049848393096499986,True
hoptimus,aleatoric_hoptimus,0.7,age,20-39,219,0.5205479452054794,0.8333333333333334,114,ppv,0.9333333333333333,0.967391304347826,0.034057971014492705,0.03376487441601572,0.988,0.0401435706086617,False
hoptimus,aleatoric_hoptimus,0.7,age,20-39,219,0.5205479452054794,0.8333333333333334,114,npv,0.5128205128205128,0.7272727272727273,0.21445221445221452,0.2178454224323132,0.999,0.18498504851110809,True
hoptimus,aleatoric_hoptimus,0.7,age,20-39,219,0.5205479452054794,0.8333333333333334,114,f1,0.9155313351498637,0.9518716577540107,0.03634032260414699,0.0366985932029793,1.0,0.03169743088734168,True
hoptimus,aleatoric_hoptimus,0.7,age,40-54,221,0.6515837104072398,0.4930555555555556,144,auroc,0.944611528822055,0.9702874782944241,0.025675949472369064,0.0260438440050077,0.992,0.030669056650864484,False
hoptimus,aleatoric_hoptimus,0.7,age,40-54,221,0.6515837104072398,0.4930555555555556,144,auprc,0.9584265123545683,0.9775870300692938,0.01916051771472549,0.019404658341926284,0.986,0.02616118597063323,False
hoptimus,aleatoric_hoptimus,0.7,age,40-54,221,0.6515837104072398,0.4930555555555556,144,bss,0.5589075274625653,0.8157740146749926,0.2568664872124272,0.25967148724090416,1.0,0.136013018743328,True
hoptimus,aleatoric_hoptimus,0.7,age,40-54,221,0.6515837104072398,0.4930555555555556,144,balanced_accuracy,0.8905179615705932,0.9508971638047463,0.06037920223415316,0.0608218963942061,1.0,0.04393301550763715,True
hoptimus,aleatoric_hoptimus,0.7,age,40-54,221,0.6515837104072398,0.4930555555555556,144,sensitivity,0.8968253968253969,0.9154929577464789,0.018667560921082016,0.018768992583451216,0.812,0.05862943893025745,False
hoptimus,aleatoric_hoptimus,0.7,age,40-54,221,0.6515837104072398,0.4930555555555556,144,specificity,0.8842105263157894,0.9863013698630136,0.1020908435472242,0.10287480020496109,1.0,0.0684932310672956,True
hoptimus,aleatoric_hoptimus,0.7,age,40-54,221,0.6515837104072398,0.4930555555555556,144,brier,0.10810337413798024,0.04604761197624969,-0.06205576216173055,-0.06235926151358503,0.0,0.031911355349281474,True
hoptimus,aleatoric_hoptimus,0.7,age,40-54,221,0.6515837104072398,0.4930555555555556,144,ece,0.09299627634660634,0.035317872990277756,-0.05767840335632859,-0.06251627220109712,0.0,0.043282727615727566,True
hoptimus,aleatoric_hoptimus,0.7,age,40-54,221,0.6515837104072398,0.4930555555555556,144,cal_gap,-0.09299627634660623,-0.03531787299027778,0.057678403356328456,0.05752123315178158,0.999,0.045910706849185745,True
hoptimus,aleatoric_hoptimus,0.7,age,40-54,221,0.6515837104072398,0.4930555555555556,144,accuracy,0.8914027149321267,0.9513888888888888,0.05998617395676209,0.060400742383895256,1.0,0.043038800642056195,True
hoptimus,aleatoric_hoptimus,0.7,age,40-54,221,0.6515837104072398,0.4930555555555556,144,ppv,0.9112903225806451,0.9848484848484849,0.07355816226783973,0.07400105222906617,1.0,0.05329989174836919,True
hoptimus,aleatoric_hoptimus,0.7,age,40-54,221,0.6515837104072398,0.4930555555555556,144,npv,0.865979381443299,0.9230769230769231,0.05709754163362413,0.057558203559072374,0.981,0.07522334934575559,False
hoptimus,aleatoric_hoptimus,0.7,age,40-54,221,0.6515837104072398,0.4930555555555556,144,f1,0.904,0.948905109489051,0.04490510948905102,0.045387145397055795,1.0,0.040430955947545796,True
hoptimus,aleatoric_hoptimus,0.7,age,55-69,189,0.6984126984126984,0.1893939393939394,132,auroc,0.9049060210258044,0.9177570093457944,0.012850988319989987,0.012032569362949497,0.68,0.06460012789128167,False
hoptimus,aleatoric_hoptimus,0.7,age,55-69,189,0.6984126984126984,0.1893939393939394,132,auprc,0.7712587844474863,0.8199513885629269,0.04869260411544063,0.04582537365817663,0.809,0.14424691469479733,False
hoptimus,aleatoric_hoptimus,0.7,age,55-69,189,0.6984126984126984,0.1893939393939394,132,bss,0.42717332054963797,0.6663136733073695,0.2391403527577315,0.24293408431453933,0.999,0.2288577839413896,True
hoptimus,aleatoric_hoptimus,0.7,age,55-69,189,0.6984126984126984,0.1893939393939394,132,balanced_accuracy,0.8548900923861102,0.9213084112149532,0.06641831882884297,0.06542872528508803,0.999,0.06721604904769891,False
hoptimus,aleatoric_hoptimus,0.7,age,55-69,189,0.6984126984126984,0.1893939393939394,132,sensitivity,0.8604651162790697,0.88,0.019534883720930263,0.01805579927304435,0.658,0.11628870972137252,False
hoptimus,aleatoric_hoptimus,0.7,age,55-69,189,0.6984126984126984,0.1893939393939394,132,specificity,0.8493150684931506,0.9626168224299065,0.1133017539367559,0.11280165129713149,1.0,0.06475371042180579,True
hoptimus,aleatoric_hoptimus,0.7,age,55-69,189,0.6984126984126984,0.1893939393939394,132,brier,0.10067483815093006,0.05122881794667049,-0.049446020204259575,-0.049244611160991256,0.0,0.03601146754608657,True
hoptimus,aleatoric_hoptimus,0.7,age,55-69,189,0.6984126984126984,0.1893939393939394,132,ece,0.06608355690195765,0.031210089783863623,-0.034873467118094026,-0.04976415517957054,0.001,0.04210271925124931,True
hoptimus,aleatoric_hoptimus,0.7,age,55-69,189,0.6984126984126984,0.1893939393939394,132,cal_gap,0.04506775659010587,0.017568223549469686,-0.02749953304063618,-0.027846243646285594,0.071,0.05023064893345879,False
hoptimus,aleatoric_hoptimus,0.7,age,55-69,189,0.6984126984126984,0.1893939393939394,132,accuracy,0.8518518518518519,0.946969696969697,0.09511784511784516,0.09445022109273471,1.0,0.05677719662601974,True
hoptimus,aleatoric_hoptimus,0.7,age,55-69,189,0.6984126984126984,0.1893939393939394,132,ppv,0.6271186440677966,0.8461538461538461,0.21903520208604954,0.2182850960146998,1.0,0.14312044716809239,True
hoptimus,aleatoric_hoptimus,0.7,age,55-69,189,0.6984126984126984,0.1893939393939394,132,npv,0.9538461538461539,0.9716981132075472,0.017851959361393277,0.01731842907451797,0.857,0.03976648329302399,False
hoptimus,aleatoric_hoptimus,0.7,age,55-69,189,0.6984126984126984,0.1893939393939394,132,f1,0.7254901960784313,0.8627450980392157,0.13725490196078438,0.13749100646987156,1.0,0.112452529533178,True
hoptimus,aleatoric_hoptimus,0.7,age,70+,74,0.7297297297297297,0.05555555555555555,54,auroc,0.9435897435897436,0.9934640522875816,0.04987430869783804,0.049126209215308636,0.984,0.0635115622811251,False
hoptimus,aleatoric_hoptimus,0.7,age,70+,74,0.7297297297297297,0.05555555555555555,54,auprc,0.7023670286828181,0.9166666666666665,0.21429963798384843,0.20112766980976526,0.969,0.329103772247569,False
hoptimus,aleatoric_hoptimus,0.7,age,70+,74,0.7297297297297297,0.05555555555555555,54,bss,0.338950482656871,0.367093055403408,0.028142572746536976,0.061005666460549,0.583,0.6649410692939344,False
hoptimus,aleatoric_hoptimus,0.7,age,70+,74,0.7297297297297297,0.05555555555555555,54,balanced_accuracy,0.7717948717948717,0.9803921568627452,0.20859728506787345,0.20443916634698345,0.999,0.20455466333622038,False
hoptimus,aleatoric_hoptimus,0.7,age,70+,74,0.7297297297297297,0.05555555555555555,54,sensitivity,0.6666666666666666,1.0,0.33333333333333337,0.3252857142857144,0.936,0.4011466549948359,False
hoptimus,aleatoric_hoptimus,0.7,age,70+,74,0.7297297297297297,0.05555555555555555,54,specificity,0.8769230769230769,0.9607843137254902,0.08386123680241331,0.08359261840825238,0.998,0.08749640441381791,False
hoptimus,aleatoric_hoptimus,0.7,age,70+,74,0.7297297297297297,0.05555555555555555,54,brier,0.07061978956277036,0.033208080426364396,-0.037411709136405964,-0.03728046170050229,0.023,0.04859561439827687,False
hoptimus,aleatoric_hoptimus,0.7,age,70+,74,0.7297297297297297,0.05555555555555555,54,ece,0.09303491589594594,0.052037201672222214,-0.040997714223723725,-0.05138809165258987,0.002,0.0544336472349351,False
hoptimus,aleatoric_hoptimus,0.7,age,70+,74,0.7297297297297297,0.05555555555555555,54,cal_gap,0.0518775196797297,0.05203720167222223,0.00015968199249252746,-0.0006699531400442132,0.499,0.06601665559148125,False
hoptimus,aleatoric_hoptimus,0.7,age,70+,74,0.7297297297297297,0.05555555555555555,54,accuracy,0.8513513513513513,0.9629629629629629,0.1116116116116116,0.11060332073406032,0.999,0.08944779757171474,True
hoptimus,aleatoric_hoptimus,0.7,age,70+,74,0.7297297297297297,0.05555555555555555,54,ppv,0.42857142857142855,0.6,0.17142857142857143,0.1699773837273837,0.941,0.29618911882152127,False
hoptimus,aleatoric_hoptimus,0.7,age,70+,74,0.7297297297297297,0.05555555555555555,54,npv,0.95,1.0,0.050000000000000044,0.04909290990146109,0.936,0.0632458000504334,False
hoptimus,aleatoric_hoptimus,0.7,age,70+,74,0.7297297297297297,0.05555555555555555,54,f1,0.5217391304347826,0.75,0.2282608695652174,0.23245140499335548,0.993,0.289832878480398,False
hoptimus,aleatoric_hoptimus,0.7,race,white,632,0.6234177215189873,0.4593908629441624,394,auroc,0.9324460576729179,0.9662023707623272,0.033756313089409296,0.03353880115426533,1.0,0.02135552655488681,True
hoptimus,aleatoric_hoptimus,0.7,race,white,632,0.6234177215189873,0.4593908629441624,394,auprc,0.9351517771230581,0.9624183421108518,0.027266564987793673,0.027082631596850537,1.0,0.025259773995891358,True
hoptimus,aleatoric_hoptimus,0.7,race,white,632,0.6234177215189873,0.4593908629441624,394,bss,0.5445399695375875,0.8075062435844093,0.2629662740468217,0.262349817712921,1.0,0.07988962109501303,True
hoptimus,aleatoric_hoptimus,0.7,race,white,632,0.6234177215189873,0.4593908629441624,394,balanced_accuracy,0.8651340996168582,0.9480714860062771,0.08293738638941894,0.08236924370557286,1.0,0.030403635642392964,True
hoptimus,aleatoric_hoptimus,0.7,race,white,632,0.6234177215189873,0.4593908629441624,394,sensitivity,0.8888888888888888,0.9337016574585635,0.044812768569674644,0.04383423186037738,0.997,0.03882286331003232,True
hoptimus,aleatoric_hoptimus,0.7,race,white,632,0.6234177215189873,0.4593908629441624,394,specificity,0.8413793103448276,0.9624413145539906,0.12106200420916302,0.12090425555076822,1.0,0.04610741541250259,True
hoptimus,aleatoric_hoptimus,0.7,race,white,632,0.6234177215189873,0.4593908629441624,394,brier,0.11309417015818295,0.04780599726281448,-0.06528817289536847,-0.06501180686597552,0.0,0.01956371366855741,True
hoptimus,aleatoric_hoptimus,0.7,race,white,632,0.6234177215189873,0.4593908629441624,394,ece,0.08102827060912976,0.02608900219535538,-0.054939268413774375,-0.05684919224948119,0.0,0.027147245917177213,True
hoptimus,aleatoric_hoptimus,0.7,race,white,632,0.6234177215189873,0.4593908629441624,394,cal_gap,-0.07186096617875004,-0.012109430469466997,0.059751535709283043,0.059704347761526874,1.0,0.02802641773347184,True
hoptimus,aleatoric_hoptimus,0.7,race,white,632,0.6234177215189873,0.4593908629441624,394,accuracy,0.8670886075949367,0.949238578680203,0.08214997108526634,0.081546327601426,1.0,0.030195686939006868,True
hoptimus,aleatoric_hoptimus,0.7,race,white,632,0.6234177215189873,0.4593908629441624,394,ppv,0.8685714285714285,0.9548022598870056,0.08623083131557707,0.08597407932467505,1.0,0.04003135373898472,True
hoptimus,aleatoric_hoptimus,0.7,race,white,632,0.6234177215189873,0.4593908629441624,394,npv,0.8652482269503546,0.9447004608294931,0.07945223387913847,0.07842103354629582,1.0,0.045605701195051127,True
hoptimus,aleatoric_hoptimus,0.7,race,white,632,0.6234177215189873,0.4593908629441624,394,f1,0.8786127167630058,0.9441340782122905,0.06552136144928467,0.06500675851904991,1.0,0.030008102316425606,True
hoptimus,aleatoric_hoptimus,0.7,race,black or african american,44,0.75,0.24242424242424243,33,auroc,0.8781609195402299,0.865,-0.01316091954022991,-0.013001793908793746,0.4229607250755287,0.13852601194738873,False
hoptimus,aleatoric_hoptimus,0.7,race,black or african american,44,0.75,0.24242424242424243,33,auprc,0.8039193895772843,0.7996182058682059,-0.004301183709078393,-0.009736490409664511,0.43705941591137965,0.22420237954493008,False
hoptimus,aleatoric_hoptimus,0.7,race,black or african american,44,0.75,0.24242424242424243,33,bss,0.47406748940165655,0.37821880993549306,-0.09584867946616349,-0.08489525572502471,0.3001007049345418,0.4446749442955858,False
hoptimus,aleatoric_hoptimus,0.7,race,black or african american,44,0.75,0.24242424242424243,33,balanced_accuracy,0.864367816091954,0.835,-0.029367816091954047,-0.029424385227970973,0.2688821752265861,0.12565905516651613,False
hoptimus,aleatoric_hoptimus,0.7,race,black or african american,44,0.75,0.24242424242424243,33,sensitivity,0.8666666666666667,0.75,-0.1166666666666667,-0.11795197641119104,0.01812688821752266,0.20658145813862197,False
hoptimus,aleatoric_hoptimus,0.7,race,black or african american,44,0.75,0.24242424242424243,33,specificity,0.8620689655172413,0.92,0.057931034482758714,0.059103205955249316,0.8630412890231621,0.14357255549328998,False
hoptimus,aleatoric_hoptimus,0.7,race,black or african american,44,0.75,0.24242424242424243,33,brier,0.11817181927183854,0.1141930560265394,-0.003978763245299138,-0.004142294791386364,0.4340382678751259,0.09364600673273596,False
hoptimus,aleatoric_hoptimus,0.7,race,black or african american,44,0.75,0.24242424242424243,33,ece,0.0895120977659091,0.09577015247575757,0.006258054709848471,-0.020017088055892862,0.2849949647532729,0.09089243714576649,False
hoptimus,aleatoric_hoptimus,0.7,race,black or african american,44,0.75,0.24242424242424243,33,cal_gap,0.009954499506818149,0.01106426449393938,0.0011097649871212312,0.0006312795663468897,0.5287009063444109,0.11432785882057174,False
hoptimus,aleatoric_hoptimus,0.7,race,black or african american,44,0.75,0.24242424242424243,33,accuracy,0.8636363636363636,0.8787878787878788,0.015151515151515138,0.015193365719573082,0.6445115810674723,0.11451072793827616,False
hoptimus,aleatoric_hoptimus,0.7,race,black or african american,44,0.75,0.24242424242424243,33,ppv,0.7647058823529411,0.75,-0.014705882352941124,-0.01451046296212466,0.3806646525679758,0.2422987524120605,False
hoptimus,aleatoric_hoptimus,0.7,race,black or african american,44,0.75,0.24242424242424243,33,npv,0.9259259259259259,0.92,-0.00592592592592589,-0.006393394974534061,0.4068479355488419,0.11425287080349783,False
hoptimus,aleatoric_hoptimus,0.7,race,black or african american,44,0.75,0.24242424242424243,33,f1,0.8125,0.75,-0.0625,-0.059821197079049204,0.14904330312185296,0.17995441880524415,False
uni2+hoptimus,entropy_uni2,0.9,sex,female,300,0.7033333333333334,0.5355450236966824,211,auroc,0.9459932659932659,0.9762506772620553,0.030257411268789336,0.031159373424506254,1.0,0.022883131747175885,True
uni2+hoptimus,entropy_uni2,0.9,sex,female,300,0.7033333333333334,0.5355450236966824,211,auprc,0.9471574516001137,0.9710703502542999,0.02391289865418622,0.024596923205285504,0.987,0.028569039756503815,False
uni2+hoptimus,entropy_uni2,0.9,sex,female,300,0.7033333333333334,0.5355450236966824,211,bss,0.6197126207002208,0.851207860470237,0.23149523977001618,0.23540635184373626,1.0,0.08045851161071883,True
uni2+hoptimus,entropy_uni2,0.9,sex,female,300,0.7033333333333334,0.5355450236966824,211,balanced_accuracy,0.8754208754208754,0.9612154596351815,0.08579458421430608,0.08690174886733959,1.0,0.033100206987820825,True
uni2+hoptimus,entropy_uni2,0.9,sex,female,300,0.7033333333333334,0.5355450236966824,211,sensitivity,0.8545454545454545,0.9734513274336283,0.11890587288817378,0.12009745235827218,1.0,0.047622521208510425,True
uni2+hoptimus,entropy_uni2,0.9,sex,female,300,0.7033333333333334,0.5355450236966824,211,specificity,0.8962962962962963,0.9489795918367347,0.05268329554043849,0.053706045376406886,0.999,0.04558938512494895,True
uni2+hoptimus,entropy_uni2,0.9,sex,female,300,0.7033333333333334,0.5355450236966824,211,brier,0.09412112637669533,0.03701004364575359,-0.05711108273094174,-0.05792473102578192,0.0,0.019611229480501615,True
uni2+hoptimus,entropy_uni2,0.9,sex,female,300,0.7033333333333334,0.5355450236966824,211,ece,0.051460195445566674,0.02987617534440759,-0.021584020101159083,-0.029290200711682,0.0,0.025829378124485977,True
uni2+hoptimus,entropy_uni2,0.9,sex,female,300,0.7033333333333334,0.5355450236966824,211,cal_gap,-0.04666902851223331,-0.013704848064786668,0.032964180447446645,0.033263662859266845,1.0,0.029907675633196698,True
uni2+hoptimus,entropy_uni2,0.9,sex,female,300,0.7033333333333334,0.5355450236966824,211,accuracy,0.8733333333333333,0.9620853080568721,0.0887519747235388,0.08988482964380906,1.0,0.033448216262964695,True
uni2+hoptimus,entropy_uni2,0.9,sex,female,300,0.7033333333333334,0.5355450236966824,211,ppv,0.9096774193548387,0.9565217391304348,0.04684431977559611,0.04752417560707367,0.999,0.039390732721534635,True
uni2+hoptimus,entropy_uni2,0.9,sex,female,300,0.7033333333333334,0.5355450236966824,211,npv,0.8344827586206897,0.96875,0.13426724137931034,0.13592593246119478,1.0,0.053767917089087416,True
uni2+hoptimus,entropy_uni2,0.9,sex,female,300,0.7033333333333334,0.5355450236966824,211,f1,0.88125,0.9649122807017544,0.08366228070175441,0.08473755283426165,1.0,0.0331427996489776,True
uni2+hoptimus,entropy_uni2,0.9,sex,male,407,0.7297297297297297,0.4781144781144781,297,auroc,0.9530087897227858,0.975329395729214,0.022320606006428156,0.022200469626997732,0.999,0.017335157224998864,True
uni2+hoptimus,entropy_uni2,0.9,sex,male,407,0.7297297297297297,0.4781144781144781,297,auprc,0.950700944109485,0.9750884964253327,0.02438755231584766,0.024281222983064343,0.999,0.020826364258156198,True
uni2+hoptimus,entropy_uni2,0.9,sex,male,407,0.7297297297297297,0.4781144781144781,297,bss,0.6628977707775051,0.8531965226718405,0.19029875189433543,0.19012381965712832,1.0,0.06126663132145822,True
uni2+hoptimus,entropy_uni2,0.9,sex,male,407,0.7297297297297297,0.4781144781144781,297,balanced_accuracy,0.8746498599439776,0.9636301681054067,0.0889803081614291,0.08888022591005895,1.0,0.028583950621861403,True
uni2+hoptimus,entropy_uni2,0.9,sex,male,407,0.7297297297297297,0.4781144781144781,297,sensitivity,0.8571428571428571,0.9788732394366197,0.12173038229376265,0.12228462190437916,1.0,0.04436597313643278,True
uni2+hoptimus,entropy_uni2,0.9,sex,male,407,0.7297297297297297,0.4781144781144781,297,specificity,0.8921568627450981,0.9483870967741935,0.05623023402909544,0.05547582991573852,1.0,0.03779280724821851,True
uni2+hoptimus,entropy_uni2,0.9,sex,male,407,0.7297297297297297,0.4781144781144781,297,brier,0.08427504854579235,0.036630553979670896,-0.04764449456612145,-0.04752522295707434,0.0,0.015296785426369142,True
uni2+hoptimus,entropy_uni2,0.9,sex,male,407,0.7297297297297297,0.4781144781144781,297,ece,0.05457768386470519,0.03173547992234012,-0.022842203942365073,-0.02859977722665541,0.0,0.021781062371833818,True
uni2+hoptimus,entropy_uni2,0.9,sex,male,407,0.7297297297297297,0.4781144781144781,297,cal_gap,-0.025824038351511203,0.0017631341984342686,0.02758717254994547,0.02776545883159311,1.0,0.02527221304987555,True
uni2+hoptimus,entropy_uni2,0.9,sex,male,407,0.7297297297297297,0.4781144781144781,297,accuracy,0.8746928746928747,0.9629629629629629,0.0882700882700882,0.08815372642476527,1.0,0.02851396544465457,True
uni2+hoptimus,entropy_uni2,0.9,sex,male,407,0.7297297297297297,0.4781144781144781,297,ppv,0.8877551020408163,0.9455782312925171,0.057823129251700744,0.05753179689343835,1.0,0.03981126405107922,True
uni2+hoptimus,entropy_uni2,0.9,sex,male,407,0.7297297297297297,0.4781144781144781,297,npv,0.8625592417061612,0.98,0.11744075829383882,0.11738570416190097,1.0,0.042025931599324384,True
uni2+hoptimus,entropy_uni2,0.9,sex,male,407,0.7297297297297297,0.4781144781144781,297,f1,0.8721804511278195,0.9619377162629758,0.08975726513515625,0.0900224745546846,1.0,0.03119000145682749,True
uni2+hoptimus,entropy_uni2,0.9,age,20-39,219,0.6940639269406392,0.868421052631579,152,auroc,0.8664772727272727,0.8863636363636364,0.019886363636363646,0.018489094392733607,0.741,0.07515753193306177,False
uni2+hoptimus,entropy_uni2,0.9,age,20-39,219,0.6940639269406392,0.868421052631579,152,auprc,0.9645879981278647,0.9713725661567973,0.00678456802893268,0.006315150470887598,0.744,0.02746593229984871,False
uni2+hoptimus,entropy_uni2,0.9,age,20-39,219,0.6940639269406392,0.868421052631579,152,bss,0.10300191818998283,0.5446935957983977,0.4416916776084149,0.44532706969045405,1.0,0.2631025698193412,True
uni2+hoptimus,entropy_uni2,0.9,age,20-39,219,0.6940639269406392,0.868421052631579,152,balanced_accuracy,0.802807486631016,0.8636363636363636,0.06082887700534767,0.059239201615270076,0.995,0.07089004601761438,False
uni2+hoptimus,entropy_uni2,0.9,age,20-39,219,0.6940639269406392,0.868421052631579,152,sensitivity,0.8556149732620321,0.9772727272727273,0.12165775401069523,0.120909710083,1.0,0.04311247326698441,True
uni2+hoptimus,entropy_uni2,0.9,age,20-39,219,0.6940639269406392,0.868421052631579,152,specificity,0.75,0.75,0.0,-0.002431306852459847,0.444,0.1363235515886441,False
uni2+hoptimus,entropy_uni2,0.9,age,20-39,219,0.6940639269406392,0.868421052631579,152,brier,0.11191669317885662,0.052026008790349285,-0.05989068438850734,-0.05943674217158072,0.0,0.023725665224401202,True
uni2+hoptimus,entropy_uni2,0.9,age,20-39,219,0.6940639269406392,0.868421052631579,152,ece,0.13544073932716896,0.05170572405361844,-0.08373501527355053,-0.08581730478890774,0.0,0.032709026182103106,True
uni2+hoptimus,entropy_uni2,0.9,age,20-39,219,0.6940639269406392,0.868421052631579,152,cal_gap,-0.12733548654178084,-0.040027761158881514,0.08730772538289933,0.08718710985075728,1.0,0.036349395974800205,True
uni2+hoptimus,entropy_uni2,0.9,age,20-39,219,0.6940639269406392,0.868421052631579,152,accuracy,0.8401826484018264,0.9473684210526315,0.10718577265080509,0.10622415088645698,1.0,0.041251585786886605,True
uni2+hoptimus,entropy_uni2,0.9,age,20-39,219,0.6940639269406392,0.868421052631579,152,ppv,0.9523809523809523,0.9626865671641791,0.01030561478322678,0.00985292856657427,0.82,0.028997253510473848,False
uni2+hoptimus,entropy_uni2,0.9,age,20-39,219,0.6940639269406392,0.868421052631579,152,npv,0.47058823529411764,0.8333333333333334,0.36274509803921573,0.3608332972290871,1.0,0.12148705675593185,True
uni2+hoptimus,entropy_uni2,0.9,age,20-39,219,0.6940639269406392,0.868421052631579,152,f1,0.9014084507042254,0.9699248120300752,0.06851636132584982,0.0679934602990716,1.0,0.027686307542044486,True
uni2+hoptimus,entropy_uni2,0.9,age,40-54,221,0.746606334841629,0.5272727272727272,165,auroc,0.9588972431077695,0.9764220453875627,0.01752480227979325,0.01720239283580749,0.97,0.02341086668892243,False
uni2+hoptimus,entropy_uni2,0.9,age,40-54,221,0.746606334841629,0.5272727272727272,165,auprc,0.9666987505246587,0.9805627985602327,0.01386404803557395,0.013483028404189912,0.943,0.021937485099887497,False
uni2+hoptimus,entropy_uni2,0.9,age,40-54,221,0.746606334841629,0.5272727272727272,165,bss,0.6708504977675517,0.8510314118061086,0.18018091403855696,0.1803216901075968,1.0,0.09023998479072814,True
uni2+hoptimus,entropy_uni2,0.9,age,40-54,221,0.746606334841629,0.5272727272727272,165,balanced_accuracy,0.8944026733500418,0.9628647214854111,0.06846204813536938,0.06821040523935973,1.0,0.03464390937621203,True
uni2+hoptimus,entropy_uni2,0.9,age,40-54,221,0.746606334841629,0.5272727272727272,165,sensitivity,0.873015873015873,0.9770114942528736,0.10399562123700057,0.10411216554126557,1.0,0.05151304974433969,True
uni2+hoptimus,entropy_uni2,0.9,age,40-54,221,0.746606334841629,0.5272727272727272,165,specificity,0.9157894736842105,0.9487179487179487,0.03292847503373819,0.03230864493745411,0.963,0.04840430407964667,False
uni2+hoptimus,entropy_uni2,0.9,age,40-54,221,0.746606334841629,0.5272727272727272,165,brier,0.08066828160198207,0.037131343966345154,-0.043536937635636916,-0.04338920207377309,0.0,0.021577637883584196,True
uni2+hoptimus,entropy_uni2,0.9,age,40-54,221,0.746606334841629,0.5272727272727272,165,ece,0.05935710677850678,0.020281888145757574,-0.03907521863274921,-0.04921036874859103,0.0,0.026535320016970662,True
uni2+hoptimus,entropy_uni2,0.9,age,40-54,221,0.746606334841629,0.5272727272727272,165,cal_gap,-0.058333930353167474,-0.007772979503333333,0.05056095084983414,0.05120329438179651,1.0,0.03238918259815095,True
uni2+hoptimus,entropy_uni2,0.9,age,40-54,221,0.746606334841629,0.5272727272727272,165,accuracy,0.8914027149321267,0.9636363636363636,0.07223364870423687,0.07204790712368159,1.0,0.035284124459996145,True
uni2+hoptimus,entropy_uni2,0.9,age,40-54,221,0.746606334841629,0.5272727272727272,165,ppv,0.9322033898305084,0.9550561797752809,0.022852789944772467,0.022316237603510758,0.948,0.03940396766214234,False
uni2+hoptimus,entropy_uni2,0.9,age,40-54,221,0.746606334841629,0.5272727272727272,165,npv,0.8446601941747572,0.9736842105263158,0.12902401635155858,0.1292307588588344,1.0,0.062095867152547266,True
uni2+hoptimus,entropy_uni2,0.9,age,40-54,221,0.746606334841629,0.5272727272727272,165,f1,0.9016393442622951,0.9659090909090909,0.06426974664679586,0.06422293614080621,1.0,0.03395892837684737,True
uni2+hoptimus,entropy_uni2,0.9,age,55-69,189,0.6878306878306878,0.2153846153846154,130,auroc,0.9358075820324944,0.9719887955182073,0.036181213485712904,0.03567154961450658,0.988,0.03999539018421059,False
uni2+hoptimus,entropy_uni2,0.9,age,55-69,189,0.6878306878306878,0.2153846153846154,130,auprc,0.8634959728081295,0.962520307792047,0.0990243349839175,0.09800589392175552,0.999,0.07260588733566582,True
uni2+hoptimus,entropy_uni2,0.9,age,55-69,189,0.6878306878306878,0.2153846153846154,130,bss,0.5232922663911925,0.8678967596377607,0.34460449324656817,0.3454648371789719,1.0,0.1477562665243562,True
uni2+hoptimus,entropy_uni2,0.9,age,55-69,189,0.6878306878306878,0.2153846153846154,130,balanced_accuracy,0.8487575661038547,0.9723389355742297,0.12358136947037501,0.12336314656255842,1.0,0.057739815650678386,True
uni2+hoptimus,entropy_uni2,0.9,age,55-69,189,0.6878306878306878,0.2153846153846154,130,sensitivity,0.813953488372093,0.9642857142857143,0.15033222591362128,0.15062603978670908,0.999,0.10702917033580124,True
uni2+hoptimus,entropy_uni2,0.9,age,55-69,189,0.6878306878306878,0.2153846153846154,130,specificity,0.8835616438356164,0.9803921568627451,0.09683051302712864,0.09610025333840766,1.0,0.04781242729343786,True
uni2+hoptimus,entropy_uni2,0.9,age,55-69,189,0.6878306878306878,0.2153846153846154,130,brier,0.08378184125853402,0.02232466594523996,-0.06145717531329406,-0.061079750897213264,0.0,0.02367907613317102,True
uni2+hoptimus,entropy_uni2,0.9,age,55-69,189,0.6878306878306878,0.2153846153846154,130,ece,0.0657260946159524,0.03107718604934619,-0.03464890856660621,-0.042483448175922006,0.0,0.031637188993604855,True
uni2+hoptimus,entropy_uni2,0.9,age,55-69,189,0.6878306878306878,0.2153846153846154,130,cal_gap,0.06111597641489419,0.018126679433961568,-0.04298929698093262,-0.0429981410792926,0.0,0.035633403923309444,True
uni2+hoptimus,entropy_uni2,0.9,age,55-69,189,0.6878306878306878,0.2153846153846154,130,accuracy,0.8677248677248677,0.9769230769230769,0.10919820919820922,0.10862163145584636,1.0,0.04326783825205879,True
uni2+hoptimus,entropy_uni2,0.9,age,55-69,189,0.6878306878306878,0.2153846153846154,130,ppv,0.6730769230769231,0.9310344827586207,0.25795755968169753,0.2571446576913392,1.0,0.11617008785518991,True
uni2+hoptimus,entropy_uni2,0.9,age,55-69,189,0.6878306878306878,0.2153846153846154,130,npv,0.9416058394160584,0.9900990099009901,0.048493170484931736,0.048333443078444005,1.0,0.03459689627837975,True
uni2+hoptimus,entropy_uni2,0.9,age,55-69,189,0.6878306878306878,0.2153846153846154,130,f1,0.7368421052631579,0.9473684210526315,0.21052631578947367,0.21098967824609383,1.0,0.09066483067080525,True
uni2+hoptimus,entropy_uni2,0.9,age,70+,74,0.8108108108108109,0.11666666666666667,60,auroc,0.9675213675213674,0.9838274932614556,0.016306125740088162,0.016378053938124082,0.898,0.03668017927141554,False
uni2+hoptimus,entropy_uni2,0.9,age,70+,74,0.8108108108108109,0.11666666666666667,60,auprc,0.7909289784289786,0.859750566893424,0.06882158846444542,0.06170453338548576,0.779,0.2458265378060277,False
uni2+hoptimus,entropy_uni2,0.9,age,70+,74,0.8108108108108109,0.11666666666666667,60,bss,0.5183242791228879,0.7199959473907301,0.20167166826784222,0.21732868839092256,0.972,0.4308820469780061,False
uni2+hoptimus,entropy_uni2,0.9,age,70+,74,0.8108108108108109,0.11666666666666667,60,balanced_accuracy,0.8658119658119658,0.9811320754716981,0.11532010965973227,0.11497850651642338,0.984,0.14619547913265846,False
uni2+hoptimus,entropy_uni2,0.9,age,70+,74,0.8108108108108109,0.11666666666666667,60,sensitivity,0.7777777777777778,1.0,0.2222222222222222,0.22171587301587303,0.916,0.288086563259672,False
uni2+hoptimus,entropy_uni2,0.9,age,70+,74,0.8108108108108109,0.11666666666666667,60,specificity,0.9538461538461539,0.9622641509433962,0.008417997097242336,0.008241140016973625,0.786,0.048456762120981954,False
uni2+hoptimus,entropy_uni2,0.9,age,70+,74,0.8108108108108109,0.11666666666666667,60,brier,0.05145732226316847,0.028855973199455306,-0.022601349063713166,-0.02281293481715993,0.028,0.029166064419355996,False
uni2+hoptimus,entropy_uni2,0.9,age,70+,74,0.8108108108108109,0.11666666666666667,60,ece,0.10181193142635138,0.06573993805083335,-0.03607199337551803,-0.038352195114369325,0.001,0.03772124362784888,True
uni2+hoptimus,entropy_uni2,0.9,age,70+,74,0.8108108108108109,0.11666666666666667,60,cal_gap,0.06967387723716217,0.04640600955083332,-0.023267867686328852,-0.02275545170332048,0.084,0.04536321843744711,False
uni2+hoptimus,entropy_uni2,0.9,age,70+,74,0.8108108108108109,0.11666666666666667,60,accuracy,0.9324324324324325,0.9666666666666667,0.03423423423423422,0.03424455896904233,0.974,0.05386932099375737,False
uni2+hoptimus,entropy_uni2,0.9,age,70+,74,0.8108108108108109,0.11666666666666667,60,ppv,0.7,0.7777777777777778,0.07777777777777783,0.0731750000000001,0.78,0.2961417569558707,False
uni2+hoptimus,entropy_uni2,0.9,age,70+,74,0.8108108108108109,0.11666666666666667,60,npv,0.96875,1.0,0.03125,0.0315286238832061,0.916,0.03963818368915707,False
uni2+hoptimus,entropy_uni2,0.9,age,70+,74,0.8108108108108109,0.11666666666666667,60,f1,0.7368421052631579,0.875,0.13815789473684215,0.1406010831016249,0.969,0.22881585283438766,False
uni2+hoptimus,entropy_uni2,0.9,race,white,632,0.7246835443037974,0.5262008733624454,458,auroc,0.9544162129461584,0.9790427749201676,0.024626561974009142,0.024441978364592276,1.0,0.013839036455976,True
uni2+hoptimus,entropy_uni2,0.9,race,white,632,0.7246835443037974,0.5262008733624454,458,auprc,0.9550268199926946,0.9757338249066411,0.020707004913946503,0.020305808384927904,1.0,0.017476066305292817,True
uni2+hoptimus,entropy_uni2,0.9,race,white,632,0.7246835443037974,0.5262008733624454,458,bss,0.6543881100185789,0.8618395319679292,0.2074514219493503,0.20712844000263209,1.0,0.05021017681494479,True
uni2+hoptimus,entropy_uni2,0.9,race,white,632,0.7246835443037974,0.5262008733624454,458,balanced_accuracy,0.8749142972373463,0.9642809338967818,0.08936663665943556,0.0893213535399745,1.0,0.021941862973571258,True
uni2+hoptimus,entropy_uni2,0.9,race,white,632,0.7246835443037974,0.5262008733624454,458,sensitivity,0.8567251461988304,0.979253112033195,0.12252796583436454,0.12218892097386391,1.0,0.03277163524485948,True
uni2+hoptimus,entropy_uni2,0.9,race,white,632,0.7246835443037974,0.5262008733624454,458,specificity,0.8931034482758621,0.9493087557603687,0.056205307484506584,0.05645378610608487,1.0,0.03181390579815336,True
uni2+hoptimus,entropy_uni2,0.9,race,white,632,0.7246835443037974,0.5262008733624454,458,brier,0.08581804610728784,0.034445271813434195,-0.051372774293853646,-0.05121818764714653,0.0,0.012302787299271378,True
uni2+hoptimus,entropy_uni2,0.9,race,white,632,0.7246835443037974,0.5262008733624454,458,ece,0.04956281424733387,0.026339988466845002,-0.02322282578048887,-0.027538189761788102,0.0,0.01841761093376686,True
uni2+hoptimus,entropy_uni2,0.9,race,white,632,0.7246835443037974,0.5262008733624454,458,cal_gap,-0.04221542380646365,-0.008588753563722684,0.033626670242740964,0.03352773779197513,1.0,0.02078652268231218,True
uni2+hoptimus,entropy_uni2,0.9,race,white,632,0.7246835443037974,0.5262008733624454,458,accuracy,0.8734177215189873,0.9650655021834061,0.09164778066441881,0.0915996242278222,1.0,0.022179649925329288,True
uni2+hoptimus,entropy_uni2,0.9,race,white,632,0.7246835443037974,0.5262008733624454,458,ppv,0.904320987654321,0.9554655870445344,0.05114459939021343,0.05108871884151356,1.0,0.02810821436028691,True
uni2+hoptimus,entropy_uni2,0.9,race,white,632,0.7246835443037974,0.5262008733624454,458,npv,0.8409090909090909,0.976303317535545,0.13539422662645406,0.1354403399397437,1.0,0.03663837162817336,True
uni2+hoptimus,entropy_uni2,0.9,race,white,632,0.7246835443037974,0.5262008733624454,458,f1,0.8798798798798799,0.9672131147540983,0.0873332348742184,0.08719339125290593,1.0,0.02218749601857537,True
uni2+hoptimus,entropy_uni2,0.9,race,black or african american,44,0.7045454545454546,0.3225806451612903,31,auroc,0.8919540229885058,0.8857142857142858,-0.006239737274220003,-0.0069922077974229335,0.553,0.12734765580449578,False
uni2+hoptimus,entropy_uni2,0.9,race,black or african american,44,0.7045454545454546,0.3225806451612903,31,auprc,0.8519501794501794,0.8699192665571975,0.017969087107018167,0.01576493293141501,0.637,0.16625604994454923,False
uni2+hoptimus,entropy_uni2,0.9,race,black or african american,44,0.7045454545454546,0.3225806451612903,31,bss,0.52296157493768,0.7013662602491972,0.1784046853115172,0.18744006346923903,0.929,0.3328924089409058,False
uni2+hoptimus,entropy_uni2,0.9,race,black or african american,44,0.7045454545454546,0.3225806451612903,31,balanced_accuracy,0.8816091954022989,0.9261904761904762,0.04458128078817736,0.04521600482527999,0.869,0.10383790544602457,False
uni2+hoptimus,entropy_uni2,0.9,race,black or african american,44,0.7045454545454546,0.3225806451612903,31,sensitivity,0.8666666666666667,0.9,0.033333333333333326,0.03334591242091234,0.629,0.1714669687921679,False
uni2+hoptimus,entropy_uni2,0.9,race,black or african american,44,0.7045454545454546,0.3225806451612903,31,specificity,0.896551724137931,0.9523809523809523,0.05582922824302128,0.057086097229647415,0.925,0.10549756992862086,False
uni2+hoptimus,entropy_uni2,0.9,race,black or african american,44,0.7045454545454546,0.3225806451612903,31,brier,0.1071858031519159,0.0652581533274387,-0.041927649824477206,-0.04242909415669023,0.068,0.07151406354094843,False
uni2+hoptimus,entropy_uni2,0.9,race,black or african american,44,0.7045454545454546,0.3225806451612903,31,ece,0.09099463695113637,0.05254858439838708,-0.038446052552749285,-0.065771234608338,0.0,0.05785453424499739,True
uni2+hoptimus,entropy_uni2,0.9,race,black or african american,44,0.7045454545454546,0.3225806451612903,31,cal_gap,0.03936024552613637,0.0014326378596773437,-0.03792760766645903,-0.03925350187023268,0.108,0.08886908302047686,False
uni2+hoptimus,entropy_uni2,0.9,race,black or african american,44,0.7045454545454546,0.3225806451612903,31,accuracy,0.8863636363636364,0.9354838709677419,0.04912023460410553,0.050053649207225104,0.915,0.09147191856193923,False
uni2+hoptimus,entropy_uni2,0.9,race,black or african american,44,0.7045454545454546,0.3225806451612903,31,ppv,0.8125,0.9,0.08750000000000002,0.08979936452436466,0.854,0.18813377051696512,False
uni2+hoptimus,entropy_uni2,0.9,race,black or african american,44,0.7045454545454546,0.3225806451612903,31,npv,0.9285714285714286,0.9523809523809523,0.023809523809523725,0.023859987055403264,0.786,0.09140520886729844,False
uni2+hoptimus,entropy_uni2,0.9,race,black or african american,44,0.7045454545454546,0.3225806451612903,31,f1,0.8387096774193549,0.9,0.06129032258064515,0.06446177821121113,0.886,0.13892570355582562,False
uni2+hoptimus,entropy_uni2,0.8,sex,female,300,0.6566666666666666,0.5431472081218274,197,auroc,0.9459932659932659,0.9780893042575285,0.03209603826426255,0.03173913190442035,0.998,0.02637888730878393,True
uni2+hoptimus,entropy_uni2,0.8,sex,female,300,0.6566666666666666,0.5431472081218274,197,auprc,0.9471574516001137,0.9729879124251299,0.025830460825016277,0.025500711280320387,0.979,0.032921946845369844,False
uni2+hoptimus,entropy_uni2,0.8,sex,female,300,0.6566666666666666,0.5431472081218274,197,bss,0.6197126207002208,0.8650012136251425,0.24528859292492167,0.24449966035604642,1.0,0.09340466110402942,True
uni2+hoptimus,entropy_uni2,0.8,sex,female,300,0.6566666666666666,0.5431472081218274,197,balanced_accuracy,0.8754208754208754,0.9628764278296988,0.08745555240882341,0.08687353967225386,1.0,0.03817157488802866,True
uni2+hoptimus,entropy_uni2,0.8,sex,female,300,0.6566666666666666,0.5431472081218274,197,sensitivity,0.8545454545454545,0.9813084112149533,0.12676295666949877,0.12647598754279987,1.0,0.05227092685496354,True
uni2+hoptimus,entropy_uni2,0.8,sex,female,300,0.6566666666666666,0.5431472081218274,197,specificity,0.8962962962962963,0.9444444444444444,0.04814814814814816,0.047271091801707854,0.992,0.05339303883760472,False
uni2+hoptimus,entropy_uni2,0.8,sex,female,300,0.6566666666666666,0.5431472081218274,197,brier,0.09412112637669533,0.033498371841322316,-0.06062275453537301,-0.060287141041713344,0.0,0.022648857312530024,True
uni2+hoptimus,entropy_uni2,0.8,sex,female,300,0.6566666666666666,0.5431472081218274,197,ece,0.051460195445566674,0.024682055894568556,-0.026778139550998118,-0.036139140593808586,0.0,0.028933102618444267,True
uni2+hoptimus,entropy_uni2,0.8,sex,female,300,0.6566666666666666,0.5431472081218274,197,cal_gap,-0.04666902851223331,-0.010017275577512641,0.03665175293472067,0.03646930000690943,0.997,0.03506000146344929,True
uni2+hoptimus,entropy_uni2,0.8,sex,female,300,0.6566666666666666,0.5431472081218274,197,accuracy,0.8733333333333333,0.9644670050761421,0.09113367174280884,0.09056348206315235,1.0,0.03832263516235015,True
uni2+hoptimus,entropy_uni2,0.8,sex,female,300,0.6566666666666666,0.5431472081218274,197,ppv,0.9096774193548387,0.9545454545454546,0.044868035190615885,0.04437669758051621,0.996,0.045963266606993985,False
uni2+hoptimus,entropy_uni2,0.8,sex,female,300,0.6566666666666666,0.5431472081218274,197,npv,0.8344827586206897,0.9770114942528736,0.14252873563218393,0.14178092200313297,1.0,0.06163364269960425,True
uni2+hoptimus,entropy_uni2,0.8,sex,female,300,0.6566666666666666,0.5431472081218274,197,f1,0.88125,0.967741935483871,0.08649193548387102,0.08626431177493354,1.0,0.037090673952202835,True
uni2+hoptimus,entropy_uni2,0.8,sex,male,407,0.6781326781326781,0.5,276,auroc,0.9530087897227858,0.9751102709514807,0.02210148122869493,0.022198059440200035,1.0,0.019747145340390057,True
uni2+hoptimus,entropy_uni2,0.8,sex,male,407,0.6781326781326781,0.5,276,auprc,0.950700944109485,0.9765275238701141,0.025826579760629076,0.025976480325905493,1.0,0.02287523441276436,True
uni2+hoptimus,entropy_uni2,0.8,sex,male,407,0.6781326781326781,0.5,276,bss,0.6628977707775051,0.8576320058174919,0.19473423503998677,0.19500038559025745,1.0,0.06938939268783524,True
uni2+hoptimus,entropy_uni2,0.8,sex,male,407,0.6781326781326781,0.5,276,balanced_accuracy,0.8746498599439776,0.963768115942029,0.08911825599805145,0.08876914885305065,1.0,0.03199297405630884,True
uni2+hoptimus,entropy_uni2,0.8,sex,male,407,0.6781326781326781,0.5,276,sensitivity,0.8571428571428571,0.9782608695652174,0.12111801242236031,0.12065266510255279,1.0,0.04780763056077654,True
uni2+hoptimus,entropy_uni2,0.8,sex,male,407,0.6781326781326781,0.5,276,specificity,0.8921568627450981,0.9492753623188406,0.05711849957374249,0.0568856326035484,1.0,0.04262952948893243,True
uni2+hoptimus,entropy_uni2,0.8,sex,male,407,0.6781326781326781,0.5,276,brier,0.08427504854579235,0.03559199854562702,-0.048683050000165325,-0.048651908896256084,0.0,0.01733092817697314,True
uni2+hoptimus,entropy_uni2,0.8,sex,male,407,0.6781326781326781,0.5,276,ece,0.05457768386470519,0.029316435526938467,-0.025261248337766724,-0.031664457876261695,0.0,0.023327673600462093,True
uni2+hoptimus,entropy_uni2,0.8,sex,male,407,0.6781326781326781,0.5,276,cal_gap,-0.025824038351511203,-0.0034887916832065935,0.02233524666830461,0.022308359702280654,0.99,0.02787183150854587,False
uni2+hoptimus,entropy_uni2,0.8,sex,male,407,0.6781326781326781,0.5,276,accuracy,0.8746928746928747,0.9637681159420289,0.08907524124915422,0.08871059597380304,1.0,0.032026051727078134,True
uni2+hoptimus,entropy_uni2,0.8,sex,male,407,0.6781326781326781,0.5,276,ppv,0.8877551020408163,0.9507042253521126,0.06294912331129632,0.06285063564818416,1.0,0.04343918695624304,True
uni2+hoptimus,entropy_uni2,0.8,sex,male,407,0.6781326781326781,0.5,276,npv,0.8625592417061612,0.9776119402985075,0.11505269859234635,0.114412908432588,1.0,0.046628170076541964,True
uni2+hoptimus,entropy_uni2,0.8,sex,male,407,0.6781326781326781,0.5,276,f1,0.8721804511278195,0.9642857142857143,0.0921052631578948,0.09195300406438178,1.0,0.03412888336958867,True
uni2+hoptimus,entropy_uni2,0.8,age,20-39,219,0.6621004566210046,0.8758620689655172,145,auroc,0.8664772727272727,0.8797025371828522,0.013225264455579477,0.013765770869119898,0.676,0.0832557266376485,False
uni2+hoptimus,entropy_uni2,0.8,age,20-39,219,0.6621004566210046,0.8758620689655172,145,auprc,0.9645879981278647,0.971675238353756,0.007087240225891356,0.007244766425144933,0.758,0.029954835816598264,False
uni2+hoptimus,entropy_uni2,0.8,age,20-39,219,0.6621004566210046,0.8758620689655172,145,bss,0.10300191818998283,0.5175068833146838,0.4145049651247009,0.42451586824311516,1.0,0.30538929800202014,True
uni2+hoptimus,entropy_uni2,0.8,age,20-39,219,0.6621004566210046,0.8758620689655172,145,balanced_accuracy,0.802807486631016,0.8493000874890639,0.04649260085804796,0.04709439518042324,0.939,0.08094551375862939,False
uni2+hoptimus,entropy_uni2,0.8,age,20-39,219,0.6621004566210046,0.8758620689655172,145,sensitivity,0.8556149732620321,0.9763779527559056,0.12076297949387349,0.12114697291913801,1.0,0.05011391126998924,True
uni2+hoptimus,entropy_uni2,0.8,age,20-39,219,0.6621004566210046,0.8758620689655172,145,specificity,0.75,0.7222222222222222,-0.02777777777777779,-0.02695818255829152,0.302,0.15286038824629172,False
uni2+hoptimus,entropy_uni2,0.8,age,20-39,219,0.6621004566210046,0.8758620689655172,145,brier,0.11191669317885662,0.052460369309994447,-0.059456323868862175,-0.05974491821587969,0.0,0.027264325639169133,True
uni2+hoptimus,entropy_uni2,0.8,age,20-39,219,0.6621004566210046,0.8758620689655172,145,ece,0.13544073932716896,0.04888259176655172,-0.08655814756061725,-0.08989330258497893,0.0,0.03779236589804252,True
uni2+hoptimus,entropy_uni2,0.8,age,20-39,219,0.6621004566210046,0.8758620689655172,145,cal_gap,-0.12733548654178084,-0.03664086514586207,0.09069462139591877,0.09070645957317114,1.0,0.04098736345073732,True
uni2+hoptimus,entropy_uni2,0.8,age,20-39,219,0.6621004566210046,0.8758620689655172,145,accuracy,0.8401826484018264,0.9448275862068966,0.10464493780507012,0.10511248252575045,1.0,0.048485176432063674,True
uni2+hoptimus,entropy_uni2,0.8,age,20-39,219,0.6621004566210046,0.8758620689655172,145,ppv,0.9523809523809523,0.9612403100775194,0.008859357696567094,0.00912310504254532,0.763,0.03189947058932211,False
uni2+hoptimus,entropy_uni2,0.8,age,20-39,219,0.6621004566210046,0.8758620689655172,145,npv,0.47058823529411764,0.8125,0.34191176470588236,0.3422422198538001,1.0,0.1409722764008052,True
uni2+hoptimus,entropy_uni2,0.8,age,20-39,219,0.6621004566210046,0.8758620689655172,145,f1,0.9014084507042254,0.96875,0.06734154929577463,0.06779232027492821,1.0,0.03240081133532295,True
uni2+hoptimus,entropy_uni2,0.8,age,40-54,221,0.7058823529411765,0.532051282051282,156,auroc,0.9588972431077695,0.9796996203994058,0.020802377291636365,0.020968274884348714,0.992,0.026433876392497096,False
uni2+hoptimus,entropy_uni2,0.8,age,40-54,221,0.7058823529411765,0.532051282051282,156,auprc,0.9666987505246587,0.98380270466025,0.017103954135591293,0.017059928572064176,0.983,0.024167733652840816,False
uni2+hoptimus,entropy_uni2,0.8,age,40-54,221,0.7058823529411765,0.532051282051282,156,bss,0.6708504977675517,0.8872832062137045,0.2164327084461528,0.21785720528989483,1.0,0.10149774637421176,True
uni2+hoptimus,entropy_uni2,0.8,age,40-54,221,0.7058823529411765,0.532051282051282,156,balanced_accuracy,0.8944026733500418,0.9734279584089783,0.07902528505893658,0.07918256961217085,1.0,0.04046709999374372,True
uni2+hoptimus,entropy_uni2,0.8,age,40-54,221,0.7058823529411765,0.532051282051282,156,sensitivity,0.873015873015873,0.9879518072289156,0.1149359342130426,0.11508654655227646,1.0,0.06045413299916111,True
uni2+hoptimus,entropy_uni2,0.8,age,40-54,221,0.7058823529411765,0.532051282051282,156,specificity,0.9157894736842105,0.958904109589041,0.043114635904830556,0.04327859267206524,0.979,0.05724850855744132,False
uni2+hoptimus,entropy_uni2,0.8,age,40-54,221,0.7058823529411765,0.532051282051282,156,brier,0.08066828160198207,0.028063406211011024,-0.05260487539097104,-0.05271324229809066,0.0,0.02416806688358088,True
uni2+hoptimus,entropy_uni2,0.8,age,40-54,221,0.7058823529411765,0.532051282051282,156,ece,0.05935710677850678,0.02439097717115384,-0.034966129607352944,-0.045972648651378,0.0,0.030097503587170747,True
uni2+hoptimus,entropy_uni2,0.8,age,40-54,221,0.7058823529411765,0.532051282051282,156,cal_gap,-0.058333930353167474,-0.005868485008333479,0.052465445344833994,0.05260557437262371,1.0,0.03790809073051386,True
uni2+hoptimus,entropy_uni2,0.8,age,40-54,221,0.7058823529411765,0.532051282051282,156,accuracy,0.8914027149321267,0.9743589743589743,0.08295625942684759,0.08312804408816943,1.0,0.04112364968988335,True
uni2+hoptimus,entropy_uni2,0.8,age,40-54,221,0.7058823529411765,0.532051282051282,156,ppv,0.9322033898305084,0.9647058823529412,0.03250249252243276,0.032477535642563615,0.974,0.04541782418381821,False
uni2+hoptimus,entropy_uni2,0.8,age,40-54,221,0.7058823529411765,0.532051282051282,156,npv,0.8446601941747572,0.9859154929577465,0.14125529878298926,0.14166821522445372,1.0,0.07340333419530992,True
uni2+hoptimus,entropy_uni2,0.8,age,40-54,221,0.7058823529411765,0.532051282051282,156,f1,0.9016393442622951,0.9761904761904762,0.07455113192818108,0.07481848394900337,1.0,0.03906018847823032,True
uni2+hoptimus,entropy_uni2,0.8,age,55-69,189,0.6243386243386243,0.2288135593220339,118,auroc,0.9358075820324944,0.9723239723239724,0.03651639029147802,0.03615388098030281,0.994,0.04425241819866286,False
uni2+hoptimus,entropy_uni2,0.8,age,55-69,189,0.6243386243386243,0.2288135593220339,118,auprc,0.8634959728081295,0.9634481883596211,0.09995221555149159,0.09987006510978491,1.0,0.07993698456456615,True
uni2+hoptimus,entropy_uni2,0.8,age,55-69,189,0.6243386243386243,0.2288135593220339,118,bss,0.5232922663911925,0.8663571967943131,0.3430649304031206,0.34576444883263513,1.0,0.16029782145360363,True
uni2+hoptimus,entropy_uni2,0.8,age,55-69,189,0.6243386243386243,0.2288135593220339,118,balanced_accuracy,0.8487575661038547,0.9704924704924704,0.12173490438861578,0.1212932900049688,1.0,0.06327197788500938,True
uni2+hoptimus,entropy_uni2,0.8,age,55-69,189,0.6243386243386243,0.2288135593220339,118,sensitivity,0.813953488372093,0.9629629629629629,0.14900947459086988,0.14831512102391398,1.0,0.11762986275307785,True
uni2+hoptimus,entropy_uni2,0.8,age,55-69,189,0.6243386243386243,0.2288135593220339,118,specificity,0.8835616438356164,0.978021978021978,0.09446033418636157,0.0942714589860234,1.0,0.05379327296430748,True
uni2+hoptimus,entropy_uni2,0.8,age,55-69,189,0.6243386243386243,0.2288135593220339,118,brier,0.08378184125853402,0.023582330327231595,-0.06019951093130243,-0.0600111931643113,0.0,0.02549253643423551,True
uni2+hoptimus,entropy_uni2,0.8,age,55-69,189,0.6243386243386243,0.2288135593220339,118,ece,0.0657260946159524,0.026079293072584754,-0.039646801543367645,-0.04923591932813568,0.0,0.033972472885872566,True
uni2+hoptimus,entropy_uni2,0.8,age,55-69,189,0.6243386243386243,0.2288135593220339,118,cal_gap,0.06111597641489419,0.011811785784449164,-0.04930419063044503,-0.04950790001316145,0.0,0.03948747591102953,True
uni2+hoptimus,entropy_uni2,0.8,age,55-69,189,0.6243386243386243,0.2288135593220339,118,accuracy,0.8677248677248677,0.9745762711864406,0.10685140346157296,0.10648346048659862,1.0,0.047991657113587924,True
uni2+hoptimus,entropy_uni2,0.8,age,55-69,189,0.6243386243386243,0.2288135593220339,118,ppv,0.6730769230769231,0.9285714285714286,0.2554945054945055,0.25547778998550486,1.0,0.12867357919489797,True
uni2+hoptimus,entropy_uni2,0.8,age,55-69,189,0.6243386243386243,0.2288135593220339,118,npv,0.9416058394160584,0.9888888888888889,0.047283049472830574,0.04684778911735976,0.999,0.03843001885693469,True
uni2+hoptimus,entropy_uni2,0.8,age,55-69,189,0.6243386243386243,0.2288135593220339,118,f1,0.7368421052631579,0.9454545454545454,0.20861244019138758,0.20937832373014276,1.0,0.0982506593563734,True
uni2+hoptimus,entropy_uni2,0.8,age,70+,74,0.7162162162162162,0.1320754716981132,53,auroc,0.9675213675213674,0.9813664596273293,0.013845092105961854,0.013636730921019913,0.81,0.041286023602595374,False
uni2+hoptimus,entropy_uni2,0.8,age,70+,74,0.7162162162162162,0.1320754716981132,53,auprc,0.7909289784289786,0.859750566893424,0.06882158846444542,0.058482039444241796,0.729,0.2806335377437737,False
uni2+hoptimus,entropy_uni2,0.8,age,70+,74,0.7162162162162162,0.1320754716981132,53,bss,0.5183242791228879,0.7308838968711897,0.2125596177483018,0.23377543577430643,0.956,0.45226674765997416,False
uni2+hoptimus,entropy_uni2,0.8,age,70+,74,0.7162162162162162,0.1320754716981132,53,balanced_accuracy,0.8658119658119658,0.9782608695652174,0.11244890375325156,0.11123784459550257,0.961,0.16161992097193167,False
uni2+hoptimus,entropy_uni2,0.8,age,70+,74,0.7162162162162162,0.1320754716981132,53,sensitivity,0.7777777777777778,1.0,0.2222222222222222,0.21956071428571433,0.884,0.3179862723869013,False
uni2+hoptimus,entropy_uni2,0.8,age,70+,74,0.7162162162162162,0.1320754716981132,53,specificity,0.9538461538461539,0.9565217391304348,0.0026755852842809125,0.0029149749052906904,0.629,0.05494227304102971,False
uni2+hoptimus,entropy_uni2,0.8,age,70+,74,0.7162162162162162,0.1320754716981132,53,brier,0.05145732226316847,0.030849193737086826,-0.020608128526081647,-0.020656539957450266,0.056,0.03380454901680719,False
uni2+hoptimus,entropy_uni2,0.8,age,70+,74,0.7162162162162162,0.1320754716981132,53,ece,0.10181193142635138,0.060386490029245295,-0.041425441397106084,-0.044285063904016105,0.002,0.042515371852997516,True
uni2+hoptimus,entropy_uni2,0.8,age,70+,74,0.7162162162162162,0.1320754716981132,53,cal_gap,0.06967387723716217,0.03849902380283021,-0.03117485343433196,-0.031181572184433848,0.054,0.051869199695478464,False
uni2+hoptimus,entropy_uni2,0.8,age,70+,74,0.7162162162162162,0.1320754716981132,53,accuracy,0.9324324324324325,0.9622641509433962,0.02983171851096378,0.029839242198206994,0.933,0.060762616939372224,False
uni2+hoptimus,entropy_uni2,0.8,age,70+,74,0.7162162162162162,0.1320754716981132,53,ppv,0.7,0.7777777777777778,0.07777777777777783,0.07604246031746031,0.758,0.3349574419898828,False
uni2+hoptimus,entropy_uni2,0.8,age,70+,74,0.7162162162162162,0.1320754716981132,53,npv,0.96875,1.0,0.03125,0.03104921165845187,0.884,0.04407512779100732,False
uni2+hoptimus,entropy_uni2,0.8,age,70+,74,0.7162162162162162,0.1320754716981132,53,f1,0.7368421052631579,0.875,0.13815789473684215,0.14251944532935246,0.945,0.25915086631290474,False
uni2+hoptimus,entropy_uni2,0.8,race,white,632,0.680379746835443,0.541860465116279,430,auroc,0.9544162129461584,0.9800222217380885,0.02560600879193009,0.025607848605726957,1.0,0.015727504410853323,True
uni2+hoptimus,entropy_uni2,0.8,race,white,632,0.680379746835443,0.541860465116279,430,auprc,0.9550268199926946,0.9773847627585741,0.022357942765879546,0.02223344896131918,1.0,0.01999077371206804,True
uni2+hoptimus,entropy_uni2,0.8,race,white,632,0.680379746835443,0.541860465116279,430,bss,0.6543881100185789,0.8725661487289821,0.2181780387104032,0.21877011516149958,1.0,0.05759269286759561,True
uni2+hoptimus,entropy_uni2,0.8,race,white,632,0.680379746835443,0.541860465116279,430,balanced_accuracy,0.8749142972373463,0.966035598352977,0.09112130111563077,0.09109218163253163,1.0,0.025301061218574113,True
uni2+hoptimus,entropy_uni2,0.8,race,white,632,0.680379746835443,0.541860465116279,430,sensitivity,0.8567251461988304,0.9828326180257511,0.12610747182692061,0.12625560252039203,1.0,0.03673035517955802,True
uni2+hoptimus,entropy_uni2,0.8,race,white,632,0.680379746835443,0.541860465116279,430,specificity,0.8931034482758621,0.949238578680203,0.05613513040434093,0.055928760744671346,1.0,0.035311663195069516,True
uni2+hoptimus,entropy_uni2,0.8,race,white,632,0.680379746835443,0.541860465116279,430,brier,0.08581804610728784,0.03163516066625741,-0.05418288544103043,-0.05424228951210553,0.0,0.014080791441860816,True
uni2+hoptimus,entropy_uni2,0.8,race,white,632,0.680379746835443,0.541860465116279,430,ece,0.04956281424733387,0.02604178588736049,-0.023521028359973384,-0.028665569574488632,0.0,0.019038884335111663,True
uni2+hoptimus,entropy_uni2,0.8,race,white,632,0.680379746835443,0.541860465116279,430,cal_gap,-0.04221542380646365,-0.01005173543822091,0.03216368836824274,0.03257737700889104,1.0,0.02339230848313731,True
uni2+hoptimus,entropy_uni2,0.8,race,white,632,0.680379746835443,0.541860465116279,430,accuracy,0.8734177215189873,0.9674418604651163,0.09402413894612893,0.09405121969215002,1.0,0.02556622888610175,True
uni2+hoptimus,entropy_uni2,0.8,race,white,632,0.680379746835443,0.541860465116279,430,ppv,0.904320987654321,0.9581589958158996,0.05383800816157858,0.053510689981547066,1.0,0.031860100740228006,True
uni2+hoptimus,entropy_uni2,0.8,race,white,632,0.680379746835443,0.541860465116279,430,npv,0.8409090909090909,0.9790575916230366,0.1381485007139457,0.13858737623802864,1.0,0.0424852453552079,True
uni2+hoptimus,entropy_uni2,0.8,race,white,632,0.680379746835443,0.541860465116279,430,f1,0.8798798798798799,0.9703389830508474,0.0904591031709675,0.09046365944994039,1.0,0.025197199041256287,True
uni2+hoptimus,entropy_uni2,0.8,race,black or african american,44,0.6136363636363636,0.2962962962962963,27,auroc,0.8919540229885058,0.8684210526315789,-0.02353297035692692,-0.026113567128810522,0.363,0.14029309600986697,False
uni2+hoptimus,entropy_uni2,0.8,race,black or african american,44,0.6136363636363636,0.2962962962962963,27,auprc,0.8519501794501794,0.8606845238095239,0.008734344359344504,0.0044167524234793865,0.53,0.18186735671510973,False
uni2+hoptimus,entropy_uni2,0.8,race,black or african american,44,0.6136363636363636,0.2962962962962963,27,bss,0.52296157493768,0.6500804292596913,0.1271188543220113,0.13149562965544914,0.85,0.3522834635980663,False
uni2+hoptimus,entropy_uni2,0.8,race,black or african american,44,0.6136363636363636,0.2962962962962963,27,balanced_accuracy,0.8816091954022989,0.9111842105263157,0.029575015124016835,0.028036336434207998,0.766,0.11256402709252689,False
uni2+hoptimus,entropy_uni2,0.8,race,black or african american,44,0.6136363636363636,0.2962962962962963,27,sensitivity,0.8666666666666667,0.875,0.008333333333333304,0.005090145965145898,0.468,0.19687620049281163,False
uni2+hoptimus,entropy_uni2,0.8,race,black or african american,44,0.6136363636363636,0.2962962962962963,27,specificity,0.896551724137931,0.9473684210526315,0.05081669691470048,0.05098252690327021,0.857,0.11565851775691662,False
uni2+hoptimus,entropy_uni2,0.8,race,black or african american,44,0.6136363636363636,0.2962962962962963,27,brier,0.1071858031519159,0.07295991049729345,-0.03422589265462246,-0.03309213534350486,0.118,0.07507227169235489,False
uni2+hoptimus,entropy_uni2,0.8,race,black or african american,44,0.6136363636363636,0.2962962962962963,27,ece,0.09099463695113637,0.05452453445185185,-0.03647010249928452,-0.06757891044950959,0.001,0.06375908287376564,True
uni2+hoptimus,entropy_uni2,0.8,race,black or african american,44,0.6136363636363636,0.2962962962962963,27,cal_gap,0.03936024552613637,0.007453905918518577,-0.031906339607617795,-0.0332354472022839,0.183,0.1001641937670422,False
uni2+hoptimus,entropy_uni2,0.8,race,black or african american,44,0.6136363636363636,0.2962962962962963,27,accuracy,0.8863636363636364,0.9259259259259259,0.039562289562289576,0.03853695462475504,0.835,0.09680241398380611,False
uni2+hoptimus,entropy_uni2,0.8,race,black or african american,44,0.6136363636363636,0.2962962962962963,27,ppv,0.8125,0.875,0.0625,0.06322272311022314,0.751,0.20216517144136326,False
uni2+hoptimus,entropy_uni2,0.8,race,black or african american,44,0.6136363636363636,0.2962962962962963,27,npv,0.9285714285714286,0.9473684210526315,0.018796992481202923,0.016700985885546582,0.644,0.10447706451365363,False
uni2+hoptimus,entropy_uni2,0.8,race,black or african american,44,0.6136363636363636,0.2962962962962963,27,f1,0.8387096774193549,0.875,0.03629032258064513,0.03774370524912529,0.746,0.14987806777435667,False
uni2+hoptimus,entropy_uni2,0.7,sex,female,300,0.5333333333333333,0.55625,160,auroc,0.9459932659932659,0.9787941129925621,0.032800846999296196,0.033028990702899885,1.0,0.03502471685834201,False
uni2+hoptimus,entropy_uni2,0.7,sex,female,300,0.5333333333333333,0.55625,160,auprc,0.9471574516001137,0.9751686331919184,0.028011181591804712,0.02784605351392566,0.973,0.043486498986685156,False
uni2+hoptimus,entropy_uni2,0.7,sex,female,300,0.5333333333333333,0.55625,160,bss,0.6197126207002208,0.8567073158436614,0.23699469514344063,0.23957163928791092,1.0,0.12719635171891935,True
uni2+hoptimus,entropy_uni2,0.7,sex,female,300,0.5333333333333333,0.55625,160,balanced_accuracy,0.8754208754208754,0.9605950308593132,0.08517415543843776,0.08527854183459238,1.0,0.05208918344901337,True
uni2+hoptimus,entropy_uni2,0.7,sex,female,300,0.5333333333333333,0.55625,160,sensitivity,0.8545454545454545,0.9775280898876404,0.1229826353421859,0.12415935770031317,1.0,0.07239551200114874,True
uni2+hoptimus,entropy_uni2,0.7,sex,female,300,0.5333333333333333,0.55625,160,specificity,0.8962962962962963,0.9436619718309859,0.04736567553468962,0.046397725968871484,0.971,0.0706726744779939,False
uni2+hoptimus,entropy_uni2,0.7,sex,female,300,0.5333333333333333,0.55625,160,brier,0.09412112637669533,0.03536978403062123,-0.0587513423460741,-0.05904952030811625,0.0,0.03089527950937604,True
uni2+hoptimus,entropy_uni2,0.7,sex,female,300,0.5333333333333333,0.55625,160,ece,0.051460195445566674,0.027173949937000064,-0.02428624550856661,-0.04067220302006341,0.0,0.036583423728344035,True
uni2+hoptimus,entropy_uni2,0.7,sex,female,300,0.5333333333333333,0.55625,160,cal_gap,-0.04666902851223331,-0.009688129624500053,0.03698089888773326,0.0381765865079642,0.99,0.04638202876909865,False
uni2+hoptimus,entropy_uni2,0.7,sex,female,300,0.5333333333333333,0.55625,160,accuracy,0.8733333333333333,0.9625,0.08916666666666673,0.08941007986461647,1.0,0.052313636061065844,True
uni2+hoptimus,entropy_uni2,0.7,sex,female,300,0.5333333333333333,0.55625,160,ppv,0.9096774193548387,0.9560439560439561,0.04636653668911739,0.04536839229345824,0.988,0.06183351083707538,False
uni2+hoptimus,entropy_uni2,0.7,sex,female,300,0.5333333333333333,0.55625,160,npv,0.8344827586206897,0.9710144927536232,0.1365317341329335,0.13809321412744013,1.0,0.08178147056204897,True
uni2+hoptimus,entropy_uni2,0.7,sex,female,300,0.5333333333333333,0.55625,160,f1,0.88125,0.9666666666666667,0.0854166666666667,0.08584988801992088,1.0,0.05216609723574857,True
uni2+hoptimus,entropy_uni2,0.7,sex,male,407,0.5282555282555282,0.5162790697674419,215,auroc,0.9530087897227858,0.9801628551628551,0.027154065440069264,0.027332965039887247,0.997,0.027122432938880166,True
uni2+hoptimus,entropy_uni2,0.7,sex,male,407,0.5282555282555282,0.5162790697674419,215,auprc,0.950700944109485,0.9844846753669021,0.03378373125741707,0.03357819090730352,0.999,0.031410906218649094,True
uni2+hoptimus,entropy_uni2,0.7,sex,male,407,0.5282555282555282,0.5162790697674419,215,bss,0.6628977707775051,0.9081895983047733,0.2452918275272682,0.24646735187130353,1.0,0.09417325088143084,True
uni2+hoptimus,entropy_uni2,0.7,sex,male,407,0.5282555282555282,0.5162790697674419,215,balanced_accuracy,0.8746498599439776,0.976567914067914,0.1019180541239364,0.10206030376557862,1.0,0.042829373481889,True
uni2+hoptimus,entropy_uni2,0.7,sex,male,407,0.5282555282555282,0.5162790697674419,215,sensitivity,0.8571428571428571,0.9819819819819819,0.12483912483912485,0.1249619534228148,1.0,0.06550421488667647,True
uni2+hoptimus,entropy_uni2,0.7,sex,male,407,0.5282555282555282,0.5162790697674419,215,specificity,0.8921568627450981,0.9711538461538461,0.07899698340874806,0.07915865410834244,1.0,0.05740299719020353,True
uni2+hoptimus,entropy_uni2,0.7,sex,male,407,0.5282555282555282,0.5162790697674419,215,brier,0.08427504854579235,0.02292826992254617,-0.06134677862324618,-0.06145005289290266,0.0,0.023439301051509782,True
uni2+hoptimus,entropy_uni2,0.7,sex,male,407,0.5282555282555282,0.5162790697674419,215,ece,0.05457768386470519,0.011198615051232583,-0.04337906881347261,-0.053269266941772656,0.0,0.029738740655865886,True
uni2+hoptimus,entropy_uni2,0.7,sex,male,407,0.5282555282555282,0.5162790697674419,215,cal_gap,-0.025824038351511203,-0.009377376246581415,0.016446662104929788,0.016609926360181094,0.903,0.036757956277114055,False
uni2+hoptimus,entropy_uni2,0.7,sex,male,407,0.5282555282555282,0.5162790697674419,215,accuracy,0.8746928746928747,0.9767441860465116,0.10205131135363688,0.10218730158333567,1.0,0.04268759317307535,True
uni2+hoptimus,entropy_uni2,0.7,sex,male,407,0.5282555282555282,0.5162790697674419,215,ppv,0.8877551020408163,0.9732142857142857,0.08545918367346939,0.08528069930406845,1.0,0.05958362904805651,True
uni2+hoptimus,entropy_uni2,0.7,sex,male,407,0.5282555282555282,0.5162790697674419,215,npv,0.8625592417061612,0.9805825242718447,0.11802328256568351,0.11846881660144959,1.0,0.061889972431270875,True
uni2+hoptimus,entropy_uni2,0.7,sex,male,407,0.5282555282555282,0.5162790697674419,215,f1,0.8721804511278195,0.9775784753363229,0.10539802420850342,0.10562472621673347,1.0,0.04722183547257867,True
uni2+hoptimus,entropy_uni2,0.7,age,20-39,219,0.5251141552511416,0.8782608695652174,115,auroc,0.8664772727272727,0.8854314002828854,0.018954127555612654,0.020456511836911995,0.683,0.11622662620513304,False
uni2+hoptimus,entropy_uni2,0.7,age,20-39,219,0.5251141552511416,0.8782608695652174,115,auprc,0.9645879981278647,0.9737299660701995,0.009141967942334794,0.00929912577640768,0.727,0.041129133923531326,False
uni2+hoptimus,entropy_uni2,0.7,age,20-39,219,0.5251141552511416,0.8782608695652174,115,bss,0.10300191818998283,0.5518046677402009,0.44880274955021804,0.46319109389180235,1.0,0.4127899127888228,True
uni2+hoptimus,entropy_uni2,0.7,age,20-39,219,0.5251141552511416,0.8782608695652174,115,balanced_accuracy,0.802807486631016,0.8472418670438473,0.04443438041283132,0.044313985640161424,0.874,0.11088724053936998,False
uni2+hoptimus,entropy_uni2,0.7,age,20-39,219,0.5251141552511416,0.8782608695652174,115,sensitivity,0.8556149732620321,0.9801980198019802,0.12458304653994812,0.12375666228051019,1.0,0.06686780933190113,True
uni2+hoptimus,entropy_uni2,0.7,age,20-39,219,0.5251141552511416,0.8782608695652174,115,specificity,0.75,0.7142857142857143,-0.0357142857142857,-0.03512869100018745,0.294,0.2100347262026633,False
uni2+hoptimus,entropy_uni2,0.7,age,20-39,219,0.5251141552511416,0.8782608695652174,115,brier,0.11191669317885662,0.04792046879511198,-0.06399622438374464,-0.06380299295805239,0.0,0.03742091040876166,True
uni2+hoptimus,entropy_uni2,0.7,age,20-39,219,0.5251141552511416,0.8782608695652174,115,ece,0.13544073932716896,0.038176781409999846,-0.09726395791716912,-0.10248842178109417,0.0,0.04854562394783885,True
uni2+hoptimus,entropy_uni2,0.7,age,20-39,219,0.5251141552511416,0.8782608695652174,115,cal_gap,-0.12733548654178084,-0.018595414540434785,0.10874007200134606,0.10738993884519046,1.0,0.053399104735989314,True
uni2+hoptimus,entropy_uni2,0.7,age,20-39,219,0.5251141552511416,0.8782608695652174,115,accuracy,0.8401826484018264,0.9478260869565217,0.10764343855469527,0.10697940786932503,1.0,0.06539197608945548,True
uni2+hoptimus,entropy_uni2,0.7,age,20-39,219,0.5251141552511416,0.8782608695652174,115,ppv,0.9523809523809523,0.9611650485436893,0.00878409616273701,0.008854997012787802,0.708,0.043161215488924216,False
uni2+hoptimus,entropy_uni2,0.7,age,20-39,219,0.5251141552511416,0.8782608695652174,115,npv,0.47058823529411764,0.8333333333333334,0.36274509803921573,0.36150897779667773,1.0,0.1841762225312984,True
uni2+hoptimus,entropy_uni2,0.7,age,20-39,219,0.5251141552511416,0.8782608695652174,115,f1,0.9014084507042254,0.9705882352941176,0.06917978458989227,0.06896080945941863,1.0,0.0439448382536369,True
uni2+hoptimus,entropy_uni2,0.7,age,40-54,221,0.5656108597285068,0.56,125,auroc,0.9588972431077695,0.9810389610389612,0.022141717931191685,0.021547421872561312,0.954,0.03455243901340079,False
uni2+hoptimus,entropy_uni2,0.7,age,40-54,221,0.5656108597285068,0.56,125,auprc,0.9666987505246587,0.987180024302631,0.020481273777972264,0.019906695977495392,0.971,0.0308275071879624,False
uni2+hoptimus,entropy_uni2,0.7,age,40-54,221,0.5656108597285068,0.56,125,bss,0.6708504977675517,0.920397461800884,0.24954696403333232,0.24802288157219687,1.0,0.13875753997615484,True
uni2+hoptimus,entropy_uni2,0.7,age,40-54,221,0.5656108597285068,0.56,125,balanced_accuracy,0.8944026733500418,0.9837662337662338,0.08936356041619209,0.0880568162020986,1.0,0.055298512786376285,True
uni2+hoptimus,entropy_uni2,0.7,age,40-54,221,0.5656108597285068,0.56,125,sensitivity,0.873015873015873,0.9857142857142858,0.11269841269841274,0.11109626429965691,1.0,0.08126106275064612,True
uni2+hoptimus,entropy_uni2,0.7,age,40-54,221,0.5656108597285068,0.56,125,specificity,0.9157894736842105,0.9818181818181818,0.06602870813397133,0.06501736810454006,0.997,0.07399677294068323,False
uni2+hoptimus,entropy_uni2,0.7,age,40-54,221,0.5656108597285068,0.56,125,brier,0.08066828160198207,0.019614065412262186,-0.06105421618971989,-0.06024458735076128,0.0,0.03270744661904576,True
uni2+hoptimus,entropy_uni2,0.7,age,40-54,221,0.5656108597285068,0.56,125,ece,0.05935710677850678,0.01728670019559999,-0.04207040658290679,-0.05854121681308127,0.0,0.04208989778497322,True
uni2+hoptimus,entropy_uni2,0.7,age,40-54,221,0.5656108597285068,0.56,125,cal_gap,-0.058333930353167474,-0.01728670019560008,0.041047230157567394,0.040835154214783724,0.989,0.05100238860518481,False
uni2+hoptimus,entropy_uni2,0.7,age,40-54,221,0.5656108597285068,0.56,125,accuracy,0.8914027149321267,0.984,0.09259728506787324,0.09129084610636706,1.0,0.05640763116838731,True
uni2+hoptimus,entropy_uni2,0.7,age,40-54,221,0.5656108597285068,0.56,125,ppv,0.9322033898305084,0.9857142857142858,0.05351089588377733,0.05254265214748011,0.997,0.060181832473134335,False
uni2+hoptimus,entropy_uni2,0.7,age,40-54,221,0.5656108597285068,0.56,125,npv,0.8446601941747572,0.9818181818181818,0.13715798764342457,0.13567381076359697,1.0,0.09944252412154336,True
uni2+hoptimus,entropy_uni2,0.7,age,40-54,221,0.5656108597285068,0.56,125,f1,0.9016393442622951,0.9857142857142858,0.08407494145199068,0.08309969981164267,1.0,0.053962860363868825,True
uni2+hoptimus,entropy_uni2,0.7,age,55-69,189,0.49206349206349204,0.25806451612903225,93,auroc,0.9358075820324944,0.9764492753623188,0.04064169332982448,0.041851793617833866,0.982,0.06037013197937243,False
uni2+hoptimus,entropy_uni2,0.7,age,55-69,189,0.49206349206349204,0.25806451612903225,93,auprc,0.8634959728081295,0.9742063492063491,0.11071037639821957,0.11123643242000225,1.0,0.11303355587124803,False
uni2+hoptimus,entropy_uni2,0.7,age,55-69,189,0.49206349206349204,0.25806451612903225,93,bss,0.5232922663911925,0.9092384012831433,0.38594613489195073,0.39253744402518853,1.0,0.23040918913362143,True
uni2+hoptimus,entropy_uni2,0.7,age,55-69,189,0.49206349206349204,0.25806451612903225,93,balanced_accuracy,0.8487575661038547,0.9719202898550725,0.12316272375121784,0.12461724345729142,1.0,0.09037327322802818,True
uni2+hoptimus,entropy_uni2,0.7,age,55-69,189,0.49206349206349204,0.25806451612903225,93,sensitivity,0.813953488372093,0.9583333333333334,0.14437984496124034,0.14761100890892564,0.998,0.16116413762575382,False
uni2+hoptimus,entropy_uni2,0.7,age,55-69,189,0.49206349206349204,0.25806451612903225,93,specificity,0.8835616438356164,0.9855072463768116,0.10194560254119522,0.10162347800565708,1.0,0.07366825551749444,True
uni2+hoptimus,entropy_uni2,0.7,age,55-69,189,0.49206349206349204,0.25806451612903225,93,brier,0.08378184125853402,0.017377871138295156,-0.06640397012023887,-0.0667228657603907,0.0,0.035947806781339714,True
uni2+hoptimus,entropy_uni2,0.7,age,55-69,189,0.49206349206349204,0.25806451612903225,93,ece,0.0657260946159524,0.014266557861451586,-0.05145953675450081,-0.06744409950721054,0.0,0.044345024507002596,True
uni2+hoptimus,entropy_uni2,0.7,age,55-69,189,0.49206349206349204,0.25806451612903225,93,cal_gap,0.06111597641489419,-0.004987089772956976,-0.06610306618785117,-0.06507816240434983,0.001,0.0559660633530485,True
uni2+hoptimus,entropy_uni2,0.7,age,55-69,189,0.49206349206349204,0.25806451612903225,93,accuracy,0.8677248677248677,0.978494623655914,0.11076975593104632,0.111327717634229,1.0,0.06878929407999462,True
uni2+hoptimus,entropy_uni2,0.7,age,55-69,189,0.49206349206349204,0.25806451612903225,93,ppv,0.6730769230769231,0.9583333333333334,0.28525641025641024,0.28480479005792736,1.0,0.18683438712939102,True
uni2+hoptimus,entropy_uni2,0.7,age,55-69,189,0.49206349206349204,0.25806451612903225,93,npv,0.9416058394160584,0.9855072463768116,0.043901406960753286,0.04499815724584799,0.988,0.053700260934996885,False
uni2+hoptimus,entropy_uni2,0.7,age,55-69,189,0.49206349206349204,0.25806451612903225,93,f1,0.7368421052631579,0.9583333333333334,0.22149122807017552,0.22451573219537513,1.0,0.14452293642935005,True
uni2+hoptimus,entropy_uni2,0.7,age,70+,74,0.5540540540540541,0.0975609756097561,41,auroc,0.9675213675213674,0.9797297297297298,0.012208362208362411,0.012027219443159876,0.6946946946946947,0.05877183213284636,False
uni2+hoptimus,entropy_uni2,0.7,age,70+,74,0.5540540540540541,0.0975609756097561,41,auprc,0.7909289784289786,0.8041666666666667,0.013237688237688117,-0.0008643632816913716,0.42542542542542544,0.39228793177433646,False
uni2+hoptimus,entropy_uni2,0.7,age,70+,74,0.5540540540540541,0.0975609756097561,41,bss,0.5183242791228879,0.7258026132857598,0.20747833416287187,0.2501117189430171,0.9099099099099099,0.7136192237492623,False
uni2+hoptimus,entropy_uni2,0.7,age,70+,74,0.5540540540540541,0.0975609756097561,41,balanced_accuracy,0.8658119658119658,0.9864864864864865,0.12067452067452067,0.12289478924709563,0.9529529529529529,0.22620208943324976,False
uni2+hoptimus,entropy_uni2,0.7,age,70+,74,0.5540540540540541,0.0975609756097561,41,sensitivity,0.7777777777777778,1.0,0.2222222222222222,0.22723080223080216,0.7937937937937938,0.44452317968455357,False
uni2+hoptimus,entropy_uni2,0.7,age,70+,74,0.5540540540540541,0.0975609756097561,41,specificity,0.9538461538461539,0.972972972972973,0.019126819126819128,0.018558776263388976,0.7957957957957958,0.0696220117352549,False
uni2+hoptimus,entropy_uni2,0.7,age,70+,74,0.5540540540540541,0.0975609756097561,41,brier,0.05145732226316847,0.02414111435675642,-0.02731620790641205,-0.02678351752166217,0.04504504504504504,0.044602733176498405,False
uni2+hoptimus,entropy_uni2,0.7,age,70+,74,0.5540540540540541,0.0975609756097561,41,ece,0.10181193142635138,0.04044153006219513,-0.06137040136415625,-0.06537855363204416,0.0,0.057496718435329705,True
uni2+hoptimus,entropy_uni2,0.7,age,70+,74,0.5540540540540541,0.0975609756097561,41,cal_gap,0.06967387723716217,0.03265884347682929,-0.03701503376033288,-0.03597372176520908,0.06906906906906907,0.06812548404344455,False
uni2+hoptimus,entropy_uni2,0.7,age,70+,74,0.5540540540540541,0.0975609756097561,41,accuracy,0.9324324324324325,0.975609756097561,0.0431773236651285,0.043022897710135455,0.9479479479479479,0.0784902073235966,False
uni2+hoptimus,entropy_uni2,0.7,age,70+,74,0.5540540540540541,0.0975609756097561,41,ppv,0.7,0.8,0.10000000000000009,0.09983237205459439,0.6996996996996997,0.4569652005229454,False
uni2+hoptimus,entropy_uni2,0.7,age,70+,74,0.5540540540540541,0.0975609756097561,41,npv,0.96875,1.0,0.03125,0.03157901968540755,0.7937937937937938,0.05753224729178488,False
uni2+hoptimus,entropy_uni2,0.7,age,70+,74,0.5540540540540541,0.0975609756097561,41,f1,0.7368421052631579,0.8888888888888888,0.15204678362573099,0.16573833567297613,0.8998998998998999,0.37035994378305653,False
uni2+hoptimus,entropy_uni2,0.7,race,white,632,0.5395569620253164,0.5542521994134897,341,auroc,0.9544162129461584,0.9833959899749373,0.028979777028778853,0.02899955868056303,1.0,0.021057710476961,True
uni2+hoptimus,entropy_uni2,0.7,race,white,632,0.5395569620253164,0.5542521994134897,341,auprc,0.9550268199926946,0.9816715612924847,0.02664474129979011,0.026641351187741025,1.0,0.02651251006614332,True
uni2+hoptimus,entropy_uni2,0.7,race,white,632,0.5395569620253164,0.5542521994134897,341,bss,0.6543881100185789,0.8975128935102374,0.24312478349165856,0.2436436913961999,1.0,0.07802565528256582,True
uni2+hoptimus,entropy_uni2,0.7,race,white,632,0.5395569620253164,0.5542521994134897,341,balanced_accuracy,0.8749142972373463,0.9723266499582288,0.09741235272088256,0.09713082487198432,1.0,0.034791111032878436,True
uni2+hoptimus,entropy_uni2,0.7,race,white,632,0.5395569620253164,0.5542521994134897,341,sensitivity,0.8567251461988304,0.9841269841269841,0.12740183792815363,0.12703858440146398,1.0,0.051142799117119296,True
uni2+hoptimus,entropy_uni2,0.7,race,white,632,0.5395569620253164,0.5542521994134897,341,specificity,0.8931034482758621,0.9605263157894737,0.0674228675136116,0.06722306534250488,1.0,0.049206511050061186,True
uni2+hoptimus,entropy_uni2,0.7,race,white,632,0.5395569620253164,0.5542521994134897,341,brier,0.08581804610728784,0.02532012620495094,-0.0604979199023369,-0.060479402165668356,0.0,0.019144670726186207,True
uni2+hoptimus,entropy_uni2,0.7,race,white,632,0.5395569620253164,0.5542521994134897,341,ece,0.04956281424733387,0.012111013941451679,-0.037451800305882195,-0.0459205864776738,0.0,0.02505659785767105,True
uni2+hoptimus,entropy_uni2,0.7,race,white,632,0.5395569620253164,0.5542521994134897,341,cal_gap,-0.04221542380646365,-0.010510825956114411,0.031704597850349236,0.03206791055792504,0.998,0.03126870463105841,True
uni2+hoptimus,entropy_uni2,0.7,race,white,632,0.5395569620253164,0.5542521994134897,341,accuracy,0.8734177215189873,0.9736070381231672,0.10018931660417985,0.09994727371088719,1.0,0.03494594805949905,True
uni2+hoptimus,entropy_uni2,0.7,race,white,632,0.5395569620253164,0.5542521994134897,341,ppv,0.904320987654321,0.96875,0.064429012345679,0.06392692242981202,1.0,0.04404194105095052,True
uni2+hoptimus,entropy_uni2,0.7,race,white,632,0.5395569620253164,0.5542521994134897,341,npv,0.8409090909090909,0.9798657718120806,0.13895668090298963,0.13903141443161016,1.0,0.05583609489044043,True
uni2+hoptimus,entropy_uni2,0.7,race,white,632,0.5395569620253164,0.5542521994134897,341,f1,0.8798798798798799,0.9763779527559056,0.09649807287602563,0.09622240209696642,1.0,0.03529678238921968,True
uni2+hoptimus,entropy_uni2,0.7,race,black or african american,44,0.5227272727272727,0.34782608695652173,23,auroc,0.8919540229885058,0.8666666666666667,-0.025287356321839094,-0.026384143407040983,0.38257993384785005,0.17945614048294387,False
uni2+hoptimus,entropy_uni2,0.7,race,black or african american,44,0.5227272727272727,0.34782608695652173,23,auprc,0.8519501794501794,0.8683035714285714,0.01635339197839203,0.008177828401827125,0.5126791620727673,0.2309222437979529,False
uni2+hoptimus,entropy_uni2,0.7,race,black or african american,44,0.5227272727272727,0.34782608695652173,23,bss,0.52296157493768,0.6258298214423029,0.1028682465046229,0.11412106029099522,0.7508269018743109,0.4899533361205859,False
uni2+hoptimus,entropy_uni2,0.7,race,black or african american,44,0.5227272727272727,0.34782608695652173,23,balanced_accuracy,0.8816091954022989,0.9041666666666667,0.0225574712643678,0.020809358685376034,0.6549062844542448,0.14792490517417933,False
uni2+hoptimus,entropy_uni2,0.7,race,black or african american,44,0.5227272727272727,0.34782608695652173,23,sensitivity,0.8666666666666667,0.875,0.008333333333333304,0.006306825601202548,0.47078280044101434,0.25059418787266463,False
uni2+hoptimus,entropy_uni2,0.7,race,black or african american,44,0.5227272727272727,0.34782608695652173,23,specificity,0.896551724137931,0.9333333333333333,0.0367816091954023,0.0353118917695493,0.6736493936052922,0.15531775895120647,False
uni2+hoptimus,entropy_uni2,0.7,race,black or african american,44,0.5227272727272727,0.34782608695652173,23,brier,0.1071858031519159,0.08487792330231314,-0.022307879849602766,-0.021294552490650112,0.2624035281146637,0.09812205202873558,False
uni2+hoptimus,entropy_uni2,0.7,race,black or african american,44,0.5227272727272727,0.34782608695652173,23,ece,0.09099463695113637,0.07548765137826088,-0.015506985572875484,-0.05847658914094875,0.007717750826901874,0.08367557030532649,False
uni2+hoptimus,entropy_uni2,0.7,race,black or african american,44,0.5227272727272727,0.34782608695652173,23,cal_gap,0.03936024552613637,-0.00273035181304343,-0.0420905973391798,-0.042056749741718906,0.185226019845645,0.12973114433641816,False
uni2+hoptimus,entropy_uni2,0.7,race,black or african american,44,0.5227272727272727,0.34782608695652173,23,accuracy,0.8863636363636364,0.9130434782608695,0.02667984189723316,0.024894608758524006,0.6780595369349504,0.12898906095774929,False
uni2+hoptimus,entropy_uni2,0.7,race,black or african american,44,0.5227272727272727,0.34782608695652173,23,ppv,0.8125,0.875,0.0625,0.05874397561277378,0.6769570011025359,0.2802019729597328,False
uni2+hoptimus,entropy_uni2,0.7,race,black or african american,44,0.5227272727272727,0.34782608695652173,23,npv,0.9285714285714286,0.9333333333333333,0.004761904761904745,0.003808976973109668,0.48732083792723263,0.1303423233441025,False
uni2+hoptimus,entropy_uni2,0.7,race,black or african american,44,0.5227272727272727,0.34782608695652173,23,f1,0.8387096774193549,0.875,0.03629032258064513,0.037869686087195986,0.6681367144432194,0.2054104119275662,False
ensemble,ensemble_entropy,0.9,sex,female,300,0.8533333333333334,0.52734375,256,auroc,0.9405162738496072,0.9565962656871747,0.016079991837567476,0.015693551093124758,0.99,0.016455906966378945,False
ensemble,ensemble_entropy,0.9,sex,female,300,0.8533333333333334,0.52734375,256,auprc,0.938783325440431,0.9493808611324498,0.010597535692018822,0.010202817731144287,0.886,0.022328480602044905,False
ensemble,ensemble_entropy,0.9,sex,female,300,0.8533333333333334,0.52734375,256,bss,0.6011462125796483,0.718147876823517,0.11700166424386871,0.11562786541741299,1.0,0.055173183356137585,True
ensemble,ensemble_entropy,0.9,sex,female,300,0.8533333333333334,0.52734375,256,balanced_accuracy,0.8545454545454545,0.9229262320171411,0.06838077747168658,0.067946594775663,1.0,0.023954818849238488,True
ensemble,ensemble_entropy,0.9,sex,female,300,0.8533333333333334,0.52734375,256,sensitivity,0.8424242424242424,0.9037037037037037,0.06127946127946127,0.06057451859641383,1.0,0.032663885348046214,True
ensemble,ensemble_entropy,0.9,sex,female,300,0.8533333333333334,0.52734375,256,specificity,0.8666666666666667,0.9421487603305785,0.07548209366391179,0.0753186709549124,1.0,0.034903643399244365,True
ensemble,ensemble_entropy,0.9,sex,female,300,0.8533333333333334,0.52734375,256,brier,0.09871631238653707,0.07025229541149675,-0.02846401697504032,-0.02807789545535254,0.0,0.013419480771592046,True
ensemble,ensemble_entropy,0.9,sex,female,300,0.8533333333333334,0.52734375,256,ece,0.058146544475333295,0.035530992549218716,-0.02261555192611458,-0.02697964669694638,0.0,0.01746238242012113,True
ensemble,ensemble_entropy,0.9,sex,female,300,0.8533333333333334,0.52734375,256,cal_gap,-0.05625961214200009,-0.03331974372109381,0.022939868420906284,0.022550367804364986,1.0,0.020315289921558018,True
ensemble,ensemble_entropy,0.9,sex,female,300,0.8533333333333334,0.52734375,256,accuracy,0.8533333333333334,0.921875,0.06854166666666661,0.06806609809163489,1.0,0.023861361851622777,True
ensemble,ensemble_entropy,0.9,sex,female,300,0.8533333333333334,0.52734375,256,ppv,0.8853503184713376,0.9457364341085271,0.06038611563718954,0.06026882799353339,1.0,0.029314175107081578,True
ensemble,ensemble_entropy,0.9,sex,female,300,0.8533333333333334,0.52734375,256,npv,0.8181818181818182,0.8976377952755905,0.07945597709377228,0.07858657554141257,1.0,0.03702398075289369,True
ensemble,ensemble_entropy,0.9,sex,female,300,0.8533333333333334,0.52734375,256,f1,0.8633540372670807,0.9242424242424242,0.06088838697534349,0.060524062028530334,1.0,0.023498645476820266,True
ensemble,ensemble_entropy,0.9,sex,male,407,0.8501228501228502,0.47109826589595377,346,auroc,0.9491934704916449,0.9669113949512219,0.017717924459576984,0.017582221203142234,1.0,0.012273997198281875,True
ensemble,ensemble_entropy,0.9,sex,male,407,0.8501228501228502,0.47109826589595377,346,auprc,0.9465493995574141,0.9635028748628519,0.016953475305437782,0.01666071919487644,0.998,0.015107938931631582,True
ensemble,ensemble_entropy,0.9,sex,male,407,0.8501228501228502,0.47109826589595377,346,bss,0.6453676527622987,0.7551226144079223,0.1097549616456236,0.10984346087817531,1.0,0.04022461707188435,True
ensemble,ensemble_entropy,0.9,sex,male,407,0.8501228501228502,0.47109826589595377,346,balanced_accuracy,0.8771370617212402,0.9242683294780247,0.047131267756784556,0.04723844422291812,1.0,0.01844933964418874,True
ensemble,ensemble_entropy,0.9,sex,male,407,0.8501228501228502,0.47109826589595377,346,sensitivity,0.8719211822660099,0.9141104294478528,0.042189247181842915,0.042773282691067394,1.0,0.026997063885242072,True
ensemble,ensemble_entropy,0.9,sex,male,407,0.8501228501228502,0.47109826589595377,346,specificity,0.8823529411764706,0.9344262295081968,0.0520732883317262,0.051703605754768955,1.0,0.026036835746198483,True
ensemble,ensemble_entropy,0.9,sex,male,407,0.8501228501228502,0.47109826589595377,346,brier,0.08865755159287221,0.06101479781170509,-0.027642753781167123,-0.02762622977246329,0.0,0.010057527973979677,True
ensemble,ensemble_entropy,0.9,sex,male,407,0.8501228501228502,0.47109826589595377,346,ece,0.05220106691965601,0.033998333197398825,-0.018202733722257183,-0.018939444517265168,0.002,0.016701526711691568,True
ensemble,ensemble_entropy,0.9,sex,male,407,0.8501228501228502,0.47109826589595377,346,cal_gap,-0.0356794718027027,-0.014084572062716794,0.021594899739985907,0.021838496982676495,1.0,0.017706004422704653,True
ensemble,ensemble_entropy,0.9,sex,male,407,0.8501228501228502,0.47109826589595377,346,accuracy,0.8771498771498771,0.9248554913294798,0.04770561417960262,0.04781333864370829,1.0,0.01839645567615538,True
ensemble,ensemble_entropy,0.9,sex,male,407,0.8501228501228502,0.47109826589595377,346,ppv,0.8805970149253731,0.9254658385093167,0.04486882358394362,0.044607068825414986,1.0,0.026531838853435318,True
ensemble,ensemble_entropy,0.9,sex,male,407,0.8501228501228502,0.47109826589595377,346,npv,0.8737864077669902,0.9243243243243243,0.050537916557334084,0.05100316291827789,1.0,0.026758292233778704,True
ensemble,ensemble_entropy,0.9,sex,male,407,0.8501228501228502,0.47109826589595377,346,f1,0.8762376237623762,0.9197530864197531,0.043515462657376824,0.043728273200281054,1.0,0.019741633184239417,True
ensemble,ensemble_entropy,0.9,age,20-39,219,0.8264840182648402,0.856353591160221,181,auroc,0.8641377005347594,0.8791563275434243,0.015018627008664964,0.015363743488330694,0.788,0.05270845385744267,False
ensemble,ensemble_entropy,0.9,age,20-39,219,0.8264840182648402,0.856353591160221,181,auprc,0.960008801419355,0.9628820961363455,0.002873294716990493,0.002923448842057197,0.708,0.02055947603014,False
ensemble,ensemble_entropy,0.9,age,20-39,219,0.8264840182648402,0.856353591160221,181,bss,0.05562669150355315,0.29648198067583076,0.2408552891722776,0.24336915238004103,1.0,0.19116142486086266,True
ensemble,ensemble_entropy,0.9,age,20-39,219,0.8264840182648402,0.856353591160221,181,balanced_accuracy,0.8054812834224598,0.8586848635235732,0.05320358010111337,0.053213288170859574,0.995,0.048371461307426304,True
ensemble,ensemble_entropy,0.9,age,20-39,219,0.8264840182648402,0.856353591160221,181,sensitivity,0.8609625668449198,0.9096774193548387,0.048714852509918916,0.04796437118745267,1.0,0.029640393463078847,True
ensemble,ensemble_entropy,0.9,age,20-39,219,0.8264840182648402,0.856353591160221,181,specificity,0.75,0.8076923076923077,0.05769230769230771,0.05846220515426648,0.943,0.0919366342253739,False
ensemble,ensemble_entropy,0.9,age,20-39,219,0.8264840182648402,0.856353591160221,181,brier,0.11782760739022827,0.08654124165551728,-0.03128636573471098,-0.03119333074223736,0.0,0.016400629457955448,True
ensemble,ensemble_entropy,0.9,age,20-39,219,0.8264840182648402,0.856353591160221,181,ece,0.14777559669726026,0.10341841931878451,-0.04435717737847575,-0.04402497259358587,0.0,0.02436742650775007,True
ensemble,ensemble_entropy,0.9,age,20-39,219,0.8264840182648402,0.856353591160221,181,cal_gap,-0.14777559669726037,-0.1034184193187847,0.044357177378475665,0.043874947968970596,1.0,0.024597189579109596,True
ensemble,ensemble_entropy,0.9,age,20-39,219,0.8264840182648402,0.856353591160221,181,accuracy,0.8447488584474886,0.8950276243093923,0.05027876586190372,0.04975097152198915,1.0,0.028714377471023077,True
ensemble,ensemble_entropy,0.9,age,20-39,219,0.8264840182648402,0.856353591160221,181,ppv,0.9526627218934911,0.9657534246575342,0.013090702764043116,0.013208876526466184,0.966,0.019009942436563287,False
ensemble,ensemble_entropy,0.9,age,20-39,219,0.8264840182648402,0.856353591160221,181,npv,0.48,0.6,0.12,0.11879110620812466,1.0,0.08375994162576508,True
ensemble,ensemble_entropy,0.9,age,20-39,219,0.8264840182648402,0.856353591160221,181,f1,0.9044943820224719,0.9368770764119602,0.032382694389488265,0.03206351579386146,1.0,0.019158651467381358,True
ensemble,ensemble_entropy,0.9,age,40-54,221,0.8597285067873304,0.5263157894736842,190,auroc,0.9555555555555555,0.9654444444444445,0.009888888888889058,0.010187049997399944,0.937,0.016603743411585062,False
ensemble,ensemble_entropy,0.9,age,40-54,221,0.8597285067873304,0.5263157894736842,190,auprc,0.9635608938286069,0.9699964167323066,0.006435522903699753,0.0067227466782255885,0.86,0.015696844014300673,False
ensemble,ensemble_entropy,0.9,age,40-54,221,0.8597285067873304,0.5263157894736842,190,bss,0.6499200670068326,0.7551970019156062,0.10527693490877366,0.10642738500724702,1.0,0.06025472706050383,True
ensemble,ensemble_entropy,0.9,age,40-54,221,0.8597285067873304,0.5263157894736842,190,balanced_accuracy,0.889139515455305,0.9322222222222223,0.04308270676691728,0.043373383157632506,1.0,0.024797748926485376,True
ensemble,ensemble_entropy,0.9,age,40-54,221,0.8597285067873304,0.5263157894736842,190,sensitivity,0.873015873015873,0.92,0.04698412698412702,0.04687982517920963,1.0,0.03494202567758867,True
ensemble,ensemble_entropy,0.9,age,40-54,221,0.8597285067873304,0.5263157894736842,190,specificity,0.9052631578947369,0.9444444444444444,0.03918128654970754,0.03986694113605538,0.995,0.03611637688065269,True
ensemble,ensemble_entropy,0.9,age,40-54,221,0.8597285067873304,0.5263157894736842,190,brier,0.08579793202285405,0.06103121835899014,-0.024766713663863904,-0.024975779490596095,0.0,0.014332072765380014,True
ensemble,ensemble_entropy,0.9,age,40-54,221,0.8597285067873304,0.5263157894736842,190,ece,0.07230044511040722,0.03205617983894735,-0.04024426527145986,-0.04493971988117627,0.0,0.02032363316598337,True
ensemble,ensemble_entropy,0.9,age,40-54,221,0.8597285067873304,0.5263157894736842,190,cal_gap,-0.07190388200271497,-0.031594914329473756,0.040308967673241214,0.04011374397376696,1.0,0.022918940033550796,True
ensemble,ensemble_entropy,0.9,age,40-54,221,0.8597285067873304,0.5263157894736842,190,accuracy,0.8868778280542986,0.9315789473684211,0.04470111931412246,0.04492407124824671,1.0,0.024857733036526674,True
ensemble,ensemble_entropy,0.9,age,40-54,221,0.8597285067873304,0.5263157894736842,190,ppv,0.9243697478991597,0.9484536082474226,0.02408386034826293,0.024610402517047936,0.973,0.02872674656964798,False
ensemble,ensemble_entropy,0.9,age,40-54,221,0.8597285067873304,0.5263157894736842,190,npv,0.8431372549019608,0.9139784946236559,0.07084123972169509,0.07073854345569297,1.0,0.042196856130170504,True
ensemble,ensemble_entropy,0.9,age,40-54,221,0.8597285067873304,0.5263157894736842,190,f1,0.8979591836734694,0.934010152284264,0.0360509686107946,0.03631187455979179,1.0,0.023698153248880877,True
ensemble,ensemble_entropy,0.9,age,55-69,189,0.8624338624338624,0.2085889570552147,163,auroc,0.9257725390251672,0.9459644322845416,0.020191893259374427,0.02044518169744869,0.943,0.029724034788623586,False
ensemble,ensemble_entropy,0.9,age,55-69,189,0.8624338624338624,0.2085889570552147,163,auprc,0.8504951617581611,0.902908286268069,0.05241312450990787,0.052050435638160586,0.996,0.051258671947809045,True
ensemble,ensemble_entropy,0.9,age,55-69,189,0.8624338624338624,0.2085889570552147,163,bss,0.5007665222388284,0.6486219002300775,0.14785537799124904,0.14871340256240112,1.0,0.09835119444355409,True
ensemble,ensemble_entropy,0.9,age,55-69,189,0.8624338624338624,0.2085889570552147,163,balanced_accuracy,0.8302803440586174,0.9140446876424988,0.0837643435838814,0.08342382257059522,1.0,0.04042287523856619,True
ensemble,ensemble_entropy,0.9,age,55-69,189,0.8624338624338624,0.2085889570552147,163,sensitivity,0.7906976744186046,0.8823529411764706,0.09165526675786595,0.09044596506172331,0.999,0.07311830073570315,True
ensemble,ensemble_entropy,0.9,age,55-69,189,0.8624338624338624,0.2085889570552147,163,specificity,0.8698630136986302,0.9457364341085271,0.07587342040989697,0.07640168007946724,1.0,0.0332944708223632,True
ensemble,ensemble_entropy,0.9,age,55-69,189,0.8624338624338624,0.2085889570552147,163,brier,0.0877407623914402,0.05800535758180136,-0.029735404809638842,-0.029837175757988506,0.0,0.016377983466523357,True
ensemble,ensemble_entropy,0.9,age,55-69,189,0.8624338624338624,0.2085889570552147,163,ece,0.07126194343703707,0.04894435920000003,-0.022317584237037037,-0.02488952969148741,0.001,0.022869725366328336,True
ensemble,ensemble_entropy,0.9,age,55-69,189,0.8624338624338624,0.2085889570552147,163,cal_gap,0.06207883550052917,0.04894435919999998,-0.013134476300529191,-0.013282241319879075,0.061,0.024472335276517616,False
ensemble,ensemble_entropy,0.9,age,55-69,189,0.8624338624338624,0.2085889570552147,163,accuracy,0.8518518518518519,0.9325153374233128,0.08066348557146097,0.08083746891269028,1.0,0.031000573916300147,True
ensemble,ensemble_entropy,0.9,age,55-69,189,0.8624338624338624,0.2085889570552147,163,ppv,0.6415094339622641,0.8108108108108109,0.16930137684854674,0.1692509411776707,1.0,0.07626274316498763,True
ensemble,ensemble_entropy,0.9,age,55-69,189,0.8624338624338624,0.2085889570552147,163,npv,0.9338235294117647,0.9682539682539683,0.03443043884220354,0.034288409120460384,1.0,0.02538238021569867,True
ensemble,ensemble_entropy,0.9,age,55-69,189,0.8624338624338624,0.2085889570552147,163,f1,0.7083333333333334,0.8450704225352113,0.13673708920187788,0.13659402435532086,1.0,0.06092433683184521,True
ensemble,ensemble_entropy,0.9,age,70+,74,0.8918918918918919,0.10606060606060606,66,auroc,0.976068376068376,0.9903147699757869,0.014246393907410893,0.013792008973416814,0.943,0.021583106037616914,False
ensemble,ensemble_entropy,0.9,age,70+,74,0.8918918918918919,0.10606060606060606,66,auprc,0.8664073036622058,0.9240362811791383,0.05762897751693252,0.0541216179265025,0.874,0.12546283920143098,False
ensemble,ensemble_entropy,0.9,age,70+,74,0.8918918918918919,0.10606060606060606,66,bss,0.5111315843854584,0.634275035088504,0.12314345070304566,0.1260577312838157,0.933,0.23495646502314987,False
ensemble,ensemble_entropy,0.9,age,70+,74,0.8918918918918919,0.10606060606060606,66,balanced_accuracy,0.8982905982905982,0.9116222760290557,0.013331677738457448,0.011651012851074949,0.818,0.07651839005835846,False
ensemble,ensemble_entropy,0.9,age,70+,74,0.8918918918918919,0.10606060606060606,66,sensitivity,0.8888888888888888,0.8571428571428571,-0.031746031746031744,-0.03429603174603191,0.087,0.144478799933189,False
ensemble,ensemble_entropy,0.9,age,70+,74,0.8918918918918919,0.10606060606060606,66,specificity,0.9076923076923077,0.9661016949152542,0.05840938722294653,0.05759805744818158,1.0,0.04393673189127925,True
ensemble,ensemble_entropy,0.9,age,70+,74,0.8918918918918919,0.10606060606060606,66,brier,0.05222571642339424,0.03467502536924882,-0.017550691054145424,-0.01720208510863177,0.018,0.01924277103616194,False
ensemble,ensemble_entropy,0.9,age,70+,74,0.8918918918918919,0.10606060606060606,66,ece,0.09348181410000003,0.08541374990000002,-0.008068064200000016,-0.011906684725960001,0.099,0.025683474482403573,False
ensemble,ensemble_entropy,0.9,age,70+,74,0.8918918918918919,0.10606060606060606,66,cal_gap,0.0765657643702703,0.05676595474848485,-0.019799809621785444,-0.019633689623236347,0.036,0.029471221197026342,False
ensemble,ensemble_entropy,0.9,age,70+,74,0.8918918918918919,0.10606060606060606,66,accuracy,0.9054054054054054,0.9545454545454546,0.04914004914004921,0.04812997519830686,0.997,0.04235060617207246,True
ensemble,ensemble_entropy,0.9,age,70+,74,0.8918918918918919,0.10606060606060606,66,ppv,0.5714285714285714,0.75,0.1785714285714286,0.1749021284271285,0.993,0.16960193048143277,True
ensemble,ensemble_entropy,0.9,age,70+,74,0.8918918918918919,0.10606060606060606,66,npv,0.9833333333333333,0.9827586206896551,-0.0005747126436781436,-0.000908619859606441,0.831,0.020597651939564168,False
ensemble,ensemble_entropy,0.9,age,70+,74,0.8918918918918919,0.10606060606060606,66,f1,0.6956521739130435,0.8,0.10434782608695659,0.10269846208591671,0.963,0.141814403244632,False
ensemble,ensemble_entropy,0.9,race,white,632,0.8465189873417721,0.514018691588785,535,auroc,0.9508570276265377,0.9683356643356642,0.017478636709126527,0.017419096956304836,1.0,0.00972364759119991,True
ensemble,ensemble_entropy,0.9,race,white,632,0.8465189873417721,0.514018691588785,535,auprc,0.950697916993694,0.9636470669980574,0.012949150004363363,0.012841996949898626,0.988,0.013412141667583215,False
ensemble,ensemble_entropy,0.9,race,white,632,0.8465189873417721,0.514018691588785,535,bss,0.6363574103290924,0.7607505577157652,0.12439314738667273,0.1245355446944798,1.0,0.033402455810899394,True
ensemble,ensemble_entropy,0.9,race,white,632,0.8465189873417721,0.514018691588785,535,balanced_accuracy,0.8712038717483364,0.9312587412587412,0.06005486951040484,0.060144330216115205,1.0,0.014972490580552784,True
ensemble,ensemble_entropy,0.9,race,white,632,0.8465189873417721,0.514018691588785,535,sensitivity,0.8596491228070176,0.9163636363636364,0.05671451355661883,0.05681328594963164,1.0,0.021536394871181617,True
ensemble,ensemble_entropy,0.9,race,white,632,0.8465189873417721,0.514018691588785,535,specificity,0.8827586206896552,0.9461538461538461,0.06339522546419096,0.06347537448259888,1.0,0.02133356116810701,True
ensemble,ensemble_entropy,0.9,race,white,632,0.8465189873417721,0.514018691588785,535,brier,0.09029520520439586,0.05976534238212172,-0.030529862822274142,-0.030527194587840062,0.0,0.008192953293069774,True
ensemble,ensemble_entropy,0.9,race,white,632,0.8465189873417721,0.514018691588785,535,ece,0.05766051698069617,0.033191003797756975,-0.024469513182939197,-0.025438218854885418,0.0,0.01340037093421354,True
ensemble,ensemble_entropy,0.9,race,white,632,0.8465189873417721,0.514018691588785,535,cal_gap,-0.052902829880063285,-0.027570708007850553,0.02533212187221273,0.025460613969000193,1.0,0.01372537203259657,True
ensemble,ensemble_entropy,0.9,race,white,632,0.8465189873417721,0.514018691588785,535,accuracy,0.870253164556962,0.930841121495327,0.06058795693836505,0.060688147706417284,1.0,0.015015420681671996,True
ensemble,ensemble_entropy,0.9,race,white,632,0.8465189873417721,0.514018691588785,535,ppv,0.8963414634146342,0.9473684210526315,0.05102695763799736,0.0509733119014697,1.0,0.0192293057600799,True
ensemble,ensemble_entropy,0.9,race,white,632,0.8465189873417721,0.514018691588785,535,npv,0.8421052631578947,0.9144981412639405,0.07239287810604578,0.07269442454577768,1.0,0.02427576030339647,True
ensemble,ensemble_entropy,0.9,race,white,632,0.8465189873417721,0.514018691588785,535,f1,0.8776119402985074,0.9316081330868762,0.05399619278836876,0.054049436917182114,1.0,0.015175825922727261,True
ensemble,ensemble_entropy,0.9,race,black or african american,44,0.9318181818181818,0.34146341463414637,41,auroc,0.8873563218390805,0.8888888888888888,0.0015325670498083088,0.00039356526737344133,0.667,0.08322985980956829,False
ensemble,ensemble_entropy,0.9,race,black or african american,44,0.9318181818181818,0.34146341463414637,41,auprc,0.8428703703703703,0.8497923528385712,0.006921982468200971,0.004505812061178727,0.624,0.11330537590281618,False
ensemble,ensemble_entropy,0.9,race,black or african american,44,0.9318181818181818,0.34146341463414637,41,bss,0.5092666573706497,0.5397440169216028,0.030477359550953098,0.030966391792048076,0.668,0.2148234925196809,False
ensemble,ensemble_entropy,0.9,race,black or african american,44,0.9318181818181818,0.34146341463414637,41,balanced_accuracy,0.8471264367816091,0.873015873015873,0.025889436234263874,0.025598673023744856,0.837,0.06986914043012876,False
ensemble,ensemble_entropy,0.9,race,black or african american,44,0.9318181818181818,0.34146341463414637,41,sensitivity,0.8666666666666667,0.8571428571428571,-0.009523809523809601,-0.009899930624930664,0.433,0.11231957731669977,False
ensemble,ensemble_entropy,0.9,race,black or african american,44,0.9318181818181818,0.34146341463414637,41,specificity,0.8275862068965517,0.8888888888888888,0.06130268199233713,0.061097276672420264,0.977,0.08599961338893161,False
ensemble,ensemble_entropy,0.9,race,black or african american,44,0.9318181818181818,0.34146341463414637,41,brier,0.11026291531186332,0.10349599143583231,-0.006766923876031006,-0.006301536445346714,0.326,0.04649686567021657,False
ensemble,ensemble_entropy,0.9,race,black or african american,44,0.9318181818181818,0.34146341463414637,41,ece,0.10885668835909094,0.08387701140975613,-0.02497967694933481,-0.0330167510822858,0.023,0.04223840615177921,False
ensemble,ensemble_entropy,0.9,race,black or african american,44,0.9318181818181818,0.34146341463414637,41,cal_gap,0.035906567777272747,0.027449571760975566,-0.00845699601629718,-0.008032370084603509,0.329,0.0591455387952375,False
ensemble,ensemble_entropy,0.9,race,black or african american,44,0.9318181818181818,0.34146341463414637,41,accuracy,0.8409090909090909,0.8780487804878049,0.03713968957871394,0.03678734827713881,0.931,0.06605169797283182,False
ensemble,ensemble_entropy,0.9,race,black or african american,44,0.9318181818181818,0.34146341463414637,41,ppv,0.7222222222222222,0.8,0.07777777777777783,0.07701802201066932,0.917,0.12865715125757224,False
ensemble,ensemble_entropy,0.9,race,black or african american,44,0.9318181818181818,0.34146341463414637,41,npv,0.9230769230769231,0.9230769230769231,0.0,-0.0002361884577485318,0.7,0.06374060597704626,False
ensemble,ensemble_entropy,0.9,race,black or african american,44,0.9318181818181818,0.34146341463414637,41,f1,0.7878787878787878,0.8275862068965517,0.03970741901776387,0.04005264884869553,0.834,0.09585025334319533,False
ensemble,ensemble_entropy,0.8,sex,female,300,0.77,0.49783549783549785,231,auroc,0.9405162738496072,0.9614692653673165,0.02095299151770924,0.020426102599626406,0.991,0.021596141895385036,False
ensemble,ensemble_entropy,0.8,sex,female,300,0.77,0.49783549783549785,231,auprc,0.938783325440431,0.9511644412222516,0.012381115781820662,0.011563489903354762,0.856,0.030066164677241113,False
ensemble,ensemble_entropy,0.8,sex,female,300,0.77,0.49783549783549785,231,bss,0.6011462125796483,0.7457189962600285,0.14457278368038018,0.1431437923974619,1.0,0.07115216855837825,True
ensemble,ensemble_entropy,0.8,sex,female,300,0.77,0.49783549783549785,231,balanced_accuracy,0.8545454545454545,0.9263493253373314,0.07180387079187689,0.07106688109838033,1.0,0.0311603417438326,True
ensemble,ensemble_entropy,0.8,sex,female,300,0.77,0.49783549783549785,231,sensitivity,0.8424242424242424,0.9130434782608695,0.0706192358366271,0.07032135543672147,1.0,0.043604971087159,True
ensemble,ensemble_entropy,0.8,sex,female,300,0.77,0.49783549783549785,231,specificity,0.8666666666666667,0.9396551724137931,0.07298850574712645,0.07181240676003942,1.0,0.045253491450155316,True
ensemble,ensemble_entropy,0.8,sex,female,300,0.77,0.49783549783549785,231,brier,0.09871631238653707,0.06356905961078728,-0.03514725277574979,-0.03469788283223779,0.0,0.01736383321363764,True
ensemble,ensemble_entropy,0.8,sex,female,300,0.77,0.49783549783549785,231,ece,0.058146544475333295,0.015113669188744547,-0.04303287528658875,-0.04957678707357449,0.0,0.022578787148905894,True
ensemble,ensemble_entropy,0.8,sex,female,300,0.77,0.49783549783549785,231,cal_gap,-0.05625961214200009,-0.012663107716883226,0.043596504425116867,0.04349668799821259,1.0,0.02746170244665835,True
ensemble,ensemble_entropy,0.8,sex,female,300,0.77,0.49783549783549785,231,accuracy,0.8533333333333334,0.9264069264069265,0.07307359307359307,0.07237287150041793,1.0,0.030997768304727075,True
ensemble,ensemble_entropy,0.8,sex,female,300,0.77,0.49783549783549785,231,ppv,0.8853503184713376,0.9375,0.052149681528662395,0.05134131680021592,1.0,0.039671142882057024,True
ensemble,ensemble_entropy,0.8,sex,female,300,0.77,0.49783549783549785,231,npv,0.8181818181818182,0.9159663865546218,0.09778456837280358,0.09712113527702337,1.0,0.04840983192450615,True
ensemble,ensemble_entropy,0.8,sex,female,300,0.77,0.49783549783549785,231,f1,0.8633540372670807,0.9251101321585903,0.06175609489150957,0.06132610900694235,1.0,0.03154856683239857,True
ensemble,ensemble_entropy,0.8,sex,male,407,0.7764127764127764,0.4620253164556962,316,auroc,0.9491934704916449,0.9729653505237712,0.02377188003212627,0.02369499878712733,1.0,0.016084904903015743,True
ensemble,ensemble_entropy,0.8,sex,male,407,0.7764127764127764,0.4620253164556962,316,auprc,0.9465493995574141,0.9704298005895715,0.023880401032157383,0.023881668010263035,1.0,0.019156341175076023,True
ensemble,ensemble_entropy,0.8,sex,male,407,0.7764127764127764,0.4620253164556962,316,bss,0.6453676527622987,0.8171424905018886,0.1717748377395899,0.1716233712289139,1.0,0.05378419044642438,True
ensemble,ensemble_entropy,0.8,sex,male,407,0.7764127764127764,0.4620253164556962,316,balanced_accuracy,0.8771370617212402,0.9481063658340048,0.07096930411276459,0.07066685645339621,1.0,0.024697117837870174,True
ensemble,ensemble_entropy,0.8,sex,male,407,0.7764127764127764,0.4620253164556962,316,sensitivity,0.8719211822660099,0.9315068493150684,0.059585667049058544,0.059000731849059074,1.0,0.037523355617665725,True
ensemble,ensemble_entropy,0.8,sex,male,407,0.7764127764127764,0.4620253164556962,316,specificity,0.8823529411764706,0.9647058823529412,0.08235294117647063,0.08233298105773335,1.0,0.0339159384940926,True
ensemble,ensemble_entropy,0.8,sex,male,407,0.7764127764127764,0.4620253164556962,316,brier,0.08865755159287221,0.045450682840721894,-0.04320686875215032,-0.043107880481227524,0.0,0.013424855132502135,True
ensemble,ensemble_entropy,0.8,sex,male,407,0.7764127764127764,0.4620253164556962,316,ece,0.05220106691965601,0.03540722065284808,-0.01679384626680793,-0.01806721048548198,0.006,0.020045365562783916,False
ensemble,ensemble_entropy,0.8,sex,male,407,0.7764127764127764,0.4620253164556962,316,cal_gap,-0.0356794718027027,-0.01412782441044308,0.02155164739225962,0.02133110456651404,0.996,0.022287909478734484,False
ensemble,ensemble_entropy,0.8,sex,male,407,0.7764127764127764,0.4620253164556962,316,accuracy,0.8771498771498771,0.9493670886075949,0.07221721145771776,0.07192005740974283,1.0,0.024628262930939396,True
ensemble,ensemble_entropy,0.8,sex,male,407,0.7764127764127764,0.4620253164556962,316,ppv,0.8805970149253731,0.9577464788732394,0.07714946394786626,0.07714217016467517,1.0,0.03437910145061435,True
ensemble,ensemble_entropy,0.8,sex,male,407,0.7764127764127764,0.4620253164556962,316,npv,0.8737864077669902,0.9425287356321839,0.06874232786519363,0.06813334369476154,1.0,0.03653346062683675,True
ensemble,ensemble_entropy,0.8,sex,male,407,0.7764127764127764,0.4620253164556962,316,f1,0.8762376237623762,0.9444444444444444,0.06820682068206818,0.06799435504693208,1.0,0.02643516093815668,True
ensemble,ensemble_entropy,0.8,age,20-39,219,0.7214611872146118,0.8670886075949367,158,auroc,0.8641377005347594,0.8807785888077859,0.016640888273026566,0.015839779590599234,0.752,0.06877005899975683,False
ensemble,ensemble_entropy,0.8,age,20-39,219,0.7214611872146118,0.8670886075949367,158,auprc,0.960008801419355,0.9646703079867791,0.004661506567424145,0.003951758363347269,0.635,0.027871102242291133,False
ensemble,ensemble_entropy,0.8,age,20-39,219,0.7214611872146118,0.8670886075949367,158,bss,0.05562669150355315,0.388149785411382,0.33252309390782886,0.33952629072966395,1.0,0.2514169824414529,True
ensemble,ensemble_entropy,0.8,age,20-39,219,0.7214611872146118,0.8670886075949367,158,balanced_accuracy,0.8054812834224598,0.8719151894334376,0.06643390601097776,0.06688263815921058,0.997,0.06208483000577827,True
ensemble,ensemble_entropy,0.8,age,20-39,219,0.7214611872146118,0.8670886075949367,158,sensitivity,0.8609625668449198,0.9343065693430657,0.07334400249814588,0.07339576571380468,1.0,0.037853821703755626,True
ensemble,ensemble_entropy,0.8,age,20-39,219,0.7214611872146118,0.8670886075949367,158,specificity,0.75,0.8095238095238095,0.059523809523809534,0.060369510604616705,0.923,0.11886235914042026,False
ensemble,ensemble_entropy,0.8,age,20-39,219,0.7214611872146118,0.8670886075949367,158,brier,0.11782760739022827,0.07051326179183842,-0.047314345598389845,-0.04705051262119529,0.0,0.02062309557405094,True
ensemble,ensemble_entropy,0.8,age,20-39,219,0.7214611872146118,0.8670886075949367,158,ece,0.14777559669726026,0.08379461687784809,-0.06398097981941217,-0.0646324851794591,0.0,0.03091116471050768,True
ensemble,ensemble_entropy,0.8,age,20-39,219,0.7214611872146118,0.8670886075949367,158,cal_gap,-0.14777559669726037,-0.08379461687784817,0.0639809798194122,0.06388643805873978,1.0,0.031592969427533646,True
ensemble,ensemble_entropy,0.8,age,20-39,219,0.7214611872146118,0.8670886075949367,158,accuracy,0.8447488584474886,0.9177215189873418,0.07297266053985318,0.0730726292595184,1.0,0.03646183611973865,True
ensemble,ensemble_entropy,0.8,age,20-39,219,0.7214611872146118,0.8670886075949367,158,ppv,0.9526627218934911,0.9696969696969697,0.01703424780347862,0.01699465510144682,0.959,0.024738838340571116,False
ensemble,ensemble_entropy,0.8,age,20-39,219,0.7214611872146118,0.8670886075949367,158,npv,0.48,0.6538461538461539,0.17384615384615387,0.17533307718960783,1.0,0.10855030460537768,True
ensemble,ensemble_entropy,0.8,age,20-39,219,0.7214611872146118,0.8670886075949367,158,f1,0.9044943820224719,0.9516728624535316,0.047178480431059655,0.0472588080330395,1.0,0.02439360453198076,True
ensemble,ensemble_entropy,0.8,age,40-54,221,0.7737556561085973,0.5029239766081871,171,auroc,0.9555555555555555,0.9694938440492475,0.013938288493692053,0.013733410043695549,0.946,0.022304728784423387,False
ensemble,ensemble_entropy,0.8,age,40-54,221,0.7737556561085973,0.5029239766081871,171,auprc,0.9635608938286069,0.9732997427720298,0.009738848943422918,0.00945154224584055,0.873,0.021357765313080437,False
ensemble,ensemble_entropy,0.8,age,40-54,221,0.7737556561085973,0.5029239766081871,171,bss,0.6499200670068326,0.7939008889611946,0.14398082195436201,0.144874780223068,1.0,0.07885701711112861,True
ensemble,ensemble_entropy,0.8,age,40-54,221,0.7737556561085973,0.5029239766081871,171,balanced_accuracy,0.889139515455305,0.9416552667578659,0.05251575130256092,0.05269246090876156,0.999,0.03322950797761408,True
ensemble,ensemble_entropy,0.8,age,40-54,221,0.7737556561085973,0.5029239766081871,171,sensitivity,0.873015873015873,0.9186046511627907,0.04558877814691764,0.04690406213505993,0.997,0.044676169394491254,True
ensemble,ensemble_entropy,0.8,age,40-54,221,0.7737556561085973,0.5029239766081871,171,specificity,0.9052631578947369,0.9647058823529412,0.05944272445820431,0.05848085968246319,0.998,0.047768876149232635,True
ensemble,ensemble_entropy,0.8,age,40-54,221,0.7737556561085973,0.5029239766081871,171,brier,0.08579793202285405,0.05152301568666145,-0.0342749163361926,-0.03437090929296251,0.0,0.01875664454287096,True
ensemble,ensemble_entropy,0.8,age,40-54,221,0.7737556561085973,0.5029239766081871,171,ece,0.07230044511040722,0.022111887657309946,-0.05018855745309727,-0.05817599603813268,0.0,0.02567795266624105,True
ensemble,ensemble_entropy,0.8,age,40-54,221,0.7737556561085973,0.5029239766081871,171,cal_gap,-0.07190388200271497,-0.021599370424561504,0.050304511578153466,0.050847526419107336,1.0,0.029336856074457643,True
ensemble,ensemble_entropy,0.8,age,40-54,221,0.7737556561085973,0.5029239766081871,171,accuracy,0.8868778280542986,0.9415204678362573,0.05464263978195871,0.05498233725292734,0.999,0.0330696119372384,True
ensemble,ensemble_entropy,0.8,age,40-54,221,0.7737556561085973,0.5029239766081871,171,ppv,0.9243697478991597,0.9634146341463414,0.03904488624718172,0.038529146143349347,0.99,0.03886533737313735,False
ensemble,ensemble_entropy,0.8,age,40-54,221,0.7737556561085973,0.5029239766081871,171,npv,0.8431372549019608,0.9213483146067416,0.07821105970478082,0.07932596078401355,1.0,0.05458698537684492,True
ensemble,ensemble_entropy,0.8,age,40-54,221,0.7737556561085973,0.5029239766081871,171,f1,0.8979591836734694,0.9404761904761905,0.04251700680272108,0.04308050894018978,0.999,0.031555865071690135,True
ensemble,ensemble_entropy,0.8,age,55-69,189,0.8148148148148148,0.2012987012987013,154,auroc,0.9257725390251672,0.9488591660110149,0.023086626985847736,0.023515399749840737,0.932,0.03844656085812027,False
ensemble,ensemble_entropy,0.8,age,55-69,189,0.8148148148148148,0.2012987012987013,154,auprc,0.8504951617581611,0.9139908930181219,0.06349573125996077,0.06349575756733639,0.997,0.06672228711104078,False
ensemble,ensemble_entropy,0.8,age,55-69,189,0.8148148148148148,0.2012987012987013,154,bss,0.5007665222388284,0.6815204500714923,0.18075392783266386,0.18346108454073373,1.0,0.12903636131175542,True
ensemble,ensemble_entropy,0.8,age,55-69,189,0.8148148148148148,0.2012987012987013,154,balanced_accuracy,0.8302803440586174,0.9151586677157094,0.08487832365709203,0.08510188331462243,0.999,0.05311442949466027,True
ensemble,ensemble_entropy,0.8,age,55-69,189,0.8148148148148148,0.2012987012987013,154,sensitivity,0.7906976744186046,0.8709677419354839,0.08027006751687926,0.08039821609139464,0.978,0.09637009615885908,False
ensemble,ensemble_entropy,0.8,age,55-69,189,0.8148148148148148,0.2012987012987013,154,specificity,0.8698630136986302,0.959349593495935,0.08948657979730479,0.08980555053785,1.0,0.04129578204635226,True
ensemble,ensemble_entropy,0.8,age,55-69,189,0.8148148148148148,0.2012987012987013,154,brier,0.0877407623914402,0.05120435671603137,-0.03653640567540883,-0.036695200456338305,0.0,0.020557636701916942,True
ensemble,ensemble_entropy,0.8,age,55-69,189,0.8148148148148148,0.2012987012987013,154,ece,0.07126194343703707,0.040610174997402625,-0.030651768439634443,-0.034267973657039076,0.0,0.028175158478847672,True
ensemble,ensemble_entropy,0.8,age,55-69,189,0.8148148148148148,0.2012987012987013,154,cal_gap,0.06207883550052917,0.04061017499740263,-0.02146866050312654,-0.021535585199711653,0.031,0.03217502303436199,False
ensemble,ensemble_entropy,0.8,age,55-69,189,0.8148148148148148,0.2012987012987013,154,accuracy,0.8518518518518519,0.9415584415584416,0.08970658970658973,0.08998854157401281,1.0,0.03916213291388479,True
ensemble,ensemble_entropy,0.8,age,55-69,189,0.8148148148148148,0.2012987012987013,154,ppv,0.6415094339622641,0.84375,0.20224056603773588,0.20291074244377694,1.0,0.10118600608994294,True
ensemble,ensemble_entropy,0.8,age,55-69,189,0.8148148148148148,0.2012987012987013,154,npv,0.9338235294117647,0.9672131147540983,0.033389585342333605,0.03346656453199115,0.992,0.03259996718985938,True
ensemble,ensemble_entropy,0.8,age,55-69,189,0.8148148148148148,0.2012987012987013,154,f1,0.7083333333333334,0.8571428571428571,0.14880952380952372,0.1498976690863606,1.0,0.08166407077087726,True
ensemble,ensemble_entropy,0.8,age,70+,74,0.8513513513513513,0.09523809523809523,63,auroc,0.976068376068376,0.9941520467836257,0.018083670715249633,0.018149967849475757,0.957,0.02763681370285629,False
ensemble,ensemble_entropy,0.8,age,70+,74,0.8513513513513513,0.09523809523809523,63,auprc,0.8664073036622058,0.9484126984126984,0.08200539475049262,0.08276142478209891,0.93,0.15896635026287434,False
ensemble,ensemble_entropy,0.8,age,70+,74,0.8513513513513513,0.09523809523809523,63,bss,0.5111315843854584,0.780343238616338,0.26921165423087967,0.2903079615253719,0.998,0.3116617487430266,False
ensemble,ensemble_entropy,0.8,age,70+,74,0.8513513513513513,0.09523809523809523,63,balanced_accuracy,0.8982905982905982,0.9912280701754386,0.09293747188484036,0.09224353153364373,1.0,0.09807917233993801,False
ensemble,ensemble_entropy,0.8,age,70+,74,0.8513513513513513,0.09523809523809523,63,sensitivity,0.8888888888888888,1.0,0.11111111111111116,0.10939920634920619,0.754,0.18844509114187935,False
ensemble,ensemble_entropy,0.8,age,70+,74,0.8513513513513513,0.09523809523809523,63,specificity,0.9076923076923077,0.9824561403508771,0.07476383265856945,0.07508785671808116,1.0,0.055633998406498,True
ensemble,ensemble_entropy,0.8,age,70+,74,0.8513513513513513,0.09523809523809523,63,brier,0.05222571642339424,0.018927339983172677,-0.033298376440221565,-0.03350325418264155,0.001,0.023752622886381657,True
ensemble,ensemble_entropy,0.8,age,70+,74,0.8513513513513513,0.09523809523809523,63,ece,0.09348181410000003,0.06227958957777779,-0.031202224522222245,-0.0382726451251356,0.0,0.0316126919613065,True
ensemble,ensemble_entropy,0.8,age,70+,74,0.8513513513513513,0.09523809523809523,63,cal_gap,0.0765657643702703,0.054310805768254006,-0.02225495860201629,-0.023403833031840404,0.048,0.038151705981363686,False
ensemble,ensemble_entropy,0.8,age,70+,74,0.8513513513513513,0.09523809523809523,63,accuracy,0.9054054054054054,0.9841269841269841,0.0787215787215787,0.0787965391085772,1.0,0.05292810307876533,True
ensemble,ensemble_entropy,0.8,age,70+,74,0.8513513513513513,0.09523809523809523,63,ppv,0.5714285714285714,0.8571428571428571,0.2857142857142857,0.29016691086691093,0.996,0.2158513536530128,True
ensemble,ensemble_entropy,0.8,age,70+,74,0.8513513513513513,0.09523809523809523,63,npv,0.9833333333333333,1.0,0.01666666666666672,0.016199036209950668,0.754,0.026161119044157716,False
ensemble,ensemble_entropy,0.8,age,70+,74,0.8513513513513513,0.09523809523809523,63,f1,0.6956521739130435,0.9230769230769231,0.22742474916387967,0.23342796651868214,1.0,0.18029057318282474,True
ensemble,ensemble_entropy,0.8,race,white,632,0.7705696202531646,0.5010266940451745,487,auroc,0.9508570276265377,0.9733859542602713,0.022528926633733626,0.02254442522918898,1.0,0.013200929259088147,True
ensemble,ensemble_entropy,0.8,race,white,632,0.7705696202531646,0.5010266940451745,487,auprc,0.950697916993694,0.9674807341747295,0.01678281718103547,0.016839010188583026,0.992,0.01786736483620405,False
ensemble,ensemble_entropy,0.8,race,white,632,0.7705696202531646,0.5010266940451745,487,bss,0.6363574103290924,0.8081518857511287,0.1717944754220363,0.17202483326480977,1.0,0.045490281394019054,True
ensemble,ensemble_entropy,0.8,race,white,632,0.7705696202531646,0.5010266940451745,487,balanced_accuracy,0.8712038717483364,0.9466538487485665,0.07544997700023015,0.0755016054057166,1.0,0.02064231535724283,True
ensemble,ensemble_entropy,0.8,race,white,632,0.7705696202531646,0.5010266940451745,487,sensitivity,0.8596491228070176,0.9262295081967213,0.06658038538970379,0.06691511161409158,1.0,0.029317662185299607,True
ensemble,ensemble_entropy,0.8,race,white,632,0.7705696202531646,0.5010266940451745,487,specificity,0.8827586206896552,0.9670781893004116,0.0843195686107564,0.0840880991973415,1.0,0.02864460961491871,True
ensemble,ensemble_entropy,0.8,race,white,632,0.7705696202531646,0.5010266940451745,487,brier,0.09029520520439586,0.0479618263349935,-0.04233337886940237,-0.04235838254176357,0.0,0.011214331725251723,True
ensemble,ensemble_entropy,0.8,race,white,632,0.7705696202531646,0.5010266940451745,487,ece,0.05766051698069617,0.02880358347392195,-0.02885693350677422,-0.030223599911467322,0.0,0.016964968131381986,True
ensemble,ensemble_entropy,0.8,race,white,632,0.7705696202531646,0.5010266940451745,487,cal_gap,-0.052902829880063285,-0.022629336558932234,0.03027349332113105,0.030368666186490707,1.0,0.01742943034121423,True
ensemble,ensemble_entropy,0.8,race,white,632,0.7705696202531646,0.5010266940451745,487,accuracy,0.870253164556962,0.946611909650924,0.07635874509396201,0.07642147157495338,1.0,0.020691993418616373,True
ensemble,ensemble_entropy,0.8,race,white,632,0.7705696202531646,0.5010266940451745,487,ppv,0.8963414634146342,0.9658119658119658,0.06947050239733166,0.06947240701999557,1.0,0.025987010846219686,True
ensemble,ensemble_entropy,0.8,race,white,632,0.7705696202531646,0.5010266940451745,487,npv,0.8421052631578947,0.9288537549407114,0.08674849178281674,0.08680816048436457,1.0,0.03157802610648689,True
ensemble,ensemble_entropy,0.8,race,white,632,0.7705696202531646,0.5010266940451745,487,f1,0.8776119402985074,0.9456066945606695,0.06799475426216206,0.06821722672363795,1.0,0.02116872018688862,True
ensemble,ensemble_entropy,0.8,race,black or african american,44,0.8636363636363636,0.3157894736842105,38,auroc,0.8873563218390805,0.891025641025641,0.003669319186560438,0.0032287621613141804,0.648,0.10595652657155268,False
ensemble,ensemble_entropy,0.8,race,black or african american,44,0.8636363636363636,0.3157894736842105,38,auprc,0.8428703703703703,0.8588955026455026,0.01602513227513236,0.014524446822591464,0.626,0.14850075283182887,False
ensemble,ensemble_entropy,0.8,race,black or african american,44,0.8636363636363636,0.3157894736842105,38,bss,0.5092666573706497,0.5694588717009447,0.06019221433029498,0.06627916474419526,0.748,0.2795147927623149,False
ensemble,ensemble_entropy,0.8,race,black or african american,44,0.8636363636363636,0.3157894736842105,38,balanced_accuracy,0.8471264367816091,0.9006410256410255,0.0535145888594164,0.053498494177789735,0.937,0.09210920157462829,False
ensemble,ensemble_entropy,0.8,race,black or african american,44,0.8636363636363636,0.3157894736842105,38,sensitivity,0.8666666666666667,0.9166666666666666,0.04999999999999993,0.04932331834831827,0.795,0.14666827713714486,False
ensemble,ensemble_entropy,0.8,race,black or african american,44,0.8636363636363636,0.3157894736842105,38,specificity,0.8275862068965517,0.8846153846153846,0.05702917771883287,0.05767367000726098,0.927,0.11029062705463595,False
ensemble,ensemble_entropy,0.8,race,black or african american,44,0.8636363636363636,0.3157894736842105,38,brier,0.11026291531186332,0.09302550694550225,-0.017237408366361062,-0.017129240404903684,0.193,0.05970962595147691,False
ensemble,ensemble_entropy,0.8,race,black or african american,44,0.8636363636363636,0.3157894736842105,38,ece,0.10885668835909094,0.07126836810000003,-0.03758832025909091,-0.05036315633871939,0.001,0.0539794904862982,False
ensemble,ensemble_entropy,0.8,race,black or african american,44,0.8636363636363636,0.3157894736842105,38,cal_gap,0.035906567777272747,0.048847155847368484,0.012940588070095738,0.011930156902709002,0.669,0.07755339180521781,False
ensemble,ensemble_entropy,0.8,race,black or african american,44,0.8636363636363636,0.3157894736842105,38,accuracy,0.8409090909090909,0.8947368421052632,0.053827751196172224,0.0540340181966531,0.945,0.08622580858561629,False
ensemble,ensemble_entropy,0.8,race,black or african american,44,0.8636363636363636,0.3157894736842105,38,ppv,0.7222222222222222,0.7857142857142857,0.06349206349206349,0.06586971680280518,0.856,0.16723762465735442,False
ensemble,ensemble_entropy,0.8,race,black or african american,44,0.8636363636363636,0.3157894736842105,38,npv,0.9230769230769231,0.9583333333333334,0.03525641025641024,0.03436975319575797,0.937,0.08485261504191759,False
ensemble,ensemble_entropy,0.8,race,black or african american,44,0.8636363636363636,0.3157894736842105,38,f1,0.7878787878787878,0.8461538461538461,0.0582750582750583,0.06105775454081552,0.906,0.12524501971588806,False
ensemble,ensemble_entropy,0.7,sex,female,300,0.59,0.4858757062146893,177,auroc,0.9405162738496072,0.9712496805520061,0.03073340670239888,0.031257300796200926,0.996,0.03143144057452288,False
ensemble,ensemble_entropy,0.7,sex,female,300,0.59,0.4858757062146893,177,auprc,0.938783325440431,0.9587869105778886,0.02000358513745759,0.020265865638916636,0.893,0.04449423829329903,False
ensemble,ensemble_entropy,0.7,sex,female,300,0.59,0.4858757062146893,177,bss,0.6011462125796483,0.8479305793743277,0.2467843667946794,0.24924617791796722,1.0,0.10536764868518969,True
ensemble,ensemble_entropy,0.7,sex,female,300,0.59,0.4858757062146893,177,balanced_accuracy,0.8545454545454545,0.9602606695629952,0.10571521501754066,0.10652588050851408,1.0,0.04644418253078824,True
ensemble,ensemble_entropy,0.7,sex,female,300,0.59,0.4858757062146893,177,sensitivity,0.8424242424242424,0.9534883720930233,0.11106412966878088,0.11134554838095068,1.0,0.06410127884245702,True
ensemble,ensemble_entropy,0.7,sex,female,300,0.59,0.4858757062146893,177,specificity,0.8666666666666667,0.967032967032967,0.10036630036630034,0.10170621263607749,1.0,0.06587241886825619,True
ensemble,ensemble_entropy,0.7,sex,female,300,0.59,0.4858757062146893,177,brier,0.09871631238653707,0.03798701796471356,-0.06072929442182351,-0.06109197767062105,0.0,0.025648233758855426,True
ensemble,ensemble_entropy,0.7,sex,female,300,0.59,0.4858757062146893,177,ece,0.058146544475333295,0.011786085093785256,-0.046360459381548036,-0.05925571951937798,0.0,0.03262546616617553,True
ensemble,ensemble_entropy,0.7,sex,female,300,0.59,0.4858757062146893,177,cal_gap,-0.05625961214200009,-0.005919017862146936,0.05034059427985316,0.05001941912885168,1.0,0.04059405278428139,True
ensemble,ensemble_entropy,0.7,sex,female,300,0.59,0.4858757062146893,177,accuracy,0.8533333333333334,0.96045197740113,0.10711864406779659,0.1078550703173341,1.0,0.04634075487469306,True
ensemble,ensemble_entropy,0.7,sex,female,300,0.59,0.4858757062146893,177,ppv,0.8853503184713376,0.9647058823529412,0.07935556388160359,0.08048549311722808,1.0,0.05829316489621251,True
ensemble,ensemble_entropy,0.7,sex,female,300,0.59,0.4858757062146893,177,npv,0.8181818181818182,0.9565217391304348,0.13833992094861658,0.1387921389159381,1.0,0.0730034070889108,True
ensemble,ensemble_entropy,0.7,sex,female,300,0.59,0.4858757062146893,177,f1,0.8633540372670807,0.9590643274853801,0.09571029021829935,0.09662718833617623,1.0,0.047030670499227926,True
ensemble,ensemble_entropy,0.7,sex,male,407,0.6142506142506142,0.432,250,auroc,0.9491934704916449,0.9760693792383934,0.0268759087467485,0.026470363816642473,0.999,0.024791868719832463,True
ensemble,ensemble_entropy,0.7,sex,male,407,0.6142506142506142,0.432,250,auprc,0.9465493995574141,0.9760692160938543,0.029519816536440202,0.029084077653921958,0.999,0.029601734277521136,False
ensemble,ensemble_entropy,0.7,sex,male,407,0.6142506142506142,0.432,250,bss,0.6453676527622987,0.8885021459083237,0.24313449314602498,0.24229590123481715,1.0,0.08158207182218756,True
ensemble,ensemble_entropy,0.7,sex,male,407,0.6142506142506142,0.432,250,balanced_accuracy,0.8771370617212402,0.9720266040688577,0.09488954234761748,0.09400511027846992,1.0,0.03797006618394964,True
ensemble,ensemble_entropy,0.7,sex,male,407,0.6142506142506142,0.432,250,sensitivity,0.8719211822660099,0.9722222222222222,0.10030103995621231,0.09935226784367257,1.0,0.0552796280794023,True
ensemble,ensemble_entropy,0.7,sex,male,407,0.6142506142506142,0.432,250,specificity,0.8823529411764706,0.971830985915493,0.08947804473902243,0.08865795271326704,1.0,0.052105009491229606,True
ensemble,ensemble_entropy,0.7,sex,male,407,0.6142506142506142,0.432,250,brier,0.08865755159287221,0.027358897445599172,-0.061298654147273035,-0.0609393564441586,0.0,0.020396195432419134,True
ensemble,ensemble_entropy,0.7,sex,male,407,0.6142506142506142,0.432,250,ece,0.05220106691965601,0.01601478240119996,-0.03618628451845605,-0.04178954834691071,0.0,0.02821986590433881,True
ensemble,ensemble_entropy,0.7,sex,male,407,0.6142506142506142,0.432,250,cal_gap,-0.0356794718027027,0.0033981027851999746,0.039077574587902675,0.03927990465797074,1.0,0.03311665606741597,True
ensemble,ensemble_entropy,0.7,sex,male,407,0.6142506142506142,0.432,250,accuracy,0.8771498771498771,0.972,0.09485012285012284,0.09395298439815603,1.0,0.037866407463394224,True
ensemble,ensemble_entropy,0.7,sex,male,407,0.6142506142506142,0.432,250,ppv,0.8805970149253731,0.963302752293578,0.08270573736820486,0.08157702590433757,1.0,0.05197876104493446,True
ensemble,ensemble_entropy,0.7,sex,male,407,0.6142506142506142,0.432,250,npv,0.8737864077669902,0.9787234042553191,0.10493699648832888,0.10426473551579285,1.0,0.054111182331043776,True
ensemble,ensemble_entropy,0.7,sex,male,407,0.6142506142506142,0.432,250,f1,0.8762376237623762,0.967741935483871,0.09150431172149476,0.0906472711590327,1.0,0.04041160874430318,True
ensemble,ensemble_entropy,0.7,age,20-39,219,0.54337899543379,0.8487394957983193,119,auroc,0.8641377005347594,0.8839383938393839,0.019800693304624528,0.01981643379023601,0.706,0.10107040775163682,False
ensemble,ensemble_entropy,0.7,age,20-39,219,0.54337899543379,0.8487394957983193,119,auprc,0.960008801419355,0.9623740824354146,0.002365281016059595,0.002172122760991768,0.556,0.0408631119563576,False
ensemble,ensemble_entropy,0.7,age,20-39,219,0.54337899543379,0.8487394957983193,119,bss,0.05562669150355315,0.6711822273850052,0.6155555358814521,0.6292048782693643,1.0,0.38334872214829924,True
ensemble,ensemble_entropy,0.7,age,20-39,219,0.54337899543379,0.8487394957983193,119,balanced_accuracy,0.8054812834224598,0.9067656765676568,0.101284393145197,0.10045384570765226,0.999,0.09160502490145567,True
ensemble,ensemble_entropy,0.7,age,20-39,219,0.54337899543379,0.8487394957983193,119,sensitivity,0.8609625668449198,0.9801980198019802,0.1192354529570604,0.11882778213324174,1.0,0.056487748710406786,True
ensemble,ensemble_entropy,0.7,age,20-39,219,0.54337899543379,0.8487394957983193,119,specificity,0.75,0.8333333333333334,0.08333333333333337,0.08207990928206266,0.908,0.17291876589341895,False
ensemble,ensemble_entropy,0.7,age,20-39,219,0.54337899543379,0.8487394957983193,119,brier,0.11782760739022827,0.042213876888218385,-0.07561373050200988,-0.07526826219257855,0.0,0.031780518353589325,True
ensemble,ensemble_entropy,0.7,age,20-39,219,0.54337899543379,0.8487394957983193,119,ece,0.14777559669726026,0.02940123350168069,-0.11837436319557956,-0.12137046591526948,0.0,0.04377892069784525,True
ensemble,ensemble_entropy,0.7,age,20-39,219,0.54337899543379,0.8487394957983193,119,cal_gap,-0.14777559669726037,-0.029401233501680668,0.1183743631955797,0.11818392313823886,1.0,0.04662390772928533,True
ensemble,ensemble_entropy,0.7,age,20-39,219,0.54337899543379,0.8487394957983193,119,accuracy,0.8447488584474886,0.957983193277311,0.11323433482982237,0.11266207361294267,1.0,0.054976724369875274,True
ensemble,ensemble_entropy,0.7,age,20-39,219,0.54337899543379,0.8487394957983193,119,ppv,0.9526627218934911,0.9705882352941176,0.017925513400626536,0.017580830013147586,0.907,0.03638843730461518,False
ensemble,ensemble_entropy,0.7,age,20-39,219,0.54337899543379,0.8487394957983193,119,npv,0.48,0.8823529411764706,0.4023529411764706,0.402149361006027,1.0,0.16473536700014932,True
ensemble,ensemble_entropy,0.7,age,20-39,219,0.54337899543379,0.8487394957983193,119,f1,0.9044943820224719,0.9753694581280788,0.07087507610560695,0.07064284581370761,1.0,0.03687008119249217,True
ensemble,ensemble_entropy,0.7,age,40-54,221,0.6063348416289592,0.48507462686567165,134,auroc,0.9555555555555555,0.9743589743589743,0.018803418803418848,0.01897136502686425,0.948,0.03213168228188953,False
ensemble,ensemble_entropy,0.7,age,40-54,221,0.6063348416289592,0.48507462686567165,134,auprc,0.9635608938286069,0.979263778841604,0.015702885012997103,0.015546485039608648,0.921,0.030554323015255694,False
ensemble,ensemble_entropy,0.7,age,40-54,221,0.6063348416289592,0.48507462686567165,134,bss,0.6499200670068326,0.8838950831822747,0.23397501617544214,0.2373934697599751,1.0,0.11543762940850386,True
ensemble,ensemble_entropy,0.7,age,40-54,221,0.6063348416289592,0.48507462686567165,134,balanced_accuracy,0.889139515455305,0.9701226309921962,0.08098311553689119,0.08171764170685114,1.0,0.047609026373929664,True
ensemble,ensemble_entropy,0.7,age,40-54,221,0.6063348416289592,0.48507462686567165,134,sensitivity,0.873015873015873,0.9692307692307692,0.0962148962148962,0.097768425855846,1.0,0.06684563548011335,True
ensemble,ensemble_entropy,0.7,age,40-54,221,0.6063348416289592,0.48507462686567165,134,specificity,0.9052631578947369,0.9710144927536232,0.06575133485888629,0.06566685755785617,0.996,0.06817387292836093,False
ensemble,ensemble_entropy,0.7,age,40-54,221,0.6063348416289592,0.48507462686567165,134,brier,0.08579793202285405,0.029000364887920363,-0.05679756713493368,-0.057229900751301216,0.0,0.027232003040070403,True
ensemble,ensemble_entropy,0.7,age,40-54,221,0.6063348416289592,0.48507462686567165,134,ece,0.07230044511040722,0.0035030286074626818,-0.06879741650294453,-0.08218640105234398,0.0,0.036029034852182784,True
ensemble,ensemble_entropy,0.7,age,40-54,221,0.6063348416289592,0.48507462686567165,134,cal_gap,-0.07190388200271497,0.000569818756716578,0.07247370075943155,0.07318896889270708,1.0,0.04246771172881422,True
ensemble,ensemble_entropy,0.7,age,40-54,221,0.6063348416289592,0.48507462686567165,134,accuracy,0.8868778280542986,0.9701492537313433,0.08327142567704471,0.08413472433020452,1.0,0.047613746621557825,True
ensemble,ensemble_entropy,0.7,age,40-54,221,0.6063348416289592,0.48507462686567165,134,ppv,0.9243697478991597,0.9692307692307692,0.04486102133160952,0.04453237200453419,0.978,0.054111031653607776,False
ensemble,ensemble_entropy,0.7,age,40-54,221,0.6063348416289592,0.48507462686567165,134,npv,0.8431372549019608,0.9710144927536232,0.12787723785166238,0.13029683172061857,1.0,0.08262990909984019,True
ensemble,ensemble_entropy,0.7,age,40-54,221,0.6063348416289592,0.48507462686567165,134,f1,0.8979591836734694,0.9692307692307692,0.07127158555729984,0.07217882571921896,1.0,0.04561127009807686,True
ensemble,ensemble_entropy,0.7,age,55-69,189,0.6402116402116402,0.19834710743801653,121,auroc,0.9257725390251672,0.959192439862543,0.03341990083737578,0.03317534369624975,0.935,0.05920023645082305,False
ensemble,ensemble_entropy,0.7,age,55-69,189,0.6402116402116402,0.19834710743801653,121,auprc,0.8504951617581611,0.9452685682373182,0.09477340647915711,0.09546242608529643,1.0,0.10332260204961534,False
ensemble,ensemble_entropy,0.7,age,55-69,189,0.6402116402116402,0.19834710743801653,121,bss,0.5007665222388284,0.8053354217898909,0.3045688995510625,0.3111492749884825,1.0,0.19558698332639196,True
ensemble,ensemble_entropy,0.7,age,55-69,189,0.6402116402116402,0.19834710743801653,121,balanced_accuracy,0.8302803440586174,0.9323453608247423,0.1020650167661249,0.10212029664261035,1.0,0.07993540371460259,True
ensemble,ensemble_entropy,0.7,age,55-69,189,0.6402116402116402,0.19834710743801653,121,sensitivity,0.7906976744186046,0.875,0.08430232558139539,0.08437315562441339,0.943,0.14645138935190294,False
ensemble,ensemble_entropy,0.7,age,55-69,189,0.6402116402116402,0.19834710743801653,121,specificity,0.8698630136986302,0.9896907216494846,0.1198277079508544,0.11986743766080732,1.0,0.06381696458966342,True
ensemble,ensemble_entropy,0.7,age,55-69,189,0.6402116402116402,0.19834710743801653,121,brier,0.0877407623914402,0.03095274489946957,-0.05678801749197063,-0.056747082282312664,0.0,0.030709767968052984,True
ensemble,ensemble_entropy,0.7,age,55-69,189,0.6402116402116402,0.19834710743801653,121,ece,0.07126194343703707,0.014583838294214911,-0.056678105142822156,-0.06574487109313545,0.0,0.03993836628428618,True
ensemble,ensemble_entropy,0.7,age,55-69,189,0.6402116402116402,0.19834710743801653,121,cal_gap,0.06207883550052917,0.007427846690909096,-0.05465098880962008,-0.05540016143756274,0.001,0.047806283805886834,True
ensemble,ensemble_entropy,0.7,age,55-69,189,0.6402116402116402,0.19834710743801653,121,accuracy,0.8518518518518519,0.9669421487603306,0.11509029690847872,0.11505233949621385,1.0,0.05901197445479736,True
ensemble,ensemble_entropy,0.7,age,55-69,189,0.6402116402116402,0.19834710743801653,121,ppv,0.6415094339622641,0.9545454545454546,0.31303602058319047,0.3154605639193163,1.0,0.1555211051076103,True
ensemble,ensemble_entropy,0.7,age,55-69,189,0.6402116402116402,0.19834710743801653,121,npv,0.9338235294117647,0.9696969696969697,0.035873440285205005,0.03533884049464453,0.971,0.049348290923890537,False
ensemble,ensemble_entropy,0.7,age,55-69,189,0.6402116402116402,0.19834710743801653,121,f1,0.7083333333333334,0.9130434782608695,0.20471014492753614,0.2077536423081051,1.0,0.12371556169560464,True
ensemble,ensemble_entropy,0.7,age,70+,74,0.7162162162162162,0.07547169811320754,53,auroc,0.976068376068376,1.0,0.023931623931623958,0.024547586577104208,0.91991991991992,0.044728314677093754,False
ensemble,ensemble_entropy,0.7,age,70+,74,0.7162162162162162,0.07547169811320754,53,auprc,0.8664073036622058,1.0,0.13359269633779425,0.13414311475047813,0.923923923923924,0.26989205970299485,False
ensemble,ensemble_entropy,0.7,age,70+,74,0.7162162162162162,0.07547169811320754,53,bss,0.5111315843854584,0.7542952006486494,0.24316361626319105,0.27997011973582914,0.970970970970971,0.6489311892676558,False
ensemble,ensemble_entropy,0.7,age,70+,74,0.7162162162162162,0.07547169811320754,53,balanced_accuracy,0.8982905982905982,0.9897959183673469,0.09150532007674872,0.09342928781553639,0.998998998998999,0.15646467791554783,False
ensemble,ensemble_entropy,0.7,age,70+,74,0.7162162162162162,0.07547169811320754,53,sensitivity,0.8888888888888888,1.0,0.11111111111111116,0.11463050351939241,0.6086086086086087,0.3023390958666701,False
ensemble,ensemble_entropy,0.7,age,70+,74,0.7162162162162162,0.07547169811320754,53,specificity,0.9076923076923077,0.9795918367346939,0.07189952904238617,0.07222807211168025,0.997997997997998,0.0837336359798317,False
ensemble,ensemble_entropy,0.7,age,70+,74,0.7162162162162162,0.07547169811320754,53,brier,0.05222571642339424,0.01714422950262182,-0.035081486920772426,-0.03526844692774245,0.001001001001001001,0.036293291539412874,False
ensemble,ensemble_entropy,0.7,age,70+,74,0.7162162162162162,0.07547169811320754,53,ece,0.09348181410000003,0.05334933091320755,-0.04013248318679248,-0.05180760536186471,0.0,0.04504773712238748,True
ensemble,ensemble_entropy,0.7,age,70+,74,0.7162162162162162,0.07547169811320754,53,cal_gap,0.0765657643702703,0.04387700298867926,-0.03268876138159103,-0.0323686716548974,0.05805805805805806,0.056436676513576235,False
ensemble,ensemble_entropy,0.7,age,70+,74,0.7162162162162162,0.07547169811320754,53,accuracy,0.9054054054054054,0.9811320754716981,0.07572667006629274,0.07614321570510629,0.998998998998999,0.07887196796514719,False
ensemble,ensemble_entropy,0.7,age,70+,74,0.7162162162162162,0.07547169811320754,53,ppv,0.5714285714285714,0.8,0.22857142857142865,0.22946902391346835,0.9569569569569569,0.33240512300921277,False
ensemble,ensemble_entropy,0.7,age,70+,74,0.7162162162162162,0.07547169811320754,53,npv,0.9833333333333333,1.0,0.01666666666666672,0.016832485445904766,0.6086086086086087,0.038307850202949266,False
ensemble,ensemble_entropy,0.7,age,70+,74,0.7162162162162162,0.07547169811320754,53,f1,0.6956521739130435,0.8888888888888888,0.19323671497584538,0.2019272360345632,0.984984984984985,0.2894141146111999,False
ensemble,ensemble_entropy,0.7,race,white,632,0.6044303797468354,0.47643979057591623,382,auroc,0.9508570276265377,0.9786813186813186,0.027824291054780903,0.02804035308116659,1.0,0.019393059794829928,True
ensemble,ensemble_entropy,0.7,race,white,632,0.6044303797468354,0.47643979057591623,382,auprc,0.950697916993694,0.9714318662685131,0.020733949274819086,0.020820082882433866,0.989,0.026528715745816465,False
ensemble,ensemble_entropy,0.7,race,white,632,0.6044303797468354,0.47643979057591623,382,bss,0.6363574103290924,0.8873213044081237,0.2509638940790313,0.2519746645541934,1.0,0.0665157916654923,True
ensemble,ensemble_entropy,0.7,race,white,632,0.6044303797468354,0.47643979057591623,382,balanced_accuracy,0.8712038717483364,0.9710164835164835,0.09981261176814715,0.10023643455899178,1.0,0.02992256333522415,True
ensemble,ensemble_entropy,0.7,race,white,632,0.6044303797468354,0.47643979057591623,382,sensitivity,0.8596491228070176,0.967032967032967,0.10738384422594949,0.10707958132865691,1.0,0.04213791061913591,True
ensemble,ensemble_entropy,0.7,race,white,632,0.6044303797468354,0.47643979057591623,382,specificity,0.8827586206896552,0.975,0.09224137931034482,0.09339328778932643,1.0,0.042927010714191104,True
ensemble,ensemble_entropy,0.7,race,white,632,0.6044303797468354,0.47643979057591623,382,brier,0.09029520520439586,0.028107127816838193,-0.062188077387557675,-0.062361825399748314,0.0,0.016317367833718392,True
ensemble,ensemble_entropy,0.7,race,white,632,0.6044303797468354,0.47643979057591623,382,ece,0.05766051698069617,0.012279841742931907,-0.04538067523776426,-0.04816123039966902,0.0,0.02429070653405334,True
ensemble,ensemble_entropy,0.7,race,white,632,0.6044303797468354,0.47643979057591623,382,cal_gap,-0.052902829880063285,-0.004408485073822022,0.04849434480624126,0.04794862387550122,1.0,0.026002797546065437,True
ensemble,ensemble_entropy,0.7,race,white,632,0.6044303797468354,0.47643979057591623,382,accuracy,0.870253164556962,0.9712041884816754,0.10095102392471345,0.10129695724132537,1.0,0.029946751156499935,True
ensemble,ensemble_entropy,0.7,race,white,632,0.6044303797468354,0.47643979057591623,382,ppv,0.8963414634146342,0.9723756906077348,0.0760342271931006,0.07709901597012736,1.0,0.038019357987540234,True
ensemble,ensemble_entropy,0.7,race,white,632,0.6044303797468354,0.47643979057591623,382,npv,0.8421052631578947,0.9701492537313433,0.12804399057344862,0.1276248111005126,1.0,0.046325942860054356,True
ensemble,ensemble_entropy,0.7,race,white,632,0.6044303797468354,0.47643979057591623,382,f1,0.8776119402985074,0.9696969696969697,0.0920850293984623,0.09254089626458739,1.0,0.03015047849297964,True
ensemble,ensemble_entropy,0.7,race,black or african american,44,0.6590909090909091,0.27586206896551724,29,auroc,0.8873563218390805,0.8690476190476191,-0.018308702791461462,-0.013470762067194886,0.46381243628950053,0.16011453516198204,False
ensemble,ensemble_entropy,0.7,race,black or african american,44,0.6590909090909091,0.27586206896551724,29,auprc,0.8428703703703703,0.8577215608465609,0.014851190476190657,0.015816850268227545,0.5718654434250765,0.2201095792849683,False
ensemble,ensemble_entropy,0.7,race,black or african american,44,0.6590909090909091,0.27586206896551724,29,bss,0.5092666573706497,0.6571835155719885,0.14791685820133882,0.1685239197761938,0.8715596330275229,0.43818649550642647,False
ensemble,ensemble_entropy,0.7,race,black or african american,44,0.6590909090909091,0.27586206896551724,29,balanced_accuracy,0.8471264367816091,0.9136904761904762,0.06656403940886702,0.06864234082053844,0.8960244648318043,0.1433906677611515,False
ensemble,ensemble_entropy,0.7,race,black or african american,44,0.6590909090909091,0.27586206896551724,29,sensitivity,0.8666666666666667,0.875,0.008333333333333304,0.011561213166717765,0.4750254841997961,0.22447059353129728,False
ensemble,ensemble_entropy,0.7,race,black or african american,44,0.6590909090909091,0.27586206896551724,29,specificity,0.8275862068965517,0.9523809523809523,0.12479474548440062,0.12572346847435922,0.9938837920489296,0.16174331470327452,False
ensemble,ensemble_entropy,0.7,race,black or african american,44,0.6590909090909091,0.27586206896551724,29,brier,0.11026291531186332,0.06848177096778352,-0.0417811443440798,-0.043445940196955926,0.09174311926605505,0.09002304618953569,False
ensemble,ensemble_entropy,0.7,race,black or african american,44,0.6590909090909091,0.27586206896551724,29,ece,0.10885668835909094,0.05010952216551727,-0.058747166193573674,-0.08334902826916195,0.0010193679918450561,0.08114628868781991,True
ensemble,ensemble_entropy,0.7,race,black or african american,44,0.6590909090909091,0.27586206896551724,29,cal_gap,0.035906567777272747,0.013455218524137946,-0.0224513492531348,-0.022261833969448377,0.29255861365953106,0.11291820723497147,False
ensemble,ensemble_entropy,0.7,race,black or african american,44,0.6590909090909091,0.27586206896551724,29,accuracy,0.8409090909090909,0.9310344827586207,0.09012539184952972,0.09169649955682901,0.981651376146789,0.1313907461500466,False
ensemble,ensemble_entropy,0.7,race,black or african american,44,0.6590909090909091,0.27586206896551724,29,ppv,0.7222222222222222,0.875,0.1527777777777778,0.15657032283673766,0.9378185524974516,0.25731133741730794,False
ensemble,ensemble_entropy,0.7,race,black or african american,44,0.6590909090909091,0.27586206896551724,29,npv,0.9230769230769231,0.9523809523809523,0.0293040293040292,0.030527403052490576,0.8440366972477065,0.12621290065354115,False
ensemble,ensemble_entropy,0.7,race,black or african american,44,0.6590909090909091,0.27586206896551724,29,f1,0.7878787878787878,0.875,0.08712121212121215,0.09415537586058031,0.9143730886850153,0.2010474032018054,False
